  0
SECTION
  2
HEADER
  9
$ACADVER
  1
AC1032
  9
$ACADMAINTVER
 90
4
  9
$DWGCODEPAGE
  3
ANSI_1252
  9
$LASTSAVEDBY
  1
ezdxf
  9
$REQUIREDVERSIONS
160
0
  9
$INSBASE
 10
0.0
 20
0.0
 30
0.0
  9
$EXTMIN
 10
1e+20
 20
1e+20
 30
1e+20
  9
$EXTMAX
 10
-1e+20
 20
-1e+20
 30
-1e+20
  9
$LIMMIN
 10
0.0
 20
0.0
  9
$LIMMAX
 10
420.0
 20
297.0
  9
$ORTHOMODE
 70
0
  9
$REGENMODE
 70
1
  9
$FILLMODE
 70
1
  9
$QTEXTMODE
 70
0
  9
$MIRRTEXT
 70
1
  9
$LTSCALE
 40
1.0
  9
$ATTMODE
 70
1
  9
$TEXTSIZE
 40
2.5
  9
$TRACEWID
 40
1.0
  9
$TEXTSTYLE
  7
OpenSans
  9
$CLAYER
  8
0
  9
$CELTYPE
  6
ByLayer
  9
$CECOLOR
 62
256
  9
$CELTSCALE
 40
1.0
  9
$DISPSILH
 70
0
  9
$DIMSCALE
 40
1.0
  9
$DIMASZ
 40
0.175
  9
$DIMEXO
 40
0.125
  9
$DIMDLI
 40
3.75
  9
$DIMRND
 40
0.0
  9
$DIMDLE
 40
0.0
  9
$DIMEXE
 40
0.375
  9
$DIMTP
 40
0.0
  9
$DIMTM
 40
0.0
  9
$DIMTXT
 40
0.25
  9
$DIMCEN
 40
2.5
  9
$DIMTSZ
 40
0.0
  9
$DIMTOL
 70
0
  9
$DIMLIM
 70
0
  9
$DIMTIH
 70
0
  9
$DIMTOH
 70
0
  9
$DIMSE1
 70
0
  9
$DIMSE2
 70
0
  9
$DIMTAD
 70
1
  9
$DIMZIN
 70
12
  9
$DIMBLK
  1
ARCHTICK
  9
$DIMASO
 70
1
  9
$DIMSHO
 70
1
  9
$DIMPOST
  1

  9
$DIMAPOST
  1

  9
$DIMALT
 70
0
  9
$DIMALTD
 70
3
  9
$DIMALTF
 40
0.03937007874
  9
$DIMLFAC
 40
100.0
  9
$DIMTOFL
 70
1
  9
$DIMTVP
 40
0.0
  9
$DIMTIX
 70
0
  9
$DIMSOXD
 70
0
  9
$DIMSAH
 70
0
  9
$DIMBLK1
  1

  9
$DIMBLK2
  1

  9
$DIMSTYLE
  2
EZDXF
  9
$DIMCLRD
 70
0
  9
$DIMCLRE
 70
0
  9
$DIMCLRT
 70
0
  9
$DIMTFAC
 40
0.5
  9
$DIMGAP
 40
0.1
  9
$DIMJUST
 70
0
  9
$DIMSD1
 70
0
  9
$DIMSD2
 70
0
  9
$DIMTOLJ
 70
0
  9
$DIMTZIN
 70
8
  9
$DIMALTZ
 70
0
  9
$DIMALTTZ
 70
0
  9
$DIMUPT
 70
1
  9
$DIMDEC
 70
2
  9
$DIMTDEC
 70
2
  9
$DIMALTU
 70
2
  9
$DIMALTTD
 70
3
  9
$DIMTXSTY
  7
OpenSansCondensed-Light
  9
$DIMAUNIT
 70
0
  9
$DIMADEC
 70
2
  9
$DIMALTRND
 40
0.0
  9
$DIMAZIN
 70
3
  9
$DIMDSEP
 70
46
  9
$DIMATFIT
 70
3
  9
$DIMFRAC
 70
0
  9
$DIMLDRBLK
  1

  9
$DIMLUNIT
 70
2
  9
$DIMLWD
 70
-2
  9
$DIMLWE
 70
-2
  9
$DIMTMOVE
 70
2
  9
$DIMFXL
 40
1.0
  9
$DIMFXLON
 70
0
  9
$DIMJOGANG
 40
0.785398163397
  9
$DIMTFILL
 70
0
  9
$DIMTFILLCLR
 70
0
  9
$DIMARCSYM
 70
0
  9
$DIMLTYPE
  6

  9
$DIMLTEX1
  6

  9
$DIMLTEX2
  6

  9
$DIMTXTDIRECTION
 70
0
  9
$LUNITS
 70
2
  9
$LUPREC
 70
4
  9
$SKETCHINC
 40
1.0
  9
$FILLETRAD
 40
10.0
  9
$AUNITS
 70
0
  9
$AUPREC
 70
2
  9
$MENU
  1
.
  9
$ELEVATION
 40
0.0
  9
$PELEVATION
 40
0.0
  9
$THICKNESS
 40
0.0
  9
$LIMCHECK
 70
0
  9
$CHAMFERA
 40
0.0
  9
$CHAMFERB
 40
0.0
  9
$CHAMFERC
 40
0.0
  9
$CHAMFERD
 40
0.0
  9
$SKPOLY
 70
0
  9
$TDCREATE
 40
2461240.270925926
  9
$TDUCREATE
 40
2458532.153996898
  9
$TDUPDATE
 40
2461240.270925926
  9
$TDUUPDATE
 40
2458532.1544311
  9
$TDINDWG
 40
0.0
  9
$TDUSRTIMER
 40
0.0
  9
$USRTIMER
 70
1
  9
$ANGBASE
 50
0.0
  9
$ANGDIR
 70
0
  9
$PDMODE
 70
0
  9
$PDSIZE
 40
0.0
  9
$PLINEWID
 40
0.0
  9
$SPLFRAME
 70
0
  9
$SPLINETYPE
 70
6
  9
$SPLINESEGS
 70
8
  9
$HANDSEED
  5
E89
  9
$SURFTAB1
 70
6
  9
$SURFTAB2
 70
6
  9
$SURFTYPE
 70
6
  9
$SURFU
 70
6
  9
$SURFV
 70
6
  9
$UCSBASE
  2

  9
$UCSNAME
  2

  9
$UCSORG
 10
0.0
 20
0.0
 30
0.0
  9
$UCSXDIR
 10
1.0
 20
0.0
 30
0.0
  9
$UCSYDIR
 10
0.0
 20
1.0
 30
0.0
  9
$UCSORTHOREF
  2

  9
$UCSORTHOVIEW
 70
0
  9
$UCSORGTOP
 10
0.0
 20
0.0
 30
0.0
  9
$UCSORGBOTTOM
 10
0.0
 20
0.0
 30
0.0
  9
$UCSORGLEFT
 10
0.0
 20
0.0
 30
0.0
  9
$UCSORGRIGHT
 10
0.0
 20
0.0
 30
0.0
  9
$UCSORGFRONT
 10
0.0
 20
0.0
 30
0.0
  9
$UCSORGBACK
 10
0.0
 20
0.0
 30
0.0
  9
$PUCSBASE
  2

  9
$PUCSNAME
  2

  9
$PUCSORG
 10
0.0
 20
0.0
 30
0.0
  9
$PUCSXDIR
 10
1.0
 20
0.0
 30
0.0
  9
$PUCSYDIR
 10
0.0
 20
1.0
 30
0.0
  9
$PUCSORTHOREF
  2

  9
$PUCSORTHOVIEW
 70
0
  9
$PUCSORGTOP
 10
0.0
 20
0.0
 30
0.0
  9
$PUCSORGBOTTOM
 10
0.0
 20
0.0
 30
0.0
  9
$PUCSORGLEFT
 10
0.0
 20
0.0
 30
0.0
  9
$PUCSORGRIGHT
 10
0.0
 20
0.0
 30
0.0
  9
$PUCSORGFRONT
 10
0.0
 20
0.0
 30
0.0
  9
$PUCSORGBACK
 10
0.0
 20
0.0
 30
0.0
  9
$USERI1
 70
0
  9
$USERI2
 70
0
  9
$USERI3
 70
0
  9
$USERI4
 70
0
  9
$USERI5
 70
0
  9
$USERR1
 40
0.0
  9
$USERR2
 40
0.0
  9
$USERR3
 40
0.0
  9
$USERR4
 40
0.0
  9
$USERR5
 40
0.0
  9
$WORLDVIEW
 70
1
  9
$SHADEDGE
 70
3
  9
$SHADEDIF
 70
70
  9
$TILEMODE
 70
1
  9
$MAXACTVP
 70
64
  9
$PINSBASE
 10
0.0
 20
0.0
 30
0.0
  9
$PLIMCHECK
 70
0
  9
$PEXTMIN
 10
1e+20
 20
1e+20
 30
1e+20
  9
$PEXTMAX
 10
-1e+20
 20
-1e+20
 30
-1e+20
  9
$PLIMMIN
 10
-0.0
 20
-0.0
  9
$PLIMMAX
 10
707.0
 20
500.0
  9
$UNITMODE
 70
0
  9
$VISRETAIN
 70
1
  9
$PLINEGEN
 70
0
  9
$PSLTSCALE
 70
1
  9
$TREEDEPTH
 70
3020
  9
$CMLSTYLE
  2
Standard
  9
$CMLJUST
 70
0
  9
$CMLSCALE
 40
20.0
  9
$PROXYGRAPHICS
 70
1
  9
$MEASUREMENT
 70
1
  9
$CELWEIGHT
370
-1
  9
$ENDCAPS
280
0
  9
$JOINSTYLE
280
0
  9
$LWDISPLAY
290
0
  9
$INSUNITS
 70
4
  9
$HYPERLINKBASE
  1

  9
$STYLESHEET
  1

  9
$XEDIT
290
1
  9
$CEPSNTYPE
380
0
  9
$PSTYLEMODE
290
1
  9
$FINGERPRINTGUID
  2
{28FEBB6D-86FE-48B4-9DBD-859B80AD2775}
  9
$VERSIONGUID
  2
{1A7D5CA7-E84D-4EC9-A10C-91A2D2443B15}
  9
$EXTNAMES
290
1
  9
$PSVPSCALE
 40
0.0
  9
$OLESTARTUP
290
0
  9
$SORTENTS
280
127
  9
$INDEXCTL
280
0
  9
$HIDETEXT
280
1
  9
$XCLIPFRAME
280
1
  9
$HALOGAP
280
0
  9
$OBSCOLOR
 70
257
  9
$OBSLTYPE
280
0
  9
$INTERSECTIONDISPLAY
280
0
  9
$INTERSECTIONCOLOR
 70
257
  9
$DIMASSOC
280
2
  9
$PROJECTNAME
  1

  9
$CAMERADISPLAY
290
0
  9
$LENSLENGTH
 40
50.0
  9
$CAMERAHEIGHT
 40
0.0
  9
$STEPSPERSEC
 40
24.0
  9
$STEPSIZE
 40
100.0
  9
$3DDWFPREC
 40
2.0
  9
$PSOLWIDTH
 40
0.005
  9
$PSOLHEIGHT
 40
0.08
  9
$LOFTANG1
 40
1.570796326795
  9
$LOFTANG2
 40
1.570796326795
  9
$LOFTMAG1
 40
0.0
  9
$LOFTMAG2
 40
0.0
  9
$LOFTPARAM
 70
7
  9
$LOFTNORMALS
280
1
  9
$LATITUDE
 40
37.795
  9
$LONGITUDE
 40
-122.394
  9
$NORTHDIRECTION
 40
0.0
  9
$TIMEZONE
 70
-8000
  9
$LIGHTGLYPHDISPLAY
280
1
  9
$TILEMODELIGHTSYNCH
280
1
  9
$CMATERIAL
347
20
  9
$SOLIDHIST
280
0
  9
$SHOWHIST
280
1
  9
$DWFFRAME
280
2
  9
$DGNFRAME
280
2
  9
$REALWORLDSCALE
290
1
  9
$INTERFERECOLOR
 62
256
  9
$CSHADOW
280
0
  9
$SHADOWPLANELOCATION
 40
0.0
  0
ENDSEC
  0
SECTION
  2
CLASSES
  0
CLASS
  1
ACDBDICTIONARYWDFLT
  2
AcDbDictionaryWithDefault
  3
ObjectDBX Classes
 90
0
 91
0
280
0
281
0
  0
CLASS
  1
SUN
  2
AcDbSun
  3
SCENEOE
 90
1153
 91
0
280
0
281
0
  0
CLASS
  1
VISUALSTYLE
  2
AcDbVisualStyle
  3
ObjectDBX Classes
 90
4095
 91
0
280
0
281
0
  0
CLASS
  1
MATERIAL
  2
AcDbMaterial
  3
ObjectDBX Classes
 90
1153
 91
0
280
0
281
0
  0
CLASS
  1
SCALE
  2
AcDbScale
  3
ObjectDBX Classes
 90
1153
 91
0
280
0
281
0
  0
CLASS
  1
TABLESTYLE
  2
AcDbTableStyle
  3
ObjectDBX Classes
 90
4095
 91
0
280
0
281
0
  0
CLASS
  1
MLEADERSTYLE
  2
AcDbMLeaderStyle
  3
ACDB_MLEADERSTYLE_CLASS
 90
4095
 91
0
280
0
281
0
  0
CLASS
  1
DICTIONARYVAR
  2
AcDbDictionaryVar
  3
ObjectDBX Classes
 90
0
 91
0
280
0
281
0
  0
CLASS
  1
CELLSTYLEMAP
  2
AcDbCellStyleMap
  3
ObjectDBX Classes
 90
1152
 91
0
280
0
281
0
  0
CLASS
  1
MENTALRAYRENDERSETTINGS
  2
AcDbMentalRayRenderSettings
  3
SCENEOE
 90
1024
 91
0
280
0
281
0
  0
CLASS
  1
ACDBDETAILVIEWSTYLE
  2
AcDbDetailViewStyle
  3
ObjectDBX Classes
 90
1025
 91
0
280
0
281
0
  0
CLASS
  1
ACDBSECTIONVIEWSTYLE
  2
AcDbSectionViewStyle
  3
ObjectDBX Classes
 90
1025
 91
0
280
0
281
0
  0
CLASS
  1
RASTERVARIABLES
  2
AcDbRasterVariables
  3
ISM
 90
0
 91
0
280
0
281
0
  0
CLASS
  1
ACDBPLACEHOLDER
  2
AcDbPlaceHolder
  3
ObjectDBX Classes
 90
0
 91
0
280
0
281
0
  0
CLASS
  1
LAYOUT
  2
AcDbLayout
  3
ObjectDBX Classes
 90
0
 91
0
280
0
281
0
  0
ENDSEC
  0
SECTION
  2
TABLES
  0
TABLE
  2
VPORT
  5
8
330
0
100
AcDbSymbolTable
 70
1
  0
VPORT
  5
23
330
8
100
AcDbSymbolTableRecord
100
AcDbViewportTableRecord
  2
*Active
 70
0
 10
0.0
 20
0.0
 11
1.0
 21
1.0
 12
0.0
 22
0.0
 13
0.0
 23
0.0
 14
0.5
 24
0.5
 15
0.5
 25
0.5
 16
0.0
 26
0.0
 36
1.0
 17
0.0
 27
0.0
 37
0.0
 40
1000.0
 41
1.34
 42
50.0
 43
0.0
 44
0.0
 50
0.0
 51
0.0
 71
0
 72
1000
 73
1
 74
3
 75
0
 76
0
 77
0
 78
0
281
0
 65
0
146
0.0
  0
ENDTAB
  0
TABLE
  2
LTYPE
  5
2
330
0
100
AcDbSymbolTable
 70
21
  0
LTYPE
  5
24
330
2
100
AcDbSymbolTableRecord
100
AcDbLinetypeTableRecord
  2
ByBlock
 70
0
  3

 72
65
 73
0
 40
0.0
  0
LTYPE
  5
25
330
2
100
AcDbSymbolTableRecord
100
AcDbLinetypeTableRecord
  2
ByLayer
 70
0
  3

 72
65
 73
0
 40
0.0
  0
LTYPE
  5
26
330
2
100
AcDbSymbolTableRecord
100
AcDbLinetypeTableRecord
  2
Continuous
 70
0
  3

 72
65
 73
0
 40
0.0
  0
LTYPE
  5
2F
330
2
100
AcDbSymbolTableRecord
100
AcDbLinetypeTableRecord
  2
CENTER
 70
0
  3
Center ____ _ ____ _ ____ _ ____ _ ____ _ ____
 72
65
 73
4
 40
5.08
 49
3.175
 74
0
 49
-0.635
 74
0
 49
0.635
 74
0
 49
-0.635
 74
0
  0
LTYPE
  5
30
330
2
100
AcDbSymbolTableRecord
100
AcDbLinetypeTableRecord
  2
CENTERX2
 70
0
  3
Center (2x) ________  __  ________  __  ________
 72
65
 73
4
 40
8.89
 49
6.35
 74
0
 49
-0.635
 74
0
 49
1.27
 74
0
 49
-0.635
 74
0
  0
LTYPE
  5
31
330
2
100
AcDbSymbolTableRecord
100
AcDbLinetypeTableRecord
  2
CENTER2
 70
0
  3
Center (.5x) ____ _ ____ _ ____ _ ____ _ ____
 72
65
 73
4
 40
2.54
 49
1.587
 74
0
 49
-0.318
 74
0
 49
0.318
 74
0
 49
-0.318
 74
0
  0
LTYPE
  5
32
330
2
100
AcDbSymbolTableRecord
100
AcDbLinetypeTableRecord
  2
DASHED
 70
0
  3
Dashed __ __ __ __ __ __ __ __ __ __ __ __ __ _
 72
65
 73
2
 40
1.524
 49
1.27
 74
0
 49
-0.254
 74
0
  0
LTYPE
  5
33
330
2
100
AcDbSymbolTableRecord
100
AcDbLinetypeTableRecord
  2
DASHEDX2
 70
0
  3
Dashed (2x) ____  ____  ____  ____  ____  ____
 72
65
 73
2
 40
3.048
 49
2.54
 74
0
 49
-0.508
 74
0
  0
LTYPE
  5
34
330
2
100
AcDbSymbolTableRecord
100
AcDbLinetypeTableRecord
  2
DASHED2
 70
0
  3
Dashed (.5x) _ _ _ _ _ _ _ _ _ _ _ _ _ _
 72
65
 73
2
 40
0.762
 49
0.635
 74
0
 49
-0.127
 74
0
  0
LTYPE
  5
35
330
2
100
AcDbSymbolTableRecord
100
AcDbLinetypeTableRecord
  2
PHANTOM
 70
0
  3
Phantom ______  __  __  ______  __  __  ______
 72
65
 73
6
 40
6.35
 49
3.175
 74
0
 49
-0.635
 74
0
 49
0.635
 74
0
 49
-0.635
 74
0
 49
0.635
 74
0
 49
-0.635
 74
0
  0
LTYPE
  5
36
330
2
100
AcDbSymbolTableRecord
100
AcDbLinetypeTableRecord
  2
PHANTOMX2
 70
0
  3
Phantom (2x)____________    ____    ____    ____________
 72
65
 73
6
 40
10.795
 49
6.35
 74
0
 49
-0.635
 74
0
 49
1.27
 74
0
 49
-0.635
 74
0
 49
1.27
 74
0
 49
-0.635
 74
0
  0
LTYPE
  5
37
330
2
100
AcDbSymbolTableRecord
100
AcDbLinetypeTableRecord
  2
PHANTOM2
 70
0
  3
Phantom (.5x) ___ _ _ ___ _ _ ___ _ _ ___ _ _ ___
 72
65
 73
6
 40
3.175
 49
1.587
 74
0
 49
-0.318
 74
0
 49
0.318
 74
0
 49
-0.318
 74
0
 49
0.318
 74
0
 49
-0.318
 74
0
  0
LTYPE
  5
38
330
2
100
AcDbSymbolTableRecord
100
AcDbLinetypeTableRecord
  2
DASHDOT
 70
0
  3
Dash dot __ . __ . __ . __ . __ . __ . __ . __
 72
65
 73
4
 40
3.556
 49
2.54
 74
0
 49
-0.508
 74
0
 49
0.0
 74
0
 49
-0.508
 74
0
  0
LTYPE
  5
39
330
2
100
AcDbSymbolTableRecord
100
AcDbLinetypeTableRecord
  2
DASHDOTX2
 70
0
  3
Dash dot (2x) ____  .  ____  .  ____  .  ____
 72
65
 73
4
 40
6.096
 49
5.08
 74
0
 49
-0.508
 74
0
 49
0.0
 74
0
 49
-0.508
 74
0
  0
LTYPE
  5
3A
330
2
100
AcDbSymbolTableRecord
100
AcDbLinetypeTableRecord
  2
DASHDOT2
 70
0
  3
Dash dot (.5x) _ . _ . _ . _ . _ . _ . _ . _
 72
65
 73
4
 40
1.778
 49
1.27
 74
0
 49
-0.254
 74
0
 49
0.0
 74
0
 49
-0.254
 74
0
  0
LTYPE
  5
3B
330
2
100
AcDbSymbolTableRecord
100
AcDbLinetypeTableRecord
  2
DOT
 70
0
  3
Dot .  .  .  .  .  .  .  .  .  .  .  .  .  .  .  .
 72
65
 73
2
 40
0.508
 49
0.0
 74
0
 49
-0.508
 74
0
  0
LTYPE
  5
3C
330
2
100
AcDbSymbolTableRecord
100
AcDbLinetypeTableRecord
  2
DOTX2
 70
0
  3
Dot (2x) .    .    .    .    .    .    .    . 
 72
65
 73
2
 40
1.016
 49
0.0
 74
0
 49
-1.016
 74
0
  0
LTYPE
  5
3D
330
2
100
AcDbSymbolTableRecord
100
AcDbLinetypeTableRecord
  2
DOT2
 70
0
  3
Dot (.5) . . . . . . . . . . . . . . . . . . . 
 72
65
 73
2
 40
0.254
 49
0.0
 74
0
 49
-0.254
 74
0
  0
LTYPE
  5
3E
330
2
100
AcDbSymbolTableRecord
100
AcDbLinetypeTableRecord
  2
DIVIDE
 70
0
  3
Divide __ . . __ . . __ . . __ . . __ . . __
 72
65
 73
6
 40
4.064
 49
2.54
 74
0
 49
-0.508
 74
0
 49
0.0
 74
0
 49
-0.508
 74
0
 49
0.0
 74
0
 49
-0.508
 74
0
  0
LTYPE
  5
3F
330
2
100
AcDbSymbolTableRecord
100
AcDbLinetypeTableRecord
  2
DIVIDEX2
 70
0
  3
Divide (2x) ____  . .  ____  . .  ____  . .  ____
 72
65
 73
6
 40
6.604
 49
5.08
 74
0
 49
-0.508
 74
0
 49
0.0
 74
0
 49
-0.508
 74
0
 49
0.0
 74
0
 49
-0.508
 74
0
  0
LTYPE
  5
40
330
2
100
AcDbSymbolTableRecord
100
AcDbLinetypeTableRecord
  2
DIVIDE2
 70
0
  3
Divide(.5x) _ . _ . _ . _ . _ . _ . _ . _
 72
65
 73
6
 40
2.032
 49
1.27
 74
0
 49
-0.254
 74
0
 49
0.0
 74
0
 49
-0.254
 74
0
 49
0.0
 74
0
 49
-0.254
 74
0
  0
ENDTAB
  0
TABLE
  2
LAYER
  5
1
330
0
100
AcDbSymbolTable
 70
15
  0
LAYER
  5
27
330
1
100
AcDbSymbolTableRecord
100
AcDbLayerTableRecord
  2
0
 70
0
 62
7
  6
Continuous
370
-3
390
13
347
21
  0
LAYER
  5
28
330
1
100
AcDbSymbolTableRecord
100
AcDbLayerTableRecord
  2
Defpoints
 70
0
 62
7
  6
Continuous
290
0
370
-3
390
13
347
21
  0
LAYER
  5
8A
330
1
100
AcDbSymbolTableRecord
100
AcDbLayerTableRecord
  2
MARCO
 70
0
 62
7
  6
Continuous
370
-3
390
13
347
21
  0
LAYER
  5
8B
330
1
100
AcDbSymbolTableRecord
100
AcDbLayerTableRecord
  2
CONTORNO
 70
0
 62
7
  6
Continuous
370
-3
390
13
347
21
  0
LAYER
  5
8C
330
1
100
AcDbSymbolTableRecord
100
AcDbLayerTableRecord
  2
TEXTO
 70
0
 62
7
  6
Continuous
370
-3
390
13
347
21
  0
LAYER
  5
8D
330
1
100
AcDbSymbolTableRecord
100
AcDbLayerTableRecord
  2
EJES
 70
0
 62
1
  6
Continuous
370
-3
390
13
347
21
  0
LAYER
  5
8E
330
1
100
AcDbSymbolTableRecord
100
AcDbLayerTableRecord
  2
APOYOS
 70
0
 62
9
  6
Continuous
370
-3
390
13
347
21
  0
LAYER
  5
8F
330
1
100
AcDbSymbolTableRecord
100
AcDbLayerTableRecord
  2
ACERO_SUP_CONT
 70
0
 62
4
  6
Continuous
370
-3
390
13
347
21
  0
LAYER
  5
90
330
1
100
AcDbSymbolTableRecord
100
AcDbLayerTableRecord
  2
ACERO_SUP_APOYO
 70
0
 62
5
  6
Continuous
370
-3
390
13
347
21
  0
LAYER
  5
91
330
1
100
AcDbSymbolTableRecord
100
AcDbLayerTableRecord
  2
ACERO_INF
 70
0
 62
1
  6
Continuous
370
-3
390
13
347
21
  0
LAYER
  5
92
330
1
100
AcDbSymbolTableRecord
100
AcDbLayerTableRecord
  2
ACERO_TORSION
 70
0
 62
30
  6
Continuous
370
-3
390
13
347
21
  0
LAYER
  5
93
330
1
100
AcDbSymbolTableRecord
100
AcDbLayerTableRecord
  2
ESTRIBOS
 70
0
 62
8
  6
Continuous
370
-3
390
13
347
21
  0
LAYER
  5
94
330
1
100
AcDbSymbolTableRecord
100
AcDbLayerTableRecord
  2
COTAS
 70
0
 62
3
  6
Continuous
370
-3
390
13
347
21
  0
LAYER
  5
95
330
1
100
AcDbSymbolTableRecord
100
AcDbLayerTableRecord
  2
CORTE
 70
0
 62
6
  6
Continuous
370
-3
390
13
347
21
  0
LAYER
  5
96
330
1
100
AcDbSymbolTableRecord
100
AcDbLayerTableRecord
  2
NOTAS
 70
0
 62
7
  6
Continuous
370
-3
390
13
347
21
  0
ENDTAB
  0
TABLE
  2
STYLE
  5
5
330
0
100
AcDbSymbolTable
 70
26
  0
STYLE
  5
29
330
5
100
AcDbSymbolTableRecord
100
AcDbTextStyleTableRecord
  2
Standard
 70
0
 40
0.0
 41
1.0
 50
0.0
 71
0
 42
2.5
  3
txt
  4

  0
STYLE
  5
41
330
5
100
AcDbSymbolTableRecord
100
AcDbTextStyleTableRecord
  2
OpenSans-Light
 70
0
 40
0.0
 41
1.0
 50
0.0
 71
0
 42
2.5
  3
OpenSans-Light.ttf
  4

  0
STYLE
  5
42
330
5
100
AcDbSymbolTableRecord
100
AcDbTextStyleTableRecord
  2
OpenSans-Light-Italic
 70
0
 40
0.0
 41
1.0
 50
0.0
 71
0
 42
2.5
  3
OpenSans-LightItalic.ttf
  4

  0
STYLE
  5
43
330
5
100
AcDbSymbolTableRecord
100
AcDbTextStyleTableRecord
  2
OpenSans
 70
0
 40
0.0
 41
1.0
 50
0.0
 71
0
 42
2.5
  3
OpenSans-Regular.ttf
  4

  0
STYLE
  5
44
330
5
100
AcDbSymbolTableRecord
100
AcDbTextStyleTableRecord
  2
OpenSans-Italic
 70
0
 40
0.0
 41
1.0
 50
0.0
 71
0
 42
2.5
  3
OpenSans-Italic.ttf
  4

  0
STYLE
  5
45
330
5
100
AcDbSymbolTableRecord
100
AcDbTextStyleTableRecord
  2
OpenSans-SemiBold
 70
0
 40
0.0
 41
1.0
 50
0.0
 71
0
 42
2.5
  3
OpenSans-SemiBold.ttf
  4

  0
STYLE
  5
46
330
5
100
AcDbSymbolTableRecord
100
AcDbTextStyleTableRecord
  2
OpenSans-SemiBoldItalic
 70
0
 40
0.0
 41
1.0
 50
0.0
 71
0
 42
2.5
  3
OpenSans-SemiBoldItalic.ttf
  4

  0
STYLE
  5
47
330
5
100
AcDbSymbolTableRecord
100
AcDbTextStyleTableRecord
  2
OpenSans-Bold
 70
0
 40
0.0
 41
1.0
 50
0.0
 71
0
 42
2.5
  3
OpenSans-Bold.ttf
  4

  0
STYLE
  5
48
330
5
100
AcDbSymbolTableRecord
100
AcDbTextStyleTableRecord
  2
OpenSans-BoldItalic
 70
0
 40
0.0
 41
1.0
 50
0.0
 71
0
 42
2.5
  3
OpenSans-BoldItalic.ttf
  4

  0
STYLE
  5
49
330
5
100
AcDbSymbolTableRecord
100
AcDbTextStyleTableRecord
  2
OpenSans-ExtraBold
 70
0
 40
0.0
 41
1.0
 50
0.0
 71
0
 42
2.5
  3
OpenSans-ExtraBold.ttf
  4

  0
STYLE
  5
4A
330
5
100
AcDbSymbolTableRecord
100
AcDbTextStyleTableRecord
  2
OpenSans-ExtraBoldItalic
 70
0
 40
0.0
 41
1.0
 50
0.0
 71
0
 42
2.5
  3
OpenSans-ExtraBoldItalic.ttf
  4

  0
STYLE
  5
4B
330
5
100
AcDbSymbolTableRecord
100
AcDbTextStyleTableRecord
  2
OpenSansCondensed-Bold
 70
0
 40
0.0
 41
1.0
 50
0.0
 71
0
 42
2.5
  3
OpenSansCondensed-Bold.ttf
  4

  0
STYLE
  5
4C
330
5
100
AcDbSymbolTableRecord
100
AcDbTextStyleTableRecord
  2
OpenSansCondensed-Light
 70
0
 40
0.0
 41
1.0
 50
0.0
 71
0
 42
2.5
  3
OpenSansCondensed-Light.ttf
  4

  0
STYLE
  5
4D
330
5
100
AcDbSymbolTableRecord
100
AcDbTextStyleTableRecord
  2
OpenSansCondensed-Italic
 70
0
 40
0.0
 41
1.0
 50
0.0
 71
0
 42
2.5
  3
OpenSansCondensed-LightItalic.ttf
  4

  0
STYLE
  5
4E
330
5
100
AcDbSymbolTableRecord
100
AcDbTextStyleTableRecord
  2
LiberationSans
 70
0
 40
0.0
 41
1.0
 50
0.0
 71
0
 42
2.5
  3
LiberationSans-Regular.ttf
  4

  0
STYLE
  5
4F
330
5
100
AcDbSymbolTableRecord
100
AcDbTextStyleTableRecord
  2
LiberationSans-Bold
 70
0
 40
0.0
 41
1.0
 50
0.0
 71
0
 42
2.5
  3
LiberationSans-Bold.ttf
  4

  0
STYLE
  5
50
330
5
100
AcDbSymbolTableRecord
100
AcDbTextStyleTableRecord
  2
LiberationSans-BoldItalic
 70
0
 40
0.0
 41
1.0
 50
0.0
 71
0
 42
2.5
  3
LiberationSans-BoldItalic.ttf
  4

  0
STYLE
  5
51
330
5
100
AcDbSymbolTableRecord
100
AcDbTextStyleTableRecord
  2
LiberationSans-Italic
 70
0
 40
0.0
 41
1.0
 50
0.0
 71
0
 42
2.5
  3
LiberationSans-Italic.ttf
  4

  0
STYLE
  5
52
330
5
100
AcDbSymbolTableRecord
100
AcDbTextStyleTableRecord
  2
LiberationSerif
 70
0
 40
0.0
 41
1.0
 50
0.0
 71
0
 42
2.5
  3
LiberationSerif-Regular.ttf
  4

  0
STYLE
  5
53
330
5
100
AcDbSymbolTableRecord
100
AcDbTextStyleTableRecord
  2
LiberationSerif-Bold
 70
0
 40
0.0
 41
1.0
 50
0.0
 71
0
 42
2.5
  3
LiberationSerif-Bold.ttf
  4

  0
STYLE
  5
54
330
5
100
AcDbSymbolTableRecord
100
AcDbTextStyleTableRecord
  2
LiberationSerif-BoldItalic
 70
0
 40
0.0
 41
1.0
 50
0.0
 71
0
 42
2.5
  3
LiberationSerif-BoldItalic.ttf
  4

  0
STYLE
  5
55
330
5
100
AcDbSymbolTableRecord
100
AcDbTextStyleTableRecord
  2
LiberationSerif-Italic
 70
0
 40
0.0
 41
1.0
 50
0.0
 71
0
 42
2.5
  3
LiberationSerif-Italic.ttf
  4

  0
STYLE
  5
56
330
5
100
AcDbSymbolTableRecord
100
AcDbTextStyleTableRecord
  2
LiberationMono
 70
0
 40
0.0
 41
1.0
 50
0.0
 71
0
 42
2.5
  3
LiberationMono-Regular.ttf
  4

  0
STYLE
  5
57
330
5
100
AcDbSymbolTableRecord
100
AcDbTextStyleTableRecord
  2
LiberationMono-Bold
 70
0
 40
0.0
 41
1.0
 50
0.0
 71
0
 42
2.5
  3
LiberationMono-Bold.ttf
  4

  0
STYLE
  5
58
330
5
100
AcDbSymbolTableRecord
100
AcDbTextStyleTableRecord
  2
LiberationMono-BoldItalic
 70
0
 40
0.0
 41
1.0
 50
0.0
 71
0
 42
2.5
  3
LiberationMono-BoldItalic.ttf
  4

  0
STYLE
  5
59
330
5
100
AcDbSymbolTableRecord
100
AcDbTextStyleTableRecord
  2
LiberationMono-Italic
 70
0
 40
0.0
 41
1.0
 50
0.0
 71
0
 42
2.5
  3
LiberationMono-Italic.ttf
  4

  0
ENDTAB
  0
TABLE
  2
VIEW
  5
7
330
0
100
AcDbSymbolTable
 70
0
  0
ENDTAB
  0
TABLE
  2
UCS
  5
6
330
0
100
AcDbSymbolTable
 70
0
  0
ENDTAB
  0
TABLE
  2
APPID
  5
3
330
0
100
AcDbSymbolTable
 70
3
  0
APPID
  5
2A
330
3
100
AcDbSymbolTableRecord
100
AcDbRegAppTableRecord
  2
ACAD
 70
0
  0
APPID
  5
E86
330
3
100
AcDbSymbolTableRecord
100
AcDbRegAppTableRecord
  2
HATCHBACKGROUNDCOLOR
 70
0
  0
APPID
  5
E87
330
3
100
AcDbSymbolTableRecord
100
AcDbRegAppTableRecord
  2
EZDXF
 70
0
  0
ENDTAB
  0
TABLE
  2
DIMSTYLE
  5
4
330
0
100
AcDbSymbolTable
 70
12
100
AcDbDimStyleTable
  0
DIMSTYLE
105
2B
330
4
100
AcDbSymbolTableRecord
100
AcDbDimStyleTableRecord
  2
Standard
 70
0
 40
1.0
 41
2.5
 42
0.625
 43
3.75
 44
1.25
 45
0.0
 46
0.0
 47
0.0
 48
0.0
 49
2.5
140
2.5
141
2.5
142
0.0
143
0.03937007874
144
1.0
145
0.0
146
1.0
147
0.625
148
0.0
 69
0
 70
0
 71
0
 72
0
 73
0
 74
0
 75
0
 76
0
 77
1
 78
8
 79
3
170
0
171
3
172
1
173
0
174
0
175
0
176
0
177
0
178
0
179
2
271
2
272
2
273
2
274
3
275
0
276
0
277
2
278
44
279
0
280
0
281
0
282
0
283
0
284
8
285
0
286
0
288
0
289
3
290
0
371
-2
372
-2
  0
DIMSTYLE
105
73
330
4
100
AcDbSymbolTableRecord
100
AcDbDimStyleTableRecord
  2
EZDXF
 70
0
 40
1.0
 41
0.175
 42
0.125
 43
3.75
 44
0.375
 45
0.0
 46
0.0
 47
0.0
 48
0.0
 49
2.5
140
0.25
141
2.5
142
0.0
143
0.03937007874
144
100.0
145
0.0
146
0.5
147
0.1
148
0.0
 69
0
 70
0
 71
0
 72
0
 73
0
 74
0
 75
0
 76
0
 77
1
 78
12
 79
3
170
0
171
3
172
1
173
0
174
0
175
0
176
0
177
0
178
0
179
2
271
2
272
2
273
2
274
3
275
0
276
0
277
2
278
46
279
2
280
0
281
0
282
0
283
0
284
8
285
0
286
0
288
1
289
3
290
0
340
4C
342
74
371
-2
372
-2
  0
DIMSTYLE
105
7C
330
4
100
AcDbSymbolTableRecord
100
AcDbDimStyleTableRecord
  2
EZ_M_100_H25_CM
 70
0
 40
1.0
 41
0.25
 42
0.125
 43
3.75
 44
0.375
 45
0.0
 46
0.0
 47
0.0
 48
0.0
 49
2.5
140
0.25
141
2.5
142
0.125
143
0.03937007874
144
100.0
145
0.0
146
0.5
147
0.1
148
0.0
 69
0
 70
0
 71
0
 72
0
 73
0
 74
0
 75
0
 76
0
 77
1
 78
12
 79
3
170
0
171
3
172
1
173
0
174
0
175
0
176
0
177
0
178
0
179
2
271
2
272
2
273
2
274
3
275
0
276
0
277
2
278
46
279
2
280
0
281
0
282
0
283
0
284
8
285
0
286
0
288
1
289
3
290
0
340
4C
371
-2
372
-2
  0
DIMSTYLE
105
7D
330
4
100
AcDbSymbolTableRecord
100
AcDbDimStyleTableRecord
  2
EZ_M_50_H25_CM
 70
0
 40
1.0
 41
0.125
 42
0.0625
 43
3.75
 44
0.1875
 45
0.0
 46
0.0
 47
0.0
 48
0.0
 49
2.5
140
0.125
141
2.5
142
0.0625
143
0.03937007874
144
100.0
145
0.0
146
0.5
147
0.05
148
0.0
 69
0
 70
0
 71
0
 72
0
 73
0
 74
0
 75
0
 76
0
 77
1
 78
12
 79
3
170
0
171
3
172
1
173
0
174
0
175
0
176
0
177
0
178
0
179
2
271
2
272
2
273
2
274
3
275
0
276
0
277
2
278
46
279
2
280
0
281
0
282
0
283
0
284
8
285
0
286
0
288
1
289
3
290
0
340
4C
371
-2
372
-2
  0
DIMSTYLE
105
7E
330
4
100
AcDbSymbolTableRecord
100
AcDbDimStyleTableRecord
  2
EZ_M_25_H25_CM
 70
0
 40
1.0
 41
0.0625
 42
0.03125
 43
3.75
 44
0.09375
 45
0.0
 46
0.0
 47
0.0
 48
0.0
 49
2.5
140
0.0625
141
2.5
142
0.03125
143
0.03937007874
144
100.0
145
0.0
146
0.5
147
0.025
148
0.0
 69
0
 70
0
 71
0
 72
0
 73
0
 74
0
 75
0
 76
0
 77
1
 78
12
 79
3
170
0
171
3
172
1
173
0
174
0
175
0
176
0
177
0
178
0
179
2
271
2
272
2
273
2
274
3
275
0
276
0
277
2
278
46
279
2
280
0
281
0
282
0
283
0
284
8
285
0
286
0
288
1
289
3
290
0
340
4C
371
-2
372
-2
  0
DIMSTYLE
105
7F
330
4
100
AcDbSymbolTableRecord
100
AcDbDimStyleTableRecord
  2
EZ_M_20_H25_CM
 70
0
 40
1.0
 41
0.05
 42
0.025
 43
3.75
 44
0.07500000000000001
 45
0.0
 46
0.0
 47
0.0
 48
0.0
 49
2.5
140
0.05
141
2.5
142
0.025
143
0.03937007874
144
100.0
145
0.0
146
0.5
147
0.020000000000000004
148
0.0
 69
0
 70
0
 71
0
 72
0
 73
0
 74
0
 75
0
 76
0
 77
1
 78
12
 79
3
170
0
171
3
172
1
173
0
174
0
175
0
176
0
177
0
178
0
179
2
271
2
272
2
273
2
274
3
275
0
276
0
277
2
278
46
279
2
280
0
281
0
282
0
283
0
284
8
285
0
286
0
288
1
289
3
290
0
340
4C
371
-2
372
-2
  0
DIMSTYLE
105
80
330
4
100
AcDbSymbolTableRecord
100
AcDbDimStyleTableRecord
  2
EZ_M_10_H25_CM
 70
0
 40
1.0
 41
0.025
 42
0.0125
 43
3.75
 44
0.037500000000000006
 45
0.0
 46
0.0
 47
0.0
 48
0.0
 49
2.5
140
0.025
141
2.5
142
0.0125
143
0.03937007874
144
100.0
145
0.0
146
0.5
147
0.010000000000000002
148
0.0
 69
0
 70
0
 71
0
 72
0
 73
0
 74
0
 75
0
 76
0
 77
1
 78
12
 79
3
170
0
171
3
172
1
173
0
174
0
175
0
176
0
177
0
178
0
179
2
271
2
272
2
273
2
274
3
275
0
276
0
277
2
278
46
279
2
280
0
281
0
282
0
283
0
284
8
285
0
286
0
288
1
289
3
290
0
340
4C
371
-2
372
-2
  0
DIMSTYLE
105
81
330
4
100
AcDbSymbolTableRecord
100
AcDbDimStyleTableRecord
  2
EZ_M_5_H25_CM
 70
0
 40
1.0
 41
0.0125
 42
0.00625
 43
3.75
 44
0.018750000000000003
 45
0.0
 46
0.0
 47
0.0
 48
0.0
 49
2.5
140
0.0125
141
2.5
142
0.00625
143
0.03937007874
144
100.0
145
0.0
146
0.5
147
0.005000000000000001
148
0.0
 69
0
 70
0
 71
0
 72
0
 73
0
 74
0
 75
0
 76
0
 77
1
 78
12
 79
3
170
0
171
3
172
1
173
0
174
0
175
0
176
0
177
0
178
0
179
2
271
2
272
2
273
2
274
3
275
0
276
0
277
2
278
46
279
2
280
0
281
0
282
0
283
0
284
8
285
0
286
0
288
1
289
3
290
0
340
4C
371
-2
372
-2
  0
DIMSTYLE
105
82
330
4
100
AcDbSymbolTableRecord
100
AcDbDimStyleTableRecord
  2
EZ_M_1_H25_CM
 70
0
 40
1.0
 41
0.0025
 42
0.00125
 43
3.75
 44
0.00375
 45
0.0
 46
0.0
 47
0.0
 48
0.0
 49
2.5
140
0.0025
141
2.5
142
0.00125
143
0.03937007874
144
100.0
145
0.0
146
0.5
147
0.001
148
0.0
 69
0
 70
0
 71
0
 72
0
 73
0
 74
0
 75
0
 76
0
 77
1
 78
12
 79
3
170
0
171
3
172
1
173
0
174
0
175
0
176
0
177
0
178
0
179
2
271
2
272
2
273
2
274
3
275
0
276
0
277
2
278
46
279
2
280
0
281
0
282
0
283
0
284
8
285
0
286
0
288
1
289
3
290
0
340
4C
371
-2
372
-2
  0
DIMSTYLE
105
83
330
4
100
AcDbSymbolTableRecord
100
AcDbDimStyleTableRecord
  2
EZ_RADIUS
 70
0
 40
1.0
 41
0.25
 42
0.125
 43
3.75
 44
0.375
 45
0.0
 46
0.0
 47
0.0
 48
0.0
 49
2.5
140
0.25
141
0.0
142
0.0
143
0.03937007874
144
100.0
145
0.0
146
0.5
147
0.1
148
0.0
 69
0
 70
0
 71
0
 72
0
 73
0
 74
0
 75
0
 76
0
 77
1
 78
12
 79
3
170
0
171
3
172
0
173
0
174
0
175
0
176
0
177
0
178
0
179
2
271
2
272
2
273
2
274
3
275
0
276
0
277
2
278
46
279
1
280
0
281
0
282
0
283
0
284
8
285
0
286
0
288
1
289
3
290
0
340
4C
342
84
371
-2
372
-2
  0
DIMSTYLE
105
88
330
4
100
AcDbSymbolTableRecord
100
AcDbDimStyleTableRecord
  2
EZ_RADIUS_INSIDE
 70
0
 40
1.0
 41
0.25
 42
0.125
 43
3.75
 44
0.375
 45
0.0
 46
0.0
 47
0.0
 48
0.0
 49
2.5
140
0.25
141
0.0
142
0.0
143
0.03937007874
144
100.0
145
0.0
146
0.5
147
0.1
148
0.0
 69
0
 70
0
 71
0
 72
0
 73
0
 74
0
 75
0
 76
0
 77
0
 78
12
 79
3
170
0
171
3
172
0
173
0
174
1
175
0
176
0
177
0
178
0
179
2
271
2
272
2
273
2
274
3
275
0
276
0
277
2
278
46
279
0
280
0
281
0
282
0
283
0
284
8
285
0
286
0
288
1
289
0
290
0
340
4C
342
84
371
-2
372
-2
  0
DIMSTYLE
105
89
330
4
100
AcDbSymbolTableRecord
100
AcDbDimStyleTableRecord
  2
EZ_CURVED
 70
0
 40
1.0
 41
0.25
 42
0.125
 43
3.75
 44
0.375
 45
0.0
 46
0.0
 47
0.0
 48
0.0
 49
2.5
140
0.25
141
2.5
142
0.0
143
0.03937007874
144
100.0
145
0.0
146
0.5
147
0.1
148
0.0
 69
0
 70
0
 71
0
 72
0
 73
0
 74
0
 75
0
 76
0
 77
1
 78
12
 79
2
 90
2
170
0
171
3
172
1
173
0
174
0
175
0
176
0
177
0
178
0
179
2
271
2
272
2
273
2
274
3
275
0
276
0
277
2
278
46
279
2
280
0
281
0
282
0
283
0
284
8
285
0
286
0
288
1
289
3
290
0
340
4C
371
-2
372
-2
  0
ENDTAB
  0
TABLE
  2
BLOCK_RECORD
  5
9
330
0
100
AcDbSymbolTable
 70
11
  0
BLOCK_RECORD
  5
17
330
9
100
AcDbSymbolTableRecord
100
AcDbBlockTableRecord
  2
*Model_Space
340
1A
 70
0
280
1
281
0
  0
BLOCK_RECORD
  5
1B
330
9
100
AcDbSymbolTableRecord
100
AcDbBlockTableRecord
  2
*Paper_Space
340
1E
 70
0
280
1
281
0
  0
BLOCK_RECORD
  5
74
330
9
100
AcDbSymbolTableRecord
100
AcDbBlockTableRecord
  2
_ARCHTICK
340
0
 70
0
280
1
281
0
  0
BLOCK_RECORD
  5
78
330
9
100
AcDbSymbolTableRecord
100
AcDbBlockTableRecord
  2
_CLOSEDFILLED
340
0
 70
0
280
1
281
0
  0
BLOCK_RECORD
  5
84
330
9
100
AcDbSymbolTableRecord
100
AcDbBlockTableRecord
  2
_CLOSEDBLANK
340
0
 70
0
280
1
281
0
  0
BLOCK_RECORD
  5
1C7
330
9
100
AcDbSymbolTableRecord
100
AcDbBlockTableRecord
  2
*Paper_Space0
340
1CA
 70
0
280
1
281
0
  0
BLOCK_RECORD
  5
3E3
330
9
100
AcDbSymbolTableRecord
100
AcDbBlockTableRecord
  2
*Paper_Space1
340
3E6
 70
0
280
1
281
0
  0
BLOCK_RECORD
  5
65C
330
9
100
AcDbSymbolTableRecord
100
AcDbBlockTableRecord
  2
*Paper_Space2
340
65F
 70
0
280
1
281
0
  0
BLOCK_RECORD
  5
7F1
330
9
100
AcDbSymbolTableRecord
100
AcDbBlockTableRecord
  2
*Paper_Space3
340
7F4
 70
0
280
1
281
0
  0
BLOCK_RECORD
  5
A3F
330
9
100
AcDbSymbolTableRecord
100
AcDbBlockTableRecord
  2
*Paper_Space4
340
A42
 70
0
280
1
281
0
  0
BLOCK_RECORD
  5
C72
330
9
100
AcDbSymbolTableRecord
100
AcDbBlockTableRecord
  2
*Paper_Space5
340
C75
 70
0
280
1
281
0
  0
ENDTAB
  0
ENDSEC
  0
SECTION
  2
BLOCKS
  0
BLOCK
  5
18
330
17
100
AcDbEntity
  8
0
100
AcDbBlockBegin
  2
*Model_Space
 70
0
 10
0.0
 20
0.0
 30
0.0
  3
*Model_Space
  1

  0
ENDBLK
  5
19
330
17
100
AcDbEntity
  8
0
100
AcDbBlockEnd
  0
BLOCK
  5
1C
330
1B
100
AcDbEntity
  8
0
100
AcDbBlockBegin
  2
*Paper_Space
 70
0
 10
0.0
 20
0.0
 30
0.0
  3
*Paper_Space
  1

  0
ENDBLK
  5
1D
330
1B
100
AcDbEntity
  8
0
100
AcDbBlockEnd
  0
BLOCK
  5
75
330
74
100
AcDbEntity
  8
0
100
AcDbBlockBegin
  2
_ARCHTICK
 70
0
 10
0.0
 20
0.0
 30
0.0
  3
_ARCHTICK
  1

  0
LWPOLYLINE
  5
77
330
74
100
AcDbEntity
  8
0
  6
BYBLOCK
 62
0
100
AcDbPolyline
 90
2
 70
0
 43
0.15
 10
-0.5
 20
-0.5
 10
0.5
 20
0.5
  0
ENDBLK
  5
76
330
74
100
AcDbEntity
  8
0
100
AcDbBlockEnd
  0
BLOCK
  5
79
330
78
100
AcDbEntity
  8
0
100
AcDbBlockBegin
  2
_CLOSEDFILLED
 70
0
 10
0.0
 20
0.0
 30
0.0
  3
_CLOSEDFILLED
  1

  0
SOLID
  5
7B
330
78
100
AcDbEntity
  8
0
  6
BYBLOCK
 62
0
100
AcDbTrace
 10
-1.0
 20
0.16439898372402537
 30
0.0
 11
0.0
 21
0.0
 31
0.0
 12
-1.0
 22
-0.16439898372402537
 32
0.0
 13
-1.0
 23
-0.16439898372402537
 33
0.0
  0
ENDBLK
  5
7A
330
78
100
AcDbEntity
  8
0
100
AcDbBlockEnd
  0
BLOCK
  5
85
330
84
100
AcDbEntity
  8
0
100
AcDbBlockBegin
  2
_CLOSEDBLANK
 70
0
 10
0.0
 20
0.0
 30
0.0
  3
_CLOSEDBLANK
  1

  0
LWPOLYLINE
  5
87
330
84
100
AcDbEntity
  8
0
  6
BYBLOCK
 62
0
100
AcDbPolyline
 90
3
 70
1
 10
-1.0
 20
0.16439898372402537
 10
0.0
 20
0.0
 10
-1.0
 20
-0.16439898372402537
  0
ENDBLK
  5
86
330
84
100
AcDbEntity
  8
0
100
AcDbBlockEnd
  0
BLOCK
  5
1C8
330
1C7
100
AcDbEntity
  8
0
100
AcDbBlockBegin
  2
*Paper_Space0
 70
0
 10
0.0
 20
0.0
 30
0.0
  3
*Paper_Space0
  1

  0
VIEWPORT
  5
1CB
330
1C7
100
AcDbEntity
 67
1
  8
VIEWPORTS
100
AcDbViewport
 10
353.5
 20
250.0
 30
0.0
 40
777.7
 41
550.0
 68
1
 69
1
 12
353.5
 22
250.0
 13
0.0
 23
0.0
 14
10.0
 24
10.0
 15
10.0
 25
10.0
 16
0.0
 26
0.0
 36
1.0
 17
0.0
 27
0.0
 37
0.0
 42
50.0
 43
0.0
 44
0.0
 45
550.0
 50
0.0
 51
0.0
 72
100
 90
557088
  1

281
0
 71
0
 74
0
110
0.0
120
0.0
130
0.0
111
1.0
121
0.0
131
0.0
112
0.0
122
1.0
132
0.0
 79
0
146
0.0
282
0
  0
LWPOLYLINE
  5
1CC
330
1C7
100
AcDbEntity
 67
1
  8
MARCO
 62
7
370
30
100
AcDbPolyline
 90
4
 70
1
 10
7.0
 20
7.0
 10
700.0
 20
7.0
 10
700.0
 20
493.0
 10
7.0
 20
493.0
  0
TEXT
  5
1CD
330
1C7
100
AcDbEntity
 67
1
  8
TEXTO
 62
7
100
AcDbText
 10
353.5
 20
487.0
 30
0.0
 40
4.0
  1
DESPIECE DE VIGA COMPLETA VC2
 72
1
 11
353.5
 21
487.0
 31
0.0
100
AcDbText
 73
2
  0
TEXT
  5
1CE
330
1C7
100
AcDbEntity
 67
1
  8
TEXTO
 62
7
100
AcDbText
 10
353.5
 20
480.0
 30
0.0
 40
1.8
  1
Continuidad reconstruida de SAP | Niveles z=3.5, 6.5, 9.5, 12.5, 15.5 m | 40 frames
 72
1
 11
353.5
 21
480.0
 31
0.0
100
AcDbText
 73
2
  0
LWPOLYLINE
  5
1CF
330
1C7
100
AcDbEntity
 67
1
  8
MARCO
 62
7
370
20
100
AcDbPolyline
 90
4
 70
1
 10
8.5
 20
306.0
 10
51.5
 20
306.0
 10
51.5
 20
350.0
 10
8.5
 20
350.0
  0
TEXT
  5
1D0
330
1C7
100
AcDbEntity
 67
1
  8
TEXTO
 62
7
100
AcDbText
 10
30.0
 20
345.0
 30
0.0
 40
2.6
  1
VIGA VC2
 72
1
 11
30.0
 21
345.0
 31
0.0
100
AcDbText
 73
2
  0
TEXT
  5
1D1
330
1C7
100
AcDbEntity
 67
1
  8
TEXTO
 62
7
100
AcDbText
 10
30.0
 20
339.0
 30
0.0
 40
2.2
  1
EJE 1
 72
1
 11
30.0
 21
339.0
 31
0.0
100
AcDbText
 73
2
  0
TEXT
  5
1D2
330
1C7
100
AcDbEntity
 67
1
  8
TEXTO
 62
7
100
AcDbText
 10
30.0
 20
333.0
 30
0.0
 40
1.9
  1
450x550 mm
 72
1
 11
30.0
 21
333.0
 31
0.0
100
AcDbText
 73
2
  0
TEXT
  5
1D3
330
1C7
100
AcDbEntity
 67
1
  8
TEXTO
100
AcDbText
 10
11.5
 20
326.0
 30
0.0
 40
1.7
  1
SUP 4#5
 11
11.5
 21
326.0
 31
0.0
100
AcDbText
  0
TEXT
  5
1D4
330
1C7
100
AcDbEntity
 67
1
  8
TEXTO
100
AcDbText
 10
11.5
 20
321.0
 30
0.0
 40
1.7
  1
INF 4#5
 11
11.5
 21
321.0
 31
0.0
100
AcDbText
  0
TEXT
  5
1D5
330
1C7
100
AcDbEntity
 67
1
  8
TEXTO
100
AcDbText
 10
11.5
 20
316.0
 30
0.0
 40
1.7
  1
TOR 0#5
 11
11.5
 21
316.0
 31
0.0
100
AcDbText
  0
TEXT
  5
1D6
330
1C7
100
AcDbEntity
 67
1
  8
TEXTO
100
AcDbText
 10
11.5
 20
310.0
 30
0.0
 40
1.45
  1
NIVEL TIPO z=3.5 m
 11
11.5
 21
310.0
 31
0.0
100
AcDbText
  0
LWPOLYLINE
  5
1D7
330
1C7
100
AcDbEntity
 67
1
  8
CONTORNO
 62
7
370
25
100
AcDbPolyline
 90
4
 70
1
 10
57.0
 20
314.0
 10
677.0
 20
314.0
 10
677.0
 20
336.0
 10
57.0
 20
336.0
  0
LWPOLYLINE
  5
1D8
330
1C7
100
AcDbEntity
 67
1
  8
APOYOS
 62
9
370
15
100
AcDbPolyline
 90
4
 70
1
 10
47.0
 20
310.0
 10
67.0
 20
310.0
 10
67.0
 20
340.0
 10
47.0
 20
340.0
  0
LINE
  5
1D9
330
1C7
100
AcDbEntity
 67
1
  8
EJES
  6
DASHED
 62
1
370
9
100
AcDbLine
 10
57.0
 20
303.0
 30
0.0
 11
57.0
 21
353.0
 31
0.0
  0
CIRCLE
  5
1DA
330
1C7
100
AcDbEntity
 67
1
  8
EJES
 62
1
370
18
100
AcDbCircle
 10
57.0
 20
348.0
 30
0.0
 40
3.5
  0
TEXT
  5
1DB
330
1C7
100
AcDbEntity
 67
1
  8
EJES
 62
1
100
AcDbText
 10
57.0
 20
348.0
 30
0.0
 40
2.0
  1
a
 72
1
 11
57.0
 21
348.0
 31
0.0
100
AcDbText
 73
2
  0
LWPOLYLINE
  5
1DC
330
1C7
100
AcDbEntity
 67
1
  8
APOYOS
 62
9
370
15
100
AcDbPolyline
 90
4
 70
1
 10
207.0
 20
310.0
 10
227.0
 20
310.0
 10
227.0
 20
340.0
 10
207.0
 20
340.0
  0
LINE
  5
1DD
330
1C7
100
AcDbEntity
 67
1
  8
EJES
  6
DASHED
 62
1
370
9
100
AcDbLine
 10
217.0
 20
303.0
 30
0.0
 11
217.0
 21
353.0
 31
0.0
  0
CIRCLE
  5
1DE
330
1C7
100
AcDbEntity
 67
1
  8
EJES
 62
1
370
18
100
AcDbCircle
 10
217.0
 20
348.0
 30
0.0
 40
3.5
  0
TEXT
  5
1DF
330
1C7
100
AcDbEntity
 67
1
  8
EJES
 62
1
100
AcDbText
 10
217.0
 20
348.0
 30
0.0
 40
2.0
  1
b
 72
1
 11
217.0
 21
348.0
 31
0.0
100
AcDbText
 73
2
  0
LWPOLYLINE
  5
1E0
330
1C7
100
AcDbEntity
 67
1
  8
APOYOS
 62
9
370
15
100
AcDbPolyline
 90
4
 70
1
 10
357.0
 20
310.0
 10
377.0
 20
310.0
 10
377.0
 20
340.0
 10
357.0
 20
340.0
  0
LINE
  5
1E1
330
1C7
100
AcDbEntity
 67
1
  8
EJES
  6
DASHED
 62
1
370
9
100
AcDbLine
 10
367.0
 20
303.0
 30
0.0
 11
367.0
 21
353.0
 31
0.0
  0
CIRCLE
  5
1E2
330
1C7
100
AcDbEntity
 67
1
  8
EJES
 62
1
370
18
100
AcDbCircle
 10
367.0
 20
348.0
 30
0.0
 40
3.5
  0
TEXT
  5
1E3
330
1C7
100
AcDbEntity
 67
1
  8
EJES
 62
1
100
AcDbText
 10
367.0
 20
348.0
 30
0.0
 40
2.0
  1
c
 72
1
 11
367.0
 21
348.0
 31
0.0
100
AcDbText
 73
2
  0
LWPOLYLINE
  5
1E4
330
1C7
100
AcDbEntity
 67
1
  8
APOYOS
 62
9
370
15
100
AcDbPolyline
 90
4
 70
1
 10
507.0
 20
310.0
 10
527.0
 20
310.0
 10
527.0
 20
340.0
 10
507.0
 20
340.0
  0
LINE
  5
1E5
330
1C7
100
AcDbEntity
 67
1
  8
EJES
  6
DASHED
 62
1
370
9
100
AcDbLine
 10
517.0
 20
303.0
 30
0.0
 11
517.0
 21
353.0
 31
0.0
  0
CIRCLE
  5
1E6
330
1C7
100
AcDbEntity
 67
1
  8
EJES
 62
1
370
18
100
AcDbCircle
 10
517.0
 20
348.0
 30
0.0
 40
3.5
  0
TEXT
  5
1E7
330
1C7
100
AcDbEntity
 67
1
  8
EJES
 62
1
100
AcDbText
 10
517.0
 20
348.0
 30
0.0
 40
2.0
  1
d
 72
1
 11
517.0
 21
348.0
 31
0.0
100
AcDbText
 73
2
  0
LWPOLYLINE
  5
1E8
330
1C7
100
AcDbEntity
 67
1
  8
APOYOS
 62
9
370
15
100
AcDbPolyline
 90
4
 70
1
 10
667.0
 20
310.0
 10
687.0
 20
310.0
 10
687.0
 20
340.0
 10
667.0
 20
340.0
  0
LINE
  5
1E9
330
1C7
100
AcDbEntity
 67
1
  8
EJES
  6
DASHED
 62
1
370
9
100
AcDbLine
 10
677.0
 20
303.0
 30
0.0
 11
677.0
 21
353.0
 31
0.0
  0
CIRCLE
  5
1EA
330
1C7
100
AcDbEntity
 67
1
  8
EJES
 62
1
370
18
100
AcDbCircle
 10
677.0
 20
348.0
 30
0.0
 40
3.5
  0
TEXT
  5
1EB
330
1C7
100
AcDbEntity
 67
1
  8
EJES
 62
1
100
AcDbText
 10
677.0
 20
348.0
 30
0.0
 40
2.0
  1
e
 72
1
 11
677.0
 21
348.0
 31
0.0
100
AcDbText
 73
2
  0
LINE
  5
1EC
330
1C7
100
AcDbEntity
 67
1
  8
ESTRIBOS
 62
8
370
9
100
AcDbLine
 10
59.0
 20
315.0
 30
0.0
 11
59.0
 21
335.0
 31
0.0
  0
LINE
  5
1ED
330
1C7
100
AcDbEntity
 67
1
  8
ESTRIBOS
 62
8
370
9
100
AcDbLine
 10
63.0
 20
315.0
 30
0.0
 11
63.0
 21
335.0
 31
0.0
  0
LINE
  5
1EE
330
1C7
100
AcDbEntity
 67
1
  8
ESTRIBOS
 62
8
370
9
100
AcDbLine
 10
67.0
 20
315.0
 30
0.0
 11
67.0
 21
335.0
 31
0.0
  0
LINE
  5
1EF
330
1C7
100
AcDbEntity
 67
1
  8
ESTRIBOS
 62
8
370
9
100
AcDbLine
 10
71.0
 20
315.0
 30
0.0
 11
71.0
 21
335.0
 31
0.0
  0
LINE
  5
1F0
330
1C7
100
AcDbEntity
 67
1
  8
ESTRIBOS
 62
8
370
9
100
AcDbLine
 10
75.0
 20
315.0
 30
0.0
 11
75.0
 21
335.0
 31
0.0
  0
LINE
  5
1F1
330
1C7
100
AcDbEntity
 67
1
  8
ESTRIBOS
 62
8
370
9
100
AcDbLine
 10
79.0
 20
315.0
 30
0.0
 11
79.0
 21
335.0
 31
0.0
  0
LINE
  5
1F2
330
1C7
100
AcDbEntity
 67
1
  8
ESTRIBOS
 62
8
370
9
100
AcDbLine
 10
83.0
 20
315.0
 30
0.0
 11
83.0
 21
335.0
 31
0.0
  0
LINE
  5
1F3
330
1C7
100
AcDbEntity
 67
1
  8
ESTRIBOS
 62
8
370
9
100
AcDbLine
 10
87.0
 20
315.0
 30
0.0
 11
87.0
 21
335.0
 31
0.0
  0
LINE
  5
1F4
330
1C7
100
AcDbEntity
 67
1
  8
ESTRIBOS
 62
8
370
9
100
AcDbLine
 10
91.0
 20
315.0
 30
0.0
 11
91.0
 21
335.0
 31
0.0
  0
LINE
  5
1F5
330
1C7
100
AcDbEntity
 67
1
  8
ESTRIBOS
 62
8
370
9
100
AcDbLine
 10
95.0
 20
315.0
 30
0.0
 11
95.0
 21
335.0
 31
0.0
  0
LINE
  5
1F6
330
1C7
100
AcDbEntity
 67
1
  8
ESTRIBOS
 62
8
370
9
100
AcDbLine
 10
99.0
 20
315.0
 30
0.0
 11
99.0
 21
335.0
 31
0.0
  0
LINE
  5
1F7
330
1C7
100
AcDbEntity
 67
1
  8
ESTRIBOS
 62
8
370
9
100
AcDbLine
 10
105.0
 20
315.0
 30
0.0
 11
105.0
 21
335.0
 31
0.0
  0
LINE
  5
1F8
330
1C7
100
AcDbEntity
 67
1
  8
ESTRIBOS
 62
8
370
9
100
AcDbLine
 10
109.0
 20
315.0
 30
0.0
 11
109.0
 21
335.0
 31
0.0
  0
LINE
  5
1F9
330
1C7
100
AcDbEntity
 67
1
  8
ESTRIBOS
 62
8
370
9
100
AcDbLine
 10
113.0
 20
315.0
 30
0.0
 11
113.0
 21
335.0
 31
0.0
  0
LINE
  5
1FA
330
1C7
100
AcDbEntity
 67
1
  8
ESTRIBOS
 62
8
370
9
100
AcDbLine
 10
117.0
 20
315.0
 30
0.0
 11
117.0
 21
335.0
 31
0.0
  0
LINE
  5
1FB
330
1C7
100
AcDbEntity
 67
1
  8
ESTRIBOS
 62
8
370
9
100
AcDbLine
 10
121.0
 20
315.0
 30
0.0
 11
121.0
 21
335.0
 31
0.0
  0
LINE
  5
1FC
330
1C7
100
AcDbEntity
 67
1
  8
ESTRIBOS
 62
8
370
9
100
AcDbLine
 10
125.0
 20
315.0
 30
0.0
 11
125.0
 21
335.0
 31
0.0
  0
LINE
  5
1FD
330
1C7
100
AcDbEntity
 67
1
  8
ESTRIBOS
 62
8
370
9
100
AcDbLine
 10
129.0
 20
315.0
 30
0.0
 11
129.0
 21
335.0
 31
0.0
  0
LINE
  5
1FE
330
1C7
100
AcDbEntity
 67
1
  8
ESTRIBOS
 62
8
370
9
100
AcDbLine
 10
133.0
 20
315.0
 30
0.0
 11
133.0
 21
335.0
 31
0.0
  0
LINE
  5
1FF
330
1C7
100
AcDbEntity
 67
1
  8
ESTRIBOS
 62
8
370
9
100
AcDbLine
 10
137.0
 20
315.0
 30
0.0
 11
137.0
 21
335.0
 31
0.0
  0
LINE
  5
200
330
1C7
100
AcDbEntity
 67
1
  8
ESTRIBOS
 62
8
370
9
100
AcDbLine
 10
141.0
 20
315.0
 30
0.0
 11
141.0
 21
335.0
 31
0.0
  0
LINE
  5
201
330
1C7
100
AcDbEntity
 67
1
  8
ESTRIBOS
 62
8
370
9
100
AcDbLine
 10
145.0
 20
315.0
 30
0.0
 11
145.0
 21
335.0
 31
0.0
  0
LINE
  5
202
330
1C7
100
AcDbEntity
 67
1
  8
ESTRIBOS
 62
8
370
9
100
AcDbLine
 10
149.0
 20
315.0
 30
0.0
 11
149.0
 21
335.0
 31
0.0
  0
LINE
  5
203
330
1C7
100
AcDbEntity
 67
1
  8
ESTRIBOS
 62
8
370
9
100
AcDbLine
 10
153.0
 20
315.0
 30
0.0
 11
153.0
 21
335.0
 31
0.0
  0
LINE
  5
204
330
1C7
100
AcDbEntity
 67
1
  8
ESTRIBOS
 62
8
370
9
100
AcDbLine
 10
157.0
 20
315.0
 30
0.0
 11
157.0
 21
335.0
 31
0.0
  0
LINE
  5
205
330
1C7
100
AcDbEntity
 67
1
  8
ESTRIBOS
 62
8
370
9
100
AcDbLine
 10
161.0
 20
315.0
 30
0.0
 11
161.0
 21
335.0
 31
0.0
  0
LINE
  5
206
330
1C7
100
AcDbEntity
 67
1
  8
ESTRIBOS
 62
8
370
9
100
AcDbLine
 10
165.0
 20
315.0
 30
0.0
 11
165.0
 21
335.0
 31
0.0
  0
LINE
  5
207
330
1C7
100
AcDbEntity
 67
1
  8
ESTRIBOS
 62
8
370
9
100
AcDbLine
 10
169.0
 20
315.0
 30
0.0
 11
169.0
 21
335.0
 31
0.0
  0
LINE
  5
208
330
1C7
100
AcDbEntity
 67
1
  8
ESTRIBOS
 62
8
370
9
100
AcDbLine
 10
175.0
 20
315.0
 30
0.0
 11
175.0
 21
335.0
 31
0.0
  0
LINE
  5
209
330
1C7
100
AcDbEntity
 67
1
  8
ESTRIBOS
 62
8
370
9
100
AcDbLine
 10
179.0
 20
315.0
 30
0.0
 11
179.0
 21
335.0
 31
0.0
  0
LINE
  5
20A
330
1C7
100
AcDbEntity
 67
1
  8
ESTRIBOS
 62
8
370
9
100
AcDbLine
 10
183.0
 20
315.0
 30
0.0
 11
183.0
 21
335.0
 31
0.0
  0
LINE
  5
20B
330
1C7
100
AcDbEntity
 67
1
  8
ESTRIBOS
 62
8
370
9
100
AcDbLine
 10
187.0
 20
315.0
 30
0.0
 11
187.0
 21
335.0
 31
0.0
  0
LINE
  5
20C
330
1C7
100
AcDbEntity
 67
1
  8
ESTRIBOS
 62
8
370
9
100
AcDbLine
 10
191.0
 20
315.0
 30
0.0
 11
191.0
 21
335.0
 31
0.0
  0
LINE
  5
20D
330
1C7
100
AcDbEntity
 67
1
  8
ESTRIBOS
 62
8
370
9
100
AcDbLine
 10
195.0
 20
315.0
 30
0.0
 11
195.0
 21
335.0
 31
0.0
  0
LINE
  5
20E
330
1C7
100
AcDbEntity
 67
1
  8
ESTRIBOS
 62
8
370
9
100
AcDbLine
 10
199.0
 20
315.0
 30
0.0
 11
199.0
 21
335.0
 31
0.0
  0
LINE
  5
20F
330
1C7
100
AcDbEntity
 67
1
  8
ESTRIBOS
 62
8
370
9
100
AcDbLine
 10
203.0
 20
315.0
 30
0.0
 11
203.0
 21
335.0
 31
0.0
  0
LINE
  5
210
330
1C7
100
AcDbEntity
 67
1
  8
ESTRIBOS
 62
8
370
9
100
AcDbLine
 10
207.0
 20
315.0
 30
0.0
 11
207.0
 21
335.0
 31
0.0
  0
LINE
  5
211
330
1C7
100
AcDbEntity
 67
1
  8
ESTRIBOS
 62
8
370
9
100
AcDbLine
 10
211.0
 20
315.0
 30
0.0
 11
211.0
 21
335.0
 31
0.0
  0
LINE
  5
212
330
1C7
100
AcDbEntity
 67
1
  8
ESTRIBOS
 62
8
370
9
100
AcDbLine
 10
215.0
 20
315.0
 30
0.0
 11
215.0
 21
335.0
 31
0.0
  0
TEXT
  5
213
330
1C7
100
AcDbEntity
 67
1
  8
ESTRIBOS
 62
8
100
AcDbText
 10
137.0
 20
324.2
 30
0.0
 40
1.25
  1
Nº3 2R @100 (2h) / @100 ctr
 72
1
 11
137.0
 21
324.2
 31
0.0
100
AcDbText
 73
2
  0
LINE
  5
214
330
1C7
100
AcDbEntity
 67
1
  8
ESTRIBOS
 62
8
370
9
100
AcDbLine
 10
219.0
 20
315.0
 30
0.0
 11
219.0
 21
335.0
 31
0.0
  0
LINE
  5
215
330
1C7
100
AcDbEntity
 67
1
  8
ESTRIBOS
 62
8
370
9
100
AcDbLine
 10
223.0
 20
315.0
 30
0.0
 11
223.0
 21
335.0
 31
0.0
  0
LINE
  5
216
330
1C7
100
AcDbEntity
 67
1
  8
ESTRIBOS
 62
8
370
9
100
AcDbLine
 10
227.0
 20
315.0
 30
0.0
 11
227.0
 21
335.0
 31
0.0
  0
LINE
  5
217
330
1C7
100
AcDbEntity
 67
1
  8
ESTRIBOS
 62
8
370
9
100
AcDbLine
 10
231.0
 20
315.0
 30
0.0
 11
231.0
 21
335.0
 31
0.0
  0
LINE
  5
218
330
1C7
100
AcDbEntity
 67
1
  8
ESTRIBOS
 62
8
370
9
100
AcDbLine
 10
235.0
 20
315.0
 30
0.0
 11
235.0
 21
335.0
 31
0.0
  0
LINE
  5
219
330
1C7
100
AcDbEntity
 67
1
  8
ESTRIBOS
 62
8
370
9
100
AcDbLine
 10
239.0
 20
315.0
 30
0.0
 11
239.0
 21
335.0
 31
0.0
  0
LINE
  5
21A
330
1C7
100
AcDbEntity
 67
1
  8
ESTRIBOS
 62
8
370
9
100
AcDbLine
 10
243.0
 20
315.0
 30
0.0
 11
243.0
 21
335.0
 31
0.0
  0
LINE
  5
21B
330
1C7
100
AcDbEntity
 67
1
  8
ESTRIBOS
 62
8
370
9
100
AcDbLine
 10
247.0
 20
315.0
 30
0.0
 11
247.0
 21
335.0
 31
0.0
  0
LINE
  5
21C
330
1C7
100
AcDbEntity
 67
1
  8
ESTRIBOS
 62
8
370
9
100
AcDbLine
 10
251.0
 20
315.0
 30
0.0
 11
251.0
 21
335.0
 31
0.0
  0
LINE
  5
21D
330
1C7
100
AcDbEntity
 67
1
  8
ESTRIBOS
 62
8
370
9
100
AcDbLine
 10
255.0
 20
315.0
 30
0.0
 11
255.0
 21
335.0
 31
0.0
  0
LINE
  5
21E
330
1C7
100
AcDbEntity
 67
1
  8
ESTRIBOS
 62
8
370
9
100
AcDbLine
 10
259.0
 20
315.0
 30
0.0
 11
259.0
 21
335.0
 31
0.0
  0
LINE
  5
21F
330
1C7
100
AcDbEntity
 67
1
  8
ESTRIBOS
 62
8
370
9
100
AcDbLine
 10
265.0
 20
315.0
 30
0.0
 11
265.0
 21
335.0
 31
0.0
  0
LINE
  5
220
330
1C7
100
AcDbEntity
 67
1
  8
ESTRIBOS
 62
8
370
9
100
AcDbLine
 10
269.0
 20
315.0
 30
0.0
 11
269.0
 21
335.0
 31
0.0
  0
LINE
  5
221
330
1C7
100
AcDbEntity
 67
1
  8
ESTRIBOS
 62
8
370
9
100
AcDbLine
 10
273.0
 20
315.0
 30
0.0
 11
273.0
 21
335.0
 31
0.0
  0
LINE
  5
222
330
1C7
100
AcDbEntity
 67
1
  8
ESTRIBOS
 62
8
370
9
100
AcDbLine
 10
277.0
 20
315.0
 30
0.0
 11
277.0
 21
335.0
 31
0.0
  0
LINE
  5
223
330
1C7
100
AcDbEntity
 67
1
  8
ESTRIBOS
 62
8
370
9
100
AcDbLine
 10
281.0
 20
315.0
 30
0.0
 11
281.0
 21
335.0
 31
0.0
  0
LINE
  5
224
330
1C7
100
AcDbEntity
 67
1
  8
ESTRIBOS
 62
8
370
9
100
AcDbLine
 10
285.0
 20
315.0
 30
0.0
 11
285.0
 21
335.0
 31
0.0
  0
LINE
  5
225
330
1C7
100
AcDbEntity
 67
1
  8
ESTRIBOS
 62
8
370
9
100
AcDbLine
 10
289.0
 20
315.0
 30
0.0
 11
289.0
 21
335.0
 31
0.0
  0
LINE
  5
226
330
1C7
100
AcDbEntity
 67
1
  8
ESTRIBOS
 62
8
370
9
100
AcDbLine
 10
293.0
 20
315.0
 30
0.0
 11
293.0
 21
335.0
 31
0.0
  0
LINE
  5
227
330
1C7
100
AcDbEntity
 67
1
  8
ESTRIBOS
 62
8
370
9
100
AcDbLine
 10
297.0
 20
315.0
 30
0.0
 11
297.0
 21
335.0
 31
0.0
  0
LINE
  5
228
330
1C7
100
AcDbEntity
 67
1
  8
ESTRIBOS
 62
8
370
9
100
AcDbLine
 10
301.0
 20
315.0
 30
0.0
 11
301.0
 21
335.0
 31
0.0
  0
LINE
  5
229
330
1C7
100
AcDbEntity
 67
1
  8
ESTRIBOS
 62
8
370
9
100
AcDbLine
 10
305.0
 20
315.0
 30
0.0
 11
305.0
 21
335.0
 31
0.0
  0
LINE
  5
22A
330
1C7
100
AcDbEntity
 67
1
  8
ESTRIBOS
 62
8
370
9
100
AcDbLine
 10
309.0
 20
315.0
 30
0.0
 11
309.0
 21
335.0
 31
0.0
  0
LINE
  5
22B
330
1C7
100
AcDbEntity
 67
1
  8
ESTRIBOS
 62
8
370
9
100
AcDbLine
 10
313.0
 20
315.0
 30
0.0
 11
313.0
 21
335.0
 31
0.0
  0
LINE
  5
22C
330
1C7
100
AcDbEntity
 67
1
  8
ESTRIBOS
 62
8
370
9
100
AcDbLine
 10
317.0
 20
315.0
 30
0.0
 11
317.0
 21
335.0
 31
0.0
  0
LINE
  5
22D
330
1C7
100
AcDbEntity
 67
1
  8
ESTRIBOS
 62
8
370
9
100
AcDbLine
 10
321.0
 20
315.0
 30
0.0
 11
321.0
 21
335.0
 31
0.0
  0
LINE
  5
22E
330
1C7
100
AcDbEntity
 67
1
  8
ESTRIBOS
 62
8
370
9
100
AcDbLine
 10
325.0
 20
315.0
 30
0.0
 11
325.0
 21
335.0
 31
0.0
  0
LINE
  5
22F
330
1C7
100
AcDbEntity
 67
1
  8
ESTRIBOS
 62
8
370
9
100
AcDbLine
 10
329.0
 20
315.0
 30
0.0
 11
329.0
 21
335.0
 31
0.0
  0
LINE
  5
230
330
1C7
100
AcDbEntity
 67
1
  8
ESTRIBOS
 62
8
370
9
100
AcDbLine
 10
333.0
 20
315.0
 30
0.0
 11
333.0
 21
335.0
 31
0.0
  0
LINE
  5
231
330
1C7
100
AcDbEntity
 67
1
  8
ESTRIBOS
 62
8
370
9
100
AcDbLine
 10
337.0
 20
315.0
 30
0.0
 11
337.0
 21
335.0
 31
0.0
  0
LINE
  5
232
330
1C7
100
AcDbEntity
 67
1
  8
ESTRIBOS
 62
8
370
9
100
AcDbLine
 10
341.0
 20
315.0
 30
0.0
 11
341.0
 21
335.0
 31
0.0
  0
LINE
  5
233
330
1C7
100
AcDbEntity
 67
1
  8
ESTRIBOS
 62
8
370
9
100
AcDbLine
 10
345.0
 20
315.0
 30
0.0
 11
345.0
 21
335.0
 31
0.0
  0
LINE
  5
234
330
1C7
100
AcDbEntity
 67
1
  8
ESTRIBOS
 62
8
370
9
100
AcDbLine
 10
349.0
 20
315.0
 30
0.0
 11
349.0
 21
335.0
 31
0.0
  0
LINE
  5
235
330
1C7
100
AcDbEntity
 67
1
  8
ESTRIBOS
 62
8
370
9
100
AcDbLine
 10
353.0
 20
315.0
 30
0.0
 11
353.0
 21
335.0
 31
0.0
  0
LINE
  5
236
330
1C7
100
AcDbEntity
 67
1
  8
ESTRIBOS
 62
8
370
9
100
AcDbLine
 10
357.0
 20
315.0
 30
0.0
 11
357.0
 21
335.0
 31
0.0
  0
LINE
  5
237
330
1C7
100
AcDbEntity
 67
1
  8
ESTRIBOS
 62
8
370
9
100
AcDbLine
 10
361.0
 20
315.0
 30
0.0
 11
361.0
 21
335.0
 31
0.0
  0
LINE
  5
238
330
1C7
100
AcDbEntity
 67
1
  8
ESTRIBOS
 62
8
370
9
100
AcDbLine
 10
365.0
 20
315.0
 30
0.0
 11
365.0
 21
335.0
 31
0.0
  0
TEXT
  5
239
330
1C7
100
AcDbEntity
 67
1
  8
ESTRIBOS
 62
8
100
AcDbText
 10
292.0
 20
324.2
 30
0.0
 40
1.25
  1
Nº3 2R @100 (2h) / @100 ctr
 72
1
 11
292.0
 21
324.2
 31
0.0
100
AcDbText
 73
2
  0
LINE
  5
23A
330
1C7
100
AcDbEntity
 67
1
  8
ESTRIBOS
 62
8
370
9
100
AcDbLine
 10
369.0
 20
315.0
 30
0.0
 11
369.0
 21
335.0
 31
0.0
  0
LINE
  5
23B
330
1C7
100
AcDbEntity
 67
1
  8
ESTRIBOS
 62
8
370
9
100
AcDbLine
 10
373.0
 20
315.0
 30
0.0
 11
373.0
 21
335.0
 31
0.0
  0
LINE
  5
23C
330
1C7
100
AcDbEntity
 67
1
  8
ESTRIBOS
 62
8
370
9
100
AcDbLine
 10
377.0
 20
315.0
 30
0.0
 11
377.0
 21
335.0
 31
0.0
  0
LINE
  5
23D
330
1C7
100
AcDbEntity
 67
1
  8
ESTRIBOS
 62
8
370
9
100
AcDbLine
 10
381.0
 20
315.0
 30
0.0
 11
381.0
 21
335.0
 31
0.0
  0
LINE
  5
23E
330
1C7
100
AcDbEntity
 67
1
  8
ESTRIBOS
 62
8
370
9
100
AcDbLine
 10
385.0
 20
315.0
 30
0.0
 11
385.0
 21
335.0
 31
0.0
  0
LINE
  5
23F
330
1C7
100
AcDbEntity
 67
1
  8
ESTRIBOS
 62
8
370
9
100
AcDbLine
 10
389.0
 20
315.0
 30
0.0
 11
389.0
 21
335.0
 31
0.0
  0
LINE
  5
240
330
1C7
100
AcDbEntity
 67
1
  8
ESTRIBOS
 62
8
370
9
100
AcDbLine
 10
393.0
 20
315.0
 30
0.0
 11
393.0
 21
335.0
 31
0.0
  0
LINE
  5
241
330
1C7
100
AcDbEntity
 67
1
  8
ESTRIBOS
 62
8
370
9
100
AcDbLine
 10
397.0
 20
315.0
 30
0.0
 11
397.0
 21
335.0
 31
0.0
  0
LINE
  5
242
330
1C7
100
AcDbEntity
 67
1
  8
ESTRIBOS
 62
8
370
9
100
AcDbLine
 10
401.0
 20
315.0
 30
0.0
 11
401.0
 21
335.0
 31
0.0
  0
LINE
  5
243
330
1C7
100
AcDbEntity
 67
1
  8
ESTRIBOS
 62
8
370
9
100
AcDbLine
 10
405.0
 20
315.0
 30
0.0
 11
405.0
 21
335.0
 31
0.0
  0
LINE
  5
244
330
1C7
100
AcDbEntity
 67
1
  8
ESTRIBOS
 62
8
370
9
100
AcDbLine
 10
409.0
 20
315.0
 30
0.0
 11
409.0
 21
335.0
 31
0.0
  0
LINE
  5
245
330
1C7
100
AcDbEntity
 67
1
  8
ESTRIBOS
 62
8
370
9
100
AcDbLine
 10
415.0
 20
315.0
 30
0.0
 11
415.0
 21
335.0
 31
0.0
  0
LINE
  5
246
330
1C7
100
AcDbEntity
 67
1
  8
ESTRIBOS
 62
8
370
9
100
AcDbLine
 10
419.0
 20
315.0
 30
0.0
 11
419.0
 21
335.0
 31
0.0
  0
LINE
  5
247
330
1C7
100
AcDbEntity
 67
1
  8
ESTRIBOS
 62
8
370
9
100
AcDbLine
 10
423.0
 20
315.0
 30
0.0
 11
423.0
 21
335.0
 31
0.0
  0
LINE
  5
248
330
1C7
100
AcDbEntity
 67
1
  8
ESTRIBOS
 62
8
370
9
100
AcDbLine
 10
427.0
 20
315.0
 30
0.0
 11
427.0
 21
335.0
 31
0.0
  0
LINE
  5
249
330
1C7
100
AcDbEntity
 67
1
  8
ESTRIBOS
 62
8
370
9
100
AcDbLine
 10
431.0
 20
315.0
 30
0.0
 11
431.0
 21
335.0
 31
0.0
  0
LINE
  5
24A
330
1C7
100
AcDbEntity
 67
1
  8
ESTRIBOS
 62
8
370
9
100
AcDbLine
 10
435.0
 20
315.0
 30
0.0
 11
435.0
 21
335.0
 31
0.0
  0
LINE
  5
24B
330
1C7
100
AcDbEntity
 67
1
  8
ESTRIBOS
 62
8
370
9
100
AcDbLine
 10
439.0
 20
315.0
 30
0.0
 11
439.0
 21
335.0
 31
0.0
  0
LINE
  5
24C
330
1C7
100
AcDbEntity
 67
1
  8
ESTRIBOS
 62
8
370
9
100
AcDbLine
 10
443.0
 20
315.0
 30
0.0
 11
443.0
 21
335.0
 31
0.0
  0
LINE
  5
24D
330
1C7
100
AcDbEntity
 67
1
  8
ESTRIBOS
 62
8
370
9
100
AcDbLine
 10
447.0
 20
315.0
 30
0.0
 11
447.0
 21
335.0
 31
0.0
  0
LINE
  5
24E
330
1C7
100
AcDbEntity
 67
1
  8
ESTRIBOS
 62
8
370
9
100
AcDbLine
 10
451.0
 20
315.0
 30
0.0
 11
451.0
 21
335.0
 31
0.0
  0
LINE
  5
24F
330
1C7
100
AcDbEntity
 67
1
  8
ESTRIBOS
 62
8
370
9
100
AcDbLine
 10
455.0
 20
315.0
 30
0.0
 11
455.0
 21
335.0
 31
0.0
  0
LINE
  5
250
330
1C7
100
AcDbEntity
 67
1
  8
ESTRIBOS
 62
8
370
9
100
AcDbLine
 10
459.0
 20
315.0
 30
0.0
 11
459.0
 21
335.0
 31
0.0
  0
LINE
  5
251
330
1C7
100
AcDbEntity
 67
1
  8
ESTRIBOS
 62
8
370
9
100
AcDbLine
 10
463.0
 20
315.0
 30
0.0
 11
463.0
 21
335.0
 31
0.0
  0
LINE
  5
252
330
1C7
100
AcDbEntity
 67
1
  8
ESTRIBOS
 62
8
370
9
100
AcDbLine
 10
467.0
 20
315.0
 30
0.0
 11
467.0
 21
335.0
 31
0.0
  0
LINE
  5
253
330
1C7
100
AcDbEntity
 67
1
  8
ESTRIBOS
 62
8
370
9
100
AcDbLine
 10
471.0
 20
315.0
 30
0.0
 11
471.0
 21
335.0
 31
0.0
  0
LINE
  5
254
330
1C7
100
AcDbEntity
 67
1
  8
ESTRIBOS
 62
8
370
9
100
AcDbLine
 10
475.0
 20
315.0
 30
0.0
 11
475.0
 21
335.0
 31
0.0
  0
LINE
  5
255
330
1C7
100
AcDbEntity
 67
1
  8
ESTRIBOS
 62
8
370
9
100
AcDbLine
 10
479.0
 20
315.0
 30
0.0
 11
479.0
 21
335.0
 31
0.0
  0
LINE
  5
256
330
1C7
100
AcDbEntity
 67
1
  8
ESTRIBOS
 62
8
370
9
100
AcDbLine
 10
483.0
 20
315.0
 30
0.0
 11
483.0
 21
335.0
 31
0.0
  0
LINE
  5
257
330
1C7
100
AcDbEntity
 67
1
  8
ESTRIBOS
 62
8
370
9
100
AcDbLine
 10
487.0
 20
315.0
 30
0.0
 11
487.0
 21
335.0
 31
0.0
  0
LINE
  5
258
330
1C7
100
AcDbEntity
 67
1
  8
ESTRIBOS
 62
8
370
9
100
AcDbLine
 10
491.0
 20
315.0
 30
0.0
 11
491.0
 21
335.0
 31
0.0
  0
LINE
  5
259
330
1C7
100
AcDbEntity
 67
1
  8
ESTRIBOS
 62
8
370
9
100
AcDbLine
 10
495.0
 20
315.0
 30
0.0
 11
495.0
 21
335.0
 31
0.0
  0
LINE
  5
25A
330
1C7
100
AcDbEntity
 67
1
  8
ESTRIBOS
 62
8
370
9
100
AcDbLine
 10
499.0
 20
315.0
 30
0.0
 11
499.0
 21
335.0
 31
0.0
  0
LINE
  5
25B
330
1C7
100
AcDbEntity
 67
1
  8
ESTRIBOS
 62
8
370
9
100
AcDbLine
 10
503.0
 20
315.0
 30
0.0
 11
503.0
 21
335.0
 31
0.0
  0
LINE
  5
25C
330
1C7
100
AcDbEntity
 67
1
  8
ESTRIBOS
 62
8
370
9
100
AcDbLine
 10
507.0
 20
315.0
 30
0.0
 11
507.0
 21
335.0
 31
0.0
  0
LINE
  5
25D
330
1C7
100
AcDbEntity
 67
1
  8
ESTRIBOS
 62
8
370
9
100
AcDbLine
 10
511.0
 20
315.0
 30
0.0
 11
511.0
 21
335.0
 31
0.0
  0
LINE
  5
25E
330
1C7
100
AcDbEntity
 67
1
  8
ESTRIBOS
 62
8
370
9
100
AcDbLine
 10
515.0
 20
315.0
 30
0.0
 11
515.0
 21
335.0
 31
0.0
  0
TEXT
  5
25F
330
1C7
100
AcDbEntity
 67
1
  8
ESTRIBOS
 62
8
100
AcDbText
 10
442.0
 20
324.2
 30
0.0
 40
1.25
  1
Nº3 2R @100 (2h) / @100 ctr
 72
1
 11
442.0
 21
324.2
 31
0.0
100
AcDbText
 73
2
  0
LINE
  5
260
330
1C7
100
AcDbEntity
 67
1
  8
ESTRIBOS
 62
8
370
9
100
AcDbLine
 10
519.0
 20
315.0
 30
0.0
 11
519.0
 21
335.0
 31
0.0
  0
LINE
  5
261
330
1C7
100
AcDbEntity
 67
1
  8
ESTRIBOS
 62
8
370
9
100
AcDbLine
 10
523.0
 20
315.0
 30
0.0
 11
523.0
 21
335.0
 31
0.0
  0
LINE
  5
262
330
1C7
100
AcDbEntity
 67
1
  8
ESTRIBOS
 62
8
370
9
100
AcDbLine
 10
527.0
 20
315.0
 30
0.0
 11
527.0
 21
335.0
 31
0.0
  0
LINE
  5
263
330
1C7
100
AcDbEntity
 67
1
  8
ESTRIBOS
 62
8
370
9
100
AcDbLine
 10
531.0
 20
315.0
 30
0.0
 11
531.0
 21
335.0
 31
0.0
  0
LINE
  5
264
330
1C7
100
AcDbEntity
 67
1
  8
ESTRIBOS
 62
8
370
9
100
AcDbLine
 10
535.0
 20
315.0
 30
0.0
 11
535.0
 21
335.0
 31
0.0
  0
LINE
  5
265
330
1C7
100
AcDbEntity
 67
1
  8
ESTRIBOS
 62
8
370
9
100
AcDbLine
 10
539.0
 20
315.0
 30
0.0
 11
539.0
 21
335.0
 31
0.0
  0
LINE
  5
266
330
1C7
100
AcDbEntity
 67
1
  8
ESTRIBOS
 62
8
370
9
100
AcDbLine
 10
543.0
 20
315.0
 30
0.0
 11
543.0
 21
335.0
 31
0.0
  0
LINE
  5
267
330
1C7
100
AcDbEntity
 67
1
  8
ESTRIBOS
 62
8
370
9
100
AcDbLine
 10
547.0
 20
315.0
 30
0.0
 11
547.0
 21
335.0
 31
0.0
  0
LINE
  5
268
330
1C7
100
AcDbEntity
 67
1
  8
ESTRIBOS
 62
8
370
9
100
AcDbLine
 10
551.0
 20
315.0
 30
0.0
 11
551.0
 21
335.0
 31
0.0
  0
LINE
  5
269
330
1C7
100
AcDbEntity
 67
1
  8
ESTRIBOS
 62
8
370
9
100
AcDbLine
 10
555.0
 20
315.0
 30
0.0
 11
555.0
 21
335.0
 31
0.0
  0
LINE
  5
26A
330
1C7
100
AcDbEntity
 67
1
  8
ESTRIBOS
 62
8
370
9
100
AcDbLine
 10
559.0
 20
315.0
 30
0.0
 11
559.0
 21
335.0
 31
0.0
  0
LINE
  5
26B
330
1C7
100
AcDbEntity
 67
1
  8
ESTRIBOS
 62
8
370
9
100
AcDbLine
 10
565.0
 20
315.0
 30
0.0
 11
565.0
 21
335.0
 31
0.0
  0
LINE
  5
26C
330
1C7
100
AcDbEntity
 67
1
  8
ESTRIBOS
 62
8
370
9
100
AcDbLine
 10
569.0
 20
315.0
 30
0.0
 11
569.0
 21
335.0
 31
0.0
  0
LINE
  5
26D
330
1C7
100
AcDbEntity
 67
1
  8
ESTRIBOS
 62
8
370
9
100
AcDbLine
 10
573.0
 20
315.0
 30
0.0
 11
573.0
 21
335.0
 31
0.0
  0
LINE
  5
26E
330
1C7
100
AcDbEntity
 67
1
  8
ESTRIBOS
 62
8
370
9
100
AcDbLine
 10
577.0
 20
315.0
 30
0.0
 11
577.0
 21
335.0
 31
0.0
  0
LINE
  5
26F
330
1C7
100
AcDbEntity
 67
1
  8
ESTRIBOS
 62
8
370
9
100
AcDbLine
 10
581.0
 20
315.0
 30
0.0
 11
581.0
 21
335.0
 31
0.0
  0
LINE
  5
270
330
1C7
100
AcDbEntity
 67
1
  8
ESTRIBOS
 62
8
370
9
100
AcDbLine
 10
585.0
 20
315.0
 30
0.0
 11
585.0
 21
335.0
 31
0.0
  0
LINE
  5
271
330
1C7
100
AcDbEntity
 67
1
  8
ESTRIBOS
 62
8
370
9
100
AcDbLine
 10
589.0
 20
315.0
 30
0.0
 11
589.0
 21
335.0
 31
0.0
  0
LINE
  5
272
330
1C7
100
AcDbEntity
 67
1
  8
ESTRIBOS
 62
8
370
9
100
AcDbLine
 10
593.0
 20
315.0
 30
0.0
 11
593.0
 21
335.0
 31
0.0
  0
LINE
  5
273
330
1C7
100
AcDbEntity
 67
1
  8
ESTRIBOS
 62
8
370
9
100
AcDbLine
 10
597.0
 20
315.0
 30
0.0
 11
597.0
 21
335.0
 31
0.0
  0
LINE
  5
274
330
1C7
100
AcDbEntity
 67
1
  8
ESTRIBOS
 62
8
370
9
100
AcDbLine
 10
601.0
 20
315.0
 30
0.0
 11
601.0
 21
335.0
 31
0.0
  0
LINE
  5
275
330
1C7
100
AcDbEntity
 67
1
  8
ESTRIBOS
 62
8
370
9
100
AcDbLine
 10
605.0
 20
315.0
 30
0.0
 11
605.0
 21
335.0
 31
0.0
  0
LINE
  5
276
330
1C7
100
AcDbEntity
 67
1
  8
ESTRIBOS
 62
8
370
9
100
AcDbLine
 10
609.0
 20
315.0
 30
0.0
 11
609.0
 21
335.0
 31
0.0
  0
LINE
  5
277
330
1C7
100
AcDbEntity
 67
1
  8
ESTRIBOS
 62
8
370
9
100
AcDbLine
 10
613.0
 20
315.0
 30
0.0
 11
613.0
 21
335.0
 31
0.0
  0
LINE
  5
278
330
1C7
100
AcDbEntity
 67
1
  8
ESTRIBOS
 62
8
370
9
100
AcDbLine
 10
617.0
 20
315.0
 30
0.0
 11
617.0
 21
335.0
 31
0.0
  0
LINE
  5
279
330
1C7
100
AcDbEntity
 67
1
  8
ESTRIBOS
 62
8
370
9
100
AcDbLine
 10
621.0
 20
315.0
 30
0.0
 11
621.0
 21
335.0
 31
0.0
  0
LINE
  5
27A
330
1C7
100
AcDbEntity
 67
1
  8
ESTRIBOS
 62
8
370
9
100
AcDbLine
 10
625.0
 20
315.0
 30
0.0
 11
625.0
 21
335.0
 31
0.0
  0
LINE
  5
27B
330
1C7
100
AcDbEntity
 67
1
  8
ESTRIBOS
 62
8
370
9
100
AcDbLine
 10
629.0
 20
315.0
 30
0.0
 11
629.0
 21
335.0
 31
0.0
  0
LINE
  5
27C
330
1C7
100
AcDbEntity
 67
1
  8
ESTRIBOS
 62
8
370
9
100
AcDbLine
 10
635.0
 20
315.0
 30
0.0
 11
635.0
 21
335.0
 31
0.0
  0
LINE
  5
27D
330
1C7
100
AcDbEntity
 67
1
  8
ESTRIBOS
 62
8
370
9
100
AcDbLine
 10
639.0
 20
315.0
 30
0.0
 11
639.0
 21
335.0
 31
0.0
  0
LINE
  5
27E
330
1C7
100
AcDbEntity
 67
1
  8
ESTRIBOS
 62
8
370
9
100
AcDbLine
 10
643.0
 20
315.0
 30
0.0
 11
643.0
 21
335.0
 31
0.0
  0
LINE
  5
27F
330
1C7
100
AcDbEntity
 67
1
  8
ESTRIBOS
 62
8
370
9
100
AcDbLine
 10
647.0
 20
315.0
 30
0.0
 11
647.0
 21
335.0
 31
0.0
  0
LINE
  5
280
330
1C7
100
AcDbEntity
 67
1
  8
ESTRIBOS
 62
8
370
9
100
AcDbLine
 10
651.0
 20
315.0
 30
0.0
 11
651.0
 21
335.0
 31
0.0
  0
LINE
  5
281
330
1C7
100
AcDbEntity
 67
1
  8
ESTRIBOS
 62
8
370
9
100
AcDbLine
 10
655.0
 20
315.0
 30
0.0
 11
655.0
 21
335.0
 31
0.0
  0
LINE
  5
282
330
1C7
100
AcDbEntity
 67
1
  8
ESTRIBOS
 62
8
370
9
100
AcDbLine
 10
659.0
 20
315.0
 30
0.0
 11
659.0
 21
335.0
 31
0.0
  0
LINE
  5
283
330
1C7
100
AcDbEntity
 67
1
  8
ESTRIBOS
 62
8
370
9
100
AcDbLine
 10
663.0
 20
315.0
 30
0.0
 11
663.0
 21
335.0
 31
0.0
  0
LINE
  5
284
330
1C7
100
AcDbEntity
 67
1
  8
ESTRIBOS
 62
8
370
9
100
AcDbLine
 10
667.0
 20
315.0
 30
0.0
 11
667.0
 21
335.0
 31
0.0
  0
LINE
  5
285
330
1C7
100
AcDbEntity
 67
1
  8
ESTRIBOS
 62
8
370
9
100
AcDbLine
 10
671.0
 20
315.0
 30
0.0
 11
671.0
 21
335.0
 31
0.0
  0
LINE
  5
286
330
1C7
100
AcDbEntity
 67
1
  8
ESTRIBOS
 62
8
370
9
100
AcDbLine
 10
675.0
 20
315.0
 30
0.0
 11
675.0
 21
335.0
 31
0.0
  0
TEXT
  5
287
330
1C7
100
AcDbEntity
 67
1
  8
ESTRIBOS
 62
8
100
AcDbText
 10
597.0
 20
324.2
 30
0.0
 40
1.25
  1
Nº3 2R @100 (2h) / @100 ctr
 72
1
 11
597.0
 21
324.2
 31
0.0
100
AcDbText
 73
2
  0
LWPOLYLINE
  5
288
330
1C7
100
AcDbEntity
 67
1
  8
ACERO_SUP_CONT
 62
4
370
35
100
AcDbPolyline
 90
4
 70
0
 10
57.0
 20
328.0
 10
57.0
 20
334.0
 10
677.0
 20
334.0
 10
677.0
 20
328.0
  0
TEXT
  5
289
330
1C7
100
AcDbEntity
 67
1
  8
ACERO_SUP_CONT
 62
4
100
AcDbText
 10
367.0
 20
337.0
 30
0.0
 40
1.55
  1
M1  2#5 CONT.  Lc=15510 mm
 72
1
 11
367.0
 21
337.0
 31
0.0
100
AcDbText
 73
2
  0
LWPOLYLINE
  5
28A
330
1C7
100
AcDbEntity
 67
1
  8
ACERO_SUP_APOYO
 62
5
370
30
100
AcDbPolyline
 90
3
 70
0
 10
44.8
 20
326.5
 10
44.8
 20
331.5
 10
97.0
 20
331.5
  0
TEXT
  5
28B
330
1C7
100
AcDbEntity
 67
1
  8
ACERO_SUP_APOYO
 62
5
100
AcDbText
 10
57.0
 20
332.7
 30
0.0
 40
1.15
  1
M2 2#5 L=1155
 72
1
 11
57.0
 21
332.7
 31
0.0
100
AcDbText
 73
2
  0
LWPOLYLINE
  5
28C
330
1C7
100
AcDbEntity
 67
1
  8
ACERO_SUP_APOYO
 62
5
370
30
100
AcDbPolyline
 90
2
 70
0
 10
177.0
 20
329.3
 10
254.5
 20
329.3
  0
TEXT
  5
28D
330
1C7
100
AcDbEntity
 67
1
  8
ACERO_SUP_APOYO
 62
5
100
AcDbText
 10
217.0
 20
330.5
 30
0.0
 40
1.15
  1
M2 2#5 L=2438
 72
1
 11
217.0
 21
330.5
 31
0.0
100
AcDbText
 73
2
  0
LWPOLYLINE
  5
28E
330
1C7
100
AcDbEntity
 67
1
  8
ACERO_SUP_APOYO
 62
5
370
30
100
AcDbPolyline
 90
2
 70
0
 10
329.5
 20
331.5
 10
404.5
 20
331.5
  0
TEXT
  5
28F
330
1C7
100
AcDbEntity
 67
1
  8
ACERO_SUP_APOYO
 62
5
100
AcDbText
 10
367.0
 20
332.7
 30
0.0
 40
1.15
  1
M2 2#5 L=2375
 72
1
 11
367.0
 21
332.7
 31
0.0
100
AcDbText
 73
2
  0
LWPOLYLINE
  5
290
330
1C7
100
AcDbEntity
 67
1
  8
ACERO_SUP_APOYO
 62
5
370
30
100
AcDbPolyline
 90
2
 70
0
 10
479.5
 20
329.3
 10
557.0
 20
329.3
  0
TEXT
  5
291
330
1C7
100
AcDbEntity
 67
1
  8
ACERO_SUP_APOYO
 62
5
100
AcDbText
 10
517.0
 20
330.5
 30
0.0
 40
1.15
  1
M2 2#5 L=2438
 72
1
 11
517.0
 21
330.5
 31
0.0
100
AcDbText
 73
2
  0
LWPOLYLINE
  5
292
330
1C7
100
AcDbEntity
 67
1
  8
ACERO_SUP_APOYO
 62
5
370
30
100
AcDbPolyline
 90
3
 70
0
 10
637.0
 20
331.5
 10
689.2
 20
331.5
 10
689.2
 20
326.5
  0
TEXT
  5
293
330
1C7
100
AcDbEntity
 67
1
  8
ACERO_SUP_APOYO
 62
5
100
AcDbText
 10
677.0
 20
332.7
 30
0.0
 40
1.15
  1
M2 2#5 L=1155
 72
1
 11
677.0
 21
332.7
 31
0.0
100
AcDbText
 73
2
  0
LWPOLYLINE
  5
294
330
1C7
100
AcDbEntity
 67
1
  8
ACERO_INF
 62
1
370
35
100
AcDbPolyline
 90
4
 70
0
 10
59.0
 20
321.0
 10
59.0
 20
316.0
 10
215.0
 20
316.0
 10
215.0
 20
321.0
  0
TEXT
  5
295
330
1C7
100
AcDbEntity
 67
1
  8
ACERO_INF
 62
1
100
AcDbText
 10
137.0
 20
313.9
 30
0.0
 40
1.2
  1
M3 4#5 L=4010
 72
1
 11
137.0
 21
313.9
 31
0.0
100
AcDbText
 73
2
  0
LWPOLYLINE
  5
296
330
1C7
100
AcDbEntity
 67
1
  8
ACERO_INF
 62
1
370
35
100
AcDbPolyline
 90
4
 70
0
 10
219.0
 20
322.8
 10
219.0
 20
317.8
 10
365.0
 20
317.8
 10
365.0
 20
322.8
  0
TEXT
  5
297
330
1C7
100
AcDbEntity
 67
1
  8
ACERO_INF
 62
1
100
AcDbText
 10
292.0
 20
315.7
 30
0.0
 40
1.2
  1
M3 4#5 L=3760
 72
1
 11
292.0
 21
315.7
 31
0.0
100
AcDbText
 73
2
  0
LWPOLYLINE
  5
298
330
1C7
100
AcDbEntity
 67
1
  8
ACERO_INF
 62
1
370
35
100
AcDbPolyline
 90
4
 70
0
 10
369.0
 20
321.0
 10
369.0
 20
316.0
 10
515.0
 20
316.0
 10
515.0
 20
321.0
  0
TEXT
  5
299
330
1C7
100
AcDbEntity
 67
1
  8
ACERO_INF
 62
1
100
AcDbText
 10
442.0
 20
313.9
 30
0.0
 40
1.2
  1
M3 4#5 L=3760
 72
1
 11
442.0
 21
313.9
 31
0.0
100
AcDbText
 73
2
  0
LWPOLYLINE
  5
29A
330
1C7
100
AcDbEntity
 67
1
  8
ACERO_INF
 62
1
370
35
100
AcDbPolyline
 90
4
 70
0
 10
519.0
 20
322.8
 10
519.0
 20
317.8
 10
675.0
 20
317.8
 10
675.0
 20
322.8
  0
TEXT
  5
29B
330
1C7
100
AcDbEntity
 67
1
  8
ACERO_INF
 62
1
100
AcDbText
 10
597.0
 20
315.7
 30
0.0
 40
1.2
  1
M3 4#5 L=4010
 72
1
 11
597.0
 21
315.7
 31
0.0
100
AcDbText
 73
2
  0
LINE
  5
29C
330
1C7
100
AcDbEntity
 67
1
  8
CORTE
 62
6
370
13
100
AcDbLine
 10
217.0
 20
311.5
 30
0.0
 11
217.0
 21
338.5
 31
0.0
  0
TEXT
  5
29D
330
1C7
100
AcDbEntity
 67
1
  8
CORTE
 62
6
100
AcDbText
 10
217.0
 20
341.2
 30
0.0
 40
1.5
  1
A
 72
1
 11
217.0
 21
341.2
 31
0.0
100
AcDbText
 73
2
  0
LINE
  5
29E
330
1C7
100
AcDbEntity
 67
1
  8
CORTE
 62
6
370
13
100
AcDbLine
 10
292.0
 20
311.5
 30
0.0
 11
292.0
 21
338.5
 31
0.0
  0
TEXT
  5
29F
330
1C7
100
AcDbEntity
 67
1
  8
CORTE
 62
6
100
AcDbText
 10
292.0
 20
341.2
 30
0.0
 40
1.5
  1
B
 72
1
 11
292.0
 21
341.2
 31
0.0
100
AcDbText
 73
2
  0
LINE
  5
2A0
330
1C7
100
AcDbEntity
 67
1
  8
CORTE
 62
6
370
13
100
AcDbLine
 10
517.0
 20
311.5
 30
0.0
 11
517.0
 21
338.5
 31
0.0
  0
TEXT
  5
2A1
330
1C7
100
AcDbEntity
 67
1
  8
CORTE
 62
6
100
AcDbText
 10
517.0
 20
341.2
 30
0.0
 40
1.5
  1
C
 72
1
 11
517.0
 21
341.2
 31
0.0
100
AcDbText
 73
2
  0
LINE
  5
2A2
330
1C7
100
AcDbEntity
 67
1
  8
COTAS
 62
3
370
13
100
AcDbLine
 10
57.0
 20
304.0
 30
0.0
 11
217.0
 21
304.0
 31
0.0
  0
LINE
  5
2A3
330
1C7
100
AcDbEntity
 67
1
  8
COTAS
 62
3
370
13
100
AcDbLine
 10
57.0
 20
302.8
 30
0.0
 11
57.0
 21
305.2
 31
0.0
  0
LINE
  5
2A4
330
1C7
100
AcDbEntity
 67
1
  8
COTAS
 62
3
370
13
100
AcDbLine
 10
217.0
 20
302.8
 30
0.0
 11
217.0
 21
305.2
 31
0.0
  0
TEXT
  5
2A5
330
1C7
100
AcDbEntity
 67
1
  8
COTAS
 62
3
100
AcDbText
 10
137.0
 20
305.0
 30
0.0
 40
1.3
  1
4.000 m
 72
1
 11
137.0
 21
305.0
 31
0.0
100
AcDbText
 73
2
  0
TEXT
  5
2A6
330
1C7
100
AcDbEntity
 67
1
  8
TEXTO
 62
7
100
AcDbText
 10
137.0
 20
301.3
 30
0.0
 40
1.1
  1
F55
 72
1
 11
137.0
 21
301.3
 31
0.0
100
AcDbText
 73
2
  0
LINE
  5
2A7
330
1C7
100
AcDbEntity
 67
1
  8
COTAS
 62
3
370
13
100
AcDbLine
 10
217.0
 20
304.0
 30
0.0
 11
367.0
 21
304.0
 31
0.0
  0
LINE
  5
2A8
330
1C7
100
AcDbEntity
 67
1
  8
COTAS
 62
3
370
13
100
AcDbLine
 10
217.0
 20
302.8
 30
0.0
 11
217.0
 21
305.2
 31
0.0
  0
LINE
  5
2A9
330
1C7
100
AcDbEntity
 67
1
  8
COTAS
 62
3
370
13
100
AcDbLine
 10
367.0
 20
302.8
 30
0.0
 11
367.0
 21
305.2
 31
0.0
  0
TEXT
  5
2AA
330
1C7
100
AcDbEntity
 67
1
  8
COTAS
 62
3
100
AcDbText
 10
292.0
 20
305.0
 30
0.0
 40
1.3
  1
3.750 m
 72
1
 11
292.0
 21
305.0
 31
0.0
100
AcDbText
 73
2
  0
TEXT
  5
2AB
330
1C7
100
AcDbEntity
 67
1
  8
TEXTO
 62
7
100
AcDbText
 10
292.0
 20
301.3
 30
0.0
 40
1.1
  1
F95
 72
1
 11
292.0
 21
301.3
 31
0.0
100
AcDbText
 73
2
  0
LINE
  5
2AC
330
1C7
100
AcDbEntity
 67
1
  8
COTAS
 62
3
370
13
100
AcDbLine
 10
367.0
 20
304.0
 30
0.0
 11
517.0
 21
304.0
 31
0.0
  0
LINE
  5
2AD
330
1C7
100
AcDbEntity
 67
1
  8
COTAS
 62
3
370
13
100
AcDbLine
 10
367.0
 20
302.8
 30
0.0
 11
367.0
 21
305.2
 31
0.0
  0
LINE
  5
2AE
330
1C7
100
AcDbEntity
 67
1
  8
COTAS
 62
3
370
13
100
AcDbLine
 10
517.0
 20
302.8
 30
0.0
 11
517.0
 21
305.2
 31
0.0
  0
TEXT
  5
2AF
330
1C7
100
AcDbEntity
 67
1
  8
COTAS
 62
3
100
AcDbText
 10
442.0
 20
305.0
 30
0.0
 40
1.3
  1
3.750 m
 72
1
 11
442.0
 21
305.0
 31
0.0
100
AcDbText
 73
2
  0
TEXT
  5
2B0
330
1C7
100
AcDbEntity
 67
1
  8
TEXTO
 62
7
100
AcDbText
 10
442.0
 20
301.3
 30
0.0
 40
1.1
  1
F96
 72
1
 11
442.0
 21
301.3
 31
0.0
100
AcDbText
 73
2
  0
LINE
  5
2B1
330
1C7
100
AcDbEntity
 67
1
  8
COTAS
 62
3
370
13
100
AcDbLine
 10
517.0
 20
304.0
 30
0.0
 11
677.0
 21
304.0
 31
0.0
  0
LINE
  5
2B2
330
1C7
100
AcDbEntity
 67
1
  8
COTAS
 62
3
370
13
100
AcDbLine
 10
517.0
 20
302.8
 30
0.0
 11
517.0
 21
305.2
 31
0.0
  0
LINE
  5
2B3
330
1C7
100
AcDbEntity
 67
1
  8
COTAS
 62
3
370
13
100
AcDbLine
 10
677.0
 20
302.8
 30
0.0
 11
677.0
 21
305.2
 31
0.0
  0
TEXT
  5
2B4
330
1C7
100
AcDbEntity
 67
1
  8
COTAS
 62
3
100
AcDbText
 10
597.0
 20
305.0
 30
0.0
 40
1.3
  1
4.000 m
 72
1
 11
597.0
 21
305.0
 31
0.0
100
AcDbText
 73
2
  0
TEXT
  5
2B5
330
1C7
100
AcDbEntity
 67
1
  8
TEXTO
 62
7
100
AcDbText
 10
597.0
 20
301.3
 30
0.0
 40
1.1
  1
F56
 72
1
 11
597.0
 21
301.3
 31
0.0
100
AcDbText
 73
2
  0
LINE
  5
2B6
330
1C7
100
AcDbEntity
 67
1
  8
COTAS
 62
3
370
13
100
AcDbLine
 10
57.0
 20
298.0
 30
0.0
 11
677.0
 21
298.0
 31
0.0
  0
LINE
  5
2B7
330
1C7
100
AcDbEntity
 67
1
  8
COTAS
 62
3
370
13
100
AcDbLine
 10
57.0
 20
296.8
 30
0.0
 11
57.0
 21
299.2
 31
0.0
  0
LINE
  5
2B8
330
1C7
100
AcDbEntity
 67
1
  8
COTAS
 62
3
370
13
100
AcDbLine
 10
677.0
 20
296.8
 30
0.0
 11
677.0
 21
299.2
 31
0.0
  0
TEXT
  5
2B9
330
1C7
100
AcDbEntity
 67
1
  8
COTAS
 62
3
100
AcDbText
 10
367.0
 20
299.0
 30
0.0
 40
1.5
  1
TOTAL SAP I-J = 15.500 m
 72
1
 11
367.0
 21
299.0
 31
0.0
100
AcDbText
 73
2
  0
TEXT
  5
2BA
330
1C7
100
AcDbEntity
 67
1
  8
TEXTO
 62
7
100
AcDbText
 10
677.0
 20
288.0
 30
0.0
 40
1.35
  1
ESC. H 1:25 | V 1:25 | Ejes/tramos obtenidos de SAP
 72
2
 11
677.0
 21
288.0
 31
0.0
100
AcDbText
  0
LWPOLYLINE
  5
2BB
330
1C7
100
AcDbEntity
 67
1
  8
MARCO
 62
7
370
20
100
AcDbPolyline
 90
4
 70
1
 10
8.5
 20
122.0
 10
51.5
 20
122.0
 10
51.5
 20
166.0
 10
8.5
 20
166.0
  0
TEXT
  5
2BC
330
1C7
100
AcDbEntity
 67
1
  8
TEXTO
 62
7
100
AcDbText
 10
30.0
 20
161.0
 30
0.0
 40
2.6
  1
VIGA VC2
 72
1
 11
30.0
 21
161.0
 31
0.0
100
AcDbText
 73
2
  0
TEXT
  5
2BD
330
1C7
100
AcDbEntity
 67
1
  8
TEXTO
 62
7
100
AcDbText
 10
30.0
 20
155.0
 30
0.0
 40
2.2
  1
EJE 13
 72
1
 11
30.0
 21
155.0
 31
0.0
100
AcDbText
 73
2
  0
TEXT
  5
2BE
330
1C7
100
AcDbEntity
 67
1
  8
TEXTO
 62
7
100
AcDbText
 10
30.0
 20
149.0
 30
0.0
 40
1.9
  1
450x550 mm
 72
1
 11
30.0
 21
149.0
 31
0.0
100
AcDbText
 73
2
  0
TEXT
  5
2BF
330
1C7
100
AcDbEntity
 67
1
  8
TEXTO
100
AcDbText
 10
11.5
 20
142.0
 30
0.0
 40
1.7
  1
SUP 4#5
 11
11.5
 21
142.0
 31
0.0
100
AcDbText
  0
TEXT
  5
2C0
330
1C7
100
AcDbEntity
 67
1
  8
TEXTO
100
AcDbText
 10
11.5
 20
137.0
 30
0.0
 40
1.7
  1
INF 4#5
 11
11.5
 21
137.0
 31
0.0
100
AcDbText
  0
TEXT
  5
2C1
330
1C7
100
AcDbEntity
 67
1
  8
TEXTO
100
AcDbText
 10
11.5
 20
132.0
 30
0.0
 40
1.7
  1
TOR 0#5
 11
11.5
 21
132.0
 31
0.0
100
AcDbText
  0
TEXT
  5
2C2
330
1C7
100
AcDbEntity
 67
1
  8
TEXTO
100
AcDbText
 10
11.5
 20
126.0
 30
0.0
 40
1.45
  1
NIVEL TIPO z=3.5 m
 11
11.5
 21
126.0
 31
0.0
100
AcDbText
  0
LWPOLYLINE
  5
2C3
330
1C7
100
AcDbEntity
 67
1
  8
CONTORNO
 62
7
370
25
100
AcDbPolyline
 90
4
 70
1
 10
57.0
 20
130.0
 10
677.0
 20
130.0
 10
677.0
 20
152.0
 10
57.0
 20
152.0
  0
LWPOLYLINE
  5
2C4
330
1C7
100
AcDbEntity
 67
1
  8
APOYOS
 62
9
370
15
100
AcDbPolyline
 90
4
 70
1
 10
47.0
 20
126.0
 10
67.0
 20
126.0
 10
67.0
 20
156.0
 10
47.0
 20
156.0
  0
LINE
  5
2C5
330
1C7
100
AcDbEntity
 67
1
  8
EJES
  6
DASHED
 62
1
370
9
100
AcDbLine
 10
57.0
 20
119.0
 30
0.0
 11
57.0
 21
169.0
 31
0.0
  0
CIRCLE
  5
2C6
330
1C7
100
AcDbEntity
 67
1
  8
EJES
 62
1
370
18
100
AcDbCircle
 10
57.0
 20
164.0
 30
0.0
 40
3.5
  0
TEXT
  5
2C7
330
1C7
100
AcDbEntity
 67
1
  8
EJES
 62
1
100
AcDbText
 10
57.0
 20
164.0
 30
0.0
 40
2.0
  1
a
 72
1
 11
57.0
 21
164.0
 31
0.0
100
AcDbText
 73
2
  0
LWPOLYLINE
  5
2C8
330
1C7
100
AcDbEntity
 67
1
  8
APOYOS
 62
9
370
15
100
AcDbPolyline
 90
4
 70
1
 10
207.0
 20
126.0
 10
227.0
 20
126.0
 10
227.0
 20
156.0
 10
207.0
 20
156.0
  0
LINE
  5
2C9
330
1C7
100
AcDbEntity
 67
1
  8
EJES
  6
DASHED
 62
1
370
9
100
AcDbLine
 10
217.0
 20
119.0
 30
0.0
 11
217.0
 21
169.0
 31
0.0
  0
CIRCLE
  5
2CA
330
1C7
100
AcDbEntity
 67
1
  8
EJES
 62
1
370
18
100
AcDbCircle
 10
217.0
 20
164.0
 30
0.0
 40
3.5
  0
TEXT
  5
2CB
330
1C7
100
AcDbEntity
 67
1
  8
EJES
 62
1
100
AcDbText
 10
217.0
 20
164.0
 30
0.0
 40
2.0
  1
b
 72
1
 11
217.0
 21
164.0
 31
0.0
100
AcDbText
 73
2
  0
LWPOLYLINE
  5
2CC
330
1C7
100
AcDbEntity
 67
1
  8
APOYOS
 62
9
370
15
100
AcDbPolyline
 90
4
 70
1
 10
357.0
 20
126.0
 10
377.0
 20
126.0
 10
377.0
 20
156.0
 10
357.0
 20
156.0
  0
LINE
  5
2CD
330
1C7
100
AcDbEntity
 67
1
  8
EJES
  6
DASHED
 62
1
370
9
100
AcDbLine
 10
367.0
 20
119.0
 30
0.0
 11
367.0
 21
169.0
 31
0.0
  0
CIRCLE
  5
2CE
330
1C7
100
AcDbEntity
 67
1
  8
EJES
 62
1
370
18
100
AcDbCircle
 10
367.0
 20
164.0
 30
0.0
 40
3.5
  0
TEXT
  5
2CF
330
1C7
100
AcDbEntity
 67
1
  8
EJES
 62
1
100
AcDbText
 10
367.0
 20
164.0
 30
0.0
 40
2.0
  1
c
 72
1
 11
367.0
 21
164.0
 31
0.0
100
AcDbText
 73
2
  0
LWPOLYLINE
  5
2D0
330
1C7
100
AcDbEntity
 67
1
  8
APOYOS
 62
9
370
15
100
AcDbPolyline
 90
4
 70
1
 10
507.0
 20
126.0
 10
527.0
 20
126.0
 10
527.0
 20
156.0
 10
507.0
 20
156.0
  0
LINE
  5
2D1
330
1C7
100
AcDbEntity
 67
1
  8
EJES
  6
DASHED
 62
1
370
9
100
AcDbLine
 10
517.0
 20
119.0
 30
0.0
 11
517.0
 21
169.0
 31
0.0
  0
CIRCLE
  5
2D2
330
1C7
100
AcDbEntity
 67
1
  8
EJES
 62
1
370
18
100
AcDbCircle
 10
517.0
 20
164.0
 30
0.0
 40
3.5
  0
TEXT
  5
2D3
330
1C7
100
AcDbEntity
 67
1
  8
EJES
 62
1
100
AcDbText
 10
517.0
 20
164.0
 30
0.0
 40
2.0
  1
d
 72
1
 11
517.0
 21
164.0
 31
0.0
100
AcDbText
 73
2
  0
LWPOLYLINE
  5
2D4
330
1C7
100
AcDbEntity
 67
1
  8
APOYOS
 62
9
370
15
100
AcDbPolyline
 90
4
 70
1
 10
667.0
 20
126.0
 10
687.0
 20
126.0
 10
687.0
 20
156.0
 10
667.0
 20
156.0
  0
LINE
  5
2D5
330
1C7
100
AcDbEntity
 67
1
  8
EJES
  6
DASHED
 62
1
370
9
100
AcDbLine
 10
677.0
 20
119.0
 30
0.0
 11
677.0
 21
169.0
 31
0.0
  0
CIRCLE
  5
2D6
330
1C7
100
AcDbEntity
 67
1
  8
EJES
 62
1
370
18
100
AcDbCircle
 10
677.0
 20
164.0
 30
0.0
 40
3.5
  0
TEXT
  5
2D7
330
1C7
100
AcDbEntity
 67
1
  8
EJES
 62
1
100
AcDbText
 10
677.0
 20
164.0
 30
0.0
 40
2.0
  1
e
 72
1
 11
677.0
 21
164.0
 31
0.0
100
AcDbText
 73
2
  0
LINE
  5
2D8
330
1C7
100
AcDbEntity
 67
1
  8
ESTRIBOS
 62
8
370
9
100
AcDbLine
 10
59.0
 20
131.0
 30
0.0
 11
59.0
 21
151.0
 31
0.0
  0
LINE
  5
2D9
330
1C7
100
AcDbEntity
 67
1
  8
ESTRIBOS
 62
8
370
9
100
AcDbLine
 10
63.0
 20
131.0
 30
0.0
 11
63.0
 21
151.0
 31
0.0
  0
LINE
  5
2DA
330
1C7
100
AcDbEntity
 67
1
  8
ESTRIBOS
 62
8
370
9
100
AcDbLine
 10
67.0
 20
131.0
 30
0.0
 11
67.0
 21
151.0
 31
0.0
  0
LINE
  5
2DB
330
1C7
100
AcDbEntity
 67
1
  8
ESTRIBOS
 62
8
370
9
100
AcDbLine
 10
71.0
 20
131.0
 30
0.0
 11
71.0
 21
151.0
 31
0.0
  0
LINE
  5
2DC
330
1C7
100
AcDbEntity
 67
1
  8
ESTRIBOS
 62
8
370
9
100
AcDbLine
 10
75.0
 20
131.0
 30
0.0
 11
75.0
 21
151.0
 31
0.0
  0
LINE
  5
2DD
330
1C7
100
AcDbEntity
 67
1
  8
ESTRIBOS
 62
8
370
9
100
AcDbLine
 10
79.0
 20
131.0
 30
0.0
 11
79.0
 21
151.0
 31
0.0
  0
LINE
  5
2DE
330
1C7
100
AcDbEntity
 67
1
  8
ESTRIBOS
 62
8
370
9
100
AcDbLine
 10
83.0
 20
131.0
 30
0.0
 11
83.0
 21
151.0
 31
0.0
  0
LINE
  5
2DF
330
1C7
100
AcDbEntity
 67
1
  8
ESTRIBOS
 62
8
370
9
100
AcDbLine
 10
87.0
 20
131.0
 30
0.0
 11
87.0
 21
151.0
 31
0.0
  0
LINE
  5
2E0
330
1C7
100
AcDbEntity
 67
1
  8
ESTRIBOS
 62
8
370
9
100
AcDbLine
 10
91.0
 20
131.0
 30
0.0
 11
91.0
 21
151.0
 31
0.0
  0
LINE
  5
2E1
330
1C7
100
AcDbEntity
 67
1
  8
ESTRIBOS
 62
8
370
9
100
AcDbLine
 10
95.0
 20
131.0
 30
0.0
 11
95.0
 21
151.0
 31
0.0
  0
LINE
  5
2E2
330
1C7
100
AcDbEntity
 67
1
  8
ESTRIBOS
 62
8
370
9
100
AcDbLine
 10
99.0
 20
131.0
 30
0.0
 11
99.0
 21
151.0
 31
0.0
  0
LINE
  5
2E3
330
1C7
100
AcDbEntity
 67
1
  8
ESTRIBOS
 62
8
370
9
100
AcDbLine
 10
105.0
 20
131.0
 30
0.0
 11
105.0
 21
151.0
 31
0.0
  0
LINE
  5
2E4
330
1C7
100
AcDbEntity
 67
1
  8
ESTRIBOS
 62
8
370
9
100
AcDbLine
 10
109.0
 20
131.0
 30
0.0
 11
109.0
 21
151.0
 31
0.0
  0
LINE
  5
2E5
330
1C7
100
AcDbEntity
 67
1
  8
ESTRIBOS
 62
8
370
9
100
AcDbLine
 10
113.0
 20
131.0
 30
0.0
 11
113.0
 21
151.0
 31
0.0
  0
LINE
  5
2E6
330
1C7
100
AcDbEntity
 67
1
  8
ESTRIBOS
 62
8
370
9
100
AcDbLine
 10
117.0
 20
131.0
 30
0.0
 11
117.0
 21
151.0
 31
0.0
  0
LINE
  5
2E7
330
1C7
100
AcDbEntity
 67
1
  8
ESTRIBOS
 62
8
370
9
100
AcDbLine
 10
121.0
 20
131.0
 30
0.0
 11
121.0
 21
151.0
 31
0.0
  0
LINE
  5
2E8
330
1C7
100
AcDbEntity
 67
1
  8
ESTRIBOS
 62
8
370
9
100
AcDbLine
 10
125.0
 20
131.0
 30
0.0
 11
125.0
 21
151.0
 31
0.0
  0
LINE
  5
2E9
330
1C7
100
AcDbEntity
 67
1
  8
ESTRIBOS
 62
8
370
9
100
AcDbLine
 10
129.0
 20
131.0
 30
0.0
 11
129.0
 21
151.0
 31
0.0
  0
LINE
  5
2EA
330
1C7
100
AcDbEntity
 67
1
  8
ESTRIBOS
 62
8
370
9
100
AcDbLine
 10
133.0
 20
131.0
 30
0.0
 11
133.0
 21
151.0
 31
0.0
  0
LINE
  5
2EB
330
1C7
100
AcDbEntity
 67
1
  8
ESTRIBOS
 62
8
370
9
100
AcDbLine
 10
137.0
 20
131.0
 30
0.0
 11
137.0
 21
151.0
 31
0.0
  0
LINE
  5
2EC
330
1C7
100
AcDbEntity
 67
1
  8
ESTRIBOS
 62
8
370
9
100
AcDbLine
 10
141.0
 20
131.0
 30
0.0
 11
141.0
 21
151.0
 31
0.0
  0
LINE
  5
2ED
330
1C7
100
AcDbEntity
 67
1
  8
ESTRIBOS
 62
8
370
9
100
AcDbLine
 10
145.0
 20
131.0
 30
0.0
 11
145.0
 21
151.0
 31
0.0
  0
LINE
  5
2EE
330
1C7
100
AcDbEntity
 67
1
  8
ESTRIBOS
 62
8
370
9
100
AcDbLine
 10
149.0
 20
131.0
 30
0.0
 11
149.0
 21
151.0
 31
0.0
  0
LINE
  5
2EF
330
1C7
100
AcDbEntity
 67
1
  8
ESTRIBOS
 62
8
370
9
100
AcDbLine
 10
153.0
 20
131.0
 30
0.0
 11
153.0
 21
151.0
 31
0.0
  0
LINE
  5
2F0
330
1C7
100
AcDbEntity
 67
1
  8
ESTRIBOS
 62
8
370
9
100
AcDbLine
 10
157.0
 20
131.0
 30
0.0
 11
157.0
 21
151.0
 31
0.0
  0
LINE
  5
2F1
330
1C7
100
AcDbEntity
 67
1
  8
ESTRIBOS
 62
8
370
9
100
AcDbLine
 10
161.0
 20
131.0
 30
0.0
 11
161.0
 21
151.0
 31
0.0
  0
LINE
  5
2F2
330
1C7
100
AcDbEntity
 67
1
  8
ESTRIBOS
 62
8
370
9
100
AcDbLine
 10
165.0
 20
131.0
 30
0.0
 11
165.0
 21
151.0
 31
0.0
  0
LINE
  5
2F3
330
1C7
100
AcDbEntity
 67
1
  8
ESTRIBOS
 62
8
370
9
100
AcDbLine
 10
169.0
 20
131.0
 30
0.0
 11
169.0
 21
151.0
 31
0.0
  0
LINE
  5
2F4
330
1C7
100
AcDbEntity
 67
1
  8
ESTRIBOS
 62
8
370
9
100
AcDbLine
 10
175.0
 20
131.0
 30
0.0
 11
175.0
 21
151.0
 31
0.0
  0
LINE
  5
2F5
330
1C7
100
AcDbEntity
 67
1
  8
ESTRIBOS
 62
8
370
9
100
AcDbLine
 10
179.0
 20
131.0
 30
0.0
 11
179.0
 21
151.0
 31
0.0
  0
LINE
  5
2F6
330
1C7
100
AcDbEntity
 67
1
  8
ESTRIBOS
 62
8
370
9
100
AcDbLine
 10
183.0
 20
131.0
 30
0.0
 11
183.0
 21
151.0
 31
0.0
  0
LINE
  5
2F7
330
1C7
100
AcDbEntity
 67
1
  8
ESTRIBOS
 62
8
370
9
100
AcDbLine
 10
187.0
 20
131.0
 30
0.0
 11
187.0
 21
151.0
 31
0.0
  0
LINE
  5
2F8
330
1C7
100
AcDbEntity
 67
1
  8
ESTRIBOS
 62
8
370
9
100
AcDbLine
 10
191.0
 20
131.0
 30
0.0
 11
191.0
 21
151.0
 31
0.0
  0
LINE
  5
2F9
330
1C7
100
AcDbEntity
 67
1
  8
ESTRIBOS
 62
8
370
9
100
AcDbLine
 10
195.0
 20
131.0
 30
0.0
 11
195.0
 21
151.0
 31
0.0
  0
LINE
  5
2FA
330
1C7
100
AcDbEntity
 67
1
  8
ESTRIBOS
 62
8
370
9
100
AcDbLine
 10
199.0
 20
131.0
 30
0.0
 11
199.0
 21
151.0
 31
0.0
  0
LINE
  5
2FB
330
1C7
100
AcDbEntity
 67
1
  8
ESTRIBOS
 62
8
370
9
100
AcDbLine
 10
203.0
 20
131.0
 30
0.0
 11
203.0
 21
151.0
 31
0.0
  0
LINE
  5
2FC
330
1C7
100
AcDbEntity
 67
1
  8
ESTRIBOS
 62
8
370
9
100
AcDbLine
 10
207.0
 20
131.0
 30
0.0
 11
207.0
 21
151.0
 31
0.0
  0
LINE
  5
2FD
330
1C7
100
AcDbEntity
 67
1
  8
ESTRIBOS
 62
8
370
9
100
AcDbLine
 10
211.0
 20
131.0
 30
0.0
 11
211.0
 21
151.0
 31
0.0
  0
LINE
  5
2FE
330
1C7
100
AcDbEntity
 67
1
  8
ESTRIBOS
 62
8
370
9
100
AcDbLine
 10
215.0
 20
131.0
 30
0.0
 11
215.0
 21
151.0
 31
0.0
  0
TEXT
  5
2FF
330
1C7
100
AcDbEntity
 67
1
  8
ESTRIBOS
 62
8
100
AcDbText
 10
137.0
 20
140.2
 30
0.0
 40
1.25
  1
Nº3 2R @100 (2h) / @100 ctr
 72
1
 11
137.0
 21
140.2
 31
0.0
100
AcDbText
 73
2
  0
LINE
  5
300
330
1C7
100
AcDbEntity
 67
1
  8
ESTRIBOS
 62
8
370
9
100
AcDbLine
 10
219.0
 20
131.0
 30
0.0
 11
219.0
 21
151.0
 31
0.0
  0
LINE
  5
301
330
1C7
100
AcDbEntity
 67
1
  8
ESTRIBOS
 62
8
370
9
100
AcDbLine
 10
223.0
 20
131.0
 30
0.0
 11
223.0
 21
151.0
 31
0.0
  0
LINE
  5
302
330
1C7
100
AcDbEntity
 67
1
  8
ESTRIBOS
 62
8
370
9
100
AcDbLine
 10
227.0
 20
131.0
 30
0.0
 11
227.0
 21
151.0
 31
0.0
  0
LINE
  5
303
330
1C7
100
AcDbEntity
 67
1
  8
ESTRIBOS
 62
8
370
9
100
AcDbLine
 10
231.0
 20
131.0
 30
0.0
 11
231.0
 21
151.0
 31
0.0
  0
LINE
  5
304
330
1C7
100
AcDbEntity
 67
1
  8
ESTRIBOS
 62
8
370
9
100
AcDbLine
 10
235.0
 20
131.0
 30
0.0
 11
235.0
 21
151.0
 31
0.0
  0
LINE
  5
305
330
1C7
100
AcDbEntity
 67
1
  8
ESTRIBOS
 62
8
370
9
100
AcDbLine
 10
239.0
 20
131.0
 30
0.0
 11
239.0
 21
151.0
 31
0.0
  0
LINE
  5
306
330
1C7
100
AcDbEntity
 67
1
  8
ESTRIBOS
 62
8
370
9
100
AcDbLine
 10
243.0
 20
131.0
 30
0.0
 11
243.0
 21
151.0
 31
0.0
  0
LINE
  5
307
330
1C7
100
AcDbEntity
 67
1
  8
ESTRIBOS
 62
8
370
9
100
AcDbLine
 10
247.0
 20
131.0
 30
0.0
 11
247.0
 21
151.0
 31
0.0
  0
LINE
  5
308
330
1C7
100
AcDbEntity
 67
1
  8
ESTRIBOS
 62
8
370
9
100
AcDbLine
 10
251.0
 20
131.0
 30
0.0
 11
251.0
 21
151.0
 31
0.0
  0
LINE
  5
309
330
1C7
100
AcDbEntity
 67
1
  8
ESTRIBOS
 62
8
370
9
100
AcDbLine
 10
255.0
 20
131.0
 30
0.0
 11
255.0
 21
151.0
 31
0.0
  0
LINE
  5
30A
330
1C7
100
AcDbEntity
 67
1
  8
ESTRIBOS
 62
8
370
9
100
AcDbLine
 10
259.0
 20
131.0
 30
0.0
 11
259.0
 21
151.0
 31
0.0
  0
LINE
  5
30B
330
1C7
100
AcDbEntity
 67
1
  8
ESTRIBOS
 62
8
370
9
100
AcDbLine
 10
265.0
 20
131.0
 30
0.0
 11
265.0
 21
151.0
 31
0.0
  0
LINE
  5
30C
330
1C7
100
AcDbEntity
 67
1
  8
ESTRIBOS
 62
8
370
9
100
AcDbLine
 10
269.0
 20
131.0
 30
0.0
 11
269.0
 21
151.0
 31
0.0
  0
LINE
  5
30D
330
1C7
100
AcDbEntity
 67
1
  8
ESTRIBOS
 62
8
370
9
100
AcDbLine
 10
273.0
 20
131.0
 30
0.0
 11
273.0
 21
151.0
 31
0.0
  0
LINE
  5
30E
330
1C7
100
AcDbEntity
 67
1
  8
ESTRIBOS
 62
8
370
9
100
AcDbLine
 10
277.0
 20
131.0
 30
0.0
 11
277.0
 21
151.0
 31
0.0
  0
LINE
  5
30F
330
1C7
100
AcDbEntity
 67
1
  8
ESTRIBOS
 62
8
370
9
100
AcDbLine
 10
281.0
 20
131.0
 30
0.0
 11
281.0
 21
151.0
 31
0.0
  0
LINE
  5
310
330
1C7
100
AcDbEntity
 67
1
  8
ESTRIBOS
 62
8
370
9
100
AcDbLine
 10
285.0
 20
131.0
 30
0.0
 11
285.0
 21
151.0
 31
0.0
  0
LINE
  5
311
330
1C7
100
AcDbEntity
 67
1
  8
ESTRIBOS
 62
8
370
9
100
AcDbLine
 10
289.0
 20
131.0
 30
0.0
 11
289.0
 21
151.0
 31
0.0
  0
LINE
  5
312
330
1C7
100
AcDbEntity
 67
1
  8
ESTRIBOS
 62
8
370
9
100
AcDbLine
 10
293.0
 20
131.0
 30
0.0
 11
293.0
 21
151.0
 31
0.0
  0
LINE
  5
313
330
1C7
100
AcDbEntity
 67
1
  8
ESTRIBOS
 62
8
370
9
100
AcDbLine
 10
297.0
 20
131.0
 30
0.0
 11
297.0
 21
151.0
 31
0.0
  0
LINE
  5
314
330
1C7
100
AcDbEntity
 67
1
  8
ESTRIBOS
 62
8
370
9
100
AcDbLine
 10
301.0
 20
131.0
 30
0.0
 11
301.0
 21
151.0
 31
0.0
  0
LINE
  5
315
330
1C7
100
AcDbEntity
 67
1
  8
ESTRIBOS
 62
8
370
9
100
AcDbLine
 10
305.0
 20
131.0
 30
0.0
 11
305.0
 21
151.0
 31
0.0
  0
LINE
  5
316
330
1C7
100
AcDbEntity
 67
1
  8
ESTRIBOS
 62
8
370
9
100
AcDbLine
 10
309.0
 20
131.0
 30
0.0
 11
309.0
 21
151.0
 31
0.0
  0
LINE
  5
317
330
1C7
100
AcDbEntity
 67
1
  8
ESTRIBOS
 62
8
370
9
100
AcDbLine
 10
313.0
 20
131.0
 30
0.0
 11
313.0
 21
151.0
 31
0.0
  0
LINE
  5
318
330
1C7
100
AcDbEntity
 67
1
  8
ESTRIBOS
 62
8
370
9
100
AcDbLine
 10
317.0
 20
131.0
 30
0.0
 11
317.0
 21
151.0
 31
0.0
  0
LINE
  5
319
330
1C7
100
AcDbEntity
 67
1
  8
ESTRIBOS
 62
8
370
9
100
AcDbLine
 10
321.0
 20
131.0
 30
0.0
 11
321.0
 21
151.0
 31
0.0
  0
LINE
  5
31A
330
1C7
100
AcDbEntity
 67
1
  8
ESTRIBOS
 62
8
370
9
100
AcDbLine
 10
325.0
 20
131.0
 30
0.0
 11
325.0
 21
151.0
 31
0.0
  0
LINE
  5
31B
330
1C7
100
AcDbEntity
 67
1
  8
ESTRIBOS
 62
8
370
9
100
AcDbLine
 10
329.0
 20
131.0
 30
0.0
 11
329.0
 21
151.0
 31
0.0
  0
LINE
  5
31C
330
1C7
100
AcDbEntity
 67
1
  8
ESTRIBOS
 62
8
370
9
100
AcDbLine
 10
333.0
 20
131.0
 30
0.0
 11
333.0
 21
151.0
 31
0.0
  0
LINE
  5
31D
330
1C7
100
AcDbEntity
 67
1
  8
ESTRIBOS
 62
8
370
9
100
AcDbLine
 10
337.0
 20
131.0
 30
0.0
 11
337.0
 21
151.0
 31
0.0
  0
LINE
  5
31E
330
1C7
100
AcDbEntity
 67
1
  8
ESTRIBOS
 62
8
370
9
100
AcDbLine
 10
341.0
 20
131.0
 30
0.0
 11
341.0
 21
151.0
 31
0.0
  0
LINE
  5
31F
330
1C7
100
AcDbEntity
 67
1
  8
ESTRIBOS
 62
8
370
9
100
AcDbLine
 10
345.0
 20
131.0
 30
0.0
 11
345.0
 21
151.0
 31
0.0
  0
LINE
  5
320
330
1C7
100
AcDbEntity
 67
1
  8
ESTRIBOS
 62
8
370
9
100
AcDbLine
 10
349.0
 20
131.0
 30
0.0
 11
349.0
 21
151.0
 31
0.0
  0
LINE
  5
321
330
1C7
100
AcDbEntity
 67
1
  8
ESTRIBOS
 62
8
370
9
100
AcDbLine
 10
353.0
 20
131.0
 30
0.0
 11
353.0
 21
151.0
 31
0.0
  0
LINE
  5
322
330
1C7
100
AcDbEntity
 67
1
  8
ESTRIBOS
 62
8
370
9
100
AcDbLine
 10
357.0
 20
131.0
 30
0.0
 11
357.0
 21
151.0
 31
0.0
  0
LINE
  5
323
330
1C7
100
AcDbEntity
 67
1
  8
ESTRIBOS
 62
8
370
9
100
AcDbLine
 10
361.0
 20
131.0
 30
0.0
 11
361.0
 21
151.0
 31
0.0
  0
LINE
  5
324
330
1C7
100
AcDbEntity
 67
1
  8
ESTRIBOS
 62
8
370
9
100
AcDbLine
 10
365.0
 20
131.0
 30
0.0
 11
365.0
 21
151.0
 31
0.0
  0
TEXT
  5
325
330
1C7
100
AcDbEntity
 67
1
  8
ESTRIBOS
 62
8
100
AcDbText
 10
292.0
 20
140.2
 30
0.0
 40
1.25
  1
Nº3 2R @100 (2h) / @100 ctr
 72
1
 11
292.0
 21
140.2
 31
0.0
100
AcDbText
 73
2
  0
LINE
  5
326
330
1C7
100
AcDbEntity
 67
1
  8
ESTRIBOS
 62
8
370
9
100
AcDbLine
 10
369.0
 20
131.0
 30
0.0
 11
369.0
 21
151.0
 31
0.0
  0
LINE
  5
327
330
1C7
100
AcDbEntity
 67
1
  8
ESTRIBOS
 62
8
370
9
100
AcDbLine
 10
373.0
 20
131.0
 30
0.0
 11
373.0
 21
151.0
 31
0.0
  0
LINE
  5
328
330
1C7
100
AcDbEntity
 67
1
  8
ESTRIBOS
 62
8
370
9
100
AcDbLine
 10
377.0
 20
131.0
 30
0.0
 11
377.0
 21
151.0
 31
0.0
  0
LINE
  5
329
330
1C7
100
AcDbEntity
 67
1
  8
ESTRIBOS
 62
8
370
9
100
AcDbLine
 10
381.0
 20
131.0
 30
0.0
 11
381.0
 21
151.0
 31
0.0
  0
LINE
  5
32A
330
1C7
100
AcDbEntity
 67
1
  8
ESTRIBOS
 62
8
370
9
100
AcDbLine
 10
385.0
 20
131.0
 30
0.0
 11
385.0
 21
151.0
 31
0.0
  0
LINE
  5
32B
330
1C7
100
AcDbEntity
 67
1
  8
ESTRIBOS
 62
8
370
9
100
AcDbLine
 10
389.0
 20
131.0
 30
0.0
 11
389.0
 21
151.0
 31
0.0
  0
LINE
  5
32C
330
1C7
100
AcDbEntity
 67
1
  8
ESTRIBOS
 62
8
370
9
100
AcDbLine
 10
393.0
 20
131.0
 30
0.0
 11
393.0
 21
151.0
 31
0.0
  0
LINE
  5
32D
330
1C7
100
AcDbEntity
 67
1
  8
ESTRIBOS
 62
8
370
9
100
AcDbLine
 10
397.0
 20
131.0
 30
0.0
 11
397.0
 21
151.0
 31
0.0
  0
LINE
  5
32E
330
1C7
100
AcDbEntity
 67
1
  8
ESTRIBOS
 62
8
370
9
100
AcDbLine
 10
401.0
 20
131.0
 30
0.0
 11
401.0
 21
151.0
 31
0.0
  0
LINE
  5
32F
330
1C7
100
AcDbEntity
 67
1
  8
ESTRIBOS
 62
8
370
9
100
AcDbLine
 10
405.0
 20
131.0
 30
0.0
 11
405.0
 21
151.0
 31
0.0
  0
LINE
  5
330
330
1C7
100
AcDbEntity
 67
1
  8
ESTRIBOS
 62
8
370
9
100
AcDbLine
 10
409.0
 20
131.0
 30
0.0
 11
409.0
 21
151.0
 31
0.0
  0
LINE
  5
331
330
1C7
100
AcDbEntity
 67
1
  8
ESTRIBOS
 62
8
370
9
100
AcDbLine
 10
415.0
 20
131.0
 30
0.0
 11
415.0
 21
151.0
 31
0.0
  0
LINE
  5
332
330
1C7
100
AcDbEntity
 67
1
  8
ESTRIBOS
 62
8
370
9
100
AcDbLine
 10
419.0
 20
131.0
 30
0.0
 11
419.0
 21
151.0
 31
0.0
  0
LINE
  5
333
330
1C7
100
AcDbEntity
 67
1
  8
ESTRIBOS
 62
8
370
9
100
AcDbLine
 10
423.0
 20
131.0
 30
0.0
 11
423.0
 21
151.0
 31
0.0
  0
LINE
  5
334
330
1C7
100
AcDbEntity
 67
1
  8
ESTRIBOS
 62
8
370
9
100
AcDbLine
 10
427.0
 20
131.0
 30
0.0
 11
427.0
 21
151.0
 31
0.0
  0
LINE
  5
335
330
1C7
100
AcDbEntity
 67
1
  8
ESTRIBOS
 62
8
370
9
100
AcDbLine
 10
431.0
 20
131.0
 30
0.0
 11
431.0
 21
151.0
 31
0.0
  0
LINE
  5
336
330
1C7
100
AcDbEntity
 67
1
  8
ESTRIBOS
 62
8
370
9
100
AcDbLine
 10
435.0
 20
131.0
 30
0.0
 11
435.0
 21
151.0
 31
0.0
  0
LINE
  5
337
330
1C7
100
AcDbEntity
 67
1
  8
ESTRIBOS
 62
8
370
9
100
AcDbLine
 10
439.0
 20
131.0
 30
0.0
 11
439.0
 21
151.0
 31
0.0
  0
LINE
  5
338
330
1C7
100
AcDbEntity
 67
1
  8
ESTRIBOS
 62
8
370
9
100
AcDbLine
 10
443.0
 20
131.0
 30
0.0
 11
443.0
 21
151.0
 31
0.0
  0
LINE
  5
339
330
1C7
100
AcDbEntity
 67
1
  8
ESTRIBOS
 62
8
370
9
100
AcDbLine
 10
447.0
 20
131.0
 30
0.0
 11
447.0
 21
151.0
 31
0.0
  0
LINE
  5
33A
330
1C7
100
AcDbEntity
 67
1
  8
ESTRIBOS
 62
8
370
9
100
AcDbLine
 10
451.0
 20
131.0
 30
0.0
 11
451.0
 21
151.0
 31
0.0
  0
LINE
  5
33B
330
1C7
100
AcDbEntity
 67
1
  8
ESTRIBOS
 62
8
370
9
100
AcDbLine
 10
455.0
 20
131.0
 30
0.0
 11
455.0
 21
151.0
 31
0.0
  0
LINE
  5
33C
330
1C7
100
AcDbEntity
 67
1
  8
ESTRIBOS
 62
8
370
9
100
AcDbLine
 10
459.0
 20
131.0
 30
0.0
 11
459.0
 21
151.0
 31
0.0
  0
LINE
  5
33D
330
1C7
100
AcDbEntity
 67
1
  8
ESTRIBOS
 62
8
370
9
100
AcDbLine
 10
463.0
 20
131.0
 30
0.0
 11
463.0
 21
151.0
 31
0.0
  0
LINE
  5
33E
330
1C7
100
AcDbEntity
 67
1
  8
ESTRIBOS
 62
8
370
9
100
AcDbLine
 10
467.0
 20
131.0
 30
0.0
 11
467.0
 21
151.0
 31
0.0
  0
LINE
  5
33F
330
1C7
100
AcDbEntity
 67
1
  8
ESTRIBOS
 62
8
370
9
100
AcDbLine
 10
471.0
 20
131.0
 30
0.0
 11
471.0
 21
151.0
 31
0.0
  0
LINE
  5
340
330
1C7
100
AcDbEntity
 67
1
  8
ESTRIBOS
 62
8
370
9
100
AcDbLine
 10
475.0
 20
131.0
 30
0.0
 11
475.0
 21
151.0
 31
0.0
  0
LINE
  5
341
330
1C7
100
AcDbEntity
 67
1
  8
ESTRIBOS
 62
8
370
9
100
AcDbLine
 10
479.0
 20
131.0
 30
0.0
 11
479.0
 21
151.0
 31
0.0
  0
LINE
  5
342
330
1C7
100
AcDbEntity
 67
1
  8
ESTRIBOS
 62
8
370
9
100
AcDbLine
 10
483.0
 20
131.0
 30
0.0
 11
483.0
 21
151.0
 31
0.0
  0
LINE
  5
343
330
1C7
100
AcDbEntity
 67
1
  8
ESTRIBOS
 62
8
370
9
100
AcDbLine
 10
487.0
 20
131.0
 30
0.0
 11
487.0
 21
151.0
 31
0.0
  0
LINE
  5
344
330
1C7
100
AcDbEntity
 67
1
  8
ESTRIBOS
 62
8
370
9
100
AcDbLine
 10
491.0
 20
131.0
 30
0.0
 11
491.0
 21
151.0
 31
0.0
  0
LINE
  5
345
330
1C7
100
AcDbEntity
 67
1
  8
ESTRIBOS
 62
8
370
9
100
AcDbLine
 10
495.0
 20
131.0
 30
0.0
 11
495.0
 21
151.0
 31
0.0
  0
LINE
  5
346
330
1C7
100
AcDbEntity
 67
1
  8
ESTRIBOS
 62
8
370
9
100
AcDbLine
 10
499.0
 20
131.0
 30
0.0
 11
499.0
 21
151.0
 31
0.0
  0
LINE
  5
347
330
1C7
100
AcDbEntity
 67
1
  8
ESTRIBOS
 62
8
370
9
100
AcDbLine
 10
503.0
 20
131.0
 30
0.0
 11
503.0
 21
151.0
 31
0.0
  0
LINE
  5
348
330
1C7
100
AcDbEntity
 67
1
  8
ESTRIBOS
 62
8
370
9
100
AcDbLine
 10
507.0
 20
131.0
 30
0.0
 11
507.0
 21
151.0
 31
0.0
  0
LINE
  5
349
330
1C7
100
AcDbEntity
 67
1
  8
ESTRIBOS
 62
8
370
9
100
AcDbLine
 10
511.0
 20
131.0
 30
0.0
 11
511.0
 21
151.0
 31
0.0
  0
LINE
  5
34A
330
1C7
100
AcDbEntity
 67
1
  8
ESTRIBOS
 62
8
370
9
100
AcDbLine
 10
515.0
 20
131.0
 30
0.0
 11
515.0
 21
151.0
 31
0.0
  0
TEXT
  5
34B
330
1C7
100
AcDbEntity
 67
1
  8
ESTRIBOS
 62
8
100
AcDbText
 10
442.0
 20
140.2
 30
0.0
 40
1.25
  1
Nº3 2R @100 (2h) / @100 ctr
 72
1
 11
442.0
 21
140.2
 31
0.0
100
AcDbText
 73
2
  0
LINE
  5
34C
330
1C7
100
AcDbEntity
 67
1
  8
ESTRIBOS
 62
8
370
9
100
AcDbLine
 10
519.0
 20
131.0
 30
0.0
 11
519.0
 21
151.0
 31
0.0
  0
LINE
  5
34D
330
1C7
100
AcDbEntity
 67
1
  8
ESTRIBOS
 62
8
370
9
100
AcDbLine
 10
523.0
 20
131.0
 30
0.0
 11
523.0
 21
151.0
 31
0.0
  0
LINE
  5
34E
330
1C7
100
AcDbEntity
 67
1
  8
ESTRIBOS
 62
8
370
9
100
AcDbLine
 10
527.0
 20
131.0
 30
0.0
 11
527.0
 21
151.0
 31
0.0
  0
LINE
  5
34F
330
1C7
100
AcDbEntity
 67
1
  8
ESTRIBOS
 62
8
370
9
100
AcDbLine
 10
531.0
 20
131.0
 30
0.0
 11
531.0
 21
151.0
 31
0.0
  0
LINE
  5
350
330
1C7
100
AcDbEntity
 67
1
  8
ESTRIBOS
 62
8
370
9
100
AcDbLine
 10
535.0
 20
131.0
 30
0.0
 11
535.0
 21
151.0
 31
0.0
  0
LINE
  5
351
330
1C7
100
AcDbEntity
 67
1
  8
ESTRIBOS
 62
8
370
9
100
AcDbLine
 10
539.0
 20
131.0
 30
0.0
 11
539.0
 21
151.0
 31
0.0
  0
LINE
  5
352
330
1C7
100
AcDbEntity
 67
1
  8
ESTRIBOS
 62
8
370
9
100
AcDbLine
 10
543.0
 20
131.0
 30
0.0
 11
543.0
 21
151.0
 31
0.0
  0
LINE
  5
353
330
1C7
100
AcDbEntity
 67
1
  8
ESTRIBOS
 62
8
370
9
100
AcDbLine
 10
547.0
 20
131.0
 30
0.0
 11
547.0
 21
151.0
 31
0.0
  0
LINE
  5
354
330
1C7
100
AcDbEntity
 67
1
  8
ESTRIBOS
 62
8
370
9
100
AcDbLine
 10
551.0
 20
131.0
 30
0.0
 11
551.0
 21
151.0
 31
0.0
  0
LINE
  5
355
330
1C7
100
AcDbEntity
 67
1
  8
ESTRIBOS
 62
8
370
9
100
AcDbLine
 10
555.0
 20
131.0
 30
0.0
 11
555.0
 21
151.0
 31
0.0
  0
LINE
  5
356
330
1C7
100
AcDbEntity
 67
1
  8
ESTRIBOS
 62
8
370
9
100
AcDbLine
 10
559.0
 20
131.0
 30
0.0
 11
559.0
 21
151.0
 31
0.0
  0
LINE
  5
357
330
1C7
100
AcDbEntity
 67
1
  8
ESTRIBOS
 62
8
370
9
100
AcDbLine
 10
565.0
 20
131.0
 30
0.0
 11
565.0
 21
151.0
 31
0.0
  0
LINE
  5
358
330
1C7
100
AcDbEntity
 67
1
  8
ESTRIBOS
 62
8
370
9
100
AcDbLine
 10
569.0
 20
131.0
 30
0.0
 11
569.0
 21
151.0
 31
0.0
  0
LINE
  5
359
330
1C7
100
AcDbEntity
 67
1
  8
ESTRIBOS
 62
8
370
9
100
AcDbLine
 10
573.0
 20
131.0
 30
0.0
 11
573.0
 21
151.0
 31
0.0
  0
LINE
  5
35A
330
1C7
100
AcDbEntity
 67
1
  8
ESTRIBOS
 62
8
370
9
100
AcDbLine
 10
577.0
 20
131.0
 30
0.0
 11
577.0
 21
151.0
 31
0.0
  0
LINE
  5
35B
330
1C7
100
AcDbEntity
 67
1
  8
ESTRIBOS
 62
8
370
9
100
AcDbLine
 10
581.0
 20
131.0
 30
0.0
 11
581.0
 21
151.0
 31
0.0
  0
LINE
  5
35C
330
1C7
100
AcDbEntity
 67
1
  8
ESTRIBOS
 62
8
370
9
100
AcDbLine
 10
585.0
 20
131.0
 30
0.0
 11
585.0
 21
151.0
 31
0.0
  0
LINE
  5
35D
330
1C7
100
AcDbEntity
 67
1
  8
ESTRIBOS
 62
8
370
9
100
AcDbLine
 10
589.0
 20
131.0
 30
0.0
 11
589.0
 21
151.0
 31
0.0
  0
LINE
  5
35E
330
1C7
100
AcDbEntity
 67
1
  8
ESTRIBOS
 62
8
370
9
100
AcDbLine
 10
593.0
 20
131.0
 30
0.0
 11
593.0
 21
151.0
 31
0.0
  0
LINE
  5
35F
330
1C7
100
AcDbEntity
 67
1
  8
ESTRIBOS
 62
8
370
9
100
AcDbLine
 10
597.0
 20
131.0
 30
0.0
 11
597.0
 21
151.0
 31
0.0
  0
LINE
  5
360
330
1C7
100
AcDbEntity
 67
1
  8
ESTRIBOS
 62
8
370
9
100
AcDbLine
 10
601.0
 20
131.0
 30
0.0
 11
601.0
 21
151.0
 31
0.0
  0
LINE
  5
361
330
1C7
100
AcDbEntity
 67
1
  8
ESTRIBOS
 62
8
370
9
100
AcDbLine
 10
605.0
 20
131.0
 30
0.0
 11
605.0
 21
151.0
 31
0.0
  0
LINE
  5
362
330
1C7
100
AcDbEntity
 67
1
  8
ESTRIBOS
 62
8
370
9
100
AcDbLine
 10
609.0
 20
131.0
 30
0.0
 11
609.0
 21
151.0
 31
0.0
  0
LINE
  5
363
330
1C7
100
AcDbEntity
 67
1
  8
ESTRIBOS
 62
8
370
9
100
AcDbLine
 10
613.0
 20
131.0
 30
0.0
 11
613.0
 21
151.0
 31
0.0
  0
LINE
  5
364
330
1C7
100
AcDbEntity
 67
1
  8
ESTRIBOS
 62
8
370
9
100
AcDbLine
 10
617.0
 20
131.0
 30
0.0
 11
617.0
 21
151.0
 31
0.0
  0
LINE
  5
365
330
1C7
100
AcDbEntity
 67
1
  8
ESTRIBOS
 62
8
370
9
100
AcDbLine
 10
621.0
 20
131.0
 30
0.0
 11
621.0
 21
151.0
 31
0.0
  0
LINE
  5
366
330
1C7
100
AcDbEntity
 67
1
  8
ESTRIBOS
 62
8
370
9
100
AcDbLine
 10
625.0
 20
131.0
 30
0.0
 11
625.0
 21
151.0
 31
0.0
  0
LINE
  5
367
330
1C7
100
AcDbEntity
 67
1
  8
ESTRIBOS
 62
8
370
9
100
AcDbLine
 10
629.0
 20
131.0
 30
0.0
 11
629.0
 21
151.0
 31
0.0
  0
LINE
  5
368
330
1C7
100
AcDbEntity
 67
1
  8
ESTRIBOS
 62
8
370
9
100
AcDbLine
 10
635.0
 20
131.0
 30
0.0
 11
635.0
 21
151.0
 31
0.0
  0
LINE
  5
369
330
1C7
100
AcDbEntity
 67
1
  8
ESTRIBOS
 62
8
370
9
100
AcDbLine
 10
639.0
 20
131.0
 30
0.0
 11
639.0
 21
151.0
 31
0.0
  0
LINE
  5
36A
330
1C7
100
AcDbEntity
 67
1
  8
ESTRIBOS
 62
8
370
9
100
AcDbLine
 10
643.0
 20
131.0
 30
0.0
 11
643.0
 21
151.0
 31
0.0
  0
LINE
  5
36B
330
1C7
100
AcDbEntity
 67
1
  8
ESTRIBOS
 62
8
370
9
100
AcDbLine
 10
647.0
 20
131.0
 30
0.0
 11
647.0
 21
151.0
 31
0.0
  0
LINE
  5
36C
330
1C7
100
AcDbEntity
 67
1
  8
ESTRIBOS
 62
8
370
9
100
AcDbLine
 10
651.0
 20
131.0
 30
0.0
 11
651.0
 21
151.0
 31
0.0
  0
LINE
  5
36D
330
1C7
100
AcDbEntity
 67
1
  8
ESTRIBOS
 62
8
370
9
100
AcDbLine
 10
655.0
 20
131.0
 30
0.0
 11
655.0
 21
151.0
 31
0.0
  0
LINE
  5
36E
330
1C7
100
AcDbEntity
 67
1
  8
ESTRIBOS
 62
8
370
9
100
AcDbLine
 10
659.0
 20
131.0
 30
0.0
 11
659.0
 21
151.0
 31
0.0
  0
LINE
  5
36F
330
1C7
100
AcDbEntity
 67
1
  8
ESTRIBOS
 62
8
370
9
100
AcDbLine
 10
663.0
 20
131.0
 30
0.0
 11
663.0
 21
151.0
 31
0.0
  0
LINE
  5
370
330
1C7
100
AcDbEntity
 67
1
  8
ESTRIBOS
 62
8
370
9
100
AcDbLine
 10
667.0
 20
131.0
 30
0.0
 11
667.0
 21
151.0
 31
0.0
  0
LINE
  5
371
330
1C7
100
AcDbEntity
 67
1
  8
ESTRIBOS
 62
8
370
9
100
AcDbLine
 10
671.0
 20
131.0
 30
0.0
 11
671.0
 21
151.0
 31
0.0
  0
LINE
  5
372
330
1C7
100
AcDbEntity
 67
1
  8
ESTRIBOS
 62
8
370
9
100
AcDbLine
 10
675.0
 20
131.0
 30
0.0
 11
675.0
 21
151.0
 31
0.0
  0
TEXT
  5
373
330
1C7
100
AcDbEntity
 67
1
  8
ESTRIBOS
 62
8
100
AcDbText
 10
597.0
 20
140.2
 30
0.0
 40
1.25
  1
Nº3 2R @100 (2h) / @100 ctr
 72
1
 11
597.0
 21
140.2
 31
0.0
100
AcDbText
 73
2
  0
LWPOLYLINE
  5
374
330
1C7
100
AcDbEntity
 67
1
  8
ACERO_SUP_CONT
 62
4
370
35
100
AcDbPolyline
 90
4
 70
0
 10
57.0
 20
144.0
 10
57.0
 20
150.0
 10
677.0
 20
150.0
 10
677.0
 20
144.0
  0
TEXT
  5
375
330
1C7
100
AcDbEntity
 67
1
  8
ACERO_SUP_CONT
 62
4
100
AcDbText
 10
367.0
 20
153.0
 30
0.0
 40
1.55
  1
M1  2#5 CONT.  Lc=15510 mm
 72
1
 11
367.0
 21
153.0
 31
0.0
100
AcDbText
 73
2
  0
LWPOLYLINE
  5
376
330
1C7
100
AcDbEntity
 67
1
  8
ACERO_SUP_APOYO
 62
5
370
30
100
AcDbPolyline
 90
3
 70
0
 10
44.8
 20
142.5
 10
44.8
 20
147.5
 10
97.0
 20
147.5
  0
TEXT
  5
377
330
1C7
100
AcDbEntity
 67
1
  8
ACERO_SUP_APOYO
 62
5
100
AcDbText
 10
57.0
 20
148.7
 30
0.0
 40
1.15
  1
M2 2#5 L=1155
 72
1
 11
57.0
 21
148.7
 31
0.0
100
AcDbText
 73
2
  0
LWPOLYLINE
  5
378
330
1C7
100
AcDbEntity
 67
1
  8
ACERO_SUP_APOYO
 62
5
370
30
100
AcDbPolyline
 90
2
 70
0
 10
177.0
 20
145.3
 10
254.5
 20
145.3
  0
TEXT
  5
379
330
1C7
100
AcDbEntity
 67
1
  8
ACERO_SUP_APOYO
 62
5
100
AcDbText
 10
217.0
 20
146.5
 30
0.0
 40
1.15
  1
M2 2#5 L=2438
 72
1
 11
217.0
 21
146.5
 31
0.0
100
AcDbText
 73
2
  0
LWPOLYLINE
  5
37A
330
1C7
100
AcDbEntity
 67
1
  8
ACERO_SUP_APOYO
 62
5
370
30
100
AcDbPolyline
 90
2
 70
0
 10
329.5
 20
147.5
 10
404.5
 20
147.5
  0
TEXT
  5
37B
330
1C7
100
AcDbEntity
 67
1
  8
ACERO_SUP_APOYO
 62
5
100
AcDbText
 10
367.0
 20
148.7
 30
0.0
 40
1.15
  1
M2 2#5 L=2375
 72
1
 11
367.0
 21
148.7
 31
0.0
100
AcDbText
 73
2
  0
LWPOLYLINE
  5
37C
330
1C7
100
AcDbEntity
 67
1
  8
ACERO_SUP_APOYO
 62
5
370
30
100
AcDbPolyline
 90
2
 70
0
 10
479.5
 20
145.3
 10
557.0
 20
145.3
  0
TEXT
  5
37D
330
1C7
100
AcDbEntity
 67
1
  8
ACERO_SUP_APOYO
 62
5
100
AcDbText
 10
517.0
 20
146.5
 30
0.0
 40
1.15
  1
M2 2#5 L=2438
 72
1
 11
517.0
 21
146.5
 31
0.0
100
AcDbText
 73
2
  0
LWPOLYLINE
  5
37E
330
1C7
100
AcDbEntity
 67
1
  8
ACERO_SUP_APOYO
 62
5
370
30
100
AcDbPolyline
 90
3
 70
0
 10
637.0
 20
147.5
 10
689.2
 20
147.5
 10
689.2
 20
142.5
  0
TEXT
  5
37F
330
1C7
100
AcDbEntity
 67
1
  8
ACERO_SUP_APOYO
 62
5
100
AcDbText
 10
677.0
 20
148.7
 30
0.0
 40
1.15
  1
M2 2#5 L=1155
 72
1
 11
677.0
 21
148.7
 31
0.0
100
AcDbText
 73
2
  0
LWPOLYLINE
  5
380
330
1C7
100
AcDbEntity
 67
1
  8
ACERO_INF
 62
1
370
35
100
AcDbPolyline
 90
4
 70
0
 10
59.0
 20
137.0
 10
59.0
 20
132.0
 10
215.0
 20
132.0
 10
215.0
 20
137.0
  0
TEXT
  5
381
330
1C7
100
AcDbEntity
 67
1
  8
ACERO_INF
 62
1
100
AcDbText
 10
137.0
 20
129.9
 30
0.0
 40
1.2
  1
M3 4#5 L=4010
 72
1
 11
137.0
 21
129.9
 31
0.0
100
AcDbText
 73
2
  0
LWPOLYLINE
  5
382
330
1C7
100
AcDbEntity
 67
1
  8
ACERO_INF
 62
1
370
35
100
AcDbPolyline
 90
4
 70
0
 10
219.0
 20
138.8
 10
219.0
 20
133.8
 10
365.0
 20
133.8
 10
365.0
 20
138.8
  0
TEXT
  5
383
330
1C7
100
AcDbEntity
 67
1
  8
ACERO_INF
 62
1
100
AcDbText
 10
292.0
 20
131.70000000000002
 30
0.0
 40
1.2
  1
M3 4#5 L=3760
 72
1
 11
292.0
 21
131.70000000000002
 31
0.0
100
AcDbText
 73
2
  0
LWPOLYLINE
  5
384
330
1C7
100
AcDbEntity
 67
1
  8
ACERO_INF
 62
1
370
35
100
AcDbPolyline
 90
4
 70
0
 10
369.0
 20
137.0
 10
369.0
 20
132.0
 10
515.0
 20
132.0
 10
515.0
 20
137.0
  0
TEXT
  5
385
330
1C7
100
AcDbEntity
 67
1
  8
ACERO_INF
 62
1
100
AcDbText
 10
442.0
 20
129.9
 30
0.0
 40
1.2
  1
M3 4#5 L=3760
 72
1
 11
442.0
 21
129.9
 31
0.0
100
AcDbText
 73
2
  0
LWPOLYLINE
  5
386
330
1C7
100
AcDbEntity
 67
1
  8
ACERO_INF
 62
1
370
35
100
AcDbPolyline
 90
4
 70
0
 10
519.0
 20
138.8
 10
519.0
 20
133.8
 10
675.0
 20
133.8
 10
675.0
 20
138.8
  0
TEXT
  5
387
330
1C7
100
AcDbEntity
 67
1
  8
ACERO_INF
 62
1
100
AcDbText
 10
597.0
 20
131.70000000000002
 30
0.0
 40
1.2
  1
M3 4#5 L=4010
 72
1
 11
597.0
 21
131.70000000000002
 31
0.0
100
AcDbText
 73
2
  0
LINE
  5
388
330
1C7
100
AcDbEntity
 67
1
  8
CORTE
 62
6
370
13
100
AcDbLine
 10
217.0
 20
127.5
 30
0.0
 11
217.0
 21
154.5
 31
0.0
  0
TEXT
  5
389
330
1C7
100
AcDbEntity
 67
1
  8
CORTE
 62
6
100
AcDbText
 10
217.0
 20
157.2
 30
0.0
 40
1.5
  1
A
 72
1
 11
217.0
 21
157.2
 31
0.0
100
AcDbText
 73
2
  0
LINE
  5
38A
330
1C7
100
AcDbEntity
 67
1
  8
CORTE
 62
6
370
13
100
AcDbLine
 10
292.0
 20
127.5
 30
0.0
 11
292.0
 21
154.5
 31
0.0
  0
TEXT
  5
38B
330
1C7
100
AcDbEntity
 67
1
  8
CORTE
 62
6
100
AcDbText
 10
292.0
 20
157.2
 30
0.0
 40
1.5
  1
B
 72
1
 11
292.0
 21
157.2
 31
0.0
100
AcDbText
 73
2
  0
LINE
  5
38C
330
1C7
100
AcDbEntity
 67
1
  8
CORTE
 62
6
370
13
100
AcDbLine
 10
517.0
 20
127.5
 30
0.0
 11
517.0
 21
154.5
 31
0.0
  0
TEXT
  5
38D
330
1C7
100
AcDbEntity
 67
1
  8
CORTE
 62
6
100
AcDbText
 10
517.0
 20
157.2
 30
0.0
 40
1.5
  1
C
 72
1
 11
517.0
 21
157.2
 31
0.0
100
AcDbText
 73
2
  0
LINE
  5
38E
330
1C7
100
AcDbEntity
 67
1
  8
COTAS
 62
3
370
13
100
AcDbLine
 10
57.0
 20
120.0
 30
0.0
 11
217.0
 21
120.0
 31
0.0
  0
LINE
  5
38F
330
1C7
100
AcDbEntity
 67
1
  8
COTAS
 62
3
370
13
100
AcDbLine
 10
57.0
 20
118.8
 30
0.0
 11
57.0
 21
121.2
 31
0.0
  0
LINE
  5
390
330
1C7
100
AcDbEntity
 67
1
  8
COTAS
 62
3
370
13
100
AcDbLine
 10
217.0
 20
118.8
 30
0.0
 11
217.0
 21
121.2
 31
0.0
  0
TEXT
  5
391
330
1C7
100
AcDbEntity
 67
1
  8
COTAS
 62
3
100
AcDbText
 10
137.0
 20
121.0
 30
0.0
 40
1.3
  1
4.000 m
 72
1
 11
137.0
 21
121.0
 31
0.0
100
AcDbText
 73
2
  0
TEXT
  5
392
330
1C7
100
AcDbEntity
 67
1
  8
TEXTO
 62
7
100
AcDbText
 10
137.0
 20
117.3
 30
0.0
 40
1.1
  1
F93
 72
1
 11
137.0
 21
117.3
 31
0.0
100
AcDbText
 73
2
  0
LINE
  5
393
330
1C7
100
AcDbEntity
 67
1
  8
COTAS
 62
3
370
13
100
AcDbLine
 10
217.0
 20
120.0
 30
0.0
 11
367.0
 21
120.0
 31
0.0
  0
LINE
  5
394
330
1C7
100
AcDbEntity
 67
1
  8
COTAS
 62
3
370
13
100
AcDbLine
 10
217.0
 20
118.8
 30
0.0
 11
217.0
 21
121.2
 31
0.0
  0
LINE
  5
395
330
1C7
100
AcDbEntity
 67
1
  8
COTAS
 62
3
370
13
100
AcDbLine
 10
367.0
 20
118.8
 30
0.0
 11
367.0
 21
121.2
 31
0.0
  0
TEXT
  5
396
330
1C7
100
AcDbEntity
 67
1
  8
COTAS
 62
3
100
AcDbText
 10
292.0
 20
121.0
 30
0.0
 40
1.3
  1
3.750 m
 72
1
 11
292.0
 21
121.0
 31
0.0
100
AcDbText
 73
2
  0
TEXT
  5
397
330
1C7
100
AcDbEntity
 67
1
  8
TEXTO
 62
7
100
AcDbText
 10
292.0
 20
117.3
 30
0.0
 40
1.1
  1
F97
 72
1
 11
292.0
 21
117.3
 31
0.0
100
AcDbText
 73
2
  0
LINE
  5
398
330
1C7
100
AcDbEntity
 67
1
  8
COTAS
 62
3
370
13
100
AcDbLine
 10
367.0
 20
120.0
 30
0.0
 11
517.0
 21
120.0
 31
0.0
  0
LINE
  5
399
330
1C7
100
AcDbEntity
 67
1
  8
COTAS
 62
3
370
13
100
AcDbLine
 10
367.0
 20
118.8
 30
0.0
 11
367.0
 21
121.2
 31
0.0
  0
LINE
  5
39A
330
1C7
100
AcDbEntity
 67
1
  8
COTAS
 62
3
370
13
100
AcDbLine
 10
517.0
 20
118.8
 30
0.0
 11
517.0
 21
121.2
 31
0.0
  0
TEXT
  5
39B
330
1C7
100
AcDbEntity
 67
1
  8
COTAS
 62
3
100
AcDbText
 10
442.0
 20
121.0
 30
0.0
 40
1.3
  1
3.750 m
 72
1
 11
442.0
 21
121.0
 31
0.0
100
AcDbText
 73
2
  0
TEXT
  5
39C
330
1C7
100
AcDbEntity
 67
1
  8
TEXTO
 62
7
100
AcDbText
 10
442.0
 20
117.3
 30
0.0
 40
1.1
  1
F98
 72
1
 11
442.0
 21
117.3
 31
0.0
100
AcDbText
 73
2
  0
LINE
  5
39D
330
1C7
100
AcDbEntity
 67
1
  8
COTAS
 62
3
370
13
100
AcDbLine
 10
517.0
 20
120.0
 30
0.0
 11
677.0
 21
120.0
 31
0.0
  0
LINE
  5
39E
330
1C7
100
AcDbEntity
 67
1
  8
COTAS
 62
3
370
13
100
AcDbLine
 10
517.0
 20
118.8
 30
0.0
 11
517.0
 21
121.2
 31
0.0
  0
LINE
  5
39F
330
1C7
100
AcDbEntity
 67
1
  8
COTAS
 62
3
370
13
100
AcDbLine
 10
677.0
 20
118.8
 30
0.0
 11
677.0
 21
121.2
 31
0.0
  0
TEXT
  5
3A0
330
1C7
100
AcDbEntity
 67
1
  8
COTAS
 62
3
100
AcDbText
 10
597.0
 20
121.0
 30
0.0
 40
1.3
  1
4.000 m
 72
1
 11
597.0
 21
121.0
 31
0.0
100
AcDbText
 73
2
  0
TEXT
  5
3A1
330
1C7
100
AcDbEntity
 67
1
  8
TEXTO
 62
7
100
AcDbText
 10
597.0
 20
117.3
 30
0.0
 40
1.1
  1
F94
 72
1
 11
597.0
 21
117.3
 31
0.0
100
AcDbText
 73
2
  0
LINE
  5
3A2
330
1C7
100
AcDbEntity
 67
1
  8
COTAS
 62
3
370
13
100
AcDbLine
 10
57.0
 20
114.0
 30
0.0
 11
677.0
 21
114.0
 31
0.0
  0
LINE
  5
3A3
330
1C7
100
AcDbEntity
 67
1
  8
COTAS
 62
3
370
13
100
AcDbLine
 10
57.0
 20
112.8
 30
0.0
 11
57.0
 21
115.2
 31
0.0
  0
LINE
  5
3A4
330
1C7
100
AcDbEntity
 67
1
  8
COTAS
 62
3
370
13
100
AcDbLine
 10
677.0
 20
112.8
 30
0.0
 11
677.0
 21
115.2
 31
0.0
  0
TEXT
  5
3A5
330
1C7
100
AcDbEntity
 67
1
  8
COTAS
 62
3
100
AcDbText
 10
367.0
 20
115.0
 30
0.0
 40
1.5
  1
TOTAL SAP I-J = 15.500 m
 72
1
 11
367.0
 21
115.0
 31
0.0
100
AcDbText
 73
2
  0
TEXT
  5
3A6
330
1C7
100
AcDbEntity
 67
1
  8
TEXTO
 62
7
100
AcDbText
 10
677.0
 20
104.0
 30
0.0
 40
1.35
  1
ESC. H 1:25 | V 1:25 | Ejes/tramos obtenidos de SAP
 72
2
 11
677.0
 21
104.0
 31
0.0
100
AcDbText
  0
LWPOLYLINE
  5
3A7
330
1C7
100
AcDbEntity
 67
1
  8
CONTORNO
 62
7
370
20
100
AcDbPolyline
 90
4
 70
1
 10
193.75
 20
49.25
 10
216.25
 20
49.25
 10
216.25
 20
76.75
 10
193.75
 20
76.75
  0
LWPOLYLINE
  5
3A8
330
1C7
100
AcDbEntity
 67
1
  8
ESTRIBOS
 62
8
370
18
100
AcDbPolyline
 90
4
 70
1
 10
195.75
 20
51.25
 10
214.25
 20
51.25
 10
214.25
 20
74.75
 10
195.75
 20
74.75
  0
CIRCLE
  5
3A9
330
1C7
100
AcDbEntity
 67
1
  8
ACERO_SUP_CONT
 62
4
100
AcDbCircle
 10
197.0
 20
73.7175
 30
0.0
 40
0.55
  0
CIRCLE
  5
3AA
330
1C7
100
AcDbEntity
 67
1
  8
ACERO_SUP_CONT
 62
4
100
AcDbCircle
 10
202.33333333333334
 20
73.7175
 30
0.0
 40
0.55
  0
CIRCLE
  5
3AB
330
1C7
100
AcDbEntity
 67
1
  8
ACERO_SUP_CONT
 62
4
100
AcDbCircle
 10
207.66666666666666
 20
73.7175
 30
0.0
 40
0.55
  0
CIRCLE
  5
3AC
330
1C7
100
AcDbEntity
 67
1
  8
ACERO_SUP_CONT
 62
4
100
AcDbCircle
 10
213.0
 20
73.7175
 30
0.0
 40
0.55
  0
CIRCLE
  5
3AD
330
1C7
100
AcDbEntity
 67
1
  8
ACERO_INF
 62
1
100
AcDbCircle
 10
197.0
 20
52.2825
 30
0.0
 40
0.55
  0
CIRCLE
  5
3AE
330
1C7
100
AcDbEntity
 67
1
  8
ACERO_INF
 62
1
100
AcDbCircle
 10
202.33333333333334
 20
52.2825
 30
0.0
 40
0.55
  0
CIRCLE
  5
3AF
330
1C7
100
AcDbEntity
 67
1
  8
ACERO_INF
 62
1
100
AcDbCircle
 10
207.66666666666666
 20
52.2825
 30
0.0
 40
0.55
  0
CIRCLE
  5
3B0
330
1C7
100
AcDbEntity
 67
1
  8
ACERO_INF
 62
1
100
AcDbCircle
 10
213.0
 20
52.2825
 30
0.0
 40
0.55
  0
TEXT
  5
3B1
330
1C7
100
AcDbEntity
 67
1
  8
TEXTO
 62
7
100
AcDbText
 10
205.0
 20
46.15
 30
0.0
 40
1.55
  1
A-A APOYO
 72
1
 11
205.0
 21
46.15
 31
0.0
100
AcDbText
 73
2
  0
TEXT
  5
3B2
330
1C7
100
AcDbEntity
 67
1
  8
TEXTO
 62
7
100
AcDbText
 10
205.0
 20
43.65
 30
0.0
 40
1.25
  1
450x550 | 1:20
 72
1
 11
205.0
 21
43.65
 31
0.0
100
AcDbText
 73
2
  0
LWPOLYLINE
  5
3B3
330
1C7
100
AcDbEntity
 67
1
  8
CONTORNO
 62
7
370
20
100
AcDbPolyline
 90
4
 70
1
 10
268.75
 20
49.25
 10
291.25
 20
49.25
 10
291.25
 20
76.75
 10
268.75
 20
76.75
  0
LWPOLYLINE
  5
3B4
330
1C7
100
AcDbEntity
 67
1
  8
ESTRIBOS
 62
8
370
18
100
AcDbPolyline
 90
4
 70
1
 10
270.75
 20
51.25
 10
289.25
 20
51.25
 10
289.25
 20
74.75
 10
270.75
 20
74.75
  0
CIRCLE
  5
3B5
330
1C7
100
AcDbEntity
 67
1
  8
ACERO_SUP_CONT
 62
4
100
AcDbCircle
 10
272.0
 20
73.7175
 30
0.0
 40
0.55
  0
CIRCLE
  5
3B6
330
1C7
100
AcDbEntity
 67
1
  8
ACERO_SUP_CONT
 62
4
100
AcDbCircle
 10
288.0
 20
73.7175
 30
0.0
 40
0.55
  0
CIRCLE
  5
3B7
330
1C7
100
AcDbEntity
 67
1
  8
ACERO_INF
 62
1
100
AcDbCircle
 10
272.0
 20
52.2825
 30
0.0
 40
0.55
  0
CIRCLE
  5
3B8
330
1C7
100
AcDbEntity
 67
1
  8
ACERO_INF
 62
1
100
AcDbCircle
 10
277.3333333333333
 20
52.2825
 30
0.0
 40
0.55
  0
CIRCLE
  5
3B9
330
1C7
100
AcDbEntity
 67
1
  8
ACERO_INF
 62
1
100
AcDbCircle
 10
282.6666666666667
 20
52.2825
 30
0.0
 40
0.55
  0
CIRCLE
  5
3BA
330
1C7
100
AcDbEntity
 67
1
  8
ACERO_INF
 62
1
100
AcDbCircle
 10
288.0
 20
52.2825
 30
0.0
 40
0.55
  0
TEXT
  5
3BB
330
1C7
100
AcDbEntity
 67
1
  8
TEXTO
 62
7
100
AcDbText
 10
280.0
 20
46.15
 30
0.0
 40
1.55
  1
B-B CENTRO
 72
1
 11
280.0
 21
46.15
 31
0.0
100
AcDbText
 73
2
  0
TEXT
  5
3BC
330
1C7
100
AcDbEntity
 67
1
  8
TEXTO
 62
7
100
AcDbText
 10
280.0
 20
43.65
 30
0.0
 40
1.25
  1
450x550 | 1:20
 72
1
 11
280.0
 21
43.65
 31
0.0
100
AcDbText
 73
2
  0
LWPOLYLINE
  5
3BD
330
1C7
100
AcDbEntity
 67
1
  8
CONTORNO
 62
7
370
20
100
AcDbPolyline
 90
4
 70
1
 10
343.75
 20
49.25
 10
366.25
 20
49.25
 10
366.25
 20
76.75
 10
343.75
 20
76.75
  0
LWPOLYLINE
  5
3BE
330
1C7
100
AcDbEntity
 67
1
  8
ESTRIBOS
 62
8
370
18
100
AcDbPolyline
 90
4
 70
1
 10
345.75
 20
51.25
 10
364.25
 20
51.25
 10
364.25
 20
74.75
 10
345.75
 20
74.75
  0
CIRCLE
  5
3BF
330
1C7
100
AcDbEntity
 67
1
  8
ACERO_SUP_CONT
 62
4
100
AcDbCircle
 10
347.0
 20
73.7175
 30
0.0
 40
0.55
  0
CIRCLE
  5
3C0
330
1C7
100
AcDbEntity
 67
1
  8
ACERO_SUP_CONT
 62
4
100
AcDbCircle
 10
352.3333333333333
 20
73.7175
 30
0.0
 40
0.55
  0
CIRCLE
  5
3C1
330
1C7
100
AcDbEntity
 67
1
  8
ACERO_SUP_CONT
 62
4
100
AcDbCircle
 10
357.6666666666667
 20
73.7175
 30
0.0
 40
0.55
  0
CIRCLE
  5
3C2
330
1C7
100
AcDbEntity
 67
1
  8
ACERO_SUP_CONT
 62
4
100
AcDbCircle
 10
363.0
 20
73.7175
 30
0.0
 40
0.55
  0
CIRCLE
  5
3C3
330
1C7
100
AcDbEntity
 67
1
  8
ACERO_INF
 62
1
100
AcDbCircle
 10
347.0
 20
52.2825
 30
0.0
 40
0.55
  0
CIRCLE
  5
3C4
330
1C7
100
AcDbEntity
 67
1
  8
ACERO_INF
 62
1
100
AcDbCircle
 10
352.3333333333333
 20
52.2825
 30
0.0
 40
0.55
  0
CIRCLE
  5
3C5
330
1C7
100
AcDbEntity
 67
1
  8
ACERO_INF
 62
1
100
AcDbCircle
 10
357.6666666666667
 20
52.2825
 30
0.0
 40
0.55
  0
CIRCLE
  5
3C6
330
1C7
100
AcDbEntity
 67
1
  8
ACERO_INF
 62
1
100
AcDbCircle
 10
363.0
 20
52.2825
 30
0.0
 40
0.55
  0
TEXT
  5
3C7
330
1C7
100
AcDbEntity
 67
1
  8
TEXTO
 62
7
100
AcDbText
 10
355.0
 20
46.15
 30
0.0
 40
1.55
  1
C-C APOYO
 72
1
 11
355.0
 21
46.15
 31
0.0
100
AcDbText
 73
2
  0
TEXT
  5
3C8
330
1C7
100
AcDbEntity
 67
1
  8
TEXTO
 62
7
100
AcDbText
 10
355.0
 20
43.65
 30
0.0
 40
1.25
  1
450x550 | 1:20
 72
1
 11
355.0
 21
43.65
 31
0.0
100
AcDbText
 73
2
  0
LWPOLYLINE
  5
3C9
330
1C7
100
AcDbEntity
 67
1
  8
ACERO_SUP_APOYO
 62
5
370
35
100
AcDbPolyline
 90
3
 70
0
 10
430.0
 20
45.5
 10
430.0
 20
65.0
 10
460.5
 20
65.0
  0
LINE
  5
3CA
330
1C7
100
AcDbEntity
 67
1
  8
COTAS
 62
3
370
13
100
AcDbLine
 10
430.0
 20
70.0
 30
0.0
 11
460.5
 21
70.0
 31
0.0
  0
LINE
  5
3CB
330
1C7
100
AcDbEntity
 67
1
  8
COTAS
 62
3
370
13
100
AcDbLine
 10
430.0
 20
68.8
 30
0.0
 11
430.0
 21
71.2
 31
0.0
  0
LINE
  5
3CC
330
1C7
100
AcDbEntity
 67
1
  8
COTAS
 62
3
370
13
100
AcDbLine
 10
460.5
 20
68.8
 30
0.0
 11
460.5
 21
71.2
 31
0.0
  0
TEXT
  5
3CD
330
1C7
100
AcDbEntity
 67
1
  8
COTAS
 62
3
100
AcDbText
 10
445.25
 20
71.0
 30
0.0
 40
1.25
  1
ldh=305 mm
 72
1
 11
445.25
 21
71.0
 31
0.0
100
AcDbText
 73
2
  0
TEXT
  5
3CE
330
1C7
100
AcDbEntity
 67
1
  8
ACERO_SUP_APOYO
 62
5
100
AcDbText
 10
427.0
 20
42.5
 30
0.0
 40
1.3
  1
cola 90°=195 mm
 11
427.0
 21
42.5
 31
0.0
100
AcDbText
  0
TEXT
  5
3CF
330
1C7
100
AcDbEntity
 67
1
  8
TEXTO
100
AcDbText
 10
466.0
 20
63.0
 30
0.0
 40
1.3
  1
Dint>=100 mm | ESC. 1:10
 11
466.0
 21
63.0
 31
0.0
100
AcDbText
  0
TEXT
  5
3D0
330
1C7
100
AcDbEntity
 67
1
  8
TEXTO
100
AcDbText
 10
430.0
 20
44.0
 30
0.0
 40
1.45
  1
ld recto #5: superior=480 mm | inferior=370 mm
 11
430.0
 21
44.0
 31
0.0
100
AcDbText
  0
TEXT
  5
3D1
330
1C7
100
AcDbEntity
 67
1
  8
TEXTO
100
AcDbText
 10
430.0
 20
40.0
 30
0.0
 40
1.25
  1
Si no cabe ld recto en apoyo, usar gancho estándar 90° con ldh indicado.
 11
430.0
 21
40.0
 31
0.0
100
AcDbText
  0
LWPOLYLINE
  5
3D2
330
1C7
100
AcDbEntity
 67
1
  8
MARCO
 62
7
370
25
100
AcDbPolyline
 90
4
 70
1
 10
7.0
 20
7.0
 10
697.0
 20
7.0
 10
697.0
 20
37.0
 10
7.0
 20
37.0
  0
LINE
  5
3D3
330
1C7
100
AcDbEntity
 67
1
  8
MARCO
 62
7
370
18
100
AcDbLine
 10
118.0
 20
7.0
 30
0.0
 11
118.0
 21
37.0
 31
0.0
  0
LINE
  5
3D4
330
1C7
100
AcDbEntity
 67
1
  8
MARCO
 62
7
370
18
100
AcDbLine
 10
250.0
 20
7.0
 30
0.0
 11
250.0
 21
37.0
 31
0.0
  0
LINE
  5
3D5
330
1C7
100
AcDbEntity
 67
1
  8
MARCO
 62
7
370
18
100
AcDbLine
 10
390.0
 20
7.0
 30
0.0
 11
390.0
 21
37.0
 31
0.0
  0
LINE
  5
3D6
330
1C7
100
AcDbEntity
 67
1
  8
MARCO
 62
7
370
18
100
AcDbLine
 10
520.0
 20
7.0
 30
0.0
 11
520.0
 21
37.0
 31
0.0
  0
LINE
  5
3D7
330
1C7
100
AcDbEntity
 67
1
  8
MARCO
 62
7
370
18
100
AcDbLine
 10
610.0
 20
7.0
 30
0.0
 11
610.0
 21
37.0
 31
0.0
  0
TEXT
  5
3D8
330
1C7
100
AcDbEntity
 67
1
  8
TEXTO
 62
7
100
AcDbText
 10
62.5
 20
28.0
 30
0.0
 40
2.0
  1
UNIVERSIDAD NACIONAL DE COLOMBIA
 72
1
 11
62.5
 21
28.0
 31
0.0
100
AcDbText
 73
2
  0
TEXT
  5
3D9
330
1C7
100
AcDbEntity
 67
1
  8
TEXTO
 62
7
100
AcDbText
 10
62.5
 20
20.0
 30
0.0
 40
1.7
  1
DISEÑO ESTRUCTURAL - GRUPO 6
 72
1
 11
62.5
 21
20.0
 31
0.0
100
AcDbText
 73
2
  0
TEXT
  5
3DA
330
1C7
100
AcDbEntity
 67
1
  8
TEXTO
 62
7
100
AcDbText
 10
184.0
 20
25.0
 30
0.0
 40
2.0
  1
EDIFICIO RESIDENCIAL SANTA MARTA
 72
1
 11
184.0
 21
25.0
 31
0.0
100
AcDbText
 73
2
  0
TEXT
  5
3DB
330
1C7
100
AcDbEntity
 67
1
  8
TEXTO
 62
7
100
AcDbText
 10
320.0
 20
25.0
 30
0.0
 40
2.5
  1
DESPIECE VIGA VC2
 72
1
 11
320.0
 21
25.0
 31
0.0
100
AcDbText
 73
2
  0
TEXT
  5
3DC
330
1C7
100
AcDbEntity
 67
1
  8
TEXTO
 62
7
100
AcDbText
 10
320.0
 20
16.0
 30
0.0
 40
1.7
  1
ELEVACIÓN, CORTES Y ANCLAJES
 72
1
 11
320.0
 21
16.0
 31
0.0
100
AcDbText
 73
2
  0
TEXT
  5
3DD
330
1C7
100
AcDbEntity
 67
1
  8
TEXTO
 62
7
100
AcDbText
 10
455.0
 20
26.0
 30
0.0
 40
1.8
  1
FORMATO ISO B2 707x500 mm
 72
1
 11
455.0
 21
26.0
 31
0.0
100
AcDbText
 73
2
  0
TEXT
  5
3DE
330
1C7
100
AcDbEntity
 67
1
  8
TEXTO
 62
7
100
AcDbText
 10
455.0
 20
17.0
 30
0.0
 40
1.55
  1
COTAS EN mm | ESCALAS INDICADAS
 72
1
 11
455.0
 21
17.0
 31
0.0
100
AcDbText
 73
2
  0
TEXT
  5
3DF
330
1C7
100
AcDbEntity
 67
1
  8
TEXTO
 62
1
100
AcDbText
 10
565.0
 20
26.0
 30
0.0
 40
1.8
  1
DETALLE ACADÉMICO
 72
1
 11
565.0
 21
26.0
 31
0.0
100
AcDbText
 73
2
  0
TEXT
  5
3E0
330
1C7
100
AcDbEntity
 67
1
  8
TEXTO
 62
1
100
AcDbText
 10
565.0
 20
17.0
 30
0.0
 40
1.55
  1
NO EMITIR PARA CONSTRUCCIÓN
 72
1
 11
565.0
 21
17.0
 31
0.0
100
AcDbText
 73
2
  0
TEXT
  5
3E1
330
1C7
100
AcDbEntity
 67
1
  8
TEXTO
 62
7
100
AcDbText
 10
653.5
 20
26.0
 30
0.0
 40
2.1
  1
LÁMINA V-01-02
 72
1
 11
653.5
 21
26.0
 31
0.0
100
AcDbText
 73
2
  0
TEXT
  5
3E2
330
1C7
100
AcDbEntity
 67
1
  8
TEXTO
 62
7
100
AcDbText
 10
653.5
 20
17.0
 30
0.0
 40
1.7
  1
18-07-2026
 72
1
 11
653.5
 21
17.0
 31
0.0
100
AcDbText
 73
2
  0
ENDBLK
  5
1C9
330
1C7
100
AcDbEntity
  8
0
100
AcDbBlockEnd
  0
BLOCK
  5
3E4
330
3E3
100
AcDbEntity
  8
0
100
AcDbBlockBegin
  2
*Paper_Space1
 70
0
 10
0.0
 20
0.0
 30
0.0
  3
*Paper_Space1
  1

  0
VIEWPORT
  5
3E7
330
3E3
100
AcDbEntity
 67
1
  8
VIEWPORTS
100
AcDbViewport
 10
353.5
 20
250.0
 30
0.0
 40
777.7
 41
550.0
 68
1
 69
1
 12
353.5
 22
250.0
 13
0.0
 23
0.0
 14
10.0
 24
10.0
 15
10.0
 25
10.0
 16
0.0
 26
0.0
 36
1.0
 17
0.0
 27
0.0
 37
0.0
 42
50.0
 43
0.0
 44
0.0
 45
550.0
 50
0.0
 51
0.0
 72
100
 90
557088
  1

281
0
 71
0
 74
0
110
0.0
120
0.0
130
0.0
111
1.0
121
0.0
131
0.0
112
0.0
122
1.0
132
0.0
 79
0
146
0.0
282
0
  0
LWPOLYLINE
  5
3E8
330
3E3
100
AcDbEntity
 67
1
  8
MARCO
 62
7
370
30
100
AcDbPolyline
 90
4
 70
1
 10
7.0
 20
7.0
 10
700.0
 20
7.0
 10
700.0
 20
493.0
 10
7.0
 20
493.0
  0
TEXT
  5
3E9
330
3E3
100
AcDbEntity
 67
1
  8
TEXTO
 62
7
100
AcDbText
 10
353.5
 20
487.0
 30
0.0
 40
4.0
  1
DESPIECE DE VIGA COMPLETA VC3
 72
1
 11
353.5
 21
487.0
 31
0.0
100
AcDbText
 73
2
  0
TEXT
  5
3EA
330
3E3
100
AcDbEntity
 67
1
  8
TEXTO
 62
7
100
AcDbText
 10
353.5
 20
480.0
 30
0.0
 40
1.8
  1
Continuidad reconstruida de SAP | Niveles z=3.5, 6.5, 9.5, 12.5, 15.5 m | 40 frames
 72
1
 11
353.5
 21
480.0
 31
0.0
100
AcDbText
 73
2
  0
LWPOLYLINE
  5
3EB
330
3E3
100
AcDbEntity
 67
1
  8
MARCO
 62
7
370
20
100
AcDbPolyline
 90
4
 70
1
 10
8.5
 20
306.0
 10
51.5
 20
306.0
 10
51.5
 20
350.0
 10
8.5
 20
350.0
  0
TEXT
  5
3EC
330
3E3
100
AcDbEntity
 67
1
  8
TEXTO
 62
7
100
AcDbText
 10
30.0
 20
345.0
 30
0.0
 40
2.6
  1
VIGA VC3
 72
1
 11
30.0
 21
345.0
 31
0.0
100
AcDbText
 73
2
  0
TEXT
  5
3ED
330
3E3
100
AcDbEntity
 67
1
  8
TEXTO
 62
7
100
AcDbText
 10
30.0
 20
339.0
 30
0.0
 40
2.2
  1
EJE 12
 72
1
 11
30.0
 21
339.0
 31
0.0
100
AcDbText
 73
2
  0
TEXT
  5
3EE
330
3E3
100
AcDbEntity
 67
1
  8
TEXTO
 62
7
100
AcDbText
 10
30.0
 20
333.0
 30
0.0
 40
1.9
  1
450x550 mm
 72
1
 11
30.0
 21
333.0
 31
0.0
100
AcDbText
 73
2
  0
TEXT
  5
3EF
330
3E3
100
AcDbEntity
 67
1
  8
TEXTO
100
AcDbText
 10
11.5
 20
326.0
 30
0.0
 40
1.7
  1
SUP 5#5
 11
11.5
 21
326.0
 31
0.0
100
AcDbText
  0
TEXT
  5
3F0
330
3E3
100
AcDbEntity
 67
1
  8
TEXTO
100
AcDbText
 10
11.5
 20
321.0
 30
0.0
 40
1.7
  1
INF 5#5
 11
11.5
 21
321.0
 31
0.0
100
AcDbText
  0
TEXT
  5
3F1
330
3E3
100
AcDbEntity
 67
1
  8
TEXTO
100
AcDbText
 10
11.5
 20
316.0
 30
0.0
 40
1.7
  1
TOR 0#5
 11
11.5
 21
316.0
 31
0.0
100
AcDbText
  0
TEXT
  5
3F2
330
3E3
100
AcDbEntity
 67
1
  8
TEXTO
100
AcDbText
 10
11.5
 20
310.0
 30
0.0
 40
1.45
  1
NIVEL TIPO z=3.5 m
 11
11.5
 21
310.0
 31
0.0
100
AcDbText
  0
LWPOLYLINE
  5
3F3
330
3E3
100
AcDbEntity
 67
1
  8
CONTORNO
 62
7
370
25
100
AcDbPolyline
 90
4
 70
1
 10
57.0
 20
314.0
 10
682.1816
 20
314.0
 10
682.1816
 20
336.0
 10
57.0
 20
336.0
  0
LWPOLYLINE
  5
3F4
330
3E3
100
AcDbEntity
 67
1
  8
APOYOS
 62
9
370
15
100
AcDbPolyline
 90
4
 70
1
 10
47.0
 20
310.0
 10
67.0
 20
310.0
 10
67.0
 20
340.0
 10
47.0
 20
340.0
  0
LINE
  5
3F5
330
3E3
100
AcDbEntity
 67
1
  8
EJES
  6
DASHED
 62
1
370
9
100
AcDbLine
 10
57.0
 20
303.0
 30
0.0
 11
57.0
 21
353.0
 31
0.0
  0
CIRCLE
  5
3F6
330
3E3
100
AcDbEntity
 67
1
  8
EJES
 62
1
370
18
100
AcDbCircle
 10
57.0
 20
348.0
 30
0.0
 40
3.5
  0
TEXT
  5
3F7
330
3E3
100
AcDbEntity
 67
1
  8
EJES
 62
1
100
AcDbText
 10
57.0
 20
348.0
 30
0.0
 40
2.0
  1
a
 72
1
 11
57.0
 21
348.0
 31
0.0
100
AcDbText
 73
2
  0
LWPOLYLINE
  5
3F8
330
3E3
100
AcDbEntity
 67
1
  8
APOYOS
 62
9
370
15
100
AcDbPolyline
 90
4
 70
1
 10
207.0
 20
310.0
 10
227.0
 20
310.0
 10
227.0
 20
340.0
 10
207.0
 20
340.0
  0
LINE
  5
3F9
330
3E3
100
AcDbEntity
 67
1
  8
EJES
  6
DASHED
 62
1
370
9
100
AcDbLine
 10
217.0
 20
303.0
 30
0.0
 11
217.0
 21
353.0
 31
0.0
  0
CIRCLE
  5
3FA
330
3E3
100
AcDbEntity
 67
1
  8
EJES
 62
1
370
18
100
AcDbCircle
 10
217.0
 20
348.0
 30
0.0
 40
3.5
  0
TEXT
  5
3FB
330
3E3
100
AcDbEntity
 67
1
  8
EJES
 62
1
100
AcDbText
 10
217.0
 20
348.0
 30
0.0
 40
2.0
  1
b
 72
1
 11
217.0
 21
348.0
 31
0.0
100
AcDbText
 73
2
  0
LWPOLYLINE
  5
3FC
330
3E3
100
AcDbEntity
 67
1
  8
APOYOS
 62
9
370
15
100
AcDbPolyline
 90
4
 70
1
 10
359.59080000000006
 20
310.0
 10
379.59080000000006
 20
310.0
 10
379.59080000000006
 20
340.0
 10
359.59080000000006
 20
340.0
  0
LINE
  5
3FD
330
3E3
100
AcDbEntity
 67
1
  8
EJES
  6
DASHED
 62
1
370
9
100
AcDbLine
 10
369.59080000000006
 20
303.0
 30
0.0
 11
369.59080000000006
 21
353.0
 31
0.0
  0
CIRCLE
  5
3FE
330
3E3
100
AcDbEntity
 67
1
  8
EJES
 62
1
370
18
100
AcDbCircle
 10
369.59080000000006
 20
348.0
 30
0.0
 40
3.5
  0
TEXT
  5
3FF
330
3E3
100
AcDbEntity
 67
1
  8
EJES
 62
1
100
AcDbText
 10
369.59080000000006
 20
348.0
 30
0.0
 40
2.0
  1
c
 72
1
 11
369.59080000000006
 21
348.0
 31
0.0
100
AcDbText
 73
2
  0
LWPOLYLINE
  5
400
330
3E3
100
AcDbEntity
 67
1
  8
APOYOS
 62
9
370
15
100
AcDbPolyline
 90
4
 70
1
 10
512.1816000000001
 20
310.0
 10
532.1816000000001
 20
310.0
 10
532.1816000000001
 20
340.0
 10
512.1816000000001
 20
340.0
  0
LINE
  5
401
330
3E3
100
AcDbEntity
 67
1
  8
EJES
  6
DASHED
 62
1
370
9
100
AcDbLine
 10
522.1816000000001
 20
303.0
 30
0.0
 11
522.1816000000001
 21
353.0
 31
0.0
  0
CIRCLE
  5
402
330
3E3
100
AcDbEntity
 67
1
  8
EJES
 62
1
370
18
100
AcDbCircle
 10
522.1816000000001
 20
348.0
 30
0.0
 40
3.5
  0
TEXT
  5
403
330
3E3
100
AcDbEntity
 67
1
  8
EJES
 62
1
100
AcDbText
 10
522.1816000000001
 20
348.0
 30
0.0
 40
2.0
  1
d
 72
1
 11
522.1816000000001
 21
348.0
 31
0.0
100
AcDbText
 73
2
  0
LWPOLYLINE
  5
404
330
3E3
100
AcDbEntity
 67
1
  8
APOYOS
 62
9
370
15
100
AcDbPolyline
 90
4
 70
1
 10
672.1816000000001
 20
310.0
 10
692.1816000000001
 20
310.0
 10
692.1816000000001
 20
340.0
 10
672.1816000000001
 20
340.0
  0
LINE
  5
405
330
3E3
100
AcDbEntity
 67
1
  8
EJES
  6
DASHED
 62
1
370
9
100
AcDbLine
 10
682.1816000000001
 20
303.0
 30
0.0
 11
682.1816000000001
 21
353.0
 31
0.0
  0
CIRCLE
  5
406
330
3E3
100
AcDbEntity
 67
1
  8
EJES
 62
1
370
18
100
AcDbCircle
 10
682.1816000000001
 20
348.0
 30
0.0
 40
3.5
  0
TEXT
  5
407
330
3E3
100
AcDbEntity
 67
1
  8
EJES
 62
1
100
AcDbText
 10
682.1816000000001
 20
348.0
 30
0.0
 40
2.0
  1
e
 72
1
 11
682.1816000000001
 21
348.0
 31
0.0
100
AcDbText
 73
2
  0
LINE
  5
408
330
3E3
100
AcDbEntity
 67
1
  8
ESTRIBOS
 62
8
370
9
100
AcDbLine
 10
59.0
 20
315.0
 30
0.0
 11
59.0
 21
335.0
 31
0.0
  0
LINE
  5
409
330
3E3
100
AcDbEntity
 67
1
  8
ESTRIBOS
 62
8
370
9
100
AcDbLine
 10
62.2
 20
315.0
 30
0.0
 11
62.2
 21
335.0
 31
0.0
  0
LINE
  5
40A
330
3E3
100
AcDbEntity
 67
1
  8
ESTRIBOS
 62
8
370
9
100
AcDbLine
 10
65.4
 20
315.0
 30
0.0
 11
65.4
 21
335.0
 31
0.0
  0
LINE
  5
40B
330
3E3
100
AcDbEntity
 67
1
  8
ESTRIBOS
 62
8
370
9
100
AcDbLine
 10
68.6
 20
315.0
 30
0.0
 11
68.6
 21
335.0
 31
0.0
  0
LINE
  5
40C
330
3E3
100
AcDbEntity
 67
1
  8
ESTRIBOS
 62
8
370
9
100
AcDbLine
 10
71.8
 20
315.0
 30
0.0
 11
71.8
 21
335.0
 31
0.0
  0
LINE
  5
40D
330
3E3
100
AcDbEntity
 67
1
  8
ESTRIBOS
 62
8
370
9
100
AcDbLine
 10
75.0
 20
315.0
 30
0.0
 11
75.0
 21
335.0
 31
0.0
  0
LINE
  5
40E
330
3E3
100
AcDbEntity
 67
1
  8
ESTRIBOS
 62
8
370
9
100
AcDbLine
 10
78.2
 20
315.0
 30
0.0
 11
78.2
 21
335.0
 31
0.0
  0
LINE
  5
40F
330
3E3
100
AcDbEntity
 67
1
  8
ESTRIBOS
 62
8
370
9
100
AcDbLine
 10
81.4
 20
315.0
 30
0.0
 11
81.4
 21
335.0
 31
0.0
  0
LINE
  5
410
330
3E3
100
AcDbEntity
 67
1
  8
ESTRIBOS
 62
8
370
9
100
AcDbLine
 10
84.6
 20
315.0
 30
0.0
 11
84.6
 21
335.0
 31
0.0
  0
LINE
  5
411
330
3E3
100
AcDbEntity
 67
1
  8
ESTRIBOS
 62
8
370
9
100
AcDbLine
 10
87.8
 20
315.0
 30
0.0
 11
87.8
 21
335.0
 31
0.0
  0
LINE
  5
412
330
3E3
100
AcDbEntity
 67
1
  8
ESTRIBOS
 62
8
370
9
100
AcDbLine
 10
91.0
 20
315.0
 30
0.0
 11
91.0
 21
335.0
 31
0.0
  0
LINE
  5
413
330
3E3
100
AcDbEntity
 67
1
  8
ESTRIBOS
 62
8
370
9
100
AcDbLine
 10
94.2
 20
315.0
 30
0.0
 11
94.2
 21
335.0
 31
0.0
  0
LINE
  5
414
330
3E3
100
AcDbEntity
 67
1
  8
ESTRIBOS
 62
8
370
9
100
AcDbLine
 10
97.4
 20
315.0
 30
0.0
 11
97.4
 21
335.0
 31
0.0
  0
LINE
  5
415
330
3E3
100
AcDbEntity
 67
1
  8
ESTRIBOS
 62
8
370
9
100
AcDbLine
 10
100.6
 20
315.0
 30
0.0
 11
100.6
 21
335.0
 31
0.0
  0
LINE
  5
416
330
3E3
100
AcDbEntity
 67
1
  8
ESTRIBOS
 62
8
370
9
100
AcDbLine
 10
104.2
 20
315.0
 30
0.0
 11
104.2
 21
335.0
 31
0.0
  0
LINE
  5
417
330
3E3
100
AcDbEntity
 67
1
  8
ESTRIBOS
 62
8
370
9
100
AcDbLine
 10
107.4
 20
315.0
 30
0.0
 11
107.4
 21
335.0
 31
0.0
  0
LINE
  5
418
330
3E3
100
AcDbEntity
 67
1
  8
ESTRIBOS
 62
8
370
9
100
AcDbLine
 10
110.6
 20
315.0
 30
0.0
 11
110.6
 21
335.0
 31
0.0
  0
LINE
  5
419
330
3E3
100
AcDbEntity
 67
1
  8
ESTRIBOS
 62
8
370
9
100
AcDbLine
 10
113.8
 20
315.0
 30
0.0
 11
113.8
 21
335.0
 31
0.0
  0
LINE
  5
41A
330
3E3
100
AcDbEntity
 67
1
  8
ESTRIBOS
 62
8
370
9
100
AcDbLine
 10
117.0
 20
315.0
 30
0.0
 11
117.0
 21
335.0
 31
0.0
  0
LINE
  5
41B
330
3E3
100
AcDbEntity
 67
1
  8
ESTRIBOS
 62
8
370
9
100
AcDbLine
 10
120.2
 20
315.0
 30
0.0
 11
120.2
 21
335.0
 31
0.0
  0
LINE
  5
41C
330
3E3
100
AcDbEntity
 67
1
  8
ESTRIBOS
 62
8
370
9
100
AcDbLine
 10
123.4
 20
315.0
 30
0.0
 11
123.4
 21
335.0
 31
0.0
  0
LINE
  5
41D
330
3E3
100
AcDbEntity
 67
1
  8
ESTRIBOS
 62
8
370
9
100
AcDbLine
 10
126.6
 20
315.0
 30
0.0
 11
126.6
 21
335.0
 31
0.0
  0
LINE
  5
41E
330
3E3
100
AcDbEntity
 67
1
  8
ESTRIBOS
 62
8
370
9
100
AcDbLine
 10
129.8
 20
315.0
 30
0.0
 11
129.8
 21
335.0
 31
0.0
  0
LINE
  5
41F
330
3E3
100
AcDbEntity
 67
1
  8
ESTRIBOS
 62
8
370
9
100
AcDbLine
 10
133.0
 20
315.0
 30
0.0
 11
133.0
 21
335.0
 31
0.0
  0
LINE
  5
420
330
3E3
100
AcDbEntity
 67
1
  8
ESTRIBOS
 62
8
370
9
100
AcDbLine
 10
136.2
 20
315.0
 30
0.0
 11
136.2
 21
335.0
 31
0.0
  0
LINE
  5
421
330
3E3
100
AcDbEntity
 67
1
  8
ESTRIBOS
 62
8
370
9
100
AcDbLine
 10
139.4
 20
315.0
 30
0.0
 11
139.4
 21
335.0
 31
0.0
  0
LINE
  5
422
330
3E3
100
AcDbEntity
 67
1
  8
ESTRIBOS
 62
8
370
9
100
AcDbLine
 10
142.6
 20
315.0
 30
0.0
 11
142.6
 21
335.0
 31
0.0
  0
LINE
  5
423
330
3E3
100
AcDbEntity
 67
1
  8
ESTRIBOS
 62
8
370
9
100
AcDbLine
 10
145.8
 20
315.0
 30
0.0
 11
145.8
 21
335.0
 31
0.0
  0
LINE
  5
424
330
3E3
100
AcDbEntity
 67
1
  8
ESTRIBOS
 62
8
370
9
100
AcDbLine
 10
149.0
 20
315.0
 30
0.0
 11
149.0
 21
335.0
 31
0.0
  0
LINE
  5
425
330
3E3
100
AcDbEntity
 67
1
  8
ESTRIBOS
 62
8
370
9
100
AcDbLine
 10
152.2
 20
315.0
 30
0.0
 11
152.2
 21
335.0
 31
0.0
  0
LINE
  5
426
330
3E3
100
AcDbEntity
 67
1
  8
ESTRIBOS
 62
8
370
9
100
AcDbLine
 10
155.4
 20
315.0
 30
0.0
 11
155.4
 21
335.0
 31
0.0
  0
LINE
  5
427
330
3E3
100
AcDbEntity
 67
1
  8
ESTRIBOS
 62
8
370
9
100
AcDbLine
 10
158.6
 20
315.0
 30
0.0
 11
158.6
 21
335.0
 31
0.0
  0
LINE
  5
428
330
3E3
100
AcDbEntity
 67
1
  8
ESTRIBOS
 62
8
370
9
100
AcDbLine
 10
161.8
 20
315.0
 30
0.0
 11
161.8
 21
335.0
 31
0.0
  0
LINE
  5
429
330
3E3
100
AcDbEntity
 67
1
  8
ESTRIBOS
 62
8
370
9
100
AcDbLine
 10
165.0
 20
315.0
 30
0.0
 11
165.0
 21
335.0
 31
0.0
  0
LINE
  5
42A
330
3E3
100
AcDbEntity
 67
1
  8
ESTRIBOS
 62
8
370
9
100
AcDbLine
 10
168.2
 20
315.0
 30
0.0
 11
168.2
 21
335.0
 31
0.0
  0
LINE
  5
42B
330
3E3
100
AcDbEntity
 67
1
  8
ESTRIBOS
 62
8
370
9
100
AcDbLine
 10
171.4
 20
315.0
 30
0.0
 11
171.4
 21
335.0
 31
0.0
  0
LINE
  5
42C
330
3E3
100
AcDbEntity
 67
1
  8
ESTRIBOS
 62
8
370
9
100
AcDbLine
 10
173.4
 20
315.0
 30
0.0
 11
173.4
 21
335.0
 31
0.0
  0
LINE
  5
42D
330
3E3
100
AcDbEntity
 67
1
  8
ESTRIBOS
 62
8
370
9
100
AcDbLine
 10
176.6
 20
315.0
 30
0.0
 11
176.6
 21
335.0
 31
0.0
  0
LINE
  5
42E
330
3E3
100
AcDbEntity
 67
1
  8
ESTRIBOS
 62
8
370
9
100
AcDbLine
 10
179.8
 20
315.0
 30
0.0
 11
179.8
 21
335.0
 31
0.0
  0
LINE
  5
42F
330
3E3
100
AcDbEntity
 67
1
  8
ESTRIBOS
 62
8
370
9
100
AcDbLine
 10
183.0
 20
315.0
 30
0.0
 11
183.0
 21
335.0
 31
0.0
  0
LINE
  5
430
330
3E3
100
AcDbEntity
 67
1
  8
ESTRIBOS
 62
8
370
9
100
AcDbLine
 10
186.2
 20
315.0
 30
0.0
 11
186.2
 21
335.0
 31
0.0
  0
LINE
  5
431
330
3E3
100
AcDbEntity
 67
1
  8
ESTRIBOS
 62
8
370
9
100
AcDbLine
 10
189.4
 20
315.0
 30
0.0
 11
189.4
 21
335.0
 31
0.0
  0
LINE
  5
432
330
3E3
100
AcDbEntity
 67
1
  8
ESTRIBOS
 62
8
370
9
100
AcDbLine
 10
192.6
 20
315.0
 30
0.0
 11
192.6
 21
335.0
 31
0.0
  0
LINE
  5
433
330
3E3
100
AcDbEntity
 67
1
  8
ESTRIBOS
 62
8
370
9
100
AcDbLine
 10
195.8
 20
315.0
 30
0.0
 11
195.8
 21
335.0
 31
0.0
  0
LINE
  5
434
330
3E3
100
AcDbEntity
 67
1
  8
ESTRIBOS
 62
8
370
9
100
AcDbLine
 10
199.0
 20
315.0
 30
0.0
 11
199.0
 21
335.0
 31
0.0
  0
LINE
  5
435
330
3E3
100
AcDbEntity
 67
1
  8
ESTRIBOS
 62
8
370
9
100
AcDbLine
 10
202.2
 20
315.0
 30
0.0
 11
202.2
 21
335.0
 31
0.0
  0
LINE
  5
436
330
3E3
100
AcDbEntity
 67
1
  8
ESTRIBOS
 62
8
370
9
100
AcDbLine
 10
205.4
 20
315.0
 30
0.0
 11
205.4
 21
335.0
 31
0.0
  0
LINE
  5
437
330
3E3
100
AcDbEntity
 67
1
  8
ESTRIBOS
 62
8
370
9
100
AcDbLine
 10
208.6
 20
315.0
 30
0.0
 11
208.6
 21
335.0
 31
0.0
  0
LINE
  5
438
330
3E3
100
AcDbEntity
 67
1
  8
ESTRIBOS
 62
8
370
9
100
AcDbLine
 10
211.8
 20
315.0
 30
0.0
 11
211.8
 21
335.0
 31
0.0
  0
LINE
  5
439
330
3E3
100
AcDbEntity
 67
1
  8
ESTRIBOS
 62
8
370
9
100
AcDbLine
 10
215.0
 20
315.0
 30
0.0
 11
215.0
 21
335.0
 31
0.0
  0
TEXT
  5
43A
330
3E3
100
AcDbEntity
 67
1
  8
ESTRIBOS
 62
8
100
AcDbText
 10
137.0
 20
324.2
 30
0.0
 40
1.25
  1
Nº3 2R @80 (2h) / @80 ctr
 72
1
 11
137.0
 21
324.2
 31
0.0
100
AcDbText
 73
2
  0
LINE
  5
43B
330
3E3
100
AcDbEntity
 67
1
  8
ESTRIBOS
 62
8
370
9
100
AcDbLine
 10
219.0
 20
315.0
 30
0.0
 11
219.0
 21
335.0
 31
0.0
  0
LINE
  5
43C
330
3E3
100
AcDbEntity
 67
1
  8
ESTRIBOS
 62
8
370
9
100
AcDbLine
 10
222.2
 20
315.0
 30
0.0
 11
222.2
 21
335.0
 31
0.0
  0
LINE
  5
43D
330
3E3
100
AcDbEntity
 67
1
  8
ESTRIBOS
 62
8
370
9
100
AcDbLine
 10
225.4
 20
315.0
 30
0.0
 11
225.4
 21
335.0
 31
0.0
  0
LINE
  5
43E
330
3E3
100
AcDbEntity
 67
1
  8
ESTRIBOS
 62
8
370
9
100
AcDbLine
 10
228.6
 20
315.0
 30
0.0
 11
228.6
 21
335.0
 31
0.0
  0
LINE
  5
43F
330
3E3
100
AcDbEntity
 67
1
  8
ESTRIBOS
 62
8
370
9
100
AcDbLine
 10
231.8
 20
315.0
 30
0.0
 11
231.8
 21
335.0
 31
0.0
  0
LINE
  5
440
330
3E3
100
AcDbEntity
 67
1
  8
ESTRIBOS
 62
8
370
9
100
AcDbLine
 10
235.0
 20
315.0
 30
0.0
 11
235.0
 21
335.0
 31
0.0
  0
LINE
  5
441
330
3E3
100
AcDbEntity
 67
1
  8
ESTRIBOS
 62
8
370
9
100
AcDbLine
 10
238.2
 20
315.0
 30
0.0
 11
238.2
 21
335.0
 31
0.0
  0
LINE
  5
442
330
3E3
100
AcDbEntity
 67
1
  8
ESTRIBOS
 62
8
370
9
100
AcDbLine
 10
241.4
 20
315.0
 30
0.0
 11
241.4
 21
335.0
 31
0.0
  0
LINE
  5
443
330
3E3
100
AcDbEntity
 67
1
  8
ESTRIBOS
 62
8
370
9
100
AcDbLine
 10
244.6
 20
315.0
 30
0.0
 11
244.6
 21
335.0
 31
0.0
  0
LINE
  5
444
330
3E3
100
AcDbEntity
 67
1
  8
ESTRIBOS
 62
8
370
9
100
AcDbLine
 10
247.8
 20
315.0
 30
0.0
 11
247.8
 21
335.0
 31
0.0
  0
LINE
  5
445
330
3E3
100
AcDbEntity
 67
1
  8
ESTRIBOS
 62
8
370
9
100
AcDbLine
 10
251.0
 20
315.0
 30
0.0
 11
251.0
 21
335.0
 31
0.0
  0
LINE
  5
446
330
3E3
100
AcDbEntity
 67
1
  8
ESTRIBOS
 62
8
370
9
100
AcDbLine
 10
254.2
 20
315.0
 30
0.0
 11
254.2
 21
335.0
 31
0.0
  0
LINE
  5
447
330
3E3
100
AcDbEntity
 67
1
  8
ESTRIBOS
 62
8
370
9
100
AcDbLine
 10
257.4
 20
315.0
 30
0.0
 11
257.4
 21
335.0
 31
0.0
  0
LINE
  5
448
330
3E3
100
AcDbEntity
 67
1
  8
ESTRIBOS
 62
8
370
9
100
AcDbLine
 10
260.6
 20
315.0
 30
0.0
 11
260.6
 21
335.0
 31
0.0
  0
LINE
  5
449
330
3E3
100
AcDbEntity
 67
1
  8
ESTRIBOS
 62
8
370
9
100
AcDbLine
 10
264.2
 20
315.0
 30
0.0
 11
264.2
 21
335.0
 31
0.0
  0
LINE
  5
44A
330
3E3
100
AcDbEntity
 67
1
  8
ESTRIBOS
 62
8
370
9
100
AcDbLine
 10
267.4
 20
315.0
 30
0.0
 11
267.4
 21
335.0
 31
0.0
  0
LINE
  5
44B
330
3E3
100
AcDbEntity
 67
1
  8
ESTRIBOS
 62
8
370
9
100
AcDbLine
 10
270.6
 20
315.0
 30
0.0
 11
270.6
 21
335.0
 31
0.0
  0
LINE
  5
44C
330
3E3
100
AcDbEntity
 67
1
  8
ESTRIBOS
 62
8
370
9
100
AcDbLine
 10
273.8
 20
315.0
 30
0.0
 11
273.8
 21
335.0
 31
0.0
  0
LINE
  5
44D
330
3E3
100
AcDbEntity
 67
1
  8
ESTRIBOS
 62
8
370
9
100
AcDbLine
 10
277.0
 20
315.0
 30
0.0
 11
277.0
 21
335.0
 31
0.0
  0
LINE
  5
44E
330
3E3
100
AcDbEntity
 67
1
  8
ESTRIBOS
 62
8
370
9
100
AcDbLine
 10
280.2
 20
315.0
 30
0.0
 11
280.2
 21
335.0
 31
0.0
  0
LINE
  5
44F
330
3E3
100
AcDbEntity
 67
1
  8
ESTRIBOS
 62
8
370
9
100
AcDbLine
 10
283.4
 20
315.0
 30
0.0
 11
283.4
 21
335.0
 31
0.0
  0
LINE
  5
450
330
3E3
100
AcDbEntity
 67
1
  8
ESTRIBOS
 62
8
370
9
100
AcDbLine
 10
286.6
 20
315.0
 30
0.0
 11
286.6
 21
335.0
 31
0.0
  0
LINE
  5
451
330
3E3
100
AcDbEntity
 67
1
  8
ESTRIBOS
 62
8
370
9
100
AcDbLine
 10
289.8
 20
315.0
 30
0.0
 11
289.8
 21
335.0
 31
0.0
  0
LINE
  5
452
330
3E3
100
AcDbEntity
 67
1
  8
ESTRIBOS
 62
8
370
9
100
AcDbLine
 10
293.0
 20
315.0
 30
0.0
 11
293.0
 21
335.0
 31
0.0
  0
LINE
  5
453
330
3E3
100
AcDbEntity
 67
1
  8
ESTRIBOS
 62
8
370
9
100
AcDbLine
 10
296.2
 20
315.0
 30
0.0
 11
296.2
 21
335.0
 31
0.0
  0
LINE
  5
454
330
3E3
100
AcDbEntity
 67
1
  8
ESTRIBOS
 62
8
370
9
100
AcDbLine
 10
299.4
 20
315.0
 30
0.0
 11
299.4
 21
335.0
 31
0.0
  0
LINE
  5
455
330
3E3
100
AcDbEntity
 67
1
  8
ESTRIBOS
 62
8
370
9
100
AcDbLine
 10
302.6
 20
315.0
 30
0.0
 11
302.6
 21
335.0
 31
0.0
  0
LINE
  5
456
330
3E3
100
AcDbEntity
 67
1
  8
ESTRIBOS
 62
8
370
9
100
AcDbLine
 10
305.8
 20
315.0
 30
0.0
 11
305.8
 21
335.0
 31
0.0
  0
LINE
  5
457
330
3E3
100
AcDbEntity
 67
1
  8
ESTRIBOS
 62
8
370
9
100
AcDbLine
 10
309.0
 20
315.0
 30
0.0
 11
309.0
 21
335.0
 31
0.0
  0
LINE
  5
458
330
3E3
100
AcDbEntity
 67
1
  8
ESTRIBOS
 62
8
370
9
100
AcDbLine
 10
312.2
 20
315.0
 30
0.0
 11
312.2
 21
335.0
 31
0.0
  0
LINE
  5
459
330
3E3
100
AcDbEntity
 67
1
  8
ESTRIBOS
 62
8
370
9
100
AcDbLine
 10
315.4
 20
315.0
 30
0.0
 11
315.4
 21
335.0
 31
0.0
  0
LINE
  5
45A
330
3E3
100
AcDbEntity
 67
1
  8
ESTRIBOS
 62
8
370
9
100
AcDbLine
 10
318.6
 20
315.0
 30
0.0
 11
318.6
 21
335.0
 31
0.0
  0
LINE
  5
45B
330
3E3
100
AcDbEntity
 67
1
  8
ESTRIBOS
 62
8
370
9
100
AcDbLine
 10
321.8
 20
315.0
 30
0.0
 11
321.8
 21
335.0
 31
0.0
  0
LINE
  5
45C
330
3E3
100
AcDbEntity
 67
1
  8
ESTRIBOS
 62
8
370
9
100
AcDbLine
 10
325.0
 20
315.0
 30
0.0
 11
325.0
 21
335.0
 31
0.0
  0
LINE
  5
45D
330
3E3
100
AcDbEntity
 67
1
  8
ESTRIBOS
 62
8
370
9
100
AcDbLine
 10
325.9908
 20
315.0
 30
0.0
 11
325.9908
 21
335.0
 31
0.0
  0
LINE
  5
45E
330
3E3
100
AcDbEntity
 67
1
  8
ESTRIBOS
 62
8
370
9
100
AcDbLine
 10
329.1908
 20
315.0
 30
0.0
 11
329.1908
 21
335.0
 31
0.0
  0
LINE
  5
45F
330
3E3
100
AcDbEntity
 67
1
  8
ESTRIBOS
 62
8
370
9
100
AcDbLine
 10
332.3908
 20
315.0
 30
0.0
 11
332.3908
 21
335.0
 31
0.0
  0
LINE
  5
460
330
3E3
100
AcDbEntity
 67
1
  8
ESTRIBOS
 62
8
370
9
100
AcDbLine
 10
335.5908
 20
315.0
 30
0.0
 11
335.5908
 21
335.0
 31
0.0
  0
LINE
  5
461
330
3E3
100
AcDbEntity
 67
1
  8
ESTRIBOS
 62
8
370
9
100
AcDbLine
 10
338.7908
 20
315.0
 30
0.0
 11
338.7908
 21
335.0
 31
0.0
  0
LINE
  5
462
330
3E3
100
AcDbEntity
 67
1
  8
ESTRIBOS
 62
8
370
9
100
AcDbLine
 10
341.9908
 20
315.0
 30
0.0
 11
341.9908
 21
335.0
 31
0.0
  0
LINE
  5
463
330
3E3
100
AcDbEntity
 67
1
  8
ESTRIBOS
 62
8
370
9
100
AcDbLine
 10
345.1908
 20
315.0
 30
0.0
 11
345.1908
 21
335.0
 31
0.0
  0
LINE
  5
464
330
3E3
100
AcDbEntity
 67
1
  8
ESTRIBOS
 62
8
370
9
100
AcDbLine
 10
348.3908
 20
315.0
 30
0.0
 11
348.3908
 21
335.0
 31
0.0
  0
LINE
  5
465
330
3E3
100
AcDbEntity
 67
1
  8
ESTRIBOS
 62
8
370
9
100
AcDbLine
 10
351.5908
 20
315.0
 30
0.0
 11
351.5908
 21
335.0
 31
0.0
  0
LINE
  5
466
330
3E3
100
AcDbEntity
 67
1
  8
ESTRIBOS
 62
8
370
9
100
AcDbLine
 10
354.7908
 20
315.0
 30
0.0
 11
354.7908
 21
335.0
 31
0.0
  0
LINE
  5
467
330
3E3
100
AcDbEntity
 67
1
  8
ESTRIBOS
 62
8
370
9
100
AcDbLine
 10
357.9908
 20
315.0
 30
0.0
 11
357.9908
 21
335.0
 31
0.0
  0
LINE
  5
468
330
3E3
100
AcDbEntity
 67
1
  8
ESTRIBOS
 62
8
370
9
100
AcDbLine
 10
361.1908
 20
315.0
 30
0.0
 11
361.1908
 21
335.0
 31
0.0
  0
LINE
  5
469
330
3E3
100
AcDbEntity
 67
1
  8
ESTRIBOS
 62
8
370
9
100
AcDbLine
 10
364.3908
 20
315.0
 30
0.0
 11
364.3908
 21
335.0
 31
0.0
  0
LINE
  5
46A
330
3E3
100
AcDbEntity
 67
1
  8
ESTRIBOS
 62
8
370
9
100
AcDbLine
 10
367.5908
 20
315.0
 30
0.0
 11
367.5908
 21
335.0
 31
0.0
  0
TEXT
  5
46B
330
3E3
100
AcDbEntity
 67
1
  8
ESTRIBOS
 62
8
100
AcDbText
 10
293.29540000000003
 20
324.2
 30
0.0
 40
1.25
  1
Nº3 2R @80 (2h) / @80 ctr
 72
1
 11
293.29540000000003
 21
324.2
 31
0.0
100
AcDbText
 73
2
  0
LINE
  5
46C
330
3E3
100
AcDbEntity
 67
1
  8
ESTRIBOS
 62
8
370
9
100
AcDbLine
 10
371.5908
 20
315.0
 30
0.0
 11
371.5908
 21
335.0
 31
0.0
  0
LINE
  5
46D
330
3E3
100
AcDbEntity
 67
1
  8
ESTRIBOS
 62
8
370
9
100
AcDbLine
 10
374.7908
 20
315.0
 30
0.0
 11
374.7908
 21
335.0
 31
0.0
  0
LINE
  5
46E
330
3E3
100
AcDbEntity
 67
1
  8
ESTRIBOS
 62
8
370
9
100
AcDbLine
 10
377.9908
 20
315.0
 30
0.0
 11
377.9908
 21
335.0
 31
0.0
  0
LINE
  5
46F
330
3E3
100
AcDbEntity
 67
1
  8
ESTRIBOS
 62
8
370
9
100
AcDbLine
 10
381.1908
 20
315.0
 30
0.0
 11
381.1908
 21
335.0
 31
0.0
  0
LINE
  5
470
330
3E3
100
AcDbEntity
 67
1
  8
ESTRIBOS
 62
8
370
9
100
AcDbLine
 10
384.3908
 20
315.0
 30
0.0
 11
384.3908
 21
335.0
 31
0.0
  0
LINE
  5
471
330
3E3
100
AcDbEntity
 67
1
  8
ESTRIBOS
 62
8
370
9
100
AcDbLine
 10
387.5908
 20
315.0
 30
0.0
 11
387.5908
 21
335.0
 31
0.0
  0
LINE
  5
472
330
3E3
100
AcDbEntity
 67
1
  8
ESTRIBOS
 62
8
370
9
100
AcDbLine
 10
390.7908
 20
315.0
 30
0.0
 11
390.7908
 21
335.0
 31
0.0
  0
LINE
  5
473
330
3E3
100
AcDbEntity
 67
1
  8
ESTRIBOS
 62
8
370
9
100
AcDbLine
 10
393.9908
 20
315.0
 30
0.0
 11
393.9908
 21
335.0
 31
0.0
  0
LINE
  5
474
330
3E3
100
AcDbEntity
 67
1
  8
ESTRIBOS
 62
8
370
9
100
AcDbLine
 10
397.1908
 20
315.0
 30
0.0
 11
397.1908
 21
335.0
 31
0.0
  0
LINE
  5
475
330
3E3
100
AcDbEntity
 67
1
  8
ESTRIBOS
 62
8
370
9
100
AcDbLine
 10
400.3908
 20
315.0
 30
0.0
 11
400.3908
 21
335.0
 31
0.0
  0
LINE
  5
476
330
3E3
100
AcDbEntity
 67
1
  8
ESTRIBOS
 62
8
370
9
100
AcDbLine
 10
403.5908
 20
315.0
 30
0.0
 11
403.5908
 21
335.0
 31
0.0
  0
LINE
  5
477
330
3E3
100
AcDbEntity
 67
1
  8
ESTRIBOS
 62
8
370
9
100
AcDbLine
 10
406.7908
 20
315.0
 30
0.0
 11
406.7908
 21
335.0
 31
0.0
  0
LINE
  5
478
330
3E3
100
AcDbEntity
 67
1
  8
ESTRIBOS
 62
8
370
9
100
AcDbLine
 10
409.9908
 20
315.0
 30
0.0
 11
409.9908
 21
335.0
 31
0.0
  0
LINE
  5
479
330
3E3
100
AcDbEntity
 67
1
  8
ESTRIBOS
 62
8
370
9
100
AcDbLine
 10
413.1908
 20
315.0
 30
0.0
 11
413.1908
 21
335.0
 31
0.0
  0
LINE
  5
47A
330
3E3
100
AcDbEntity
 67
1
  8
ESTRIBOS
 62
8
370
9
100
AcDbLine
 10
416.7908
 20
315.0
 30
0.0
 11
416.7908
 21
335.0
 31
0.0
  0
LINE
  5
47B
330
3E3
100
AcDbEntity
 67
1
  8
ESTRIBOS
 62
8
370
9
100
AcDbLine
 10
419.9908
 20
315.0
 30
0.0
 11
419.9908
 21
335.0
 31
0.0
  0
LINE
  5
47C
330
3E3
100
AcDbEntity
 67
1
  8
ESTRIBOS
 62
8
370
9
100
AcDbLine
 10
423.1908
 20
315.0
 30
0.0
 11
423.1908
 21
335.0
 31
0.0
  0
LINE
  5
47D
330
3E3
100
AcDbEntity
 67
1
  8
ESTRIBOS
 62
8
370
9
100
AcDbLine
 10
426.3908
 20
315.0
 30
0.0
 11
426.3908
 21
335.0
 31
0.0
  0
LINE
  5
47E
330
3E3
100
AcDbEntity
 67
1
  8
ESTRIBOS
 62
8
370
9
100
AcDbLine
 10
429.5908
 20
315.0
 30
0.0
 11
429.5908
 21
335.0
 31
0.0
  0
LINE
  5
47F
330
3E3
100
AcDbEntity
 67
1
  8
ESTRIBOS
 62
8
370
9
100
AcDbLine
 10
432.7908
 20
315.0
 30
0.0
 11
432.7908
 21
335.0
 31
0.0
  0
LINE
  5
480
330
3E3
100
AcDbEntity
 67
1
  8
ESTRIBOS
 62
8
370
9
100
AcDbLine
 10
435.9908
 20
315.0
 30
0.0
 11
435.9908
 21
335.0
 31
0.0
  0
LINE
  5
481
330
3E3
100
AcDbEntity
 67
1
  8
ESTRIBOS
 62
8
370
9
100
AcDbLine
 10
439.1908
 20
315.0
 30
0.0
 11
439.1908
 21
335.0
 31
0.0
  0
LINE
  5
482
330
3E3
100
AcDbEntity
 67
1
  8
ESTRIBOS
 62
8
370
9
100
AcDbLine
 10
442.3908
 20
315.0
 30
0.0
 11
442.3908
 21
335.0
 31
0.0
  0
LINE
  5
483
330
3E3
100
AcDbEntity
 67
1
  8
ESTRIBOS
 62
8
370
9
100
AcDbLine
 10
445.5908
 20
315.0
 30
0.0
 11
445.5908
 21
335.0
 31
0.0
  0
LINE
  5
484
330
3E3
100
AcDbEntity
 67
1
  8
ESTRIBOS
 62
8
370
9
100
AcDbLine
 10
448.7908
 20
315.0
 30
0.0
 11
448.7908
 21
335.0
 31
0.0
  0
LINE
  5
485
330
3E3
100
AcDbEntity
 67
1
  8
ESTRIBOS
 62
8
370
9
100
AcDbLine
 10
451.9908
 20
315.0
 30
0.0
 11
451.9908
 21
335.0
 31
0.0
  0
LINE
  5
486
330
3E3
100
AcDbEntity
 67
1
  8
ESTRIBOS
 62
8
370
9
100
AcDbLine
 10
455.1908
 20
315.0
 30
0.0
 11
455.1908
 21
335.0
 31
0.0
  0
LINE
  5
487
330
3E3
100
AcDbEntity
 67
1
  8
ESTRIBOS
 62
8
370
9
100
AcDbLine
 10
458.3908
 20
315.0
 30
0.0
 11
458.3908
 21
335.0
 31
0.0
  0
LINE
  5
488
330
3E3
100
AcDbEntity
 67
1
  8
ESTRIBOS
 62
8
370
9
100
AcDbLine
 10
461.5908
 20
315.0
 30
0.0
 11
461.5908
 21
335.0
 31
0.0
  0
LINE
  5
489
330
3E3
100
AcDbEntity
 67
1
  8
ESTRIBOS
 62
8
370
9
100
AcDbLine
 10
464.7908
 20
315.0
 30
0.0
 11
464.7908
 21
335.0
 31
0.0
  0
LINE
  5
48A
330
3E3
100
AcDbEntity
 67
1
  8
ESTRIBOS
 62
8
370
9
100
AcDbLine
 10
467.9908
 20
315.0
 30
0.0
 11
467.9908
 21
335.0
 31
0.0
  0
LINE
  5
48B
330
3E3
100
AcDbEntity
 67
1
  8
ESTRIBOS
 62
8
370
9
100
AcDbLine
 10
471.1908
 20
315.0
 30
0.0
 11
471.1908
 21
335.0
 31
0.0
  0
LINE
  5
48C
330
3E3
100
AcDbEntity
 67
1
  8
ESTRIBOS
 62
8
370
9
100
AcDbLine
 10
474.3908
 20
315.0
 30
0.0
 11
474.3908
 21
335.0
 31
0.0
  0
LINE
  5
48D
330
3E3
100
AcDbEntity
 67
1
  8
ESTRIBOS
 62
8
370
9
100
AcDbLine
 10
477.5908
 20
315.0
 30
0.0
 11
477.5908
 21
335.0
 31
0.0
  0
LINE
  5
48E
330
3E3
100
AcDbEntity
 67
1
  8
ESTRIBOS
 62
8
370
9
100
AcDbLine
 10
478.5816
 20
315.0
 30
0.0
 11
478.5816
 21
335.0
 31
0.0
  0
LINE
  5
48F
330
3E3
100
AcDbEntity
 67
1
  8
ESTRIBOS
 62
8
370
9
100
AcDbLine
 10
481.7816
 20
315.0
 30
0.0
 11
481.7816
 21
335.0
 31
0.0
  0
LINE
  5
490
330
3E3
100
AcDbEntity
 67
1
  8
ESTRIBOS
 62
8
370
9
100
AcDbLine
 10
484.9816
 20
315.0
 30
0.0
 11
484.9816
 21
335.0
 31
0.0
  0
LINE
  5
491
330
3E3
100
AcDbEntity
 67
1
  8
ESTRIBOS
 62
8
370
9
100
AcDbLine
 10
488.1816
 20
315.0
 30
0.0
 11
488.1816
 21
335.0
 31
0.0
  0
LINE
  5
492
330
3E3
100
AcDbEntity
 67
1
  8
ESTRIBOS
 62
8
370
9
100
AcDbLine
 10
491.3816
 20
315.0
 30
0.0
 11
491.3816
 21
335.0
 31
0.0
  0
LINE
  5
493
330
3E3
100
AcDbEntity
 67
1
  8
ESTRIBOS
 62
8
370
9
100
AcDbLine
 10
494.5816
 20
315.0
 30
0.0
 11
494.5816
 21
335.0
 31
0.0
  0
LINE
  5
494
330
3E3
100
AcDbEntity
 67
1
  8
ESTRIBOS
 62
8
370
9
100
AcDbLine
 10
497.7816
 20
315.0
 30
0.0
 11
497.7816
 21
335.0
 31
0.0
  0
LINE
  5
495
330
3E3
100
AcDbEntity
 67
1
  8
ESTRIBOS
 62
8
370
9
100
AcDbLine
 10
500.9816
 20
315.0
 30
0.0
 11
500.9816
 21
335.0
 31
0.0
  0
LINE
  5
496
330
3E3
100
AcDbEntity
 67
1
  8
ESTRIBOS
 62
8
370
9
100
AcDbLine
 10
504.1816
 20
315.0
 30
0.0
 11
504.1816
 21
335.0
 31
0.0
  0
LINE
  5
497
330
3E3
100
AcDbEntity
 67
1
  8
ESTRIBOS
 62
8
370
9
100
AcDbLine
 10
507.3816
 20
315.0
 30
0.0
 11
507.3816
 21
335.0
 31
0.0
  0
LINE
  5
498
330
3E3
100
AcDbEntity
 67
1
  8
ESTRIBOS
 62
8
370
9
100
AcDbLine
 10
510.5816
 20
315.0
 30
0.0
 11
510.5816
 21
335.0
 31
0.0
  0
LINE
  5
499
330
3E3
100
AcDbEntity
 67
1
  8
ESTRIBOS
 62
8
370
9
100
AcDbLine
 10
513.7816
 20
315.0
 30
0.0
 11
513.7816
 21
335.0
 31
0.0
  0
LINE
  5
49A
330
3E3
100
AcDbEntity
 67
1
  8
ESTRIBOS
 62
8
370
9
100
AcDbLine
 10
516.9816
 20
315.0
 30
0.0
 11
516.9816
 21
335.0
 31
0.0
  0
LINE
  5
49B
330
3E3
100
AcDbEntity
 67
1
  8
ESTRIBOS
 62
8
370
9
100
AcDbLine
 10
520.1816
 20
315.0
 30
0.0
 11
520.1816
 21
335.0
 31
0.0
  0
TEXT
  5
49C
330
3E3
100
AcDbEntity
 67
1
  8
ESTRIBOS
 62
8
100
AcDbText
 10
445.8862000000001
 20
324.2
 30
0.0
 40
1.25
  1
Nº3 2R @80 (2h) / @80 ctr
 72
1
 11
445.8862000000001
 21
324.2
 31
0.0
100
AcDbText
 73
2
  0
LINE
  5
49D
330
3E3
100
AcDbEntity
 67
1
  8
ESTRIBOS
 62
8
370
9
100
AcDbLine
 10
524.1816
 20
315.0
 30
0.0
 11
524.1816
 21
335.0
 31
0.0
  0
LINE
  5
49E
330
3E3
100
AcDbEntity
 67
1
  8
ESTRIBOS
 62
8
370
9
100
AcDbLine
 10
527.3816
 20
315.0
 30
0.0
 11
527.3816
 21
335.0
 31
0.0
  0
LINE
  5
49F
330
3E3
100
AcDbEntity
 67
1
  8
ESTRIBOS
 62
8
370
9
100
AcDbLine
 10
530.5816
 20
315.0
 30
0.0
 11
530.5816
 21
335.0
 31
0.0
  0
LINE
  5
4A0
330
3E3
100
AcDbEntity
 67
1
  8
ESTRIBOS
 62
8
370
9
100
AcDbLine
 10
533.7816
 20
315.0
 30
0.0
 11
533.7816
 21
335.0
 31
0.0
  0
LINE
  5
4A1
330
3E3
100
AcDbEntity
 67
1
  8
ESTRIBOS
 62
8
370
9
100
AcDbLine
 10
536.9816
 20
315.0
 30
0.0
 11
536.9816
 21
335.0
 31
0.0
  0
LINE
  5
4A2
330
3E3
100
AcDbEntity
 67
1
  8
ESTRIBOS
 62
8
370
9
100
AcDbLine
 10
540.1816
 20
315.0
 30
0.0
 11
540.1816
 21
335.0
 31
0.0
  0
LINE
  5
4A3
330
3E3
100
AcDbEntity
 67
1
  8
ESTRIBOS
 62
8
370
9
100
AcDbLine
 10
543.3816
 20
315.0
 30
0.0
 11
543.3816
 21
335.0
 31
0.0
  0
LINE
  5
4A4
330
3E3
100
AcDbEntity
 67
1
  8
ESTRIBOS
 62
8
370
9
100
AcDbLine
 10
546.5816
 20
315.0
 30
0.0
 11
546.5816
 21
335.0
 31
0.0
  0
LINE
  5
4A5
330
3E3
100
AcDbEntity
 67
1
  8
ESTRIBOS
 62
8
370
9
100
AcDbLine
 10
549.7816
 20
315.0
 30
0.0
 11
549.7816
 21
335.0
 31
0.0
  0
LINE
  5
4A6
330
3E3
100
AcDbEntity
 67
1
  8
ESTRIBOS
 62
8
370
9
100
AcDbLine
 10
552.9816
 20
315.0
 30
0.0
 11
552.9816
 21
335.0
 31
0.0
  0
LINE
  5
4A7
330
3E3
100
AcDbEntity
 67
1
  8
ESTRIBOS
 62
8
370
9
100
AcDbLine
 10
556.1816
 20
315.0
 30
0.0
 11
556.1816
 21
335.0
 31
0.0
  0
LINE
  5
4A8
330
3E3
100
AcDbEntity
 67
1
  8
ESTRIBOS
 62
8
370
9
100
AcDbLine
 10
559.3816
 20
315.0
 30
0.0
 11
559.3816
 21
335.0
 31
0.0
  0
LINE
  5
4A9
330
3E3
100
AcDbEntity
 67
1
  8
ESTRIBOS
 62
8
370
9
100
AcDbLine
 10
562.5816
 20
315.0
 30
0.0
 11
562.5816
 21
335.0
 31
0.0
  0
LINE
  5
4AA
330
3E3
100
AcDbEntity
 67
1
  8
ESTRIBOS
 62
8
370
9
100
AcDbLine
 10
565.7816
 20
315.0
 30
0.0
 11
565.7816
 21
335.0
 31
0.0
  0
LINE
  5
4AB
330
3E3
100
AcDbEntity
 67
1
  8
ESTRIBOS
 62
8
370
9
100
AcDbLine
 10
569.3816
 20
315.0
 30
0.0
 11
569.3816
 21
335.0
 31
0.0
  0
LINE
  5
4AC
330
3E3
100
AcDbEntity
 67
1
  8
ESTRIBOS
 62
8
370
9
100
AcDbLine
 10
572.5816
 20
315.0
 30
0.0
 11
572.5816
 21
335.0
 31
0.0
  0
LINE
  5
4AD
330
3E3
100
AcDbEntity
 67
1
  8
ESTRIBOS
 62
8
370
9
100
AcDbLine
 10
575.7816
 20
315.0
 30
0.0
 11
575.7816
 21
335.0
 31
0.0
  0
LINE
  5
4AE
330
3E3
100
AcDbEntity
 67
1
  8
ESTRIBOS
 62
8
370
9
100
AcDbLine
 10
578.9816
 20
315.0
 30
0.0
 11
578.9816
 21
335.0
 31
0.0
  0
LINE
  5
4AF
330
3E3
100
AcDbEntity
 67
1
  8
ESTRIBOS
 62
8
370
9
100
AcDbLine
 10
582.1816
 20
315.0
 30
0.0
 11
582.1816
 21
335.0
 31
0.0
  0
LINE
  5
4B0
330
3E3
100
AcDbEntity
 67
1
  8
ESTRIBOS
 62
8
370
9
100
AcDbLine
 10
585.3816
 20
315.0
 30
0.0
 11
585.3816
 21
335.0
 31
0.0
  0
LINE
  5
4B1
330
3E3
100
AcDbEntity
 67
1
  8
ESTRIBOS
 62
8
370
9
100
AcDbLine
 10
588.5816
 20
315.0
 30
0.0
 11
588.5816
 21
335.0
 31
0.0
  0
LINE
  5
4B2
330
3E3
100
AcDbEntity
 67
1
  8
ESTRIBOS
 62
8
370
9
100
AcDbLine
 10
591.7816
 20
315.0
 30
0.0
 11
591.7816
 21
335.0
 31
0.0
  0
LINE
  5
4B3
330
3E3
100
AcDbEntity
 67
1
  8
ESTRIBOS
 62
8
370
9
100
AcDbLine
 10
594.9816
 20
315.0
 30
0.0
 11
594.9816
 21
335.0
 31
0.0
  0
LINE
  5
4B4
330
3E3
100
AcDbEntity
 67
1
  8
ESTRIBOS
 62
8
370
9
100
AcDbLine
 10
598.1816
 20
315.0
 30
0.0
 11
598.1816
 21
335.0
 31
0.0
  0
LINE
  5
4B5
330
3E3
100
AcDbEntity
 67
1
  8
ESTRIBOS
 62
8
370
9
100
AcDbLine
 10
601.3816
 20
315.0
 30
0.0
 11
601.3816
 21
335.0
 31
0.0
  0
LINE
  5
4B6
330
3E3
100
AcDbEntity
 67
1
  8
ESTRIBOS
 62
8
370
9
100
AcDbLine
 10
604.5816
 20
315.0
 30
0.0
 11
604.5816
 21
335.0
 31
0.0
  0
LINE
  5
4B7
330
3E3
100
AcDbEntity
 67
1
  8
ESTRIBOS
 62
8
370
9
100
AcDbLine
 10
607.7816
 20
315.0
 30
0.0
 11
607.7816
 21
335.0
 31
0.0
  0
LINE
  5
4B8
330
3E3
100
AcDbEntity
 67
1
  8
ESTRIBOS
 62
8
370
9
100
AcDbLine
 10
610.9816
 20
315.0
 30
0.0
 11
610.9816
 21
335.0
 31
0.0
  0
LINE
  5
4B9
330
3E3
100
AcDbEntity
 67
1
  8
ESTRIBOS
 62
8
370
9
100
AcDbLine
 10
614.1816
 20
315.0
 30
0.0
 11
614.1816
 21
335.0
 31
0.0
  0
LINE
  5
4BA
330
3E3
100
AcDbEntity
 67
1
  8
ESTRIBOS
 62
8
370
9
100
AcDbLine
 10
617.3816
 20
315.0
 30
0.0
 11
617.3816
 21
335.0
 31
0.0
  0
LINE
  5
4BB
330
3E3
100
AcDbEntity
 67
1
  8
ESTRIBOS
 62
8
370
9
100
AcDbLine
 10
620.5816
 20
315.0
 30
0.0
 11
620.5816
 21
335.0
 31
0.0
  0
LINE
  5
4BC
330
3E3
100
AcDbEntity
 67
1
  8
ESTRIBOS
 62
8
370
9
100
AcDbLine
 10
623.7816
 20
315.0
 30
0.0
 11
623.7816
 21
335.0
 31
0.0
  0
LINE
  5
4BD
330
3E3
100
AcDbEntity
 67
1
  8
ESTRIBOS
 62
8
370
9
100
AcDbLine
 10
626.9816
 20
315.0
 30
0.0
 11
626.9816
 21
335.0
 31
0.0
  0
LINE
  5
4BE
330
3E3
100
AcDbEntity
 67
1
  8
ESTRIBOS
 62
8
370
9
100
AcDbLine
 10
630.1816
 20
315.0
 30
0.0
 11
630.1816
 21
335.0
 31
0.0
  0
LINE
  5
4BF
330
3E3
100
AcDbEntity
 67
1
  8
ESTRIBOS
 62
8
370
9
100
AcDbLine
 10
633.3816
 20
315.0
 30
0.0
 11
633.3816
 21
335.0
 31
0.0
  0
LINE
  5
4C0
330
3E3
100
AcDbEntity
 67
1
  8
ESTRIBOS
 62
8
370
9
100
AcDbLine
 10
636.5816
 20
315.0
 30
0.0
 11
636.5816
 21
335.0
 31
0.0
  0
LINE
  5
4C1
330
3E3
100
AcDbEntity
 67
1
  8
ESTRIBOS
 62
8
370
9
100
AcDbLine
 10
638.5816
 20
315.0
 30
0.0
 11
638.5816
 21
335.0
 31
0.0
  0
LINE
  5
4C2
330
3E3
100
AcDbEntity
 67
1
  8
ESTRIBOS
 62
8
370
9
100
AcDbLine
 10
641.7816
 20
315.0
 30
0.0
 11
641.7816
 21
335.0
 31
0.0
  0
LINE
  5
4C3
330
3E3
100
AcDbEntity
 67
1
  8
ESTRIBOS
 62
8
370
9
100
AcDbLine
 10
644.9816
 20
315.0
 30
0.0
 11
644.9816
 21
335.0
 31
0.0
  0
LINE
  5
4C4
330
3E3
100
AcDbEntity
 67
1
  8
ESTRIBOS
 62
8
370
9
100
AcDbLine
 10
648.1816
 20
315.0
 30
0.0
 11
648.1816
 21
335.0
 31
0.0
  0
LINE
  5
4C5
330
3E3
100
AcDbEntity
 67
1
  8
ESTRIBOS
 62
8
370
9
100
AcDbLine
 10
651.3816
 20
315.0
 30
0.0
 11
651.3816
 21
335.0
 31
0.0
  0
LINE
  5
4C6
330
3E3
100
AcDbEntity
 67
1
  8
ESTRIBOS
 62
8
370
9
100
AcDbLine
 10
654.5816
 20
315.0
 30
0.0
 11
654.5816
 21
335.0
 31
0.0
  0
LINE
  5
4C7
330
3E3
100
AcDbEntity
 67
1
  8
ESTRIBOS
 62
8
370
9
100
AcDbLine
 10
657.7816
 20
315.0
 30
0.0
 11
657.7816
 21
335.0
 31
0.0
  0
LINE
  5
4C8
330
3E3
100
AcDbEntity
 67
1
  8
ESTRIBOS
 62
8
370
9
100
AcDbLine
 10
660.9816
 20
315.0
 30
0.0
 11
660.9816
 21
335.0
 31
0.0
  0
LINE
  5
4C9
330
3E3
100
AcDbEntity
 67
1
  8
ESTRIBOS
 62
8
370
9
100
AcDbLine
 10
664.1816
 20
315.0
 30
0.0
 11
664.1816
 21
335.0
 31
0.0
  0
LINE
  5
4CA
330
3E3
100
AcDbEntity
 67
1
  8
ESTRIBOS
 62
8
370
9
100
AcDbLine
 10
667.3816
 20
315.0
 30
0.0
 11
667.3816
 21
335.0
 31
0.0
  0
LINE
  5
4CB
330
3E3
100
AcDbEntity
 67
1
  8
ESTRIBOS
 62
8
370
9
100
AcDbLine
 10
670.5816
 20
315.0
 30
0.0
 11
670.5816
 21
335.0
 31
0.0
  0
LINE
  5
4CC
330
3E3
100
AcDbEntity
 67
1
  8
ESTRIBOS
 62
8
370
9
100
AcDbLine
 10
673.7816
 20
315.0
 30
0.0
 11
673.7816
 21
335.0
 31
0.0
  0
LINE
  5
4CD
330
3E3
100
AcDbEntity
 67
1
  8
ESTRIBOS
 62
8
370
9
100
AcDbLine
 10
676.9816
 20
315.0
 30
0.0
 11
676.9816
 21
335.0
 31
0.0
  0
LINE
  5
4CE
330
3E3
100
AcDbEntity
 67
1
  8
ESTRIBOS
 62
8
370
9
100
AcDbLine
 10
680.1816
 20
315.0
 30
0.0
 11
680.1816
 21
335.0
 31
0.0
  0
TEXT
  5
4CF
330
3E3
100
AcDbEntity
 67
1
  8
ESTRIBOS
 62
8
100
AcDbText
 10
602.1816000000001
 20
324.2
 30
0.0
 40
1.25
  1
Nº3 2R @80 (2h) / @80 ctr
 72
1
 11
602.1816000000001
 21
324.2
 31
0.0
100
AcDbText
 73
2
  0
LWPOLYLINE
  5
4D0
330
3E3
100
AcDbEntity
 67
1
  8
ACERO_SUP_CONT
 62
4
370
35
100
AcDbPolyline
 90
4
 70
0
 10
57.0
 20
328.0
 10
57.0
 20
334.0
 10
682.1816
 20
334.0
 10
682.1816
 20
328.0
  0
TEXT
  5
4D1
330
3E3
100
AcDbEntity
 67
1
  8
ACERO_SUP_CONT
 62
4
100
AcDbText
 10
369.5908
 20
337.0
 30
0.0
 40
1.55
  1
M1  2#5 CONT.  Lc=15640 mm
 72
1
 11
369.5908
 21
337.0
 31
0.0
100
AcDbText
 73
2
  0
LWPOLYLINE
  5
4D2
330
3E3
100
AcDbEntity
 67
1
  8
ACERO_SUP_APOYO
 62
5
370
30
100
AcDbPolyline
 90
3
 70
0
 10
44.8
 20
326.5
 10
44.8
 20
331.5
 10
97.0
 20
331.5
  0
TEXT
  5
4D3
330
3E3
100
AcDbEntity
 67
1
  8
ACERO_SUP_APOYO
 62
5
100
AcDbText
 10
57.0
 20
332.7
 30
0.0
 40
1.15
  1
M2 3#5 L=1155
 72
1
 11
57.0
 21
332.7
 31
0.0
100
AcDbText
 73
2
  0
LWPOLYLINE
  5
4D4
330
3E3
100
AcDbEntity
 67
1
  8
ACERO_SUP_APOYO
 62
5
370
30
100
AcDbPolyline
 90
2
 70
0
 10
177.0
 20
329.3
 10
255.14770000000001
 20
329.3
  0
TEXT
  5
4D5
330
3E3
100
AcDbEntity
 67
1
  8
ACERO_SUP_APOYO
 62
5
100
AcDbText
 10
217.0
 20
330.5
 30
0.0
 40
1.15
  1
M2 3#5 L=2454
 72
1
 11
217.0
 21
330.5
 31
0.0
100
AcDbText
 73
2
  0
LWPOLYLINE
  5
4D6
330
3E3
100
AcDbEntity
 67
1
  8
ACERO_SUP_APOYO
 62
5
370
30
100
AcDbPolyline
 90
2
 70
0
 10
331.4431000000001
 20
331.5
 10
407.73850000000004
 20
331.5
  0
TEXT
  5
4D7
330
3E3
100
AcDbEntity
 67
1
  8
ACERO_SUP_APOYO
 62
5
100
AcDbText
 10
369.59080000000006
 20
332.7
 30
0.0
 40
1.15
  1
M2 3#5 L=2407
 72
1
 11
369.59080000000006
 21
332.7
 31
0.0
100
AcDbText
 73
2
  0
LWPOLYLINE
  5
4D8
330
3E3
100
AcDbEntity
 67
1
  8
ACERO_SUP_APOYO
 62
5
370
30
100
AcDbPolyline
 90
2
 70
0
 10
484.03390000000013
 20
329.3
 10
562.1816000000001
 20
329.3
  0
TEXT
  5
4D9
330
3E3
100
AcDbEntity
 67
1
  8
ACERO_SUP_APOYO
 62
5
100
AcDbText
 10
522.1816000000001
 20
330.5
 30
0.0
 40
1.15
  1
M2 3#5 L=2454
 72
1
 11
522.1816000000001
 21
330.5
 31
0.0
100
AcDbText
 73
2
  0
LWPOLYLINE
  5
4DA
330
3E3
100
AcDbEntity
 67
1
  8
ACERO_SUP_APOYO
 62
5
370
30
100
AcDbPolyline
 90
3
 70
0
 10
642.1816000000001
 20
331.5
 10
694.3816000000002
 20
331.5
 10
694.3816000000002
 20
326.5
  0
TEXT
  5
4DB
330
3E3
100
AcDbEntity
 67
1
  8
ACERO_SUP_APOYO
 62
5
100
AcDbText
 10
682.1816000000001
 20
332.7
 30
0.0
 40
1.15
  1
M2 3#5 L=1155
 72
1
 11
682.1816000000001
 21
332.7
 31
0.0
100
AcDbText
 73
2
  0
LWPOLYLINE
  5
4DC
330
3E3
100
AcDbEntity
 67
1
  8
ACERO_INF
 62
1
370
35
100
AcDbPolyline
 90
4
 70
0
 10
59.0
 20
321.0
 10
59.0
 20
316.0
 10
215.0
 20
316.0
 10
215.0
 20
321.0
  0
TEXT
  5
4DD
330
3E3
100
AcDbEntity
 67
1
  8
ACERO_INF
 62
1
100
AcDbText
 10
137.0
 20
313.9
 30
0.0
 40
1.2
  1
M3 5#5 L=4010
 72
1
 11
137.0
 21
313.9
 31
0.0
100
AcDbText
 73
2
  0
LWPOLYLINE
  5
4DE
330
3E3
100
AcDbEntity
 67
1
  8
ACERO_INF
 62
1
370
35
100
AcDbPolyline
 90
4
 70
0
 10
219.0
 20
322.8
 10
219.0
 20
317.8
 10
367.59080000000006
 20
317.8
 10
367.59080000000006
 20
322.8
  0
TEXT
  5
4DF
330
3E3
100
AcDbEntity
 67
1
  8
ACERO_INF
 62
1
100
AcDbText
 10
293.29540000000003
 20
315.7
 30
0.0
 40
1.2
  1
M3 5#5 L=3825
 72
1
 11
293.29540000000003
 21
315.7
 31
0.0
100
AcDbText
 73
2
  0
LWPOLYLINE
  5
4E0
330
3E3
100
AcDbEntity
 67
1
  8
ACERO_INF
 62
1
370
35
100
AcDbPolyline
 90
4
 70
0
 10
371.59080000000006
 20
321.0
 10
371.59080000000006
 20
316.0
 10
520.1816000000001
 20
316.0
 10
520.1816000000001
 20
321.0
  0
TEXT
  5
4E1
330
3E3
100
AcDbEntity
 67
1
  8
ACERO_INF
 62
1
100
AcDbText
 10
445.8862000000001
 20
313.9
 30
0.0
 40
1.2
  1
M3 5#5 L=3825
 72
1
 11
445.8862000000001
 21
313.9
 31
0.0
100
AcDbText
 73
2
  0
LWPOLYLINE
  5
4E2
330
3E3
100
AcDbEntity
 67
1
  8
ACERO_INF
 62
1
370
35
100
AcDbPolyline
 90
4
 70
0
 10
524.1816000000001
 20
322.8
 10
524.1816000000001
 20
317.8
 10
680.1816000000001
 20
317.8
 10
680.1816000000001
 20
322.8
  0
TEXT
  5
4E3
330
3E3
100
AcDbEntity
 67
1
  8
ACERO_INF
 62
1
100
AcDbText
 10
602.1816000000001
 20
315.7
 30
0.0
 40
1.2
  1
M3 5#5 L=4010
 72
1
 11
602.1816000000001
 21
315.7
 31
0.0
100
AcDbText
 73
2
  0
LINE
  5
4E4
330
3E3
100
AcDbEntity
 67
1
  8
CORTE
 62
6
370
13
100
AcDbLine
 10
217.0
 20
311.5
 30
0.0
 11
217.0
 21
338.5
 31
0.0
  0
TEXT
  5
4E5
330
3E3
100
AcDbEntity
 67
1
  8
CORTE
 62
6
100
AcDbText
 10
217.0
 20
341.2
 30
0.0
 40
1.5
  1
A
 72
1
 11
217.0
 21
341.2
 31
0.0
100
AcDbText
 73
2
  0
LINE
  5
4E6
330
3E3
100
AcDbEntity
 67
1
  8
CORTE
 62
6
370
13
100
AcDbLine
 10
293.29540000000003
 20
311.5
 30
0.0
 11
293.29540000000003
 21
338.5
 31
0.0
  0
TEXT
  5
4E7
330
3E3
100
AcDbEntity
 67
1
  8
CORTE
 62
6
100
AcDbText
 10
293.29540000000003
 20
341.2
 30
0.0
 40
1.5
  1
B
 72
1
 11
293.29540000000003
 21
341.2
 31
0.0
100
AcDbText
 73
2
  0
LINE
  5
4E8
330
3E3
100
AcDbEntity
 67
1
  8
CORTE
 62
6
370
13
100
AcDbLine
 10
522.1816000000001
 20
311.5
 30
0.0
 11
522.1816000000001
 21
338.5
 31
0.0
  0
TEXT
  5
4E9
330
3E3
100
AcDbEntity
 67
1
  8
CORTE
 62
6
100
AcDbText
 10
522.1816000000001
 20
341.2
 30
0.0
 40
1.5
  1
C
 72
1
 11
522.1816000000001
 21
341.2
 31
0.0
100
AcDbText
 73
2
  0
LINE
  5
4EA
330
3E3
100
AcDbEntity
 67
1
  8
COTAS
 62
3
370
13
100
AcDbLine
 10
57.0
 20
304.0
 30
0.0
 11
217.0
 21
304.0
 31
0.0
  0
LINE
  5
4EB
330
3E3
100
AcDbEntity
 67
1
  8
COTAS
 62
3
370
13
100
AcDbLine
 10
57.0
 20
302.8
 30
0.0
 11
57.0
 21
305.2
 31
0.0
  0
LINE
  5
4EC
330
3E3
100
AcDbEntity
 67
1
  8
COTAS
 62
3
370
13
100
AcDbLine
 10
217.0
 20
302.8
 30
0.0
 11
217.0
 21
305.2
 31
0.0
  0
TEXT
  5
4ED
330
3E3
100
AcDbEntity
 67
1
  8
COTAS
 62
3
100
AcDbText
 10
137.0
 20
305.0
 30
0.0
 40
1.3
  1
4.000 m
 72
1
 11
137.0
 21
305.0
 31
0.0
100
AcDbText
 73
2
  0
TEXT
  5
4EE
330
3E3
100
AcDbEntity
 67
1
  8
TEXTO
 62
7
100
AcDbText
 10
137.0
 20
301.3
 30
0.0
 40
1.1
  1
F89
 72
1
 11
137.0
 21
301.3
 31
0.0
100
AcDbText
 73
2
  0
LINE
  5
4EF
330
3E3
100
AcDbEntity
 67
1
  8
COTAS
 62
3
370
13
100
AcDbLine
 10
217.0
 20
304.0
 30
0.0
 11
369.59080000000006
 21
304.0
 31
0.0
  0
LINE
  5
4F0
330
3E3
100
AcDbEntity
 67
1
  8
COTAS
 62
3
370
13
100
AcDbLine
 10
217.0
 20
302.8
 30
0.0
 11
217.0
 21
305.2
 31
0.0
  0
LINE
  5
4F1
330
3E3
100
AcDbEntity
 67
1
  8
COTAS
 62
3
370
13
100
AcDbLine
 10
369.59080000000006
 20
302.8
 30
0.0
 11
369.59080000000006
 21
305.2
 31
0.0
  0
TEXT
  5
4F2
330
3E3
100
AcDbEntity
 67
1
  8
COTAS
 62
3
100
AcDbText
 10
293.29540000000003
 20
305.0
 30
0.0
 40
1.3
  1
3.815 m
 72
1
 11
293.29540000000003
 21
305.0
 31
0.0
100
AcDbText
 73
2
  0
TEXT
  5
4F3
330
3E3
100
AcDbEntity
 67
1
  8
TEXTO
 62
7
100
AcDbText
 10
293.29540000000003
 20
301.3
 30
0.0
 40
1.1
  1
F90
 72
1
 11
293.29540000000003
 21
301.3
 31
0.0
100
AcDbText
 73
2
  0
LINE
  5
4F4
330
3E3
100
AcDbEntity
 67
1
  8
COTAS
 62
3
370
13
100
AcDbLine
 10
369.59080000000006
 20
304.0
 30
0.0
 11
522.1816000000001
 21
304.0
 31
0.0
  0
LINE
  5
4F5
330
3E3
100
AcDbEntity
 67
1
  8
COTAS
 62
3
370
13
100
AcDbLine
 10
369.59080000000006
 20
302.8
 30
0.0
 11
369.59080000000006
 21
305.2
 31
0.0
  0
LINE
  5
4F6
330
3E3
100
AcDbEntity
 67
1
  8
COTAS
 62
3
370
13
100
AcDbLine
 10
522.1816000000001
 20
302.8
 30
0.0
 11
522.1816000000001
 21
305.2
 31
0.0
  0
TEXT
  5
4F7
330
3E3
100
AcDbEntity
 67
1
  8
COTAS
 62
3
100
AcDbText
 10
445.8862000000001
 20
305.0
 30
0.0
 40
1.3
  1
3.815 m
 72
1
 11
445.8862000000001
 21
305.0
 31
0.0
100
AcDbText
 73
2
  0
TEXT
  5
4F8
330
3E3
100
AcDbEntity
 67
1
  8
TEXTO
 62
7
100
AcDbText
 10
445.8862000000001
 20
301.3
 30
0.0
 40
1.1
  1
F91
 72
1
 11
445.8862000000001
 21
301.3
 31
0.0
100
AcDbText
 73
2
  0
LINE
  5
4F9
330
3E3
100
AcDbEntity
 67
1
  8
COTAS
 62
3
370
13
100
AcDbLine
 10
522.1816000000001
 20
304.0
 30
0.0
 11
682.1816000000001
 21
304.0
 31
0.0
  0
LINE
  5
4FA
330
3E3
100
AcDbEntity
 67
1
  8
COTAS
 62
3
370
13
100
AcDbLine
 10
522.1816000000001
 20
302.8
 30
0.0
 11
522.1816000000001
 21
305.2
 31
0.0
  0
LINE
  5
4FB
330
3E3
100
AcDbEntity
 67
1
  8
COTAS
 62
3
370
13
100
AcDbLine
 10
682.1816000000001
 20
302.8
 30
0.0
 11
682.1816000000001
 21
305.2
 31
0.0
  0
TEXT
  5
4FC
330
3E3
100
AcDbEntity
 67
1
  8
COTAS
 62
3
100
AcDbText
 10
602.1816000000001
 20
305.0
 30
0.0
 40
1.3
  1
4.000 m
 72
1
 11
602.1816000000001
 21
305.0
 31
0.0
100
AcDbText
 73
2
  0
TEXT
  5
4FD
330
3E3
100
AcDbEntity
 67
1
  8
TEXTO
 62
7
100
AcDbText
 10
602.1816000000001
 20
301.3
 30
0.0
 40
1.1
  1
F92
 72
1
 11
602.1816000000001
 21
301.3
 31
0.0
100
AcDbText
 73
2
  0
LINE
  5
4FE
330
3E3
100
AcDbEntity
 67
1
  8
COTAS
 62
3
370
13
100
AcDbLine
 10
57.0
 20
298.0
 30
0.0
 11
682.1816
 21
298.0
 31
0.0
  0
LINE
  5
4FF
330
3E3
100
AcDbEntity
 67
1
  8
COTAS
 62
3
370
13
100
AcDbLine
 10
57.0
 20
296.8
 30
0.0
 11
57.0
 21
299.2
 31
0.0
  0
LINE
  5
500
330
3E3
100
AcDbEntity
 67
1
  8
COTAS
 62
3
370
13
100
AcDbLine
 10
682.1816
 20
296.8
 30
0.0
 11
682.1816
 21
299.2
 31
0.0
  0
TEXT
  5
501
330
3E3
100
AcDbEntity
 67
1
  8
COTAS
 62
3
100
AcDbText
 10
369.5908
 20
299.0
 30
0.0
 40
1.5
  1
TOTAL SAP I-J = 15.630 m
 72
1
 11
369.5908
 21
299.0
 31
0.0
100
AcDbText
 73
2
  0
TEXT
  5
502
330
3E3
100
AcDbEntity
 67
1
  8
TEXTO
 62
7
100
AcDbText
 10
682.1816
 20
288.0
 30
0.0
 40
1.35
  1
ESC. H 1:25 | V 1:25 | Ejes/tramos obtenidos de SAP
 72
2
 11
682.1816
 21
288.0
 31
0.0
100
AcDbText
  0
LWPOLYLINE
  5
503
330
3E3
100
AcDbEntity
 67
1
  8
MARCO
 62
7
370
20
100
AcDbPolyline
 90
4
 70
1
 10
8.5
 20
122.0
 10
51.5
 20
122.0
 10
51.5
 20
166.0
 10
8.5
 20
166.0
  0
TEXT
  5
504
330
3E3
100
AcDbEntity
 67
1
  8
TEXTO
 62
7
100
AcDbText
 10
30.0
 20
161.0
 30
0.0
 40
2.6
  1
VIGA VC3
 72
1
 11
30.0
 21
161.0
 31
0.0
100
AcDbText
 73
2
  0
TEXT
  5
505
330
3E3
100
AcDbEntity
 67
1
  8
TEXTO
 62
7
100
AcDbText
 10
30.0
 20
155.0
 30
0.0
 40
2.2
  1
EJE 2
 72
1
 11
30.0
 21
155.0
 31
0.0
100
AcDbText
 73
2
  0
TEXT
  5
506
330
3E3
100
AcDbEntity
 67
1
  8
TEXTO
 62
7
100
AcDbText
 10
30.0
 20
149.0
 30
0.0
 40
1.9
  1
450x550 mm
 72
1
 11
30.0
 21
149.0
 31
0.0
100
AcDbText
 73
2
  0
TEXT
  5
507
330
3E3
100
AcDbEntity
 67
1
  8
TEXTO
100
AcDbText
 10
11.5
 20
142.0
 30
0.0
 40
1.7
  1
SUP 5#5
 11
11.5
 21
142.0
 31
0.0
100
AcDbText
  0
TEXT
  5
508
330
3E3
100
AcDbEntity
 67
1
  8
TEXTO
100
AcDbText
 10
11.5
 20
137.0
 30
0.0
 40
1.7
  1
INF 5#5
 11
11.5
 21
137.0
 31
0.0
100
AcDbText
  0
TEXT
  5
509
330
3E3
100
AcDbEntity
 67
1
  8
TEXTO
100
AcDbText
 10
11.5
 20
132.0
 30
0.0
 40
1.7
  1
TOR 0#5
 11
11.5
 21
132.0
 31
0.0
100
AcDbText
  0
TEXT
  5
50A
330
3E3
100
AcDbEntity
 67
1
  8
TEXTO
100
AcDbText
 10
11.5
 20
126.0
 30
0.0
 40
1.45
  1
NIVEL TIPO z=3.5 m
 11
11.5
 21
126.0
 31
0.0
100
AcDbText
  0
LWPOLYLINE
  5
50B
330
3E3
100
AcDbEntity
 67
1
  8
CONTORNO
 62
7
370
25
100
AcDbPolyline
 90
4
 70
1
 10
57.0
 20
130.0
 10
682.1816
 20
130.0
 10
682.1816
 20
152.0
 10
57.0
 20
152.0
  0
LWPOLYLINE
  5
50C
330
3E3
100
AcDbEntity
 67
1
  8
APOYOS
 62
9
370
15
100
AcDbPolyline
 90
4
 70
1
 10
47.0
 20
126.0
 10
67.0
 20
126.0
 10
67.0
 20
156.0
 10
47.0
 20
156.0
  0
LINE
  5
50D
330
3E3
100
AcDbEntity
 67
1
  8
EJES
  6
DASHED
 62
1
370
9
100
AcDbLine
 10
57.0
 20
119.0
 30
0.0
 11
57.0
 21
169.0
 31
0.0
  0
CIRCLE
  5
50E
330
3E3
100
AcDbEntity
 67
1
  8
EJES
 62
1
370
18
100
AcDbCircle
 10
57.0
 20
164.0
 30
0.0
 40
3.5
  0
TEXT
  5
50F
330
3E3
100
AcDbEntity
 67
1
  8
EJES
 62
1
100
AcDbText
 10
57.0
 20
164.0
 30
0.0
 40
2.0
  1
a
 72
1
 11
57.0
 21
164.0
 31
0.0
100
AcDbText
 73
2
  0
LWPOLYLINE
  5
510
330
3E3
100
AcDbEntity
 67
1
  8
APOYOS
 62
9
370
15
100
AcDbPolyline
 90
4
 70
1
 10
207.0
 20
126.0
 10
227.0
 20
126.0
 10
227.0
 20
156.0
 10
207.0
 20
156.0
  0
LINE
  5
511
330
3E3
100
AcDbEntity
 67
1
  8
EJES
  6
DASHED
 62
1
370
9
100
AcDbLine
 10
217.0
 20
119.0
 30
0.0
 11
217.0
 21
169.0
 31
0.0
  0
CIRCLE
  5
512
330
3E3
100
AcDbEntity
 67
1
  8
EJES
 62
1
370
18
100
AcDbCircle
 10
217.0
 20
164.0
 30
0.0
 40
3.5
  0
TEXT
  5
513
330
3E3
100
AcDbEntity
 67
1
  8
EJES
 62
1
100
AcDbText
 10
217.0
 20
164.0
 30
0.0
 40
2.0
  1
b
 72
1
 11
217.0
 21
164.0
 31
0.0
100
AcDbText
 73
2
  0
LWPOLYLINE
  5
514
330
3E3
100
AcDbEntity
 67
1
  8
APOYOS
 62
9
370
15
100
AcDbPolyline
 90
4
 70
1
 10
359.59080000000006
 20
126.0
 10
379.59080000000006
 20
126.0
 10
379.59080000000006
 20
156.0
 10
359.59080000000006
 20
156.0
  0
LINE
  5
515
330
3E3
100
AcDbEntity
 67
1
  8
EJES
  6
DASHED
 62
1
370
9
100
AcDbLine
 10
369.59080000000006
 20
119.0
 30
0.0
 11
369.59080000000006
 21
169.0
 31
0.0
  0
CIRCLE
  5
516
330
3E3
100
AcDbEntity
 67
1
  8
EJES
 62
1
370
18
100
AcDbCircle
 10
369.59080000000006
 20
164.0
 30
0.0
 40
3.5
  0
TEXT
  5
517
330
3E3
100
AcDbEntity
 67
1
  8
EJES
 62
1
100
AcDbText
 10
369.59080000000006
 20
164.0
 30
0.0
 40
2.0
  1
c
 72
1
 11
369.59080000000006
 21
164.0
 31
0.0
100
AcDbText
 73
2
  0
LWPOLYLINE
  5
518
330
3E3
100
AcDbEntity
 67
1
  8
APOYOS
 62
9
370
15
100
AcDbPolyline
 90
4
 70
1
 10
512.1816000000001
 20
126.0
 10
532.1816000000001
 20
126.0
 10
532.1816000000001
 20
156.0
 10
512.1816000000001
 20
156.0
  0
LINE
  5
519
330
3E3
100
AcDbEntity
 67
1
  8
EJES
  6
DASHED
 62
1
370
9
100
AcDbLine
 10
522.1816000000001
 20
119.0
 30
0.0
 11
522.1816000000001
 21
169.0
 31
0.0
  0
CIRCLE
  5
51A
330
3E3
100
AcDbEntity
 67
1
  8
EJES
 62
1
370
18
100
AcDbCircle
 10
522.1816000000001
 20
164.0
 30
0.0
 40
3.5
  0
TEXT
  5
51B
330
3E3
100
AcDbEntity
 67
1
  8
EJES
 62
1
100
AcDbText
 10
522.1816000000001
 20
164.0
 30
0.0
 40
2.0
  1
d
 72
1
 11
522.1816000000001
 21
164.0
 31
0.0
100
AcDbText
 73
2
  0
LWPOLYLINE
  5
51C
330
3E3
100
AcDbEntity
 67
1
  8
APOYOS
 62
9
370
15
100
AcDbPolyline
 90
4
 70
1
 10
672.1816000000001
 20
126.0
 10
692.1816000000001
 20
126.0
 10
692.1816000000001
 20
156.0
 10
672.1816000000001
 20
156.0
  0
LINE
  5
51D
330
3E3
100
AcDbEntity
 67
1
  8
EJES
  6
DASHED
 62
1
370
9
100
AcDbLine
 10
682.1816000000001
 20
119.0
 30
0.0
 11
682.1816000000001
 21
169.0
 31
0.0
  0
CIRCLE
  5
51E
330
3E3
100
AcDbEntity
 67
1
  8
EJES
 62
1
370
18
100
AcDbCircle
 10
682.1816000000001
 20
164.0
 30
0.0
 40
3.5
  0
TEXT
  5
51F
330
3E3
100
AcDbEntity
 67
1
  8
EJES
 62
1
100
AcDbText
 10
682.1816000000001
 20
164.0
 30
0.0
 40
2.0
  1
e
 72
1
 11
682.1816000000001
 21
164.0
 31
0.0
100
AcDbText
 73
2
  0
LINE
  5
520
330
3E3
100
AcDbEntity
 67
1
  8
ESTRIBOS
 62
8
370
9
100
AcDbLine
 10
59.0
 20
131.0
 30
0.0
 11
59.0
 21
151.0
 31
0.0
  0
LINE
  5
521
330
3E3
100
AcDbEntity
 67
1
  8
ESTRIBOS
 62
8
370
9
100
AcDbLine
 10
62.2
 20
131.0
 30
0.0
 11
62.2
 21
151.0
 31
0.0
  0
LINE
  5
522
330
3E3
100
AcDbEntity
 67
1
  8
ESTRIBOS
 62
8
370
9
100
AcDbLine
 10
65.4
 20
131.0
 30
0.0
 11
65.4
 21
151.0
 31
0.0
  0
LINE
  5
523
330
3E3
100
AcDbEntity
 67
1
  8
ESTRIBOS
 62
8
370
9
100
AcDbLine
 10
68.6
 20
131.0
 30
0.0
 11
68.6
 21
151.0
 31
0.0
  0
LINE
  5
524
330
3E3
100
AcDbEntity
 67
1
  8
ESTRIBOS
 62
8
370
9
100
AcDbLine
 10
71.8
 20
131.0
 30
0.0
 11
71.8
 21
151.0
 31
0.0
  0
LINE
  5
525
330
3E3
100
AcDbEntity
 67
1
  8
ESTRIBOS
 62
8
370
9
100
AcDbLine
 10
75.0
 20
131.0
 30
0.0
 11
75.0
 21
151.0
 31
0.0
  0
LINE
  5
526
330
3E3
100
AcDbEntity
 67
1
  8
ESTRIBOS
 62
8
370
9
100
AcDbLine
 10
78.2
 20
131.0
 30
0.0
 11
78.2
 21
151.0
 31
0.0
  0
LINE
  5
527
330
3E3
100
AcDbEntity
 67
1
  8
ESTRIBOS
 62
8
370
9
100
AcDbLine
 10
81.4
 20
131.0
 30
0.0
 11
81.4
 21
151.0
 31
0.0
  0
LINE
  5
528
330
3E3
100
AcDbEntity
 67
1
  8
ESTRIBOS
 62
8
370
9
100
AcDbLine
 10
84.6
 20
131.0
 30
0.0
 11
84.6
 21
151.0
 31
0.0
  0
LINE
  5
529
330
3E3
100
AcDbEntity
 67
1
  8
ESTRIBOS
 62
8
370
9
100
AcDbLine
 10
87.8
 20
131.0
 30
0.0
 11
87.8
 21
151.0
 31
0.0
  0
LINE
  5
52A
330
3E3
100
AcDbEntity
 67
1
  8
ESTRIBOS
 62
8
370
9
100
AcDbLine
 10
91.0
 20
131.0
 30
0.0
 11
91.0
 21
151.0
 31
0.0
  0
LINE
  5
52B
330
3E3
100
AcDbEntity
 67
1
  8
ESTRIBOS
 62
8
370
9
100
AcDbLine
 10
94.2
 20
131.0
 30
0.0
 11
94.2
 21
151.0
 31
0.0
  0
LINE
  5
52C
330
3E3
100
AcDbEntity
 67
1
  8
ESTRIBOS
 62
8
370
9
100
AcDbLine
 10
97.4
 20
131.0
 30
0.0
 11
97.4
 21
151.0
 31
0.0
  0
LINE
  5
52D
330
3E3
100
AcDbEntity
 67
1
  8
ESTRIBOS
 62
8
370
9
100
AcDbLine
 10
100.6
 20
131.0
 30
0.0
 11
100.6
 21
151.0
 31
0.0
  0
LINE
  5
52E
330
3E3
100
AcDbEntity
 67
1
  8
ESTRIBOS
 62
8
370
9
100
AcDbLine
 10
104.2
 20
131.0
 30
0.0
 11
104.2
 21
151.0
 31
0.0
  0
LINE
  5
52F
330
3E3
100
AcDbEntity
 67
1
  8
ESTRIBOS
 62
8
370
9
100
AcDbLine
 10
107.4
 20
131.0
 30
0.0
 11
107.4
 21
151.0
 31
0.0
  0
LINE
  5
530
330
3E3
100
AcDbEntity
 67
1
  8
ESTRIBOS
 62
8
370
9
100
AcDbLine
 10
110.6
 20
131.0
 30
0.0
 11
110.6
 21
151.0
 31
0.0
  0
LINE
  5
531
330
3E3
100
AcDbEntity
 67
1
  8
ESTRIBOS
 62
8
370
9
100
AcDbLine
 10
113.8
 20
131.0
 30
0.0
 11
113.8
 21
151.0
 31
0.0
  0
LINE
  5
532
330
3E3
100
AcDbEntity
 67
1
  8
ESTRIBOS
 62
8
370
9
100
AcDbLine
 10
117.0
 20
131.0
 30
0.0
 11
117.0
 21
151.0
 31
0.0
  0
LINE
  5
533
330
3E3
100
AcDbEntity
 67
1
  8
ESTRIBOS
 62
8
370
9
100
AcDbLine
 10
120.2
 20
131.0
 30
0.0
 11
120.2
 21
151.0
 31
0.0
  0
LINE
  5
534
330
3E3
100
AcDbEntity
 67
1
  8
ESTRIBOS
 62
8
370
9
100
AcDbLine
 10
123.4
 20
131.0
 30
0.0
 11
123.4
 21
151.0
 31
0.0
  0
LINE
  5
535
330
3E3
100
AcDbEntity
 67
1
  8
ESTRIBOS
 62
8
370
9
100
AcDbLine
 10
126.6
 20
131.0
 30
0.0
 11
126.6
 21
151.0
 31
0.0
  0
LINE
  5
536
330
3E3
100
AcDbEntity
 67
1
  8
ESTRIBOS
 62
8
370
9
100
AcDbLine
 10
129.8
 20
131.0
 30
0.0
 11
129.8
 21
151.0
 31
0.0
  0
LINE
  5
537
330
3E3
100
AcDbEntity
 67
1
  8
ESTRIBOS
 62
8
370
9
100
AcDbLine
 10
133.0
 20
131.0
 30
0.0
 11
133.0
 21
151.0
 31
0.0
  0
LINE
  5
538
330
3E3
100
AcDbEntity
 67
1
  8
ESTRIBOS
 62
8
370
9
100
AcDbLine
 10
136.2
 20
131.0
 30
0.0
 11
136.2
 21
151.0
 31
0.0
  0
LINE
  5
539
330
3E3
100
AcDbEntity
 67
1
  8
ESTRIBOS
 62
8
370
9
100
AcDbLine
 10
139.4
 20
131.0
 30
0.0
 11
139.4
 21
151.0
 31
0.0
  0
LINE
  5
53A
330
3E3
100
AcDbEntity
 67
1
  8
ESTRIBOS
 62
8
370
9
100
AcDbLine
 10
142.6
 20
131.0
 30
0.0
 11
142.6
 21
151.0
 31
0.0
  0
LINE
  5
53B
330
3E3
100
AcDbEntity
 67
1
  8
ESTRIBOS
 62
8
370
9
100
AcDbLine
 10
145.8
 20
131.0
 30
0.0
 11
145.8
 21
151.0
 31
0.0
  0
LINE
  5
53C
330
3E3
100
AcDbEntity
 67
1
  8
ESTRIBOS
 62
8
370
9
100
AcDbLine
 10
149.0
 20
131.0
 30
0.0
 11
149.0
 21
151.0
 31
0.0
  0
LINE
  5
53D
330
3E3
100
AcDbEntity
 67
1
  8
ESTRIBOS
 62
8
370
9
100
AcDbLine
 10
152.2
 20
131.0
 30
0.0
 11
152.2
 21
151.0
 31
0.0
  0
LINE
  5
53E
330
3E3
100
AcDbEntity
 67
1
  8
ESTRIBOS
 62
8
370
9
100
AcDbLine
 10
155.4
 20
131.0
 30
0.0
 11
155.4
 21
151.0
 31
0.0
  0
LINE
  5
53F
330
3E3
100
AcDbEntity
 67
1
  8
ESTRIBOS
 62
8
370
9
100
AcDbLine
 10
158.6
 20
131.0
 30
0.0
 11
158.6
 21
151.0
 31
0.0
  0
LINE
  5
540
330
3E3
100
AcDbEntity
 67
1
  8
ESTRIBOS
 62
8
370
9
100
AcDbLine
 10
161.8
 20
131.0
 30
0.0
 11
161.8
 21
151.0
 31
0.0
  0
LINE
  5
541
330
3E3
100
AcDbEntity
 67
1
  8
ESTRIBOS
 62
8
370
9
100
AcDbLine
 10
165.0
 20
131.0
 30
0.0
 11
165.0
 21
151.0
 31
0.0
  0
LINE
  5
542
330
3E3
100
AcDbEntity
 67
1
  8
ESTRIBOS
 62
8
370
9
100
AcDbLine
 10
168.2
 20
131.0
 30
0.0
 11
168.2
 21
151.0
 31
0.0
  0
LINE
  5
543
330
3E3
100
AcDbEntity
 67
1
  8
ESTRIBOS
 62
8
370
9
100
AcDbLine
 10
171.4
 20
131.0
 30
0.0
 11
171.4
 21
151.0
 31
0.0
  0
LINE
  5
544
330
3E3
100
AcDbEntity
 67
1
  8
ESTRIBOS
 62
8
370
9
100
AcDbLine
 10
173.4
 20
131.0
 30
0.0
 11
173.4
 21
151.0
 31
0.0
  0
LINE
  5
545
330
3E3
100
AcDbEntity
 67
1
  8
ESTRIBOS
 62
8
370
9
100
AcDbLine
 10
176.6
 20
131.0
 30
0.0
 11
176.6
 21
151.0
 31
0.0
  0
LINE
  5
546
330
3E3
100
AcDbEntity
 67
1
  8
ESTRIBOS
 62
8
370
9
100
AcDbLine
 10
179.8
 20
131.0
 30
0.0
 11
179.8
 21
151.0
 31
0.0
  0
LINE
  5
547
330
3E3
100
AcDbEntity
 67
1
  8
ESTRIBOS
 62
8
370
9
100
AcDbLine
 10
183.0
 20
131.0
 30
0.0
 11
183.0
 21
151.0
 31
0.0
  0
LINE
  5
548
330
3E3
100
AcDbEntity
 67
1
  8
ESTRIBOS
 62
8
370
9
100
AcDbLine
 10
186.2
 20
131.0
 30
0.0
 11
186.2
 21
151.0
 31
0.0
  0
LINE
  5
549
330
3E3
100
AcDbEntity
 67
1
  8
ESTRIBOS
 62
8
370
9
100
AcDbLine
 10
189.4
 20
131.0
 30
0.0
 11
189.4
 21
151.0
 31
0.0
  0
LINE
  5
54A
330
3E3
100
AcDbEntity
 67
1
  8
ESTRIBOS
 62
8
370
9
100
AcDbLine
 10
192.6
 20
131.0
 30
0.0
 11
192.6
 21
151.0
 31
0.0
  0
LINE
  5
54B
330
3E3
100
AcDbEntity
 67
1
  8
ESTRIBOS
 62
8
370
9
100
AcDbLine
 10
195.8
 20
131.0
 30
0.0
 11
195.8
 21
151.0
 31
0.0
  0
LINE
  5
54C
330
3E3
100
AcDbEntity
 67
1
  8
ESTRIBOS
 62
8
370
9
100
AcDbLine
 10
199.0
 20
131.0
 30
0.0
 11
199.0
 21
151.0
 31
0.0
  0
LINE
  5
54D
330
3E3
100
AcDbEntity
 67
1
  8
ESTRIBOS
 62
8
370
9
100
AcDbLine
 10
202.2
 20
131.0
 30
0.0
 11
202.2
 21
151.0
 31
0.0
  0
LINE
  5
54E
330
3E3
100
AcDbEntity
 67
1
  8
ESTRIBOS
 62
8
370
9
100
AcDbLine
 10
205.4
 20
131.0
 30
0.0
 11
205.4
 21
151.0
 31
0.0
  0
LINE
  5
54F
330
3E3
100
AcDbEntity
 67
1
  8
ESTRIBOS
 62
8
370
9
100
AcDbLine
 10
208.6
 20
131.0
 30
0.0
 11
208.6
 21
151.0
 31
0.0
  0
LINE
  5
550
330
3E3
100
AcDbEntity
 67
1
  8
ESTRIBOS
 62
8
370
9
100
AcDbLine
 10
211.8
 20
131.0
 30
0.0
 11
211.8
 21
151.0
 31
0.0
  0
LINE
  5
551
330
3E3
100
AcDbEntity
 67
1
  8
ESTRIBOS
 62
8
370
9
100
AcDbLine
 10
215.0
 20
131.0
 30
0.0
 11
215.0
 21
151.0
 31
0.0
  0
TEXT
  5
552
330
3E3
100
AcDbEntity
 67
1
  8
ESTRIBOS
 62
8
100
AcDbText
 10
137.0
 20
140.2
 30
0.0
 40
1.25
  1
Nº3 2R @80 (2h) / @80 ctr
 72
1
 11
137.0
 21
140.2
 31
0.0
100
AcDbText
 73
2
  0
LINE
  5
553
330
3E3
100
AcDbEntity
 67
1
  8
ESTRIBOS
 62
8
370
9
100
AcDbLine
 10
219.0
 20
131.0
 30
0.0
 11
219.0
 21
151.0
 31
0.0
  0
LINE
  5
554
330
3E3
100
AcDbEntity
 67
1
  8
ESTRIBOS
 62
8
370
9
100
AcDbLine
 10
222.2
 20
131.0
 30
0.0
 11
222.2
 21
151.0
 31
0.0
  0
LINE
  5
555
330
3E3
100
AcDbEntity
 67
1
  8
ESTRIBOS
 62
8
370
9
100
AcDbLine
 10
225.4
 20
131.0
 30
0.0
 11
225.4
 21
151.0
 31
0.0
  0
LINE
  5
556
330
3E3
100
AcDbEntity
 67
1
  8
ESTRIBOS
 62
8
370
9
100
AcDbLine
 10
228.6
 20
131.0
 30
0.0
 11
228.6
 21
151.0
 31
0.0
  0
LINE
  5
557
330
3E3
100
AcDbEntity
 67
1
  8
ESTRIBOS
 62
8
370
9
100
AcDbLine
 10
231.8
 20
131.0
 30
0.0
 11
231.8
 21
151.0
 31
0.0
  0
LINE
  5
558
330
3E3
100
AcDbEntity
 67
1
  8
ESTRIBOS
 62
8
370
9
100
AcDbLine
 10
235.0
 20
131.0
 30
0.0
 11
235.0
 21
151.0
 31
0.0
  0
LINE
  5
559
330
3E3
100
AcDbEntity
 67
1
  8
ESTRIBOS
 62
8
370
9
100
AcDbLine
 10
238.2
 20
131.0
 30
0.0
 11
238.2
 21
151.0
 31
0.0
  0
LINE
  5
55A
330
3E3
100
AcDbEntity
 67
1
  8
ESTRIBOS
 62
8
370
9
100
AcDbLine
 10
241.4
 20
131.0
 30
0.0
 11
241.4
 21
151.0
 31
0.0
  0
LINE
  5
55B
330
3E3
100
AcDbEntity
 67
1
  8
ESTRIBOS
 62
8
370
9
100
AcDbLine
 10
244.6
 20
131.0
 30
0.0
 11
244.6
 21
151.0
 31
0.0
  0
LINE
  5
55C
330
3E3
100
AcDbEntity
 67
1
  8
ESTRIBOS
 62
8
370
9
100
AcDbLine
 10
247.8
 20
131.0
 30
0.0
 11
247.8
 21
151.0
 31
0.0
  0
LINE
  5
55D
330
3E3
100
AcDbEntity
 67
1
  8
ESTRIBOS
 62
8
370
9
100
AcDbLine
 10
251.0
 20
131.0
 30
0.0
 11
251.0
 21
151.0
 31
0.0
  0
LINE
  5
55E
330
3E3
100
AcDbEntity
 67
1
  8
ESTRIBOS
 62
8
370
9
100
AcDbLine
 10
254.2
 20
131.0
 30
0.0
 11
254.2
 21
151.0
 31
0.0
  0
LINE
  5
55F
330
3E3
100
AcDbEntity
 67
1
  8
ESTRIBOS
 62
8
370
9
100
AcDbLine
 10
257.4
 20
131.0
 30
0.0
 11
257.4
 21
151.0
 31
0.0
  0
LINE
  5
560
330
3E3
100
AcDbEntity
 67
1
  8
ESTRIBOS
 62
8
370
9
100
AcDbLine
 10
260.6
 20
131.0
 30
0.0
 11
260.6
 21
151.0
 31
0.0
  0
LINE
  5
561
330
3E3
100
AcDbEntity
 67
1
  8
ESTRIBOS
 62
8
370
9
100
AcDbLine
 10
264.2
 20
131.0
 30
0.0
 11
264.2
 21
151.0
 31
0.0
  0
LINE
  5
562
330
3E3
100
AcDbEntity
 67
1
  8
ESTRIBOS
 62
8
370
9
100
AcDbLine
 10
267.4
 20
131.0
 30
0.0
 11
267.4
 21
151.0
 31
0.0
  0
LINE
  5
563
330
3E3
100
AcDbEntity
 67
1
  8
ESTRIBOS
 62
8
370
9
100
AcDbLine
 10
270.6
 20
131.0
 30
0.0
 11
270.6
 21
151.0
 31
0.0
  0
LINE
  5
564
330
3E3
100
AcDbEntity
 67
1
  8
ESTRIBOS
 62
8
370
9
100
AcDbLine
 10
273.8
 20
131.0
 30
0.0
 11
273.8
 21
151.0
 31
0.0
  0
LINE
  5
565
330
3E3
100
AcDbEntity
 67
1
  8
ESTRIBOS
 62
8
370
9
100
AcDbLine
 10
277.0
 20
131.0
 30
0.0
 11
277.0
 21
151.0
 31
0.0
  0
LINE
  5
566
330
3E3
100
AcDbEntity
 67
1
  8
ESTRIBOS
 62
8
370
9
100
AcDbLine
 10
280.2
 20
131.0
 30
0.0
 11
280.2
 21
151.0
 31
0.0
  0
LINE
  5
567
330
3E3
100
AcDbEntity
 67
1
  8
ESTRIBOS
 62
8
370
9
100
AcDbLine
 10
283.4
 20
131.0
 30
0.0
 11
283.4
 21
151.0
 31
0.0
  0
LINE
  5
568
330
3E3
100
AcDbEntity
 67
1
  8
ESTRIBOS
 62
8
370
9
100
AcDbLine
 10
286.6
 20
131.0
 30
0.0
 11
286.6
 21
151.0
 31
0.0
  0
LINE
  5
569
330
3E3
100
AcDbEntity
 67
1
  8
ESTRIBOS
 62
8
370
9
100
AcDbLine
 10
289.8
 20
131.0
 30
0.0
 11
289.8
 21
151.0
 31
0.0
  0
LINE
  5
56A
330
3E3
100
AcDbEntity
 67
1
  8
ESTRIBOS
 62
8
370
9
100
AcDbLine
 10
293.0
 20
131.0
 30
0.0
 11
293.0
 21
151.0
 31
0.0
  0
LINE
  5
56B
330
3E3
100
AcDbEntity
 67
1
  8
ESTRIBOS
 62
8
370
9
100
AcDbLine
 10
296.2
 20
131.0
 30
0.0
 11
296.2
 21
151.0
 31
0.0
  0
LINE
  5
56C
330
3E3
100
AcDbEntity
 67
1
  8
ESTRIBOS
 62
8
370
9
100
AcDbLine
 10
299.4
 20
131.0
 30
0.0
 11
299.4
 21
151.0
 31
0.0
  0
LINE
  5
56D
330
3E3
100
AcDbEntity
 67
1
  8
ESTRIBOS
 62
8
370
9
100
AcDbLine
 10
302.6
 20
131.0
 30
0.0
 11
302.6
 21
151.0
 31
0.0
  0
LINE
  5
56E
330
3E3
100
AcDbEntity
 67
1
  8
ESTRIBOS
 62
8
370
9
100
AcDbLine
 10
305.8
 20
131.0
 30
0.0
 11
305.8
 21
151.0
 31
0.0
  0
LINE
  5
56F
330
3E3
100
AcDbEntity
 67
1
  8
ESTRIBOS
 62
8
370
9
100
AcDbLine
 10
309.0
 20
131.0
 30
0.0
 11
309.0
 21
151.0
 31
0.0
  0
LINE
  5
570
330
3E3
100
AcDbEntity
 67
1
  8
ESTRIBOS
 62
8
370
9
100
AcDbLine
 10
312.2
 20
131.0
 30
0.0
 11
312.2
 21
151.0
 31
0.0
  0
LINE
  5
571
330
3E3
100
AcDbEntity
 67
1
  8
ESTRIBOS
 62
8
370
9
100
AcDbLine
 10
315.4
 20
131.0
 30
0.0
 11
315.4
 21
151.0
 31
0.0
  0
LINE
  5
572
330
3E3
100
AcDbEntity
 67
1
  8
ESTRIBOS
 62
8
370
9
100
AcDbLine
 10
318.6
 20
131.0
 30
0.0
 11
318.6
 21
151.0
 31
0.0
  0
LINE
  5
573
330
3E3
100
AcDbEntity
 67
1
  8
ESTRIBOS
 62
8
370
9
100
AcDbLine
 10
321.8
 20
131.0
 30
0.0
 11
321.8
 21
151.0
 31
0.0
  0
LINE
  5
574
330
3E3
100
AcDbEntity
 67
1
  8
ESTRIBOS
 62
8
370
9
100
AcDbLine
 10
325.0
 20
131.0
 30
0.0
 11
325.0
 21
151.0
 31
0.0
  0
LINE
  5
575
330
3E3
100
AcDbEntity
 67
1
  8
ESTRIBOS
 62
8
370
9
100
AcDbLine
 10
325.9908
 20
131.0
 30
0.0
 11
325.9908
 21
151.0
 31
0.0
  0
LINE
  5
576
330
3E3
100
AcDbEntity
 67
1
  8
ESTRIBOS
 62
8
370
9
100
AcDbLine
 10
329.1908
 20
131.0
 30
0.0
 11
329.1908
 21
151.0
 31
0.0
  0
LINE
  5
577
330
3E3
100
AcDbEntity
 67
1
  8
ESTRIBOS
 62
8
370
9
100
AcDbLine
 10
332.3908
 20
131.0
 30
0.0
 11
332.3908
 21
151.0
 31
0.0
  0
LINE
  5
578
330
3E3
100
AcDbEntity
 67
1
  8
ESTRIBOS
 62
8
370
9
100
AcDbLine
 10
335.5908
 20
131.0
 30
0.0
 11
335.5908
 21
151.0
 31
0.0
  0
LINE
  5
579
330
3E3
100
AcDbEntity
 67
1
  8
ESTRIBOS
 62
8
370
9
100
AcDbLine
 10
338.7908
 20
131.0
 30
0.0
 11
338.7908
 21
151.0
 31
0.0
  0
LINE
  5
57A
330
3E3
100
AcDbEntity
 67
1
  8
ESTRIBOS
 62
8
370
9
100
AcDbLine
 10
341.9908
 20
131.0
 30
0.0
 11
341.9908
 21
151.0
 31
0.0
  0
LINE
  5
57B
330
3E3
100
AcDbEntity
 67
1
  8
ESTRIBOS
 62
8
370
9
100
AcDbLine
 10
345.1908
 20
131.0
 30
0.0
 11
345.1908
 21
151.0
 31
0.0
  0
LINE
  5
57C
330
3E3
100
AcDbEntity
 67
1
  8
ESTRIBOS
 62
8
370
9
100
AcDbLine
 10
348.3908
 20
131.0
 30
0.0
 11
348.3908
 21
151.0
 31
0.0
  0
LINE
  5
57D
330
3E3
100
AcDbEntity
 67
1
  8
ESTRIBOS
 62
8
370
9
100
AcDbLine
 10
351.5908
 20
131.0
 30
0.0
 11
351.5908
 21
151.0
 31
0.0
  0
LINE
  5
57E
330
3E3
100
AcDbEntity
 67
1
  8
ESTRIBOS
 62
8
370
9
100
AcDbLine
 10
354.7908
 20
131.0
 30
0.0
 11
354.7908
 21
151.0
 31
0.0
  0
LINE
  5
57F
330
3E3
100
AcDbEntity
 67
1
  8
ESTRIBOS
 62
8
370
9
100
AcDbLine
 10
357.9908
 20
131.0
 30
0.0
 11
357.9908
 21
151.0
 31
0.0
  0
LINE
  5
580
330
3E3
100
AcDbEntity
 67
1
  8
ESTRIBOS
 62
8
370
9
100
AcDbLine
 10
361.1908
 20
131.0
 30
0.0
 11
361.1908
 21
151.0
 31
0.0
  0
LINE
  5
581
330
3E3
100
AcDbEntity
 67
1
  8
ESTRIBOS
 62
8
370
9
100
AcDbLine
 10
364.3908
 20
131.0
 30
0.0
 11
364.3908
 21
151.0
 31
0.0
  0
LINE
  5
582
330
3E3
100
AcDbEntity
 67
1
  8
ESTRIBOS
 62
8
370
9
100
AcDbLine
 10
367.5908
 20
131.0
 30
0.0
 11
367.5908
 21
151.0
 31
0.0
  0
TEXT
  5
583
330
3E3
100
AcDbEntity
 67
1
  8
ESTRIBOS
 62
8
100
AcDbText
 10
293.29540000000003
 20
140.2
 30
0.0
 40
1.25
  1
Nº3 2R @80 (2h) / @80 ctr
 72
1
 11
293.29540000000003
 21
140.2
 31
0.0
100
AcDbText
 73
2
  0
LINE
  5
584
330
3E3
100
AcDbEntity
 67
1
  8
ESTRIBOS
 62
8
370
9
100
AcDbLine
 10
371.5908
 20
131.0
 30
0.0
 11
371.5908
 21
151.0
 31
0.0
  0
LINE
  5
585
330
3E3
100
AcDbEntity
 67
1
  8
ESTRIBOS
 62
8
370
9
100
AcDbLine
 10
374.7908
 20
131.0
 30
0.0
 11
374.7908
 21
151.0
 31
0.0
  0
LINE
  5
586
330
3E3
100
AcDbEntity
 67
1
  8
ESTRIBOS
 62
8
370
9
100
AcDbLine
 10
377.9908
 20
131.0
 30
0.0
 11
377.9908
 21
151.0
 31
0.0
  0
LINE
  5
587
330
3E3
100
AcDbEntity
 67
1
  8
ESTRIBOS
 62
8
370
9
100
AcDbLine
 10
381.1908
 20
131.0
 30
0.0
 11
381.1908
 21
151.0
 31
0.0
  0
LINE
  5
588
330
3E3
100
AcDbEntity
 67
1
  8
ESTRIBOS
 62
8
370
9
100
AcDbLine
 10
384.3908
 20
131.0
 30
0.0
 11
384.3908
 21
151.0
 31
0.0
  0
LINE
  5
589
330
3E3
100
AcDbEntity
 67
1
  8
ESTRIBOS
 62
8
370
9
100
AcDbLine
 10
387.5908
 20
131.0
 30
0.0
 11
387.5908
 21
151.0
 31
0.0
  0
LINE
  5
58A
330
3E3
100
AcDbEntity
 67
1
  8
ESTRIBOS
 62
8
370
9
100
AcDbLine
 10
390.7908
 20
131.0
 30
0.0
 11
390.7908
 21
151.0
 31
0.0
  0
LINE
  5
58B
330
3E3
100
AcDbEntity
 67
1
  8
ESTRIBOS
 62
8
370
9
100
AcDbLine
 10
393.9908
 20
131.0
 30
0.0
 11
393.9908
 21
151.0
 31
0.0
  0
LINE
  5
58C
330
3E3
100
AcDbEntity
 67
1
  8
ESTRIBOS
 62
8
370
9
100
AcDbLine
 10
397.1908
 20
131.0
 30
0.0
 11
397.1908
 21
151.0
 31
0.0
  0
LINE
  5
58D
330
3E3
100
AcDbEntity
 67
1
  8
ESTRIBOS
 62
8
370
9
100
AcDbLine
 10
400.3908
 20
131.0
 30
0.0
 11
400.3908
 21
151.0
 31
0.0
  0
LINE
  5
58E
330
3E3
100
AcDbEntity
 67
1
  8
ESTRIBOS
 62
8
370
9
100
AcDbLine
 10
403.5908
 20
131.0
 30
0.0
 11
403.5908
 21
151.0
 31
0.0
  0
LINE
  5
58F
330
3E3
100
AcDbEntity
 67
1
  8
ESTRIBOS
 62
8
370
9
100
AcDbLine
 10
406.7908
 20
131.0
 30
0.0
 11
406.7908
 21
151.0
 31
0.0
  0
LINE
  5
590
330
3E3
100
AcDbEntity
 67
1
  8
ESTRIBOS
 62
8
370
9
100
AcDbLine
 10
409.9908
 20
131.0
 30
0.0
 11
409.9908
 21
151.0
 31
0.0
  0
LINE
  5
591
330
3E3
100
AcDbEntity
 67
1
  8
ESTRIBOS
 62
8
370
9
100
AcDbLine
 10
413.1908
 20
131.0
 30
0.0
 11
413.1908
 21
151.0
 31
0.0
  0
LINE
  5
592
330
3E3
100
AcDbEntity
 67
1
  8
ESTRIBOS
 62
8
370
9
100
AcDbLine
 10
416.7908
 20
131.0
 30
0.0
 11
416.7908
 21
151.0
 31
0.0
  0
LINE
  5
593
330
3E3
100
AcDbEntity
 67
1
  8
ESTRIBOS
 62
8
370
9
100
AcDbLine
 10
419.9908
 20
131.0
 30
0.0
 11
419.9908
 21
151.0
 31
0.0
  0
LINE
  5
594
330
3E3
100
AcDbEntity
 67
1
  8
ESTRIBOS
 62
8
370
9
100
AcDbLine
 10
423.1908
 20
131.0
 30
0.0
 11
423.1908
 21
151.0
 31
0.0
  0
LINE
  5
595
330
3E3
100
AcDbEntity
 67
1
  8
ESTRIBOS
 62
8
370
9
100
AcDbLine
 10
426.3908
 20
131.0
 30
0.0
 11
426.3908
 21
151.0
 31
0.0
  0
LINE
  5
596
330
3E3
100
AcDbEntity
 67
1
  8
ESTRIBOS
 62
8
370
9
100
AcDbLine
 10
429.5908
 20
131.0
 30
0.0
 11
429.5908
 21
151.0
 31
0.0
  0
LINE
  5
597
330
3E3
100
AcDbEntity
 67
1
  8
ESTRIBOS
 62
8
370
9
100
AcDbLine
 10
432.7908
 20
131.0
 30
0.0
 11
432.7908
 21
151.0
 31
0.0
  0
LINE
  5
598
330
3E3
100
AcDbEntity
 67
1
  8
ESTRIBOS
 62
8
370
9
100
AcDbLine
 10
435.9908
 20
131.0
 30
0.0
 11
435.9908
 21
151.0
 31
0.0
  0
LINE
  5
599
330
3E3
100
AcDbEntity
 67
1
  8
ESTRIBOS
 62
8
370
9
100
AcDbLine
 10
439.1908
 20
131.0
 30
0.0
 11
439.1908
 21
151.0
 31
0.0
  0
LINE
  5
59A
330
3E3
100
AcDbEntity
 67
1
  8
ESTRIBOS
 62
8
370
9
100
AcDbLine
 10
442.3908
 20
131.0
 30
0.0
 11
442.3908
 21
151.0
 31
0.0
  0
LINE
  5
59B
330
3E3
100
AcDbEntity
 67
1
  8
ESTRIBOS
 62
8
370
9
100
AcDbLine
 10
445.5908
 20
131.0
 30
0.0
 11
445.5908
 21
151.0
 31
0.0
  0
LINE
  5
59C
330
3E3
100
AcDbEntity
 67
1
  8
ESTRIBOS
 62
8
370
9
100
AcDbLine
 10
448.7908
 20
131.0
 30
0.0
 11
448.7908
 21
151.0
 31
0.0
  0
LINE
  5
59D
330
3E3
100
AcDbEntity
 67
1
  8
ESTRIBOS
 62
8
370
9
100
AcDbLine
 10
451.9908
 20
131.0
 30
0.0
 11
451.9908
 21
151.0
 31
0.0
  0
LINE
  5
59E
330
3E3
100
AcDbEntity
 67
1
  8
ESTRIBOS
 62
8
370
9
100
AcDbLine
 10
455.1908
 20
131.0
 30
0.0
 11
455.1908
 21
151.0
 31
0.0
  0
LINE
  5
59F
330
3E3
100
AcDbEntity
 67
1
  8
ESTRIBOS
 62
8
370
9
100
AcDbLine
 10
458.3908
 20
131.0
 30
0.0
 11
458.3908
 21
151.0
 31
0.0
  0
LINE
  5
5A0
330
3E3
100
AcDbEntity
 67
1
  8
ESTRIBOS
 62
8
370
9
100
AcDbLine
 10
461.5908
 20
131.0
 30
0.0
 11
461.5908
 21
151.0
 31
0.0
  0
LINE
  5
5A1
330
3E3
100
AcDbEntity
 67
1
  8
ESTRIBOS
 62
8
370
9
100
AcDbLine
 10
464.7908
 20
131.0
 30
0.0
 11
464.7908
 21
151.0
 31
0.0
  0
LINE
  5
5A2
330
3E3
100
AcDbEntity
 67
1
  8
ESTRIBOS
 62
8
370
9
100
AcDbLine
 10
467.9908
 20
131.0
 30
0.0
 11
467.9908
 21
151.0
 31
0.0
  0
LINE
  5
5A3
330
3E3
100
AcDbEntity
 67
1
  8
ESTRIBOS
 62
8
370
9
100
AcDbLine
 10
471.1908
 20
131.0
 30
0.0
 11
471.1908
 21
151.0
 31
0.0
  0
LINE
  5
5A4
330
3E3
100
AcDbEntity
 67
1
  8
ESTRIBOS
 62
8
370
9
100
AcDbLine
 10
474.3908
 20
131.0
 30
0.0
 11
474.3908
 21
151.0
 31
0.0
  0
LINE
  5
5A5
330
3E3
100
AcDbEntity
 67
1
  8
ESTRIBOS
 62
8
370
9
100
AcDbLine
 10
477.5908
 20
131.0
 30
0.0
 11
477.5908
 21
151.0
 31
0.0
  0
LINE
  5
5A6
330
3E3
100
AcDbEntity
 67
1
  8
ESTRIBOS
 62
8
370
9
100
AcDbLine
 10
478.5816
 20
131.0
 30
0.0
 11
478.5816
 21
151.0
 31
0.0
  0
LINE
  5
5A7
330
3E3
100
AcDbEntity
 67
1
  8
ESTRIBOS
 62
8
370
9
100
AcDbLine
 10
481.7816
 20
131.0
 30
0.0
 11
481.7816
 21
151.0
 31
0.0
  0
LINE
  5
5A8
330
3E3
100
AcDbEntity
 67
1
  8
ESTRIBOS
 62
8
370
9
100
AcDbLine
 10
484.9816
 20
131.0
 30
0.0
 11
484.9816
 21
151.0
 31
0.0
  0
LINE
  5
5A9
330
3E3
100
AcDbEntity
 67
1
  8
ESTRIBOS
 62
8
370
9
100
AcDbLine
 10
488.1816
 20
131.0
 30
0.0
 11
488.1816
 21
151.0
 31
0.0
  0
LINE
  5
5AA
330
3E3
100
AcDbEntity
 67
1
  8
ESTRIBOS
 62
8
370
9
100
AcDbLine
 10
491.3816
 20
131.0
 30
0.0
 11
491.3816
 21
151.0
 31
0.0
  0
LINE
  5
5AB
330
3E3
100
AcDbEntity
 67
1
  8
ESTRIBOS
 62
8
370
9
100
AcDbLine
 10
494.5816
 20
131.0
 30
0.0
 11
494.5816
 21
151.0
 31
0.0
  0
LINE
  5
5AC
330
3E3
100
AcDbEntity
 67
1
  8
ESTRIBOS
 62
8
370
9
100
AcDbLine
 10
497.7816
 20
131.0
 30
0.0
 11
497.7816
 21
151.0
 31
0.0
  0
LINE
  5
5AD
330
3E3
100
AcDbEntity
 67
1
  8
ESTRIBOS
 62
8
370
9
100
AcDbLine
 10
500.9816
 20
131.0
 30
0.0
 11
500.9816
 21
151.0
 31
0.0
  0
LINE
  5
5AE
330
3E3
100
AcDbEntity
 67
1
  8
ESTRIBOS
 62
8
370
9
100
AcDbLine
 10
504.1816
 20
131.0
 30
0.0
 11
504.1816
 21
151.0
 31
0.0
  0
LINE
  5
5AF
330
3E3
100
AcDbEntity
 67
1
  8
ESTRIBOS
 62
8
370
9
100
AcDbLine
 10
507.3816
 20
131.0
 30
0.0
 11
507.3816
 21
151.0
 31
0.0
  0
LINE
  5
5B0
330
3E3
100
AcDbEntity
 67
1
  8
ESTRIBOS
 62
8
370
9
100
AcDbLine
 10
510.5816
 20
131.0
 30
0.0
 11
510.5816
 21
151.0
 31
0.0
  0
LINE
  5
5B1
330
3E3
100
AcDbEntity
 67
1
  8
ESTRIBOS
 62
8
370
9
100
AcDbLine
 10
513.7816
 20
131.0
 30
0.0
 11
513.7816
 21
151.0
 31
0.0
  0
LINE
  5
5B2
330
3E3
100
AcDbEntity
 67
1
  8
ESTRIBOS
 62
8
370
9
100
AcDbLine
 10
516.9816
 20
131.0
 30
0.0
 11
516.9816
 21
151.0
 31
0.0
  0
LINE
  5
5B3
330
3E3
100
AcDbEntity
 67
1
  8
ESTRIBOS
 62
8
370
9
100
AcDbLine
 10
520.1816
 20
131.0
 30
0.0
 11
520.1816
 21
151.0
 31
0.0
  0
TEXT
  5
5B4
330
3E3
100
AcDbEntity
 67
1
  8
ESTRIBOS
 62
8
100
AcDbText
 10
445.8862000000001
 20
140.2
 30
0.0
 40
1.25
  1
Nº3 2R @80 (2h) / @80 ctr
 72
1
 11
445.8862000000001
 21
140.2
 31
0.0
100
AcDbText
 73
2
  0
LINE
  5
5B5
330
3E3
100
AcDbEntity
 67
1
  8
ESTRIBOS
 62
8
370
9
100
AcDbLine
 10
524.1816
 20
131.0
 30
0.0
 11
524.1816
 21
151.0
 31
0.0
  0
LINE
  5
5B6
330
3E3
100
AcDbEntity
 67
1
  8
ESTRIBOS
 62
8
370
9
100
AcDbLine
 10
527.3816
 20
131.0
 30
0.0
 11
527.3816
 21
151.0
 31
0.0
  0
LINE
  5
5B7
330
3E3
100
AcDbEntity
 67
1
  8
ESTRIBOS
 62
8
370
9
100
AcDbLine
 10
530.5816
 20
131.0
 30
0.0
 11
530.5816
 21
151.0
 31
0.0
  0
LINE
  5
5B8
330
3E3
100
AcDbEntity
 67
1
  8
ESTRIBOS
 62
8
370
9
100
AcDbLine
 10
533.7816
 20
131.0
 30
0.0
 11
533.7816
 21
151.0
 31
0.0
  0
LINE
  5
5B9
330
3E3
100
AcDbEntity
 67
1
  8
ESTRIBOS
 62
8
370
9
100
AcDbLine
 10
536.9816
 20
131.0
 30
0.0
 11
536.9816
 21
151.0
 31
0.0
  0
LINE
  5
5BA
330
3E3
100
AcDbEntity
 67
1
  8
ESTRIBOS
 62
8
370
9
100
AcDbLine
 10
540.1816
 20
131.0
 30
0.0
 11
540.1816
 21
151.0
 31
0.0
  0
LINE
  5
5BB
330
3E3
100
AcDbEntity
 67
1
  8
ESTRIBOS
 62
8
370
9
100
AcDbLine
 10
543.3816
 20
131.0
 30
0.0
 11
543.3816
 21
151.0
 31
0.0
  0
LINE
  5
5BC
330
3E3
100
AcDbEntity
 67
1
  8
ESTRIBOS
 62
8
370
9
100
AcDbLine
 10
546.5816
 20
131.0
 30
0.0
 11
546.5816
 21
151.0
 31
0.0
  0
LINE
  5
5BD
330
3E3
100
AcDbEntity
 67
1
  8
ESTRIBOS
 62
8
370
9
100
AcDbLine
 10
549.7816
 20
131.0
 30
0.0
 11
549.7816
 21
151.0
 31
0.0
  0
LINE
  5
5BE
330
3E3
100
AcDbEntity
 67
1
  8
ESTRIBOS
 62
8
370
9
100
AcDbLine
 10
552.9816
 20
131.0
 30
0.0
 11
552.9816
 21
151.0
 31
0.0
  0
LINE
  5
5BF
330
3E3
100
AcDbEntity
 67
1
  8
ESTRIBOS
 62
8
370
9
100
AcDbLine
 10
556.1816
 20
131.0
 30
0.0
 11
556.1816
 21
151.0
 31
0.0
  0
LINE
  5
5C0
330
3E3
100
AcDbEntity
 67
1
  8
ESTRIBOS
 62
8
370
9
100
AcDbLine
 10
559.3816
 20
131.0
 30
0.0
 11
559.3816
 21
151.0
 31
0.0
  0
LINE
  5
5C1
330
3E3
100
AcDbEntity
 67
1
  8
ESTRIBOS
 62
8
370
9
100
AcDbLine
 10
562.5816
 20
131.0
 30
0.0
 11
562.5816
 21
151.0
 31
0.0
  0
LINE
  5
5C2
330
3E3
100
AcDbEntity
 67
1
  8
ESTRIBOS
 62
8
370
9
100
AcDbLine
 10
565.7816
 20
131.0
 30
0.0
 11
565.7816
 21
151.0
 31
0.0
  0
LINE
  5
5C3
330
3E3
100
AcDbEntity
 67
1
  8
ESTRIBOS
 62
8
370
9
100
AcDbLine
 10
569.3816
 20
131.0
 30
0.0
 11
569.3816
 21
151.0
 31
0.0
  0
LINE
  5
5C4
330
3E3
100
AcDbEntity
 67
1
  8
ESTRIBOS
 62
8
370
9
100
AcDbLine
 10
572.5816
 20
131.0
 30
0.0
 11
572.5816
 21
151.0
 31
0.0
  0
LINE
  5
5C5
330
3E3
100
AcDbEntity
 67
1
  8
ESTRIBOS
 62
8
370
9
100
AcDbLine
 10
575.7816
 20
131.0
 30
0.0
 11
575.7816
 21
151.0
 31
0.0
  0
LINE
  5
5C6
330
3E3
100
AcDbEntity
 67
1
  8
ESTRIBOS
 62
8
370
9
100
AcDbLine
 10
578.9816
 20
131.0
 30
0.0
 11
578.9816
 21
151.0
 31
0.0
  0
LINE
  5
5C7
330
3E3
100
AcDbEntity
 67
1
  8
ESTRIBOS
 62
8
370
9
100
AcDbLine
 10
582.1816
 20
131.0
 30
0.0
 11
582.1816
 21
151.0
 31
0.0
  0
LINE
  5
5C8
330
3E3
100
AcDbEntity
 67
1
  8
ESTRIBOS
 62
8
370
9
100
AcDbLine
 10
585.3816
 20
131.0
 30
0.0
 11
585.3816
 21
151.0
 31
0.0
  0
LINE
  5
5C9
330
3E3
100
AcDbEntity
 67
1
  8
ESTRIBOS
 62
8
370
9
100
AcDbLine
 10
588.5816
 20
131.0
 30
0.0
 11
588.5816
 21
151.0
 31
0.0
  0
LINE
  5
5CA
330
3E3
100
AcDbEntity
 67
1
  8
ESTRIBOS
 62
8
370
9
100
AcDbLine
 10
591.7816
 20
131.0
 30
0.0
 11
591.7816
 21
151.0
 31
0.0
  0
LINE
  5
5CB
330
3E3
100
AcDbEntity
 67
1
  8
ESTRIBOS
 62
8
370
9
100
AcDbLine
 10
594.9816
 20
131.0
 30
0.0
 11
594.9816
 21
151.0
 31
0.0
  0
LINE
  5
5CC
330
3E3
100
AcDbEntity
 67
1
  8
ESTRIBOS
 62
8
370
9
100
AcDbLine
 10
598.1816
 20
131.0
 30
0.0
 11
598.1816
 21
151.0
 31
0.0
  0
LINE
  5
5CD
330
3E3
100
AcDbEntity
 67
1
  8
ESTRIBOS
 62
8
370
9
100
AcDbLine
 10
601.3816
 20
131.0
 30
0.0
 11
601.3816
 21
151.0
 31
0.0
  0
LINE
  5
5CE
330
3E3
100
AcDbEntity
 67
1
  8
ESTRIBOS
 62
8
370
9
100
AcDbLine
 10
604.5816
 20
131.0
 30
0.0
 11
604.5816
 21
151.0
 31
0.0
  0
LINE
  5
5CF
330
3E3
100
AcDbEntity
 67
1
  8
ESTRIBOS
 62
8
370
9
100
AcDbLine
 10
607.7816
 20
131.0
 30
0.0
 11
607.7816
 21
151.0
 31
0.0
  0
LINE
  5
5D0
330
3E3
100
AcDbEntity
 67
1
  8
ESTRIBOS
 62
8
370
9
100
AcDbLine
 10
610.9816
 20
131.0
 30
0.0
 11
610.9816
 21
151.0
 31
0.0
  0
LINE
  5
5D1
330
3E3
100
AcDbEntity
 67
1
  8
ESTRIBOS
 62
8
370
9
100
AcDbLine
 10
614.1816
 20
131.0
 30
0.0
 11
614.1816
 21
151.0
 31
0.0
  0
LINE
  5
5D2
330
3E3
100
AcDbEntity
 67
1
  8
ESTRIBOS
 62
8
370
9
100
AcDbLine
 10
617.3816
 20
131.0
 30
0.0
 11
617.3816
 21
151.0
 31
0.0
  0
LINE
  5
5D3
330
3E3
100
AcDbEntity
 67
1
  8
ESTRIBOS
 62
8
370
9
100
AcDbLine
 10
620.5816
 20
131.0
 30
0.0
 11
620.5816
 21
151.0
 31
0.0
  0
LINE
  5
5D4
330
3E3
100
AcDbEntity
 67
1
  8
ESTRIBOS
 62
8
370
9
100
AcDbLine
 10
623.7816
 20
131.0
 30
0.0
 11
623.7816
 21
151.0
 31
0.0
  0
LINE
  5
5D5
330
3E3
100
AcDbEntity
 67
1
  8
ESTRIBOS
 62
8
370
9
100
AcDbLine
 10
626.9816
 20
131.0
 30
0.0
 11
626.9816
 21
151.0
 31
0.0
  0
LINE
  5
5D6
330
3E3
100
AcDbEntity
 67
1
  8
ESTRIBOS
 62
8
370
9
100
AcDbLine
 10
630.1816
 20
131.0
 30
0.0
 11
630.1816
 21
151.0
 31
0.0
  0
LINE
  5
5D7
330
3E3
100
AcDbEntity
 67
1
  8
ESTRIBOS
 62
8
370
9
100
AcDbLine
 10
633.3816
 20
131.0
 30
0.0
 11
633.3816
 21
151.0
 31
0.0
  0
LINE
  5
5D8
330
3E3
100
AcDbEntity
 67
1
  8
ESTRIBOS
 62
8
370
9
100
AcDbLine
 10
636.5816
 20
131.0
 30
0.0
 11
636.5816
 21
151.0
 31
0.0
  0
LINE
  5
5D9
330
3E3
100
AcDbEntity
 67
1
  8
ESTRIBOS
 62
8
370
9
100
AcDbLine
 10
638.5816
 20
131.0
 30
0.0
 11
638.5816
 21
151.0
 31
0.0
  0
LINE
  5
5DA
330
3E3
100
AcDbEntity
 67
1
  8
ESTRIBOS
 62
8
370
9
100
AcDbLine
 10
641.7816
 20
131.0
 30
0.0
 11
641.7816
 21
151.0
 31
0.0
  0
LINE
  5
5DB
330
3E3
100
AcDbEntity
 67
1
  8
ESTRIBOS
 62
8
370
9
100
AcDbLine
 10
644.9816
 20
131.0
 30
0.0
 11
644.9816
 21
151.0
 31
0.0
  0
LINE
  5
5DC
330
3E3
100
AcDbEntity
 67
1
  8
ESTRIBOS
 62
8
370
9
100
AcDbLine
 10
648.1816
 20
131.0
 30
0.0
 11
648.1816
 21
151.0
 31
0.0
  0
LINE
  5
5DD
330
3E3
100
AcDbEntity
 67
1
  8
ESTRIBOS
 62
8
370
9
100
AcDbLine
 10
651.3816
 20
131.0
 30
0.0
 11
651.3816
 21
151.0
 31
0.0
  0
LINE
  5
5DE
330
3E3
100
AcDbEntity
 67
1
  8
ESTRIBOS
 62
8
370
9
100
AcDbLine
 10
654.5816
 20
131.0
 30
0.0
 11
654.5816
 21
151.0
 31
0.0
  0
LINE
  5
5DF
330
3E3
100
AcDbEntity
 67
1
  8
ESTRIBOS
 62
8
370
9
100
AcDbLine
 10
657.7816
 20
131.0
 30
0.0
 11
657.7816
 21
151.0
 31
0.0
  0
LINE
  5
5E0
330
3E3
100
AcDbEntity
 67
1
  8
ESTRIBOS
 62
8
370
9
100
AcDbLine
 10
660.9816
 20
131.0
 30
0.0
 11
660.9816
 21
151.0
 31
0.0
  0
LINE
  5
5E1
330
3E3
100
AcDbEntity
 67
1
  8
ESTRIBOS
 62
8
370
9
100
AcDbLine
 10
664.1816
 20
131.0
 30
0.0
 11
664.1816
 21
151.0
 31
0.0
  0
LINE
  5
5E2
330
3E3
100
AcDbEntity
 67
1
  8
ESTRIBOS
 62
8
370
9
100
AcDbLine
 10
667.3816
 20
131.0
 30
0.0
 11
667.3816
 21
151.0
 31
0.0
  0
LINE
  5
5E3
330
3E3
100
AcDbEntity
 67
1
  8
ESTRIBOS
 62
8
370
9
100
AcDbLine
 10
670.5816
 20
131.0
 30
0.0
 11
670.5816
 21
151.0
 31
0.0
  0
LINE
  5
5E4
330
3E3
100
AcDbEntity
 67
1
  8
ESTRIBOS
 62
8
370
9
100
AcDbLine
 10
673.7816
 20
131.0
 30
0.0
 11
673.7816
 21
151.0
 31
0.0
  0
LINE
  5
5E5
330
3E3
100
AcDbEntity
 67
1
  8
ESTRIBOS
 62
8
370
9
100
AcDbLine
 10
676.9816
 20
131.0
 30
0.0
 11
676.9816
 21
151.0
 31
0.0
  0
LINE
  5
5E6
330
3E3
100
AcDbEntity
 67
1
  8
ESTRIBOS
 62
8
370
9
100
AcDbLine
 10
680.1816
 20
131.0
 30
0.0
 11
680.1816
 21
151.0
 31
0.0
  0
TEXT
  5
5E7
330
3E3
100
AcDbEntity
 67
1
  8
ESTRIBOS
 62
8
100
AcDbText
 10
602.1816000000001
 20
140.2
 30
0.0
 40
1.25
  1
Nº3 2R @80 (2h) / @80 ctr
 72
1
 11
602.1816000000001
 21
140.2
 31
0.0
100
AcDbText
 73
2
  0
LWPOLYLINE
  5
5E8
330
3E3
100
AcDbEntity
 67
1
  8
ACERO_SUP_CONT
 62
4
370
35
100
AcDbPolyline
 90
4
 70
0
 10
57.0
 20
144.0
 10
57.0
 20
150.0
 10
682.1816
 20
150.0
 10
682.1816
 20
144.0
  0
TEXT
  5
5E9
330
3E3
100
AcDbEntity
 67
1
  8
ACERO_SUP_CONT
 62
4
100
AcDbText
 10
369.5908
 20
153.0
 30
0.0
 40
1.55
  1
M1  2#5 CONT.  Lc=15640 mm
 72
1
 11
369.5908
 21
153.0
 31
0.0
100
AcDbText
 73
2
  0
LWPOLYLINE
  5
5EA
330
3E3
100
AcDbEntity
 67
1
  8
ACERO_SUP_APOYO
 62
5
370
30
100
AcDbPolyline
 90
3
 70
0
 10
44.8
 20
142.5
 10
44.8
 20
147.5
 10
97.0
 20
147.5
  0
TEXT
  5
5EB
330
3E3
100
AcDbEntity
 67
1
  8
ACERO_SUP_APOYO
 62
5
100
AcDbText
 10
57.0
 20
148.7
 30
0.0
 40
1.15
  1
M2 3#5 L=1155
 72
1
 11
57.0
 21
148.7
 31
0.0
100
AcDbText
 73
2
  0
LWPOLYLINE
  5
5EC
330
3E3
100
AcDbEntity
 67
1
  8
ACERO_SUP_APOYO
 62
5
370
30
100
AcDbPolyline
 90
2
 70
0
 10
177.0
 20
145.3
 10
255.14770000000001
 20
145.3
  0
TEXT
  5
5ED
330
3E3
100
AcDbEntity
 67
1
  8
ACERO_SUP_APOYO
 62
5
100
AcDbText
 10
217.0
 20
146.5
 30
0.0
 40
1.15
  1
M2 3#5 L=2454
 72
1
 11
217.0
 21
146.5
 31
0.0
100
AcDbText
 73
2
  0
LWPOLYLINE
  5
5EE
330
3E3
100
AcDbEntity
 67
1
  8
ACERO_SUP_APOYO
 62
5
370
30
100
AcDbPolyline
 90
2
 70
0
 10
331.4431000000001
 20
147.5
 10
407.73850000000004
 20
147.5
  0
TEXT
  5
5EF
330
3E3
100
AcDbEntity
 67
1
  8
ACERO_SUP_APOYO
 62
5
100
AcDbText
 10
369.59080000000006
 20
148.7
 30
0.0
 40
1.15
  1
M2 3#5 L=2407
 72
1
 11
369.59080000000006
 21
148.7
 31
0.0
100
AcDbText
 73
2
  0
LWPOLYLINE
  5
5F0
330
3E3
100
AcDbEntity
 67
1
  8
ACERO_SUP_APOYO
 62
5
370
30
100
AcDbPolyline
 90
2
 70
0
 10
484.03390000000013
 20
145.3
 10
562.1816000000001
 20
145.3
  0
TEXT
  5
5F1
330
3E3
100
AcDbEntity
 67
1
  8
ACERO_SUP_APOYO
 62
5
100
AcDbText
 10
522.1816000000001
 20
146.5
 30
0.0
 40
1.15
  1
M2 3#5 L=2454
 72
1
 11
522.1816000000001
 21
146.5
 31
0.0
100
AcDbText
 73
2
  0
LWPOLYLINE
  5
5F2
330
3E3
100
AcDbEntity
 67
1
  8
ACERO_SUP_APOYO
 62
5
370
30
100
AcDbPolyline
 90
3
 70
0
 10
642.1816000000001
 20
147.5
 10
694.3816000000002
 20
147.5
 10
694.3816000000002
 20
142.5
  0
TEXT
  5
5F3
330
3E3
100
AcDbEntity
 67
1
  8
ACERO_SUP_APOYO
 62
5
100
AcDbText
 10
682.1816000000001
 20
148.7
 30
0.0
 40
1.15
  1
M2 3#5 L=1155
 72
1
 11
682.1816000000001
 21
148.7
 31
0.0
100
AcDbText
 73
2
  0
LWPOLYLINE
  5
5F4
330
3E3
100
AcDbEntity
 67
1
  8
ACERO_INF
 62
1
370
35
100
AcDbPolyline
 90
4
 70
0
 10
59.0
 20
137.0
 10
59.0
 20
132.0
 10
215.0
 20
132.0
 10
215.0
 20
137.0
  0
TEXT
  5
5F5
330
3E3
100
AcDbEntity
 67
1
  8
ACERO_INF
 62
1
100
AcDbText
 10
137.0
 20
129.9
 30
0.0
 40
1.2
  1
M3 5#5 L=4010
 72
1
 11
137.0
 21
129.9
 31
0.0
100
AcDbText
 73
2
  0
LWPOLYLINE
  5
5F6
330
3E3
100
AcDbEntity
 67
1
  8
ACERO_INF
 62
1
370
35
100
AcDbPolyline
 90
4
 70
0
 10
219.0
 20
138.8
 10
219.0
 20
133.8
 10
367.59080000000006
 20
133.8
 10
367.59080000000006
 20
138.8
  0
TEXT
  5
5F7
330
3E3
100
AcDbEntity
 67
1
  8
ACERO_INF
 62
1
100
AcDbText
 10
293.29540000000003
 20
131.70000000000002
 30
0.0
 40
1.2
  1
M3 5#5 L=3825
 72
1
 11
293.29540000000003
 21
131.70000000000002
 31
0.0
100
AcDbText
 73
2
  0
LWPOLYLINE
  5
5F8
330
3E3
100
AcDbEntity
 67
1
  8
ACERO_INF
 62
1
370
35
100
AcDbPolyline
 90
4
 70
0
 10
371.59080000000006
 20
137.0
 10
371.59080000000006
 20
132.0
 10
520.1816000000001
 20
132.0
 10
520.1816000000001
 20
137.0
  0
TEXT
  5
5F9
330
3E3
100
AcDbEntity
 67
1
  8
ACERO_INF
 62
1
100
AcDbText
 10
445.8862000000001
 20
129.9
 30
0.0
 40
1.2
  1
M3 5#5 L=3825
 72
1
 11
445.8862000000001
 21
129.9
 31
0.0
100
AcDbText
 73
2
  0
LWPOLYLINE
  5
5FA
330
3E3
100
AcDbEntity
 67
1
  8
ACERO_INF
 62
1
370
35
100
AcDbPolyline
 90
4
 70
0
 10
524.1816000000001
 20
138.8
 10
524.1816000000001
 20
133.8
 10
680.1816000000001
 20
133.8
 10
680.1816000000001
 20
138.8
  0
TEXT
  5
5FB
330
3E3
100
AcDbEntity
 67
1
  8
ACERO_INF
 62
1
100
AcDbText
 10
602.1816000000001
 20
131.70000000000002
 30
0.0
 40
1.2
  1
M3 5#5 L=4010
 72
1
 11
602.1816000000001
 21
131.70000000000002
 31
0.0
100
AcDbText
 73
2
  0
LINE
  5
5FC
330
3E3
100
AcDbEntity
 67
1
  8
CORTE
 62
6
370
13
100
AcDbLine
 10
217.0
 20
127.5
 30
0.0
 11
217.0
 21
154.5
 31
0.0
  0
TEXT
  5
5FD
330
3E3
100
AcDbEntity
 67
1
  8
CORTE
 62
6
100
AcDbText
 10
217.0
 20
157.2
 30
0.0
 40
1.5
  1
A
 72
1
 11
217.0
 21
157.2
 31
0.0
100
AcDbText
 73
2
  0
LINE
  5
5FE
330
3E3
100
AcDbEntity
 67
1
  8
CORTE
 62
6
370
13
100
AcDbLine
 10
293.29540000000003
 20
127.5
 30
0.0
 11
293.29540000000003
 21
154.5
 31
0.0
  0
TEXT
  5
5FF
330
3E3
100
AcDbEntity
 67
1
  8
CORTE
 62
6
100
AcDbText
 10
293.29540000000003
 20
157.2
 30
0.0
 40
1.5
  1
B
 72
1
 11
293.29540000000003
 21
157.2
 31
0.0
100
AcDbText
 73
2
  0
LINE
  5
600
330
3E3
100
AcDbEntity
 67
1
  8
CORTE
 62
6
370
13
100
AcDbLine
 10
522.1816000000001
 20
127.5
 30
0.0
 11
522.1816000000001
 21
154.5
 31
0.0
  0
TEXT
  5
601
330
3E3
100
AcDbEntity
 67
1
  8
CORTE
 62
6
100
AcDbText
 10
522.1816000000001
 20
157.2
 30
0.0
 40
1.5
  1
C
 72
1
 11
522.1816000000001
 21
157.2
 31
0.0
100
AcDbText
 73
2
  0
LINE
  5
602
330
3E3
100
AcDbEntity
 67
1
  8
COTAS
 62
3
370
13
100
AcDbLine
 10
57.0
 20
120.0
 30
0.0
 11
217.0
 21
120.0
 31
0.0
  0
LINE
  5
603
330
3E3
100
AcDbEntity
 67
1
  8
COTAS
 62
3
370
13
100
AcDbLine
 10
57.0
 20
118.8
 30
0.0
 11
57.0
 21
121.2
 31
0.0
  0
LINE
  5
604
330
3E3
100
AcDbEntity
 67
1
  8
COTAS
 62
3
370
13
100
AcDbLine
 10
217.0
 20
118.8
 30
0.0
 11
217.0
 21
121.2
 31
0.0
  0
TEXT
  5
605
330
3E3
100
AcDbEntity
 67
1
  8
COTAS
 62
3
100
AcDbText
 10
137.0
 20
121.0
 30
0.0
 40
1.3
  1
4.000 m
 72
1
 11
137.0
 21
121.0
 31
0.0
100
AcDbText
 73
2
  0
TEXT
  5
606
330
3E3
100
AcDbEntity
 67
1
  8
TEXTO
 62
7
100
AcDbText
 10
137.0
 20
117.3
 30
0.0
 40
1.1
  1
F57
 72
1
 11
137.0
 21
117.3
 31
0.0
100
AcDbText
 73
2
  0
LINE
  5
607
330
3E3
100
AcDbEntity
 67
1
  8
COTAS
 62
3
370
13
100
AcDbLine
 10
217.0
 20
120.0
 30
0.0
 11
369.59080000000006
 21
120.0
 31
0.0
  0
LINE
  5
608
330
3E3
100
AcDbEntity
 67
1
  8
COTAS
 62
3
370
13
100
AcDbLine
 10
217.0
 20
118.8
 30
0.0
 11
217.0
 21
121.2
 31
0.0
  0
LINE
  5
609
330
3E3
100
AcDbEntity
 67
1
  8
COTAS
 62
3
370
13
100
AcDbLine
 10
369.59080000000006
 20
118.8
 30
0.0
 11
369.59080000000006
 21
121.2
 31
0.0
  0
TEXT
  5
60A
330
3E3
100
AcDbEntity
 67
1
  8
COTAS
 62
3
100
AcDbText
 10
293.29540000000003
 20
121.0
 30
0.0
 40
1.3
  1
3.815 m
 72
1
 11
293.29540000000003
 21
121.0
 31
0.0
100
AcDbText
 73
2
  0
TEXT
  5
60B
330
3E3
100
AcDbEntity
 67
1
  8
TEXTO
 62
7
100
AcDbText
 10
293.29540000000003
 20
117.3
 30
0.0
 40
1.1
  1
F58
 72
1
 11
293.29540000000003
 21
117.3
 31
0.0
100
AcDbText
 73
2
  0
LINE
  5
60C
330
3E3
100
AcDbEntity
 67
1
  8
COTAS
 62
3
370
13
100
AcDbLine
 10
369.59080000000006
 20
120.0
 30
0.0
 11
522.1816000000001
 21
120.0
 31
0.0
  0
LINE
  5
60D
330
3E3
100
AcDbEntity
 67
1
  8
COTAS
 62
3
370
13
100
AcDbLine
 10
369.59080000000006
 20
118.8
 30
0.0
 11
369.59080000000006
 21
121.2
 31
0.0
  0
LINE
  5
60E
330
3E3
100
AcDbEntity
 67
1
  8
COTAS
 62
3
370
13
100
AcDbLine
 10
522.1816000000001
 20
118.8
 30
0.0
 11
522.1816000000001
 21
121.2
 31
0.0
  0
TEXT
  5
60F
330
3E3
100
AcDbEntity
 67
1
  8
COTAS
 62
3
100
AcDbText
 10
445.8862000000001
 20
121.0
 30
0.0
 40
1.3
  1
3.815 m
 72
1
 11
445.8862000000001
 21
121.0
 31
0.0
100
AcDbText
 73
2
  0
TEXT
  5
610
330
3E3
100
AcDbEntity
 67
1
  8
TEXTO
 62
7
100
AcDbText
 10
445.8862000000001
 20
117.3
 30
0.0
 40
1.1
  1
F59
 72
1
 11
445.8862000000001
 21
117.3
 31
0.0
100
AcDbText
 73
2
  0
LINE
  5
611
330
3E3
100
AcDbEntity
 67
1
  8
COTAS
 62
3
370
13
100
AcDbLine
 10
522.1816000000001
 20
120.0
 30
0.0
 11
682.1816000000001
 21
120.0
 31
0.0
  0
LINE
  5
612
330
3E3
100
AcDbEntity
 67
1
  8
COTAS
 62
3
370
13
100
AcDbLine
 10
522.1816000000001
 20
118.8
 30
0.0
 11
522.1816000000001
 21
121.2
 31
0.0
  0
LINE
  5
613
330
3E3
100
AcDbEntity
 67
1
  8
COTAS
 62
3
370
13
100
AcDbLine
 10
682.1816000000001
 20
118.8
 30
0.0
 11
682.1816000000001
 21
121.2
 31
0.0
  0
TEXT
  5
614
330
3E3
100
AcDbEntity
 67
1
  8
COTAS
 62
3
100
AcDbText
 10
602.1816000000001
 20
121.0
 30
0.0
 40
1.3
  1
4.000 m
 72
1
 11
602.1816000000001
 21
121.0
 31
0.0
100
AcDbText
 73
2
  0
TEXT
  5
615
330
3E3
100
AcDbEntity
 67
1
  8
TEXTO
 62
7
100
AcDbText
 10
602.1816000000001
 20
117.3
 30
0.0
 40
1.1
  1
F60
 72
1
 11
602.1816000000001
 21
117.3
 31
0.0
100
AcDbText
 73
2
  0
LINE
  5
616
330
3E3
100
AcDbEntity
 67
1
  8
COTAS
 62
3
370
13
100
AcDbLine
 10
57.0
 20
114.0
 30
0.0
 11
682.1816
 21
114.0
 31
0.0
  0
LINE
  5
617
330
3E3
100
AcDbEntity
 67
1
  8
COTAS
 62
3
370
13
100
AcDbLine
 10
57.0
 20
112.8
 30
0.0
 11
57.0
 21
115.2
 31
0.0
  0
LINE
  5
618
330
3E3
100
AcDbEntity
 67
1
  8
COTAS
 62
3
370
13
100
AcDbLine
 10
682.1816
 20
112.8
 30
0.0
 11
682.1816
 21
115.2
 31
0.0
  0
TEXT
  5
619
330
3E3
100
AcDbEntity
 67
1
  8
COTAS
 62
3
100
AcDbText
 10
369.5908
 20
115.0
 30
0.0
 40
1.5
  1
TOTAL SAP I-J = 15.630 m
 72
1
 11
369.5908
 21
115.0
 31
0.0
100
AcDbText
 73
2
  0
TEXT
  5
61A
330
3E3
100
AcDbEntity
 67
1
  8
TEXTO
 62
7
100
AcDbText
 10
682.1816
 20
104.0
 30
0.0
 40
1.35
  1
ESC. H 1:25 | V 1:25 | Ejes/tramos obtenidos de SAP
 72
2
 11
682.1816
 21
104.0
 31
0.0
100
AcDbText
  0
LWPOLYLINE
  5
61B
330
3E3
100
AcDbEntity
 67
1
  8
CONTORNO
 62
7
370
20
100
AcDbPolyline
 90
4
 70
1
 10
193.75
 20
49.25
 10
216.25
 20
49.25
 10
216.25
 20
76.75
 10
193.75
 20
76.75
  0
LWPOLYLINE
  5
61C
330
3E3
100
AcDbEntity
 67
1
  8
ESTRIBOS
 62
8
370
18
100
AcDbPolyline
 90
4
 70
1
 10
195.75
 20
51.25
 10
214.25
 20
51.25
 10
214.25
 20
74.75
 10
195.75
 20
74.75
  0
CIRCLE
  5
61D
330
3E3
100
AcDbEntity
 67
1
  8
ACERO_SUP_CONT
 62
4
100
AcDbCircle
 10
197.0
 20
73.7175
 30
0.0
 40
0.55
  0
CIRCLE
  5
61E
330
3E3
100
AcDbEntity
 67
1
  8
ACERO_SUP_CONT
 62
4
100
AcDbCircle
 10
201.0
 20
73.7175
 30
0.0
 40
0.55
  0
CIRCLE
  5
61F
330
3E3
100
AcDbEntity
 67
1
  8
ACERO_SUP_CONT
 62
4
100
AcDbCircle
 10
205.0
 20
73.7175
 30
0.0
 40
0.55
  0
CIRCLE
  5
620
330
3E3
100
AcDbEntity
 67
1
  8
ACERO_SUP_CONT
 62
4
100
AcDbCircle
 10
209.0
 20
73.7175
 30
0.0
 40
0.55
  0
CIRCLE
  5
621
330
3E3
100
AcDbEntity
 67
1
  8
ACERO_SUP_CONT
 62
4
100
AcDbCircle
 10
213.0
 20
73.7175
 30
0.0
 40
0.55
  0
CIRCLE
  5
622
330
3E3
100
AcDbEntity
 67
1
  8
ACERO_INF
 62
1
100
AcDbCircle
 10
197.0
 20
52.2825
 30
0.0
 40
0.55
  0
CIRCLE
  5
623
330
3E3
100
AcDbEntity
 67
1
  8
ACERO_INF
 62
1
100
AcDbCircle
 10
201.0
 20
52.2825
 30
0.0
 40
0.55
  0
CIRCLE
  5
624
330
3E3
100
AcDbEntity
 67
1
  8
ACERO_INF
 62
1
100
AcDbCircle
 10
205.0
 20
52.2825
 30
0.0
 40
0.55
  0
CIRCLE
  5
625
330
3E3
100
AcDbEntity
 67
1
  8
ACERO_INF
 62
1
100
AcDbCircle
 10
209.0
 20
52.2825
 30
0.0
 40
0.55
  0
CIRCLE
  5
626
330
3E3
100
AcDbEntity
 67
1
  8
ACERO_INF
 62
1
100
AcDbCircle
 10
213.0
 20
52.2825
 30
0.0
 40
0.55
  0
TEXT
  5
627
330
3E3
100
AcDbEntity
 67
1
  8
TEXTO
 62
7
100
AcDbText
 10
205.0
 20
46.15
 30
0.0
 40
1.55
  1
A-A APOYO
 72
1
 11
205.0
 21
46.15
 31
0.0
100
AcDbText
 73
2
  0
TEXT
  5
628
330
3E3
100
AcDbEntity
 67
1
  8
TEXTO
 62
7
100
AcDbText
 10
205.0
 20
43.65
 30
0.0
 40
1.25
  1
450x550 | 1:20
 72
1
 11
205.0
 21
43.65
 31
0.0
100
AcDbText
 73
2
  0
LWPOLYLINE
  5
629
330
3E3
100
AcDbEntity
 67
1
  8
CONTORNO
 62
7
370
20
100
AcDbPolyline
 90
4
 70
1
 10
268.75
 20
49.25
 10
291.25
 20
49.25
 10
291.25
 20
76.75
 10
268.75
 20
76.75
  0
LWPOLYLINE
  5
62A
330
3E3
100
AcDbEntity
 67
1
  8
ESTRIBOS
 62
8
370
18
100
AcDbPolyline
 90
4
 70
1
 10
270.75
 20
51.25
 10
289.25
 20
51.25
 10
289.25
 20
74.75
 10
270.75
 20
74.75
  0
CIRCLE
  5
62B
330
3E3
100
AcDbEntity
 67
1
  8
ACERO_SUP_CONT
 62
4
100
AcDbCircle
 10
272.0
 20
73.7175
 30
0.0
 40
0.55
  0
CIRCLE
  5
62C
330
3E3
100
AcDbEntity
 67
1
  8
ACERO_SUP_CONT
 62
4
100
AcDbCircle
 10
288.0
 20
73.7175
 30
0.0
 40
0.55
  0
CIRCLE
  5
62D
330
3E3
100
AcDbEntity
 67
1
  8
ACERO_INF
 62
1
100
AcDbCircle
 10
272.0
 20
52.2825
 30
0.0
 40
0.55
  0
CIRCLE
  5
62E
330
3E3
100
AcDbEntity
 67
1
  8
ACERO_INF
 62
1
100
AcDbCircle
 10
276.0
 20
52.2825
 30
0.0
 40
0.55
  0
CIRCLE
  5
62F
330
3E3
100
AcDbEntity
 67
1
  8
ACERO_INF
 62
1
100
AcDbCircle
 10
280.0
 20
52.2825
 30
0.0
 40
0.55
  0
CIRCLE
  5
630
330
3E3
100
AcDbEntity
 67
1
  8
ACERO_INF
 62
1
100
AcDbCircle
 10
284.0
 20
52.2825
 30
0.0
 40
0.55
  0
CIRCLE
  5
631
330
3E3
100
AcDbEntity
 67
1
  8
ACERO_INF
 62
1
100
AcDbCircle
 10
288.0
 20
52.2825
 30
0.0
 40
0.55
  0
TEXT
  5
632
330
3E3
100
AcDbEntity
 67
1
  8
TEXTO
 62
7
100
AcDbText
 10
280.0
 20
46.15
 30
0.0
 40
1.55
  1
B-B CENTRO
 72
1
 11
280.0
 21
46.15
 31
0.0
100
AcDbText
 73
2
  0
TEXT
  5
633
330
3E3
100
AcDbEntity
 67
1
  8
TEXTO
 62
7
100
AcDbText
 10
280.0
 20
43.65
 30
0.0
 40
1.25
  1
450x550 | 1:20
 72
1
 11
280.0
 21
43.65
 31
0.0
100
AcDbText
 73
2
  0
LWPOLYLINE
  5
634
330
3E3
100
AcDbEntity
 67
1
  8
CONTORNO
 62
7
370
20
100
AcDbPolyline
 90
4
 70
1
 10
343.75
 20
49.25
 10
366.25
 20
49.25
 10
366.25
 20
76.75
 10
343.75
 20
76.75
  0
LWPOLYLINE
  5
635
330
3E3
100
AcDbEntity
 67
1
  8
ESTRIBOS
 62
8
370
18
100
AcDbPolyline
 90
4
 70
1
 10
345.75
 20
51.25
 10
364.25
 20
51.25
 10
364.25
 20
74.75
 10
345.75
 20
74.75
  0
CIRCLE
  5
636
330
3E3
100
AcDbEntity
 67
1
  8
ACERO_SUP_CONT
 62
4
100
AcDbCircle
 10
347.0
 20
73.7175
 30
0.0
 40
0.55
  0
CIRCLE
  5
637
330
3E3
100
AcDbEntity
 67
1
  8
ACERO_SUP_CONT
 62
4
100
AcDbCircle
 10
351.0
 20
73.7175
 30
0.0
 40
0.55
  0
CIRCLE
  5
638
330
3E3
100
AcDbEntity
 67
1
  8
ACERO_SUP_CONT
 62
4
100
AcDbCircle
 10
355.0
 20
73.7175
 30
0.0
 40
0.55
  0
CIRCLE
  5
639
330
3E3
100
AcDbEntity
 67
1
  8
ACERO_SUP_CONT
 62
4
100
AcDbCircle
 10
359.0
 20
73.7175
 30
0.0
 40
0.55
  0
CIRCLE
  5
63A
330
3E3
100
AcDbEntity
 67
1
  8
ACERO_SUP_CONT
 62
4
100
AcDbCircle
 10
363.0
 20
73.7175
 30
0.0
 40
0.55
  0
CIRCLE
  5
63B
330
3E3
100
AcDbEntity
 67
1
  8
ACERO_INF
 62
1
100
AcDbCircle
 10
347.0
 20
52.2825
 30
0.0
 40
0.55
  0
CIRCLE
  5
63C
330
3E3
100
AcDbEntity
 67
1
  8
ACERO_INF
 62
1
100
AcDbCircle
 10
351.0
 20
52.2825
 30
0.0
 40
0.55
  0
CIRCLE
  5
63D
330
3E3
100
AcDbEntity
 67
1
  8
ACERO_INF
 62
1
100
AcDbCircle
 10
355.0
 20
52.2825
 30
0.0
 40
0.55
  0
CIRCLE
  5
63E
330
3E3
100
AcDbEntity
 67
1
  8
ACERO_INF
 62
1
100
AcDbCircle
 10
359.0
 20
52.2825
 30
0.0
 40
0.55
  0
CIRCLE
  5
63F
330
3E3
100
AcDbEntity
 67
1
  8
ACERO_INF
 62
1
100
AcDbCircle
 10
363.0
 20
52.2825
 30
0.0
 40
0.55
  0
TEXT
  5
640
330
3E3
100
AcDbEntity
 67
1
  8
TEXTO
 62
7
100
AcDbText
 10
355.0
 20
46.15
 30
0.0
 40
1.55
  1
C-C APOYO
 72
1
 11
355.0
 21
46.15
 31
0.0
100
AcDbText
 73
2
  0
TEXT
  5
641
330
3E3
100
AcDbEntity
 67
1
  8
TEXTO
 62
7
100
AcDbText
 10
355.0
 20
43.65
 30
0.0
 40
1.25
  1
450x550 | 1:20
 72
1
 11
355.0
 21
43.65
 31
0.0
100
AcDbText
 73
2
  0
LWPOLYLINE
  5
642
330
3E3
100
AcDbEntity
 67
1
  8
ACERO_SUP_APOYO
 62
5
370
35
100
AcDbPolyline
 90
3
 70
0
 10
430.0
 20
45.5
 10
430.0
 20
65.0
 10
460.5
 20
65.0
  0
LINE
  5
643
330
3E3
100
AcDbEntity
 67
1
  8
COTAS
 62
3
370
13
100
AcDbLine
 10
430.0
 20
70.0
 30
0.0
 11
460.5
 21
70.0
 31
0.0
  0
LINE
  5
644
330
3E3
100
AcDbEntity
 67
1
  8
COTAS
 62
3
370
13
100
AcDbLine
 10
430.0
 20
68.8
 30
0.0
 11
430.0
 21
71.2
 31
0.0
  0
LINE
  5
645
330
3E3
100
AcDbEntity
 67
1
  8
COTAS
 62
3
370
13
100
AcDbLine
 10
460.5
 20
68.8
 30
0.0
 11
460.5
 21
71.2
 31
0.0
  0
TEXT
  5
646
330
3E3
100
AcDbEntity
 67
1
  8
COTAS
 62
3
100
AcDbText
 10
445.25
 20
71.0
 30
0.0
 40
1.25
  1
ldh=305 mm
 72
1
 11
445.25
 21
71.0
 31
0.0
100
AcDbText
 73
2
  0
TEXT
  5
647
330
3E3
100
AcDbEntity
 67
1
  8
ACERO_SUP_APOYO
 62
5
100
AcDbText
 10
427.0
 20
42.5
 30
0.0
 40
1.3
  1
cola 90°=195 mm
 11
427.0
 21
42.5
 31
0.0
100
AcDbText
  0
TEXT
  5
648
330
3E3
100
AcDbEntity
 67
1
  8
TEXTO
100
AcDbText
 10
466.0
 20
63.0
 30
0.0
 40
1.3
  1
Dint>=100 mm | ESC. 1:10
 11
466.0
 21
63.0
 31
0.0
100
AcDbText
  0
TEXT
  5
649
330
3E3
100
AcDbEntity
 67
1
  8
TEXTO
100
AcDbText
 10
430.0
 20
44.0
 30
0.0
 40
1.45
  1
ld recto #5: superior=480 mm | inferior=370 mm
 11
430.0
 21
44.0
 31
0.0
100
AcDbText
  0
TEXT
  5
64A
330
3E3
100
AcDbEntity
 67
1
  8
TEXTO
100
AcDbText
 10
430.0
 20
40.0
 30
0.0
 40
1.25
  1
Si no cabe ld recto en apoyo, usar gancho estándar 90° con ldh indicado.
 11
430.0
 21
40.0
 31
0.0
100
AcDbText
  0
LWPOLYLINE
  5
64B
330
3E3
100
AcDbEntity
 67
1
  8
MARCO
 62
7
370
25
100
AcDbPolyline
 90
4
 70
1
 10
7.0
 20
7.0
 10
697.0
 20
7.0
 10
697.0
 20
37.0
 10
7.0
 20
37.0
  0
LINE
  5
64C
330
3E3
100
AcDbEntity
 67
1
  8
MARCO
 62
7
370
18
100
AcDbLine
 10
118.0
 20
7.0
 30
0.0
 11
118.0
 21
37.0
 31
0.0
  0
LINE
  5
64D
330
3E3
100
AcDbEntity
 67
1
  8
MARCO
 62
7
370
18
100
AcDbLine
 10
250.0
 20
7.0
 30
0.0
 11
250.0
 21
37.0
 31
0.0
  0
LINE
  5
64E
330
3E3
100
AcDbEntity
 67
1
  8
MARCO
 62
7
370
18
100
AcDbLine
 10
390.0
 20
7.0
 30
0.0
 11
390.0
 21
37.0
 31
0.0
  0
LINE
  5
64F
330
3E3
100
AcDbEntity
 67
1
  8
MARCO
 62
7
370
18
100
AcDbLine
 10
520.0
 20
7.0
 30
0.0
 11
520.0
 21
37.0
 31
0.0
  0
LINE
  5
650
330
3E3
100
AcDbEntity
 67
1
  8
MARCO
 62
7
370
18
100
AcDbLine
 10
610.0
 20
7.0
 30
0.0
 11
610.0
 21
37.0
 31
0.0
  0
TEXT
  5
651
330
3E3
100
AcDbEntity
 67
1
  8
TEXTO
 62
7
100
AcDbText
 10
62.5
 20
28.0
 30
0.0
 40
2.0
  1
UNIVERSIDAD NACIONAL DE COLOMBIA
 72
1
 11
62.5
 21
28.0
 31
0.0
100
AcDbText
 73
2
  0
TEXT
  5
652
330
3E3
100
AcDbEntity
 67
1
  8
TEXTO
 62
7
100
AcDbText
 10
62.5
 20
20.0
 30
0.0
 40
1.7
  1
DISEÑO ESTRUCTURAL - GRUPO 6
 72
1
 11
62.5
 21
20.0
 31
0.0
100
AcDbText
 73
2
  0
TEXT
  5
653
330
3E3
100
AcDbEntity
 67
1
  8
TEXTO
 62
7
100
AcDbText
 10
184.0
 20
25.0
 30
0.0
 40
2.0
  1
EDIFICIO RESIDENCIAL SANTA MARTA
 72
1
 11
184.0
 21
25.0
 31
0.0
100
AcDbText
 73
2
  0
TEXT
  5
654
330
3E3
100
AcDbEntity
 67
1
  8
TEXTO
 62
7
100
AcDbText
 10
320.0
 20
25.0
 30
0.0
 40
2.5
  1
DESPIECE VIGA VC3
 72
1
 11
320.0
 21
25.0
 31
0.0
100
AcDbText
 73
2
  0
TEXT
  5
655
330
3E3
100
AcDbEntity
 67
1
  8
TEXTO
 62
7
100
AcDbText
 10
320.0
 20
16.0
 30
0.0
 40
1.7
  1
ELEVACIÓN, CORTES Y ANCLAJES
 72
1
 11
320.0
 21
16.0
 31
0.0
100
AcDbText
 73
2
  0
TEXT
  5
656
330
3E3
100
AcDbEntity
 67
1
  8
TEXTO
 62
7
100
AcDbText
 10
455.0
 20
26.0
 30
0.0
 40
1.8
  1
FORMATO ISO B2 707x500 mm
 72
1
 11
455.0
 21
26.0
 31
0.0
100
AcDbText
 73
2
  0
TEXT
  5
657
330
3E3
100
AcDbEntity
 67
1
  8
TEXTO
 62
7
100
AcDbText
 10
455.0
 20
17.0
 30
0.0
 40
1.55
  1
COTAS EN mm | ESCALAS INDICADAS
 72
1
 11
455.0
 21
17.0
 31
0.0
100
AcDbText
 73
2
  0
TEXT
  5
658
330
3E3
100
AcDbEntity
 67
1
  8
TEXTO
 62
1
100
AcDbText
 10
565.0
 20
26.0
 30
0.0
 40
1.8
  1
DETALLE ACADÉMICO
 72
1
 11
565.0
 21
26.0
 31
0.0
100
AcDbText
 73
2
  0
TEXT
  5
659
330
3E3
100
AcDbEntity
 67
1
  8
TEXTO
 62
1
100
AcDbText
 10
565.0
 20
17.0
 30
0.0
 40
1.55
  1
NO EMITIR PARA CONSTRUCCIÓN
 72
1
 11
565.0
 21
17.0
 31
0.0
100
AcDbText
 73
2
  0
TEXT
  5
65A
330
3E3
100
AcDbEntity
 67
1
  8
TEXTO
 62
7
100
AcDbText
 10
653.5
 20
26.0
 30
0.0
 40
2.1
  1
LÁMINA V-01-03
 72
1
 11
653.5
 21
26.0
 31
0.0
100
AcDbText
 73
2
  0
TEXT
  5
65B
330
3E3
100
AcDbEntity
 67
1
  8
TEXTO
 62
7
100
AcDbText
 10
653.5
 20
17.0
 30
0.0
 40
1.7
  1
18-07-2026
 72
1
 11
653.5
 21
17.0
 31
0.0
100
AcDbText
 73
2
  0
ENDBLK
  5
3E5
330
3E3
100
AcDbEntity
  8
0
100
AcDbBlockEnd
  0
BLOCK
  5
65D
330
65C
100
AcDbEntity
  8
0
100
AcDbBlockBegin
  2
*Paper_Space2
 70
0
 10
0.0
 20
0.0
 30
0.0
  3
*Paper_Space2
  1

  0
VIEWPORT
  5
660
330
65C
100
AcDbEntity
 67
1
  8
VIEWPORTS
100
AcDbViewport
 10
353.5
 20
250.0
 30
0.0
 40
777.7
 41
550.0
 68
1
 69
1
 12
353.5
 22
250.0
 13
0.0
 23
0.0
 14
10.0
 24
10.0
 15
10.0
 25
10.0
 16
0.0
 26
0.0
 36
1.0
 17
0.0
 27
0.0
 37
0.0
 42
50.0
 43
0.0
 44
0.0
 45
550.0
 50
0.0
 51
0.0
 72
100
 90
557088
  1

281
0
 71
0
 74
0
110
0.0
120
0.0
130
0.0
111
1.0
121
0.0
131
0.0
112
0.0
122
1.0
132
0.0
 79
0
146
0.0
282
0
  0
LWPOLYLINE
  5
661
330
65C
100
AcDbEntity
 67
1
  8
MARCO
 62
7
370
30
100
AcDbPolyline
 90
4
 70
1
 10
7.0
 20
7.0
 10
700.0
 20
7.0
 10
700.0
 20
493.0
 10
7.0
 20
493.0
  0
TEXT
  5
662
330
65C
100
AcDbEntity
 67
1
  8
TEXTO
 62
7
100
AcDbText
 10
353.5
 20
487.0
 30
0.0
 40
4.0
  1
DESPIECE DE VIGA COMPLETA VC4
 72
1
 11
353.5
 21
487.0
 31
0.0
100
AcDbText
 73
2
  0
TEXT
  5
663
330
65C
100
AcDbEntity
 67
1
  8
TEXTO
 62
7
100
AcDbText
 10
353.5
 20
480.0
 30
0.0
 40
1.8
  1
Continuidad reconstruida de SAP | Niveles z=3.5, 6.5, 9.5, 12.5, 15.5 m | 20 frames
 72
1
 11
353.5
 21
480.0
 31
0.0
100
AcDbText
 73
2
  0
LWPOLYLINE
  5
664
330
65C
100
AcDbEntity
 67
1
  8
MARCO
 62
7
370
20
100
AcDbPolyline
 90
4
 70
1
 10
8.5
 20
398.0
 10
51.5
 20
398.0
 10
51.5
 20
442.0
 10
8.5
 20
442.0
  0
TEXT
  5
665
330
65C
100
AcDbEntity
 67
1
  8
TEXTO
 62
7
100
AcDbText
 10
30.0
 20
437.0
 30
0.0
 40
2.6
  1
VIGA VC4
 72
1
 11
30.0
 21
437.0
 31
0.0
100
AcDbText
 73
2
  0
TEXT
  5
666
330
65C
100
AcDbEntity
 67
1
  8
TEXTO
 62
7
100
AcDbText
 10
30.0
 20
431.0
 30
0.0
 40
2.2
  1
EJE 11
 72
1
 11
30.0
 21
431.0
 31
0.0
100
AcDbText
 73
2
  0
TEXT
  5
667
330
65C
100
AcDbEntity
 67
1
  8
TEXTO
 62
7
100
AcDbText
 10
30.0
 20
425.0
 30
0.0
 40
1.9
  1
450x550 mm
 72
1
 11
30.0
 21
425.0
 31
0.0
100
AcDbText
 73
2
  0
TEXT
  5
668
330
65C
100
AcDbEntity
 67
1
  8
TEXTO
100
AcDbText
 10
11.5
 20
418.0
 30
0.0
 40
1.7
  1
SUP 6#5
 11
11.5
 21
418.0
 31
0.0
100
AcDbText
  0
TEXT
  5
669
330
65C
100
AcDbEntity
 67
1
  8
TEXTO
100
AcDbText
 10
11.5
 20
413.0
 30
0.0
 40
1.7
  1
INF 5#5
 11
11.5
 21
413.0
 31
0.0
100
AcDbText
  0
TEXT
  5
66A
330
65C
100
AcDbEntity
 67
1
  8
TEXTO
100
AcDbText
 10
11.5
 20
408.0
 30
0.0
 40
1.7
  1
TOR 8#5
 11
11.5
 21
408.0
 31
0.0
100
AcDbText
  0
TEXT
  5
66B
330
65C
100
AcDbEntity
 67
1
  8
TEXTO
100
AcDbText
 10
11.5
 20
402.0
 30
0.0
 40
1.45
  1
NIVEL TIPO z=3.5 m
 11
11.5
 21
402.0
 31
0.0
100
AcDbText
  0
LWPOLYLINE
  5
66C
330
65C
100
AcDbEntity
 67
1
  8
CONTORNO
 62
7
370
25
100
AcDbPolyline
 90
4
 70
1
 10
57.0
 20
406.0
 10
442.0
 20
406.0
 10
442.0
 20
428.0
 10
57.0
 20
428.0
  0
LWPOLYLINE
  5
66D
330
65C
100
AcDbEntity
 67
1
  8
APOYOS
 62
9
370
15
100
AcDbPolyline
 90
4
 70
1
 10
32.0
 20
402.0
 10
82.0
 20
402.0
 10
82.0
 20
432.0
 10
32.0
 20
432.0
  0
LINE
  5
66E
330
65C
100
AcDbEntity
 67
1
  8
EJES
  6
DASHED
 62
1
370
9
100
AcDbLine
 10
57.0
 20
395.0
 30
0.0
 11
57.0
 21
445.0
 31
0.0
  0
CIRCLE
  5
66F
330
65C
100
AcDbEntity
 67
1
  8
EJES
 62
1
370
18
100
AcDbCircle
 10
57.0
 20
440.0
 30
0.0
 40
3.5
  0
TEXT
  5
670
330
65C
100
AcDbEntity
 67
1
  8
EJES
 62
1
100
AcDbText
 10
57.0
 20
440.0
 30
0.0
 40
2.0
  1
a
 72
1
 11
57.0
 21
440.0
 31
0.0
100
AcDbText
 73
2
  0
LWPOLYLINE
  5
671
330
65C
100
AcDbEntity
 67
1
  8
APOYOS
 62
9
370
15
100
AcDbPolyline
 90
4
 70
1
 10
417.0
 20
402.0
 10
467.0
 20
402.0
 10
467.0
 20
432.0
 10
417.0
 20
432.0
  0
LINE
  5
672
330
65C
100
AcDbEntity
 67
1
  8
EJES
  6
DASHED
 62
1
370
9
100
AcDbLine
 10
442.0
 20
395.0
 30
0.0
 11
442.0
 21
445.0
 31
0.0
  0
CIRCLE
  5
673
330
65C
100
AcDbEntity
 67
1
  8
EJES
 62
1
370
18
100
AcDbCircle
 10
442.0
 20
440.0
 30
0.0
 40
3.5
  0
TEXT
  5
674
330
65C
100
AcDbEntity
 67
1
  8
EJES
 62
1
100
AcDbText
 10
442.0
 20
440.0
 30
0.0
 40
2.0
  1
b
 72
1
 11
442.0
 21
440.0
 31
0.0
100
AcDbText
 73
2
  0
LINE
  5
675
330
65C
100
AcDbEntity
 67
1
  8
ESTRIBOS
 62
8
370
9
100
AcDbLine
 10
62.0
 20
407.0
 30
0.0
 11
62.0
 21
427.0
 31
0.0
  0
LINE
  5
676
330
65C
100
AcDbEntity
 67
1
  8
ESTRIBOS
 62
8
370
9
100
AcDbLine
 10
74.0
 20
407.0
 30
0.0
 11
74.0
 21
427.0
 31
0.0
  0
LINE
  5
677
330
65C
100
AcDbEntity
 67
1
  8
ESTRIBOS
 62
8
370
9
100
AcDbLine
 10
86.0
 20
407.0
 30
0.0
 11
86.0
 21
427.0
 31
0.0
  0
LINE
  5
678
330
65C
100
AcDbEntity
 67
1
  8
ESTRIBOS
 62
8
370
9
100
AcDbLine
 10
98.0
 20
407.0
 30
0.0
 11
98.0
 21
427.0
 31
0.0
  0
LINE
  5
679
330
65C
100
AcDbEntity
 67
1
  8
ESTRIBOS
 62
8
370
9
100
AcDbLine
 10
110.0
 20
407.0
 30
0.0
 11
110.0
 21
427.0
 31
0.0
  0
LINE
  5
67A
330
65C
100
AcDbEntity
 67
1
  8
ESTRIBOS
 62
8
370
9
100
AcDbLine
 10
122.0
 20
407.0
 30
0.0
 11
122.0
 21
427.0
 31
0.0
  0
LINE
  5
67B
330
65C
100
AcDbEntity
 67
1
  8
ESTRIBOS
 62
8
370
9
100
AcDbLine
 10
134.0
 20
407.0
 30
0.0
 11
134.0
 21
427.0
 31
0.0
  0
LINE
  5
67C
330
65C
100
AcDbEntity
 67
1
  8
ESTRIBOS
 62
8
370
9
100
AcDbLine
 10
146.0
 20
407.0
 30
0.0
 11
146.0
 21
427.0
 31
0.0
  0
LINE
  5
67D
330
65C
100
AcDbEntity
 67
1
  8
ESTRIBOS
 62
8
370
9
100
AcDbLine
 10
158.0
 20
407.0
 30
0.0
 11
158.0
 21
427.0
 31
0.0
  0
LINE
  5
67E
330
65C
100
AcDbEntity
 67
1
  8
ESTRIBOS
 62
8
370
9
100
AcDbLine
 10
179.0
 20
407.0
 30
0.0
 11
179.0
 21
427.0
 31
0.0
  0
LINE
  5
67F
330
65C
100
AcDbEntity
 67
1
  8
ESTRIBOS
 62
8
370
9
100
AcDbLine
 10
191.0
 20
407.0
 30
0.0
 11
191.0
 21
427.0
 31
0.0
  0
LINE
  5
680
330
65C
100
AcDbEntity
 67
1
  8
ESTRIBOS
 62
8
370
9
100
AcDbLine
 10
203.0
 20
407.0
 30
0.0
 11
203.0
 21
427.0
 31
0.0
  0
LINE
  5
681
330
65C
100
AcDbEntity
 67
1
  8
ESTRIBOS
 62
8
370
9
100
AcDbLine
 10
215.0
 20
407.0
 30
0.0
 11
215.0
 21
427.0
 31
0.0
  0
LINE
  5
682
330
65C
100
AcDbEntity
 67
1
  8
ESTRIBOS
 62
8
370
9
100
AcDbLine
 10
227.0
 20
407.0
 30
0.0
 11
227.0
 21
427.0
 31
0.0
  0
LINE
  5
683
330
65C
100
AcDbEntity
 67
1
  8
ESTRIBOS
 62
8
370
9
100
AcDbLine
 10
239.0
 20
407.0
 30
0.0
 11
239.0
 21
427.0
 31
0.0
  0
LINE
  5
684
330
65C
100
AcDbEntity
 67
1
  8
ESTRIBOS
 62
8
370
9
100
AcDbLine
 10
251.0
 20
407.0
 30
0.0
 11
251.0
 21
427.0
 31
0.0
  0
LINE
  5
685
330
65C
100
AcDbEntity
 67
1
  8
ESTRIBOS
 62
8
370
9
100
AcDbLine
 10
263.0
 20
407.0
 30
0.0
 11
263.0
 21
427.0
 31
0.0
  0
LINE
  5
686
330
65C
100
AcDbEntity
 67
1
  8
ESTRIBOS
 62
8
370
9
100
AcDbLine
 10
275.0
 20
407.0
 30
0.0
 11
275.0
 21
427.0
 31
0.0
  0
LINE
  5
687
330
65C
100
AcDbEntity
 67
1
  8
ESTRIBOS
 62
8
370
9
100
AcDbLine
 10
287.0
 20
407.0
 30
0.0
 11
287.0
 21
427.0
 31
0.0
  0
LINE
  5
688
330
65C
100
AcDbEntity
 67
1
  8
ESTRIBOS
 62
8
370
9
100
AcDbLine
 10
299.0
 20
407.0
 30
0.0
 11
299.0
 21
427.0
 31
0.0
  0
LINE
  5
689
330
65C
100
AcDbEntity
 67
1
  8
ESTRIBOS
 62
8
370
9
100
AcDbLine
 10
311.0
 20
407.0
 30
0.0
 11
311.0
 21
427.0
 31
0.0
  0
LINE
  5
68A
330
65C
100
AcDbEntity
 67
1
  8
ESTRIBOS
 62
8
370
9
100
AcDbLine
 10
323.0
 20
407.0
 30
0.0
 11
323.0
 21
427.0
 31
0.0
  0
LINE
  5
68B
330
65C
100
AcDbEntity
 67
1
  8
ESTRIBOS
 62
8
370
9
100
AcDbLine
 10
341.0
 20
407.0
 30
0.0
 11
341.0
 21
427.0
 31
0.0
  0
LINE
  5
68C
330
65C
100
AcDbEntity
 67
1
  8
ESTRIBOS
 62
8
370
9
100
AcDbLine
 10
353.0
 20
407.0
 30
0.0
 11
353.0
 21
427.0
 31
0.0
  0
LINE
  5
68D
330
65C
100
AcDbEntity
 67
1
  8
ESTRIBOS
 62
8
370
9
100
AcDbLine
 10
365.0
 20
407.0
 30
0.0
 11
365.0
 21
427.0
 31
0.0
  0
LINE
  5
68E
330
65C
100
AcDbEntity
 67
1
  8
ESTRIBOS
 62
8
370
9
100
AcDbLine
 10
377.0
 20
407.0
 30
0.0
 11
377.0
 21
427.0
 31
0.0
  0
LINE
  5
68F
330
65C
100
AcDbEntity
 67
1
  8
ESTRIBOS
 62
8
370
9
100
AcDbLine
 10
389.0
 20
407.0
 30
0.0
 11
389.0
 21
427.0
 31
0.0
  0
LINE
  5
690
330
65C
100
AcDbEntity
 67
1
  8
ESTRIBOS
 62
8
370
9
100
AcDbLine
 10
401.0
 20
407.0
 30
0.0
 11
401.0
 21
427.0
 31
0.0
  0
LINE
  5
691
330
65C
100
AcDbEntity
 67
1
  8
ESTRIBOS
 62
8
370
9
100
AcDbLine
 10
413.0
 20
407.0
 30
0.0
 11
413.0
 21
427.0
 31
0.0
  0
LINE
  5
692
330
65C
100
AcDbEntity
 67
1
  8
ESTRIBOS
 62
8
370
9
100
AcDbLine
 10
425.0
 20
407.0
 30
0.0
 11
425.0
 21
427.0
 31
0.0
  0
LINE
  5
693
330
65C
100
AcDbEntity
 67
1
  8
ESTRIBOS
 62
8
370
9
100
AcDbLine
 10
437.0
 20
407.0
 30
0.0
 11
437.0
 21
427.0
 31
0.0
  0
TEXT
  5
694
330
65C
100
AcDbEntity
 67
1
  8
ESTRIBOS
 62
8
100
AcDbText
 10
249.5
 20
416.2
 30
0.0
 40
1.25
  1
Nº4 4R @120 (2h) / @120 ctr
 72
1
 11
249.5
 21
416.2
 31
0.0
100
AcDbText
 73
2
  0
LWPOLYLINE
  5
695
330
65C
100
AcDbEntity
 67
1
  8
ACERO_SUP_CONT
 62
4
370
35
100
AcDbPolyline
 90
4
 70
0
 10
57.0
 20
420.0
 10
57.0
 20
426.0
 10
442.0
 20
426.0
 10
442.0
 20
420.0
  0
TEXT
  5
696
330
65C
100
AcDbEntity
 67
1
  8
ACERO_SUP_CONT
 62
4
100
AcDbText
 10
249.5
 20
429.0
 30
0.0
 40
1.55
  1
M1  2#5 CONT.  Lc=3860 mm
 72
1
 11
249.5
 21
429.0
 31
0.0
100
AcDbText
 73
2
  0
LWPOLYLINE
  5
697
330
65C
100
AcDbEntity
 67
1
  8
ACERO_SUP_APOYO
 62
5
370
30
100
AcDbPolyline
 90
3
 70
0
 10
26.5
 20
418.5
 10
26.5
 20
423.5
 10
153.25
 20
423.5
  0
TEXT
  5
698
330
65C
100
AcDbEntity
 67
1
  8
ACERO_SUP_APOYO
 62
5
100
AcDbText
 10
57.0
 20
424.7
 30
0.0
 40
1.15
  1
M2 4#5 L=1118
 72
1
 11
57.0
 21
424.7
 31
0.0
100
AcDbText
 73
2
  0
LWPOLYLINE
  5
699
330
65C
100
AcDbEntity
 67
1
  8
ACERO_SUP_APOYO
 62
5
370
30
100
AcDbPolyline
 90
3
 70
0
 10
345.75
 20
421.3
 10
472.5
 20
421.3
 10
472.5
 20
416.3
  0
TEXT
  5
69A
330
65C
100
AcDbEntity
 67
1
  8
ACERO_SUP_APOYO
 62
5
100
AcDbText
 10
442.0
 20
422.5
 30
0.0
 40
1.15
  1
M2 4#5 L=1118
 72
1
 11
442.0
 21
422.5
 31
0.0
100
AcDbText
 73
2
  0
LWPOLYLINE
  5
69B
330
65C
100
AcDbEntity
 67
1
  8
ACERO_INF
 62
1
370
35
100
AcDbPolyline
 90
4
 70
0
 10
59.0
 20
413.0
 10
59.0
 20
408.0
 10
440.0
 20
408.0
 10
440.0
 20
413.0
  0
TEXT
  5
69C
330
65C
100
AcDbEntity
 67
1
  8
ACERO_INF
 62
1
100
AcDbText
 10
249.5
 20
405.9
 30
0.0
 40
1.2
  1
M3 5#5 L=3860
 72
1
 11
249.5
 21
405.9
 31
0.0
100
AcDbText
 73
2
  0
LWPOLYLINE
  5
69D
330
65C
100
AcDbEntity
 67
1
  8
ACERO_TORSION
 62
30
370
30
100
AcDbPolyline
 90
2
 70
0
 10
58.0
 20
419.4
 10
441.0
 20
419.4
  0
TEXT
  5
69E
330
65C
100
AcDbEntity
 67
1
  8
ACERO_TORSION
 62
30
100
AcDbText
 10
249.5
 20
421.0
 30
0.0
 40
1.15
  1
M4 8#5 TORSIÓN DEDICADA
 72
1
 11
249.5
 21
421.0
 31
0.0
100
AcDbText
 73
2
  0
LINE
  5
69F
330
65C
100
AcDbEntity
 67
1
  8
CORTE
 62
6
370
13
100
AcDbLine
 10
114.75
 20
403.5
 30
0.0
 11
114.75
 21
430.5
 31
0.0
  0
TEXT
  5
6A0
330
65C
100
AcDbEntity
 67
1
  8
CORTE
 62
6
100
AcDbText
 10
114.75
 20
433.2
 30
0.0
 40
1.5
  1
A
 72
1
 11
114.75
 21
433.2
 31
0.0
100
AcDbText
 73
2
  0
LINE
  5
6A1
330
65C
100
AcDbEntity
 67
1
  8
CORTE
 62
6
370
13
100
AcDbLine
 10
249.5
 20
403.5
 30
0.0
 11
249.5
 21
430.5
 31
0.0
  0
TEXT
  5
6A2
330
65C
100
AcDbEntity
 67
1
  8
CORTE
 62
6
100
AcDbText
 10
249.5
 20
433.2
 30
0.0
 40
1.5
  1
B
 72
1
 11
249.5
 21
433.2
 31
0.0
100
AcDbText
 73
2
  0
LINE
  5
6A3
330
65C
100
AcDbEntity
 67
1
  8
CORTE
 62
6
370
13
100
AcDbLine
 10
384.25
 20
403.5
 30
0.0
 11
384.25
 21
430.5
 31
0.0
  0
TEXT
  5
6A4
330
65C
100
AcDbEntity
 67
1
  8
CORTE
 62
6
100
AcDbText
 10
384.25
 20
433.2
 30
0.0
 40
1.5
  1
C
 72
1
 11
384.25
 21
433.2
 31
0.0
100
AcDbText
 73
2
  0
LINE
  5
6A5
330
65C
100
AcDbEntity
 67
1
  8
COTAS
 62
3
370
13
100
AcDbLine
 10
57.0
 20
396.0
 30
0.0
 11
442.0
 21
396.0
 31
0.0
  0
LINE
  5
6A6
330
65C
100
AcDbEntity
 67
1
  8
COTAS
 62
3
370
13
100
AcDbLine
 10
57.0
 20
394.8
 30
0.0
 11
57.0
 21
397.2
 31
0.0
  0
LINE
  5
6A7
330
65C
100
AcDbEntity
 67
1
  8
COTAS
 62
3
370
13
100
AcDbLine
 10
442.0
 20
394.8
 30
0.0
 11
442.0
 21
397.2
 31
0.0
  0
TEXT
  5
6A8
330
65C
100
AcDbEntity
 67
1
  8
COTAS
 62
3
100
AcDbText
 10
249.5
 20
397.0
 30
0.0
 40
1.3
  1
3.850 m
 72
1
 11
249.5
 21
397.0
 31
0.0
100
AcDbText
 73
2
  0
TEXT
  5
6A9
330
65C
100
AcDbEntity
 67
1
  8
TEXTO
 62
7
100
AcDbText
 10
249.5
 20
393.3
 30
0.0
 40
1.1
  1
F87
 72
1
 11
249.5
 21
393.3
 31
0.0
100
AcDbText
 73
2
  0
LINE
  5
6AA
330
65C
100
AcDbEntity
 67
1
  8
COTAS
 62
3
370
13
100
AcDbLine
 10
57.0
 20
390.0
 30
0.0
 11
442.0
 21
390.0
 31
0.0
  0
LINE
  5
6AB
330
65C
100
AcDbEntity
 67
1
  8
COTAS
 62
3
370
13
100
AcDbLine
 10
57.0
 20
388.8
 30
0.0
 11
57.0
 21
391.2
 31
0.0
  0
LINE
  5
6AC
330
65C
100
AcDbEntity
 67
1
  8
COTAS
 62
3
370
13
100
AcDbLine
 10
442.0
 20
388.8
 30
0.0
 11
442.0
 21
391.2
 31
0.0
  0
TEXT
  5
6AD
330
65C
100
AcDbEntity
 67
1
  8
COTAS
 62
3
100
AcDbText
 10
249.5
 20
391.0
 30
0.0
 40
1.5
  1
TOTAL SAP I-J = 3.850 m
 72
1
 11
249.5
 21
391.0
 31
0.0
100
AcDbText
 73
2
  0
TEXT
  5
6AE
330
65C
100
AcDbEntity
 67
1
  8
TEXTO
 62
7
100
AcDbText
 10
442.0
 20
380.0
 30
0.0
 40
1.35
  1
ESC. H 1:10 | V 1:25 | Ejes/tramos obtenidos de SAP
 72
2
 11
442.0
 21
380.0
 31
0.0
100
AcDbText
  0
LWPOLYLINE
  5
6AF
330
65C
100
AcDbEntity
 67
1
  8
MARCO
 62
7
370
20
100
AcDbPolyline
 90
4
 70
1
 10
8.5
 20
306.0
 10
51.5
 20
306.0
 10
51.5
 20
350.0
 10
8.5
 20
350.0
  0
TEXT
  5
6B0
330
65C
100
AcDbEntity
 67
1
  8
TEXTO
 62
7
100
AcDbText
 10
30.0
 20
345.0
 30
0.0
 40
2.6
  1
VIGA VC4
 72
1
 11
30.0
 21
345.0
 31
0.0
100
AcDbText
 73
2
  0
TEXT
  5
6B1
330
65C
100
AcDbEntity
 67
1
  8
TEXTO
 62
7
100
AcDbText
 10
30.0
 20
339.0
 30
0.0
 40
2.2
  1
EJE 3
 72
1
 11
30.0
 21
339.0
 31
0.0
100
AcDbText
 73
2
  0
TEXT
  5
6B2
330
65C
100
AcDbEntity
 67
1
  8
TEXTO
 62
7
100
AcDbText
 10
30.0
 20
333.0
 30
0.0
 40
1.9
  1
450x550 mm
 72
1
 11
30.0
 21
333.0
 31
0.0
100
AcDbText
 73
2
  0
TEXT
  5
6B3
330
65C
100
AcDbEntity
 67
1
  8
TEXTO
100
AcDbText
 10
11.5
 20
326.0
 30
0.0
 40
1.7
  1
SUP 6#5
 11
11.5
 21
326.0
 31
0.0
100
AcDbText
  0
TEXT
  5
6B4
330
65C
100
AcDbEntity
 67
1
  8
TEXTO
100
AcDbText
 10
11.5
 20
321.0
 30
0.0
 40
1.7
  1
INF 5#5
 11
11.5
 21
321.0
 31
0.0
100
AcDbText
  0
TEXT
  5
6B5
330
65C
100
AcDbEntity
 67
1
  8
TEXTO
100
AcDbText
 10
11.5
 20
316.0
 30
0.0
 40
1.7
  1
TOR 8#5
 11
11.5
 21
316.0
 31
0.0
100
AcDbText
  0
TEXT
  5
6B6
330
65C
100
AcDbEntity
 67
1
  8
TEXTO
100
AcDbText
 10
11.5
 20
310.0
 30
0.0
 40
1.45
  1
NIVEL TIPO z=3.5 m
 11
11.5
 21
310.0
 31
0.0
100
AcDbText
  0
LWPOLYLINE
  5
6B7
330
65C
100
AcDbEntity
 67
1
  8
CONTORNO
 62
7
370
25
100
AcDbPolyline
 90
4
 70
1
 10
57.0
 20
314.0
 10
442.0
 20
314.0
 10
442.0
 20
336.0
 10
57.0
 20
336.0
  0
LWPOLYLINE
  5
6B8
330
65C
100
AcDbEntity
 67
1
  8
APOYOS
 62
9
370
15
100
AcDbPolyline
 90
4
 70
1
 10
32.0
 20
310.0
 10
82.0
 20
310.0
 10
82.0
 20
340.0
 10
32.0
 20
340.0
  0
LINE
  5
6B9
330
65C
100
AcDbEntity
 67
1
  8
EJES
  6
DASHED
 62
1
370
9
100
AcDbLine
 10
57.0
 20
303.0
 30
0.0
 11
57.0
 21
353.0
 31
0.0
  0
CIRCLE
  5
6BA
330
65C
100
AcDbEntity
 67
1
  8
EJES
 62
1
370
18
100
AcDbCircle
 10
57.0
 20
348.0
 30
0.0
 40
3.5
  0
TEXT
  5
6BB
330
65C
100
AcDbEntity
 67
1
  8
EJES
 62
1
100
AcDbText
 10
57.0
 20
348.0
 30
0.0
 40
2.0
  1
a
 72
1
 11
57.0
 21
348.0
 31
0.0
100
AcDbText
 73
2
  0
LWPOLYLINE
  5
6BC
330
65C
100
AcDbEntity
 67
1
  8
APOYOS
 62
9
370
15
100
AcDbPolyline
 90
4
 70
1
 10
417.0
 20
310.0
 10
467.0
 20
310.0
 10
467.0
 20
340.0
 10
417.0
 20
340.0
  0
LINE
  5
6BD
330
65C
100
AcDbEntity
 67
1
  8
EJES
  6
DASHED
 62
1
370
9
100
AcDbLine
 10
442.0
 20
303.0
 30
0.0
 11
442.0
 21
353.0
 31
0.0
  0
CIRCLE
  5
6BE
330
65C
100
AcDbEntity
 67
1
  8
EJES
 62
1
370
18
100
AcDbCircle
 10
442.0
 20
348.0
 30
0.0
 40
3.5
  0
TEXT
  5
6BF
330
65C
100
AcDbEntity
 67
1
  8
EJES
 62
1
100
AcDbText
 10
442.0
 20
348.0
 30
0.0
 40
2.0
  1
b
 72
1
 11
442.0
 21
348.0
 31
0.0
100
AcDbText
 73
2
  0
LINE
  5
6C0
330
65C
100
AcDbEntity
 67
1
  8
ESTRIBOS
 62
8
370
9
100
AcDbLine
 10
62.0
 20
315.0
 30
0.0
 11
62.0
 21
335.0
 31
0.0
  0
LINE
  5
6C1
330
65C
100
AcDbEntity
 67
1
  8
ESTRIBOS
 62
8
370
9
100
AcDbLine
 10
74.0
 20
315.0
 30
0.0
 11
74.0
 21
335.0
 31
0.0
  0
LINE
  5
6C2
330
65C
100
AcDbEntity
 67
1
  8
ESTRIBOS
 62
8
370
9
100
AcDbLine
 10
86.0
 20
315.0
 30
0.0
 11
86.0
 21
335.0
 31
0.0
  0
LINE
  5
6C3
330
65C
100
AcDbEntity
 67
1
  8
ESTRIBOS
 62
8
370
9
100
AcDbLine
 10
98.0
 20
315.0
 30
0.0
 11
98.0
 21
335.0
 31
0.0
  0
LINE
  5
6C4
330
65C
100
AcDbEntity
 67
1
  8
ESTRIBOS
 62
8
370
9
100
AcDbLine
 10
110.0
 20
315.0
 30
0.0
 11
110.0
 21
335.0
 31
0.0
  0
LINE
  5
6C5
330
65C
100
AcDbEntity
 67
1
  8
ESTRIBOS
 62
8
370
9
100
AcDbLine
 10
122.0
 20
315.0
 30
0.0
 11
122.0
 21
335.0
 31
0.0
  0
LINE
  5
6C6
330
65C
100
AcDbEntity
 67
1
  8
ESTRIBOS
 62
8
370
9
100
AcDbLine
 10
134.0
 20
315.0
 30
0.0
 11
134.0
 21
335.0
 31
0.0
  0
LINE
  5
6C7
330
65C
100
AcDbEntity
 67
1
  8
ESTRIBOS
 62
8
370
9
100
AcDbLine
 10
146.0
 20
315.0
 30
0.0
 11
146.0
 21
335.0
 31
0.0
  0
LINE
  5
6C8
330
65C
100
AcDbEntity
 67
1
  8
ESTRIBOS
 62
8
370
9
100
AcDbLine
 10
158.0
 20
315.0
 30
0.0
 11
158.0
 21
335.0
 31
0.0
  0
LINE
  5
6C9
330
65C
100
AcDbEntity
 67
1
  8
ESTRIBOS
 62
8
370
9
100
AcDbLine
 10
179.0
 20
315.0
 30
0.0
 11
179.0
 21
335.0
 31
0.0
  0
LINE
  5
6CA
330
65C
100
AcDbEntity
 67
1
  8
ESTRIBOS
 62
8
370
9
100
AcDbLine
 10
191.0
 20
315.0
 30
0.0
 11
191.0
 21
335.0
 31
0.0
  0
LINE
  5
6CB
330
65C
100
AcDbEntity
 67
1
  8
ESTRIBOS
 62
8
370
9
100
AcDbLine
 10
203.0
 20
315.0
 30
0.0
 11
203.0
 21
335.0
 31
0.0
  0
LINE
  5
6CC
330
65C
100
AcDbEntity
 67
1
  8
ESTRIBOS
 62
8
370
9
100
AcDbLine
 10
215.0
 20
315.0
 30
0.0
 11
215.0
 21
335.0
 31
0.0
  0
LINE
  5
6CD
330
65C
100
AcDbEntity
 67
1
  8
ESTRIBOS
 62
8
370
9
100
AcDbLine
 10
227.0
 20
315.0
 30
0.0
 11
227.0
 21
335.0
 31
0.0
  0
LINE
  5
6CE
330
65C
100
AcDbEntity
 67
1
  8
ESTRIBOS
 62
8
370
9
100
AcDbLine
 10
239.0
 20
315.0
 30
0.0
 11
239.0
 21
335.0
 31
0.0
  0
LINE
  5
6CF
330
65C
100
AcDbEntity
 67
1
  8
ESTRIBOS
 62
8
370
9
100
AcDbLine
 10
251.0
 20
315.0
 30
0.0
 11
251.0
 21
335.0
 31
0.0
  0
LINE
  5
6D0
330
65C
100
AcDbEntity
 67
1
  8
ESTRIBOS
 62
8
370
9
100
AcDbLine
 10
263.0
 20
315.0
 30
0.0
 11
263.0
 21
335.0
 31
0.0
  0
LINE
  5
6D1
330
65C
100
AcDbEntity
 67
1
  8
ESTRIBOS
 62
8
370
9
100
AcDbLine
 10
275.0
 20
315.0
 30
0.0
 11
275.0
 21
335.0
 31
0.0
  0
LINE
  5
6D2
330
65C
100
AcDbEntity
 67
1
  8
ESTRIBOS
 62
8
370
9
100
AcDbLine
 10
287.0
 20
315.0
 30
0.0
 11
287.0
 21
335.0
 31
0.0
  0
LINE
  5
6D3
330
65C
100
AcDbEntity
 67
1
  8
ESTRIBOS
 62
8
370
9
100
AcDbLine
 10
299.0
 20
315.0
 30
0.0
 11
299.0
 21
335.0
 31
0.0
  0
LINE
  5
6D4
330
65C
100
AcDbEntity
 67
1
  8
ESTRIBOS
 62
8
370
9
100
AcDbLine
 10
311.0
 20
315.0
 30
0.0
 11
311.0
 21
335.0
 31
0.0
  0
LINE
  5
6D5
330
65C
100
AcDbEntity
 67
1
  8
ESTRIBOS
 62
8
370
9
100
AcDbLine
 10
323.0
 20
315.0
 30
0.0
 11
323.0
 21
335.0
 31
0.0
  0
LINE
  5
6D6
330
65C
100
AcDbEntity
 67
1
  8
ESTRIBOS
 62
8
370
9
100
AcDbLine
 10
341.0
 20
315.0
 30
0.0
 11
341.0
 21
335.0
 31
0.0
  0
LINE
  5
6D7
330
65C
100
AcDbEntity
 67
1
  8
ESTRIBOS
 62
8
370
9
100
AcDbLine
 10
353.0
 20
315.0
 30
0.0
 11
353.0
 21
335.0
 31
0.0
  0
LINE
  5
6D8
330
65C
100
AcDbEntity
 67
1
  8
ESTRIBOS
 62
8
370
9
100
AcDbLine
 10
365.0
 20
315.0
 30
0.0
 11
365.0
 21
335.0
 31
0.0
  0
LINE
  5
6D9
330
65C
100
AcDbEntity
 67
1
  8
ESTRIBOS
 62
8
370
9
100
AcDbLine
 10
377.0
 20
315.0
 30
0.0
 11
377.0
 21
335.0
 31
0.0
  0
LINE
  5
6DA
330
65C
100
AcDbEntity
 67
1
  8
ESTRIBOS
 62
8
370
9
100
AcDbLine
 10
389.0
 20
315.0
 30
0.0
 11
389.0
 21
335.0
 31
0.0
  0
LINE
  5
6DB
330
65C
100
AcDbEntity
 67
1
  8
ESTRIBOS
 62
8
370
9
100
AcDbLine
 10
401.0
 20
315.0
 30
0.0
 11
401.0
 21
335.0
 31
0.0
  0
LINE
  5
6DC
330
65C
100
AcDbEntity
 67
1
  8
ESTRIBOS
 62
8
370
9
100
AcDbLine
 10
413.0
 20
315.0
 30
0.0
 11
413.0
 21
335.0
 31
0.0
  0
LINE
  5
6DD
330
65C
100
AcDbEntity
 67
1
  8
ESTRIBOS
 62
8
370
9
100
AcDbLine
 10
425.0
 20
315.0
 30
0.0
 11
425.0
 21
335.0
 31
0.0
  0
LINE
  5
6DE
330
65C
100
AcDbEntity
 67
1
  8
ESTRIBOS
 62
8
370
9
100
AcDbLine
 10
437.0
 20
315.0
 30
0.0
 11
437.0
 21
335.0
 31
0.0
  0
TEXT
  5
6DF
330
65C
100
AcDbEntity
 67
1
  8
ESTRIBOS
 62
8
100
AcDbText
 10
249.5
 20
324.2
 30
0.0
 40
1.25
  1
Nº4 4R @120 (2h) / @120 ctr
 72
1
 11
249.5
 21
324.2
 31
0.0
100
AcDbText
 73
2
  0
LWPOLYLINE
  5
6E0
330
65C
100
AcDbEntity
 67
1
  8
ACERO_SUP_CONT
 62
4
370
35
100
AcDbPolyline
 90
4
 70
0
 10
57.0
 20
328.0
 10
57.0
 20
334.0
 10
442.0
 20
334.0
 10
442.0
 20
328.0
  0
TEXT
  5
6E1
330
65C
100
AcDbEntity
 67
1
  8
ACERO_SUP_CONT
 62
4
100
AcDbText
 10
249.5
 20
337.0
 30
0.0
 40
1.55
  1
M1  2#5 CONT.  Lc=3860 mm
 72
1
 11
249.5
 21
337.0
 31
0.0
100
AcDbText
 73
2
  0
LWPOLYLINE
  5
6E2
330
65C
100
AcDbEntity
 67
1
  8
ACERO_SUP_APOYO
 62
5
370
30
100
AcDbPolyline
 90
3
 70
0
 10
26.5
 20
326.5
 10
26.5
 20
331.5
 10
153.25
 20
331.5
  0
TEXT
  5
6E3
330
65C
100
AcDbEntity
 67
1
  8
ACERO_SUP_APOYO
 62
5
100
AcDbText
 10
57.0
 20
332.7
 30
0.0
 40
1.15
  1
M2 4#5 L=1118
 72
1
 11
57.0
 21
332.7
 31
0.0
100
AcDbText
 73
2
  0
LWPOLYLINE
  5
6E4
330
65C
100
AcDbEntity
 67
1
  8
ACERO_SUP_APOYO
 62
5
370
30
100
AcDbPolyline
 90
3
 70
0
 10
345.75
 20
329.3
 10
472.5
 20
329.3
 10
472.5
 20
324.3
  0
TEXT
  5
6E5
330
65C
100
AcDbEntity
 67
1
  8
ACERO_SUP_APOYO
 62
5
100
AcDbText
 10
442.0
 20
330.5
 30
0.0
 40
1.15
  1
M2 4#5 L=1118
 72
1
 11
442.0
 21
330.5
 31
0.0
100
AcDbText
 73
2
  0
LWPOLYLINE
  5
6E6
330
65C
100
AcDbEntity
 67
1
  8
ACERO_INF
 62
1
370
35
100
AcDbPolyline
 90
4
 70
0
 10
59.0
 20
321.0
 10
59.0
 20
316.0
 10
440.0
 20
316.0
 10
440.0
 20
321.0
  0
TEXT
  5
6E7
330
65C
100
AcDbEntity
 67
1
  8
ACERO_INF
 62
1
100
AcDbText
 10
249.5
 20
313.9
 30
0.0
 40
1.2
  1
M3 5#5 L=3860
 72
1
 11
249.5
 21
313.9
 31
0.0
100
AcDbText
 73
2
  0
LWPOLYLINE
  5
6E8
330
65C
100
AcDbEntity
 67
1
  8
ACERO_TORSION
 62
30
370
30
100
AcDbPolyline
 90
2
 70
0
 10
58.0
 20
327.4
 10
441.0
 20
327.4
  0
TEXT
  5
6E9
330
65C
100
AcDbEntity
 67
1
  8
ACERO_TORSION
 62
30
100
AcDbText
 10
249.5
 20
329.0
 30
0.0
 40
1.15
  1
M4 8#5 TORSIÓN DEDICADA
 72
1
 11
249.5
 21
329.0
 31
0.0
100
AcDbText
 73
2
  0
LINE
  5
6EA
330
65C
100
AcDbEntity
 67
1
  8
CORTE
 62
6
370
13
100
AcDbLine
 10
114.75
 20
311.5
 30
0.0
 11
114.75
 21
338.5
 31
0.0
  0
TEXT
  5
6EB
330
65C
100
AcDbEntity
 67
1
  8
CORTE
 62
6
100
AcDbText
 10
114.75
 20
341.2
 30
0.0
 40
1.5
  1
A
 72
1
 11
114.75
 21
341.2
 31
0.0
100
AcDbText
 73
2
  0
LINE
  5
6EC
330
65C
100
AcDbEntity
 67
1
  8
CORTE
 62
6
370
13
100
AcDbLine
 10
249.5
 20
311.5
 30
0.0
 11
249.5
 21
338.5
 31
0.0
  0
TEXT
  5
6ED
330
65C
100
AcDbEntity
 67
1
  8
CORTE
 62
6
100
AcDbText
 10
249.5
 20
341.2
 30
0.0
 40
1.5
  1
B
 72
1
 11
249.5
 21
341.2
 31
0.0
100
AcDbText
 73
2
  0
LINE
  5
6EE
330
65C
100
AcDbEntity
 67
1
  8
CORTE
 62
6
370
13
100
AcDbLine
 10
384.25
 20
311.5
 30
0.0
 11
384.25
 21
338.5
 31
0.0
  0
TEXT
  5
6EF
330
65C
100
AcDbEntity
 67
1
  8
CORTE
 62
6
100
AcDbText
 10
384.25
 20
341.2
 30
0.0
 40
1.5
  1
C
 72
1
 11
384.25
 21
341.2
 31
0.0
100
AcDbText
 73
2
  0
LINE
  5
6F0
330
65C
100
AcDbEntity
 67
1
  8
COTAS
 62
3
370
13
100
AcDbLine
 10
57.0
 20
304.0
 30
0.0
 11
442.0
 21
304.0
 31
0.0
  0
LINE
  5
6F1
330
65C
100
AcDbEntity
 67
1
  8
COTAS
 62
3
370
13
100
AcDbLine
 10
57.0
 20
302.8
 30
0.0
 11
57.0
 21
305.2
 31
0.0
  0
LINE
  5
6F2
330
65C
100
AcDbEntity
 67
1
  8
COTAS
 62
3
370
13
100
AcDbLine
 10
442.0
 20
302.8
 30
0.0
 11
442.0
 21
305.2
 31
0.0
  0
TEXT
  5
6F3
330
65C
100
AcDbEntity
 67
1
  8
COTAS
 62
3
100
AcDbText
 10
249.5
 20
305.0
 30
0.0
 40
1.3
  1
3.850 m
 72
1
 11
249.5
 21
305.0
 31
0.0
100
AcDbText
 73
2
  0
TEXT
  5
6F4
330
65C
100
AcDbEntity
 67
1
  8
TEXTO
 62
7
100
AcDbText
 10
249.5
 20
301.3
 30
0.0
 40
1.1
  1
F61
 72
1
 11
249.5
 21
301.3
 31
0.0
100
AcDbText
 73
2
  0
LINE
  5
6F5
330
65C
100
AcDbEntity
 67
1
  8
COTAS
 62
3
370
13
100
AcDbLine
 10
57.0
 20
298.0
 30
0.0
 11
442.0
 21
298.0
 31
0.0
  0
LINE
  5
6F6
330
65C
100
AcDbEntity
 67
1
  8
COTAS
 62
3
370
13
100
AcDbLine
 10
57.0
 20
296.8
 30
0.0
 11
57.0
 21
299.2
 31
0.0
  0
LINE
  5
6F7
330
65C
100
AcDbEntity
 67
1
  8
COTAS
 62
3
370
13
100
AcDbLine
 10
442.0
 20
296.8
 30
0.0
 11
442.0
 21
299.2
 31
0.0
  0
TEXT
  5
6F8
330
65C
100
AcDbEntity
 67
1
  8
COTAS
 62
3
100
AcDbText
 10
249.5
 20
299.0
 30
0.0
 40
1.5
  1
TOTAL SAP I-J = 3.850 m
 72
1
 11
249.5
 21
299.0
 31
0.0
100
AcDbText
 73
2
  0
TEXT
  5
6F9
330
65C
100
AcDbEntity
 67
1
  8
TEXTO
 62
7
100
AcDbText
 10
442.0
 20
288.0
 30
0.0
 40
1.35
  1
ESC. H 1:10 | V 1:25 | Ejes/tramos obtenidos de SAP
 72
2
 11
442.0
 21
288.0
 31
0.0
100
AcDbText
  0
LWPOLYLINE
  5
6FA
330
65C
100
AcDbEntity
 67
1
  8
MARCO
 62
7
370
20
100
AcDbPolyline
 90
4
 70
1
 10
8.5
 20
214.0
 10
51.5
 20
214.0
 10
51.5
 20
258.0
 10
8.5
 20
258.0
  0
TEXT
  5
6FB
330
65C
100
AcDbEntity
 67
1
  8
TEXTO
 62
7
100
AcDbText
 10
30.0
 20
253.0
 30
0.0
 40
2.6
  1
VIGA VC4
 72
1
 11
30.0
 21
253.0
 31
0.0
100
AcDbText
 73
2
  0
TEXT
  5
6FC
330
65C
100
AcDbEntity
 67
1
  8
TEXTO
 62
7
100
AcDbText
 10
30.0
 20
247.0
 30
0.0
 40
2.2
  1
EJE 11
 72
1
 11
30.0
 21
247.0
 31
0.0
100
AcDbText
 73
2
  0
TEXT
  5
6FD
330
65C
100
AcDbEntity
 67
1
  8
TEXTO
 62
7
100
AcDbText
 10
30.0
 20
241.0
 30
0.0
 40
1.9
  1
450x550 mm
 72
1
 11
30.0
 21
241.0
 31
0.0
100
AcDbText
 73
2
  0
TEXT
  5
6FE
330
65C
100
AcDbEntity
 67
1
  8
TEXTO
100
AcDbText
 10
11.5
 20
234.0
 30
0.0
 40
1.7
  1
SUP 6#5
 11
11.5
 21
234.0
 31
0.0
100
AcDbText
  0
TEXT
  5
6FF
330
65C
100
AcDbEntity
 67
1
  8
TEXTO
100
AcDbText
 10
11.5
 20
229.0
 30
0.0
 40
1.7
  1
INF 5#5
 11
11.5
 21
229.0
 31
0.0
100
AcDbText
  0
TEXT
  5
700
330
65C
100
AcDbEntity
 67
1
  8
TEXTO
100
AcDbText
 10
11.5
 20
224.0
 30
0.0
 40
1.7
  1
TOR 8#5
 11
11.5
 21
224.0
 31
0.0
100
AcDbText
  0
TEXT
  5
701
330
65C
100
AcDbEntity
 67
1
  8
TEXTO
100
AcDbText
 10
11.5
 20
218.0
 30
0.0
 40
1.45
  1
NIVEL TIPO z=3.5 m
 11
11.5
 21
218.0
 31
0.0
100
AcDbText
  0
LWPOLYLINE
  5
702
330
65C
100
AcDbEntity
 67
1
  8
CONTORNO
 62
7
370
25
100
AcDbPolyline
 90
4
 70
1
 10
57.0
 20
222.0
 10
442.0
 20
222.0
 10
442.0
 20
244.0
 10
57.0
 20
244.0
  0
LWPOLYLINE
  5
703
330
65C
100
AcDbEntity
 67
1
  8
APOYOS
 62
9
370
15
100
AcDbPolyline
 90
4
 70
1
 10
32.0
 20
218.0
 10
82.0
 20
218.0
 10
82.0
 20
248.0
 10
32.0
 20
248.0
  0
LINE
  5
704
330
65C
100
AcDbEntity
 67
1
  8
EJES
  6
DASHED
 62
1
370
9
100
AcDbLine
 10
57.0
 20
211.0
 30
0.0
 11
57.0
 21
261.0
 31
0.0
  0
CIRCLE
  5
705
330
65C
100
AcDbEntity
 67
1
  8
EJES
 62
1
370
18
100
AcDbCircle
 10
57.0
 20
256.0
 30
0.0
 40
3.5
  0
TEXT
  5
706
330
65C
100
AcDbEntity
 67
1
  8
EJES
 62
1
100
AcDbText
 10
57.0
 20
256.0
 30
0.0
 40
2.0
  1
d
 72
1
 11
57.0
 21
256.0
 31
0.0
100
AcDbText
 73
2
  0
LWPOLYLINE
  5
707
330
65C
100
AcDbEntity
 67
1
  8
APOYOS
 62
9
370
15
100
AcDbPolyline
 90
4
 70
1
 10
417.0
 20
218.0
 10
467.0
 20
218.0
 10
467.0
 20
248.0
 10
417.0
 20
248.0
  0
LINE
  5
708
330
65C
100
AcDbEntity
 67
1
  8
EJES
  6
DASHED
 62
1
370
9
100
AcDbLine
 10
442.0
 20
211.0
 30
0.0
 11
442.0
 21
261.0
 31
0.0
  0
CIRCLE
  5
709
330
65C
100
AcDbEntity
 67
1
  8
EJES
 62
1
370
18
100
AcDbCircle
 10
442.0
 20
256.0
 30
0.0
 40
3.5
  0
TEXT
  5
70A
330
65C
100
AcDbEntity
 67
1
  8
EJES
 62
1
100
AcDbText
 10
442.0
 20
256.0
 30
0.0
 40
2.0
  1
e
 72
1
 11
442.0
 21
256.0
 31
0.0
100
AcDbText
 73
2
  0
LINE
  5
70B
330
65C
100
AcDbEntity
 67
1
  8
ESTRIBOS
 62
8
370
9
100
AcDbLine
 10
62.0
 20
223.0
 30
0.0
 11
62.0
 21
243.0
 31
0.0
  0
LINE
  5
70C
330
65C
100
AcDbEntity
 67
1
  8
ESTRIBOS
 62
8
370
9
100
AcDbLine
 10
74.0
 20
223.0
 30
0.0
 11
74.0
 21
243.0
 31
0.0
  0
LINE
  5
70D
330
65C
100
AcDbEntity
 67
1
  8
ESTRIBOS
 62
8
370
9
100
AcDbLine
 10
86.0
 20
223.0
 30
0.0
 11
86.0
 21
243.0
 31
0.0
  0
LINE
  5
70E
330
65C
100
AcDbEntity
 67
1
  8
ESTRIBOS
 62
8
370
9
100
AcDbLine
 10
98.0
 20
223.0
 30
0.0
 11
98.0
 21
243.0
 31
0.0
  0
LINE
  5
70F
330
65C
100
AcDbEntity
 67
1
  8
ESTRIBOS
 62
8
370
9
100
AcDbLine
 10
110.0
 20
223.0
 30
0.0
 11
110.0
 21
243.0
 31
0.0
  0
LINE
  5
710
330
65C
100
AcDbEntity
 67
1
  8
ESTRIBOS
 62
8
370
9
100
AcDbLine
 10
122.0
 20
223.0
 30
0.0
 11
122.0
 21
243.0
 31
0.0
  0
LINE
  5
711
330
65C
100
AcDbEntity
 67
1
  8
ESTRIBOS
 62
8
370
9
100
AcDbLine
 10
134.0
 20
223.0
 30
0.0
 11
134.0
 21
243.0
 31
0.0
  0
LINE
  5
712
330
65C
100
AcDbEntity
 67
1
  8
ESTRIBOS
 62
8
370
9
100
AcDbLine
 10
146.0
 20
223.0
 30
0.0
 11
146.0
 21
243.0
 31
0.0
  0
LINE
  5
713
330
65C
100
AcDbEntity
 67
1
  8
ESTRIBOS
 62
8
370
9
100
AcDbLine
 10
158.0
 20
223.0
 30
0.0
 11
158.0
 21
243.0
 31
0.0
  0
LINE
  5
714
330
65C
100
AcDbEntity
 67
1
  8
ESTRIBOS
 62
8
370
9
100
AcDbLine
 10
179.0
 20
223.0
 30
0.0
 11
179.0
 21
243.0
 31
0.0
  0
LINE
  5
715
330
65C
100
AcDbEntity
 67
1
  8
ESTRIBOS
 62
8
370
9
100
AcDbLine
 10
191.0
 20
223.0
 30
0.0
 11
191.0
 21
243.0
 31
0.0
  0
LINE
  5
716
330
65C
100
AcDbEntity
 67
1
  8
ESTRIBOS
 62
8
370
9
100
AcDbLine
 10
203.0
 20
223.0
 30
0.0
 11
203.0
 21
243.0
 31
0.0
  0
LINE
  5
717
330
65C
100
AcDbEntity
 67
1
  8
ESTRIBOS
 62
8
370
9
100
AcDbLine
 10
215.0
 20
223.0
 30
0.0
 11
215.0
 21
243.0
 31
0.0
  0
LINE
  5
718
330
65C
100
AcDbEntity
 67
1
  8
ESTRIBOS
 62
8
370
9
100
AcDbLine
 10
227.0
 20
223.0
 30
0.0
 11
227.0
 21
243.0
 31
0.0
  0
LINE
  5
719
330
65C
100
AcDbEntity
 67
1
  8
ESTRIBOS
 62
8
370
9
100
AcDbLine
 10
239.0
 20
223.0
 30
0.0
 11
239.0
 21
243.0
 31
0.0
  0
LINE
  5
71A
330
65C
100
AcDbEntity
 67
1
  8
ESTRIBOS
 62
8
370
9
100
AcDbLine
 10
251.0
 20
223.0
 30
0.0
 11
251.0
 21
243.0
 31
0.0
  0
LINE
  5
71B
330
65C
100
AcDbEntity
 67
1
  8
ESTRIBOS
 62
8
370
9
100
AcDbLine
 10
263.0
 20
223.0
 30
0.0
 11
263.0
 21
243.0
 31
0.0
  0
LINE
  5
71C
330
65C
100
AcDbEntity
 67
1
  8
ESTRIBOS
 62
8
370
9
100
AcDbLine
 10
275.0
 20
223.0
 30
0.0
 11
275.0
 21
243.0
 31
0.0
  0
LINE
  5
71D
330
65C
100
AcDbEntity
 67
1
  8
ESTRIBOS
 62
8
370
9
100
AcDbLine
 10
287.0
 20
223.0
 30
0.0
 11
287.0
 21
243.0
 31
0.0
  0
LINE
  5
71E
330
65C
100
AcDbEntity
 67
1
  8
ESTRIBOS
 62
8
370
9
100
AcDbLine
 10
299.0
 20
223.0
 30
0.0
 11
299.0
 21
243.0
 31
0.0
  0
LINE
  5
71F
330
65C
100
AcDbEntity
 67
1
  8
ESTRIBOS
 62
8
370
9
100
AcDbLine
 10
311.0
 20
223.0
 30
0.0
 11
311.0
 21
243.0
 31
0.0
  0
LINE
  5
720
330
65C
100
AcDbEntity
 67
1
  8
ESTRIBOS
 62
8
370
9
100
AcDbLine
 10
323.0
 20
223.0
 30
0.0
 11
323.0
 21
243.0
 31
0.0
  0
LINE
  5
721
330
65C
100
AcDbEntity
 67
1
  8
ESTRIBOS
 62
8
370
9
100
AcDbLine
 10
341.0
 20
223.0
 30
0.0
 11
341.0
 21
243.0
 31
0.0
  0
LINE
  5
722
330
65C
100
AcDbEntity
 67
1
  8
ESTRIBOS
 62
8
370
9
100
AcDbLine
 10
353.0
 20
223.0
 30
0.0
 11
353.0
 21
243.0
 31
0.0
  0
LINE
  5
723
330
65C
100
AcDbEntity
 67
1
  8
ESTRIBOS
 62
8
370
9
100
AcDbLine
 10
365.0
 20
223.0
 30
0.0
 11
365.0
 21
243.0
 31
0.0
  0
LINE
  5
724
330
65C
100
AcDbEntity
 67
1
  8
ESTRIBOS
 62
8
370
9
100
AcDbLine
 10
377.0
 20
223.0
 30
0.0
 11
377.0
 21
243.0
 31
0.0
  0
LINE
  5
725
330
65C
100
AcDbEntity
 67
1
  8
ESTRIBOS
 62
8
370
9
100
AcDbLine
 10
389.0
 20
223.0
 30
0.0
 11
389.0
 21
243.0
 31
0.0
  0
LINE
  5
726
330
65C
100
AcDbEntity
 67
1
  8
ESTRIBOS
 62
8
370
9
100
AcDbLine
 10
401.0
 20
223.0
 30
0.0
 11
401.0
 21
243.0
 31
0.0
  0
LINE
  5
727
330
65C
100
AcDbEntity
 67
1
  8
ESTRIBOS
 62
8
370
9
100
AcDbLine
 10
413.0
 20
223.0
 30
0.0
 11
413.0
 21
243.0
 31
0.0
  0
LINE
  5
728
330
65C
100
AcDbEntity
 67
1
  8
ESTRIBOS
 62
8
370
9
100
AcDbLine
 10
425.0
 20
223.0
 30
0.0
 11
425.0
 21
243.0
 31
0.0
  0
LINE
  5
729
330
65C
100
AcDbEntity
 67
1
  8
ESTRIBOS
 62
8
370
9
100
AcDbLine
 10
437.0
 20
223.0
 30
0.0
 11
437.0
 21
243.0
 31
0.0
  0
TEXT
  5
72A
330
65C
100
AcDbEntity
 67
1
  8
ESTRIBOS
 62
8
100
AcDbText
 10
249.5
 20
232.2
 30
0.0
 40
1.25
  1
Nº4 4R @120 (2h) / @120 ctr
 72
1
 11
249.5
 21
232.2
 31
0.0
100
AcDbText
 73
2
  0
LWPOLYLINE
  5
72B
330
65C
100
AcDbEntity
 67
1
  8
ACERO_SUP_CONT
 62
4
370
35
100
AcDbPolyline
 90
4
 70
0
 10
57.0
 20
236.0
 10
57.0
 20
242.0
 10
442.0
 20
242.0
 10
442.0
 20
236.0
  0
TEXT
  5
72C
330
65C
100
AcDbEntity
 67
1
  8
ACERO_SUP_CONT
 62
4
100
AcDbText
 10
249.5
 20
245.0
 30
0.0
 40
1.55
  1
M1  2#5 CONT.  Lc=3860 mm
 72
1
 11
249.5
 21
245.0
 31
0.0
100
AcDbText
 73
2
  0
LWPOLYLINE
  5
72D
330
65C
100
AcDbEntity
 67
1
  8
ACERO_SUP_APOYO
 62
5
370
30
100
AcDbPolyline
 90
3
 70
0
 10
26.5
 20
234.5
 10
26.5
 20
239.5
 10
153.25
 20
239.5
  0
TEXT
  5
72E
330
65C
100
AcDbEntity
 67
1
  8
ACERO_SUP_APOYO
 62
5
100
AcDbText
 10
57.0
 20
240.7
 30
0.0
 40
1.15
  1
M2 4#5 L=1118
 72
1
 11
57.0
 21
240.7
 31
0.0
100
AcDbText
 73
2
  0
LWPOLYLINE
  5
72F
330
65C
100
AcDbEntity
 67
1
  8
ACERO_SUP_APOYO
 62
5
370
30
100
AcDbPolyline
 90
3
 70
0
 10
345.75
 20
237.3
 10
472.5
 20
237.3
 10
472.5
 20
232.3
  0
TEXT
  5
730
330
65C
100
AcDbEntity
 67
1
  8
ACERO_SUP_APOYO
 62
5
100
AcDbText
 10
442.0
 20
238.5
 30
0.0
 40
1.15
  1
M2 4#5 L=1118
 72
1
 11
442.0
 21
238.5
 31
0.0
100
AcDbText
 73
2
  0
LWPOLYLINE
  5
731
330
65C
100
AcDbEntity
 67
1
  8
ACERO_INF
 62
1
370
35
100
AcDbPolyline
 90
4
 70
0
 10
59.0
 20
229.0
 10
59.0
 20
224.0
 10
440.0
 20
224.0
 10
440.0
 20
229.0
  0
TEXT
  5
732
330
65C
100
AcDbEntity
 67
1
  8
ACERO_INF
 62
1
100
AcDbText
 10
249.5
 20
221.9
 30
0.0
 40
1.2
  1
M3 5#5 L=3860
 72
1
 11
249.5
 21
221.9
 31
0.0
100
AcDbText
 73
2
  0
LWPOLYLINE
  5
733
330
65C
100
AcDbEntity
 67
1
  8
ACERO_TORSION
 62
30
370
30
100
AcDbPolyline
 90
2
 70
0
 10
58.0
 20
235.4
 10
441.0
 20
235.4
  0
TEXT
  5
734
330
65C
100
AcDbEntity
 67
1
  8
ACERO_TORSION
 62
30
100
AcDbText
 10
249.5
 20
237.0
 30
0.0
 40
1.15
  1
M4 8#5 TORSIÓN DEDICADA
 72
1
 11
249.5
 21
237.0
 31
0.0
100
AcDbText
 73
2
  0
LINE
  5
735
330
65C
100
AcDbEntity
 67
1
  8
CORTE
 62
6
370
13
100
AcDbLine
 10
114.75
 20
219.5
 30
0.0
 11
114.75
 21
246.5
 31
0.0
  0
TEXT
  5
736
330
65C
100
AcDbEntity
 67
1
  8
CORTE
 62
6
100
AcDbText
 10
114.75
 20
249.2
 30
0.0
 40
1.5
  1
A
 72
1
 11
114.75
 21
249.2
 31
0.0
100
AcDbText
 73
2
  0
LINE
  5
737
330
65C
100
AcDbEntity
 67
1
  8
CORTE
 62
6
370
13
100
AcDbLine
 10
249.5
 20
219.5
 30
0.0
 11
249.5
 21
246.5
 31
0.0
  0
TEXT
  5
738
330
65C
100
AcDbEntity
 67
1
  8
CORTE
 62
6
100
AcDbText
 10
249.5
 20
249.2
 30
0.0
 40
1.5
  1
B
 72
1
 11
249.5
 21
249.2
 31
0.0
100
AcDbText
 73
2
  0
LINE
  5
739
330
65C
100
AcDbEntity
 67
1
  8
CORTE
 62
6
370
13
100
AcDbLine
 10
384.25
 20
219.5
 30
0.0
 11
384.25
 21
246.5
 31
0.0
  0
TEXT
  5
73A
330
65C
100
AcDbEntity
 67
1
  8
CORTE
 62
6
100
AcDbText
 10
384.25
 20
249.2
 30
0.0
 40
1.5
  1
C
 72
1
 11
384.25
 21
249.2
 31
0.0
100
AcDbText
 73
2
  0
LINE
  5
73B
330
65C
100
AcDbEntity
 67
1
  8
COTAS
 62
3
370
13
100
AcDbLine
 10
57.0
 20
212.0
 30
0.0
 11
442.0
 21
212.0
 31
0.0
  0
LINE
  5
73C
330
65C
100
AcDbEntity
 67
1
  8
COTAS
 62
3
370
13
100
AcDbLine
 10
57.0
 20
210.8
 30
0.0
 11
57.0
 21
213.2
 31
0.0
  0
LINE
  5
73D
330
65C
100
AcDbEntity
 67
1
  8
COTAS
 62
3
370
13
100
AcDbLine
 10
442.0
 20
210.8
 30
0.0
 11
442.0
 21
213.2
 31
0.0
  0
TEXT
  5
73E
330
65C
100
AcDbEntity
 67
1
  8
COTAS
 62
3
100
AcDbText
 10
249.5
 20
213.0
 30
0.0
 40
1.3
  1
3.850 m
 72
1
 11
249.5
 21
213.0
 31
0.0
100
AcDbText
 73
2
  0
TEXT
  5
73F
330
65C
100
AcDbEntity
 67
1
  8
TEXTO
 62
7
100
AcDbText
 10
249.5
 20
209.3
 30
0.0
 40
1.1
  1
F88
 72
1
 11
249.5
 21
209.3
 31
0.0
100
AcDbText
 73
2
  0
LINE
  5
740
330
65C
100
AcDbEntity
 67
1
  8
COTAS
 62
3
370
13
100
AcDbLine
 10
57.0
 20
206.0
 30
0.0
 11
442.0
 21
206.0
 31
0.0
  0
LINE
  5
741
330
65C
100
AcDbEntity
 67
1
  8
COTAS
 62
3
370
13
100
AcDbLine
 10
57.0
 20
204.8
 30
0.0
 11
57.0
 21
207.2
 31
0.0
  0
LINE
  5
742
330
65C
100
AcDbEntity
 67
1
  8
COTAS
 62
3
370
13
100
AcDbLine
 10
442.0
 20
204.8
 30
0.0
 11
442.0
 21
207.2
 31
0.0
  0
TEXT
  5
743
330
65C
100
AcDbEntity
 67
1
  8
COTAS
 62
3
100
AcDbText
 10
249.5
 20
207.0
 30
0.0
 40
1.5
  1
TOTAL SAP I-J = 3.850 m
 72
1
 11
249.5
 21
207.0
 31
0.0
100
AcDbText
 73
2
  0
TEXT
  5
744
330
65C
100
AcDbEntity
 67
1
  8
TEXTO
 62
7
100
AcDbText
 10
442.0
 20
196.0
 30
0.0
 40
1.35
  1
ESC. H 1:10 | V 1:25 | Ejes/tramos obtenidos de SAP
 72
2
 11
442.0
 21
196.0
 31
0.0
100
AcDbText
  0
LWPOLYLINE
  5
745
330
65C
100
AcDbEntity
 67
1
  8
MARCO
 62
7
370
20
100
AcDbPolyline
 90
4
 70
1
 10
8.5
 20
122.0
 10
51.5
 20
122.0
 10
51.5
 20
166.0
 10
8.5
 20
166.0
  0
TEXT
  5
746
330
65C
100
AcDbEntity
 67
1
  8
TEXTO
 62
7
100
AcDbText
 10
30.0
 20
161.0
 30
0.0
 40
2.6
  1
VIGA VC4
 72
1
 11
30.0
 21
161.0
 31
0.0
100
AcDbText
 73
2
  0
TEXT
  5
747
330
65C
100
AcDbEntity
 67
1
  8
TEXTO
 62
7
100
AcDbText
 10
30.0
 20
155.0
 30
0.0
 40
2.2
  1
EJE 3
 72
1
 11
30.0
 21
155.0
 31
0.0
100
AcDbText
 73
2
  0
TEXT
  5
748
330
65C
100
AcDbEntity
 67
1
  8
TEXTO
 62
7
100
AcDbText
 10
30.0
 20
149.0
 30
0.0
 40
1.9
  1
450x550 mm
 72
1
 11
30.0
 21
149.0
 31
0.0
100
AcDbText
 73
2
  0
TEXT
  5
749
330
65C
100
AcDbEntity
 67
1
  8
TEXTO
100
AcDbText
 10
11.5
 20
142.0
 30
0.0
 40
1.7
  1
SUP 6#5
 11
11.5
 21
142.0
 31
0.0
100
AcDbText
  0
TEXT
  5
74A
330
65C
100
AcDbEntity
 67
1
  8
TEXTO
100
AcDbText
 10
11.5
 20
137.0
 30
0.0
 40
1.7
  1
INF 5#5
 11
11.5
 21
137.0
 31
0.0
100
AcDbText
  0
TEXT
  5
74B
330
65C
100
AcDbEntity
 67
1
  8
TEXTO
100
AcDbText
 10
11.5
 20
132.0
 30
0.0
 40
1.7
  1
TOR 8#5
 11
11.5
 21
132.0
 31
0.0
100
AcDbText
  0
TEXT
  5
74C
330
65C
100
AcDbEntity
 67
1
  8
TEXTO
100
AcDbText
 10
11.5
 20
126.0
 30
0.0
 40
1.45
  1
NIVEL TIPO z=3.5 m
 11
11.5
 21
126.0
 31
0.0
100
AcDbText
  0
LWPOLYLINE
  5
74D
330
65C
100
AcDbEntity
 67
1
  8
CONTORNO
 62
7
370
25
100
AcDbPolyline
 90
4
 70
1
 10
57.0
 20
130.0
 10
442.0
 20
130.0
 10
442.0
 20
152.0
 10
57.0
 20
152.0
  0
LWPOLYLINE
  5
74E
330
65C
100
AcDbEntity
 67
1
  8
APOYOS
 62
9
370
15
100
AcDbPolyline
 90
4
 70
1
 10
32.0
 20
126.0
 10
82.0
 20
126.0
 10
82.0
 20
156.0
 10
32.0
 20
156.0
  0
LINE
  5
74F
330
65C
100
AcDbEntity
 67
1
  8
EJES
  6
DASHED
 62
1
370
9
100
AcDbLine
 10
57.0
 20
119.0
 30
0.0
 11
57.0
 21
169.0
 31
0.0
  0
CIRCLE
  5
750
330
65C
100
AcDbEntity
 67
1
  8
EJES
 62
1
370
18
100
AcDbCircle
 10
57.0
 20
164.0
 30
0.0
 40
3.5
  0
TEXT
  5
751
330
65C
100
AcDbEntity
 67
1
  8
EJES
 62
1
100
AcDbText
 10
57.0
 20
164.0
 30
0.0
 40
2.0
  1
d
 72
1
 11
57.0
 21
164.0
 31
0.0
100
AcDbText
 73
2
  0
LWPOLYLINE
  5
752
330
65C
100
AcDbEntity
 67
1
  8
APOYOS
 62
9
370
15
100
AcDbPolyline
 90
4
 70
1
 10
417.0
 20
126.0
 10
467.0
 20
126.0
 10
467.0
 20
156.0
 10
417.0
 20
156.0
  0
LINE
  5
753
330
65C
100
AcDbEntity
 67
1
  8
EJES
  6
DASHED
 62
1
370
9
100
AcDbLine
 10
442.0
 20
119.0
 30
0.0
 11
442.0
 21
169.0
 31
0.0
  0
CIRCLE
  5
754
330
65C
100
AcDbEntity
 67
1
  8
EJES
 62
1
370
18
100
AcDbCircle
 10
442.0
 20
164.0
 30
0.0
 40
3.5
  0
TEXT
  5
755
330
65C
100
AcDbEntity
 67
1
  8
EJES
 62
1
100
AcDbText
 10
442.0
 20
164.0
 30
0.0
 40
2.0
  1
e
 72
1
 11
442.0
 21
164.0
 31
0.0
100
AcDbText
 73
2
  0
LINE
  5
756
330
65C
100
AcDbEntity
 67
1
  8
ESTRIBOS
 62
8
370
9
100
AcDbLine
 10
62.0
 20
131.0
 30
0.0
 11
62.0
 21
151.0
 31
0.0
  0
LINE
  5
757
330
65C
100
AcDbEntity
 67
1
  8
ESTRIBOS
 62
8
370
9
100
AcDbLine
 10
74.0
 20
131.0
 30
0.0
 11
74.0
 21
151.0
 31
0.0
  0
LINE
  5
758
330
65C
100
AcDbEntity
 67
1
  8
ESTRIBOS
 62
8
370
9
100
AcDbLine
 10
86.0
 20
131.0
 30
0.0
 11
86.0
 21
151.0
 31
0.0
  0
LINE
  5
759
330
65C
100
AcDbEntity
 67
1
  8
ESTRIBOS
 62
8
370
9
100
AcDbLine
 10
98.0
 20
131.0
 30
0.0
 11
98.0
 21
151.0
 31
0.0
  0
LINE
  5
75A
330
65C
100
AcDbEntity
 67
1
  8
ESTRIBOS
 62
8
370
9
100
AcDbLine
 10
110.0
 20
131.0
 30
0.0
 11
110.0
 21
151.0
 31
0.0
  0
LINE
  5
75B
330
65C
100
AcDbEntity
 67
1
  8
ESTRIBOS
 62
8
370
9
100
AcDbLine
 10
122.0
 20
131.0
 30
0.0
 11
122.0
 21
151.0
 31
0.0
  0
LINE
  5
75C
330
65C
100
AcDbEntity
 67
1
  8
ESTRIBOS
 62
8
370
9
100
AcDbLine
 10
134.0
 20
131.0
 30
0.0
 11
134.0
 21
151.0
 31
0.0
  0
LINE
  5
75D
330
65C
100
AcDbEntity
 67
1
  8
ESTRIBOS
 62
8
370
9
100
AcDbLine
 10
146.0
 20
131.0
 30
0.0
 11
146.0
 21
151.0
 31
0.0
  0
LINE
  5
75E
330
65C
100
AcDbEntity
 67
1
  8
ESTRIBOS
 62
8
370
9
100
AcDbLine
 10
158.0
 20
131.0
 30
0.0
 11
158.0
 21
151.0
 31
0.0
  0
LINE
  5
75F
330
65C
100
AcDbEntity
 67
1
  8
ESTRIBOS
 62
8
370
9
100
AcDbLine
 10
179.0
 20
131.0
 30
0.0
 11
179.0
 21
151.0
 31
0.0
  0
LINE
  5
760
330
65C
100
AcDbEntity
 67
1
  8
ESTRIBOS
 62
8
370
9
100
AcDbLine
 10
191.0
 20
131.0
 30
0.0
 11
191.0
 21
151.0
 31
0.0
  0
LINE
  5
761
330
65C
100
AcDbEntity
 67
1
  8
ESTRIBOS
 62
8
370
9
100
AcDbLine
 10
203.0
 20
131.0
 30
0.0
 11
203.0
 21
151.0
 31
0.0
  0
LINE
  5
762
330
65C
100
AcDbEntity
 67
1
  8
ESTRIBOS
 62
8
370
9
100
AcDbLine
 10
215.0
 20
131.0
 30
0.0
 11
215.0
 21
151.0
 31
0.0
  0
LINE
  5
763
330
65C
100
AcDbEntity
 67
1
  8
ESTRIBOS
 62
8
370
9
100
AcDbLine
 10
227.0
 20
131.0
 30
0.0
 11
227.0
 21
151.0
 31
0.0
  0
LINE
  5
764
330
65C
100
AcDbEntity
 67
1
  8
ESTRIBOS
 62
8
370
9
100
AcDbLine
 10
239.0
 20
131.0
 30
0.0
 11
239.0
 21
151.0
 31
0.0
  0
LINE
  5
765
330
65C
100
AcDbEntity
 67
1
  8
ESTRIBOS
 62
8
370
9
100
AcDbLine
 10
251.0
 20
131.0
 30
0.0
 11
251.0
 21
151.0
 31
0.0
  0
LINE
  5
766
330
65C
100
AcDbEntity
 67
1
  8
ESTRIBOS
 62
8
370
9
100
AcDbLine
 10
263.0
 20
131.0
 30
0.0
 11
263.0
 21
151.0
 31
0.0
  0
LINE
  5
767
330
65C
100
AcDbEntity
 67
1
  8
ESTRIBOS
 62
8
370
9
100
AcDbLine
 10
275.0
 20
131.0
 30
0.0
 11
275.0
 21
151.0
 31
0.0
  0
LINE
  5
768
330
65C
100
AcDbEntity
 67
1
  8
ESTRIBOS
 62
8
370
9
100
AcDbLine
 10
287.0
 20
131.0
 30
0.0
 11
287.0
 21
151.0
 31
0.0
  0
LINE
  5
769
330
65C
100
AcDbEntity
 67
1
  8
ESTRIBOS
 62
8
370
9
100
AcDbLine
 10
299.0
 20
131.0
 30
0.0
 11
299.0
 21
151.0
 31
0.0
  0
LINE
  5
76A
330
65C
100
AcDbEntity
 67
1
  8
ESTRIBOS
 62
8
370
9
100
AcDbLine
 10
311.0
 20
131.0
 30
0.0
 11
311.0
 21
151.0
 31
0.0
  0
LINE
  5
76B
330
65C
100
AcDbEntity
 67
1
  8
ESTRIBOS
 62
8
370
9
100
AcDbLine
 10
323.0
 20
131.0
 30
0.0
 11
323.0
 21
151.0
 31
0.0
  0
LINE
  5
76C
330
65C
100
AcDbEntity
 67
1
  8
ESTRIBOS
 62
8
370
9
100
AcDbLine
 10
341.0
 20
131.0
 30
0.0
 11
341.0
 21
151.0
 31
0.0
  0
LINE
  5
76D
330
65C
100
AcDbEntity
 67
1
  8
ESTRIBOS
 62
8
370
9
100
AcDbLine
 10
353.0
 20
131.0
 30
0.0
 11
353.0
 21
151.0
 31
0.0
  0
LINE
  5
76E
330
65C
100
AcDbEntity
 67
1
  8
ESTRIBOS
 62
8
370
9
100
AcDbLine
 10
365.0
 20
131.0
 30
0.0
 11
365.0
 21
151.0
 31
0.0
  0
LINE
  5
76F
330
65C
100
AcDbEntity
 67
1
  8
ESTRIBOS
 62
8
370
9
100
AcDbLine
 10
377.0
 20
131.0
 30
0.0
 11
377.0
 21
151.0
 31
0.0
  0
LINE
  5
770
330
65C
100
AcDbEntity
 67
1
  8
ESTRIBOS
 62
8
370
9
100
AcDbLine
 10
389.0
 20
131.0
 30
0.0
 11
389.0
 21
151.0
 31
0.0
  0
LINE
  5
771
330
65C
100
AcDbEntity
 67
1
  8
ESTRIBOS
 62
8
370
9
100
AcDbLine
 10
401.0
 20
131.0
 30
0.0
 11
401.0
 21
151.0
 31
0.0
  0
LINE
  5
772
330
65C
100
AcDbEntity
 67
1
  8
ESTRIBOS
 62
8
370
9
100
AcDbLine
 10
413.0
 20
131.0
 30
0.0
 11
413.0
 21
151.0
 31
0.0
  0
LINE
  5
773
330
65C
100
AcDbEntity
 67
1
  8
ESTRIBOS
 62
8
370
9
100
AcDbLine
 10
425.0
 20
131.0
 30
0.0
 11
425.0
 21
151.0
 31
0.0
  0
LINE
  5
774
330
65C
100
AcDbEntity
 67
1
  8
ESTRIBOS
 62
8
370
9
100
AcDbLine
 10
437.0
 20
131.0
 30
0.0
 11
437.0
 21
151.0
 31
0.0
  0
TEXT
  5
775
330
65C
100
AcDbEntity
 67
1
  8
ESTRIBOS
 62
8
100
AcDbText
 10
249.5
 20
140.2
 30
0.0
 40
1.25
  1
Nº4 4R @120 (2h) / @120 ctr
 72
1
 11
249.5
 21
140.2
 31
0.0
100
AcDbText
 73
2
  0
LWPOLYLINE
  5
776
330
65C
100
AcDbEntity
 67
1
  8
ACERO_SUP_CONT
 62
4
370
35
100
AcDbPolyline
 90
4
 70
0
 10
57.0
 20
144.0
 10
57.0
 20
150.0
 10
442.0
 20
150.0
 10
442.0
 20
144.0
  0
TEXT
  5
777
330
65C
100
AcDbEntity
 67
1
  8
ACERO_SUP_CONT
 62
4
100
AcDbText
 10
249.5
 20
153.0
 30
0.0
 40
1.55
  1
M1  2#5 CONT.  Lc=3860 mm
 72
1
 11
249.5
 21
153.0
 31
0.0
100
AcDbText
 73
2
  0
LWPOLYLINE
  5
778
330
65C
100
AcDbEntity
 67
1
  8
ACERO_SUP_APOYO
 62
5
370
30
100
AcDbPolyline
 90
3
 70
0
 10
26.5
 20
142.5
 10
26.5
 20
147.5
 10
153.25
 20
147.5
  0
TEXT
  5
779
330
65C
100
AcDbEntity
 67
1
  8
ACERO_SUP_APOYO
 62
5
100
AcDbText
 10
57.0
 20
148.7
 30
0.0
 40
1.15
  1
M2 4#5 L=1118
 72
1
 11
57.0
 21
148.7
 31
0.0
100
AcDbText
 73
2
  0
LWPOLYLINE
  5
77A
330
65C
100
AcDbEntity
 67
1
  8
ACERO_SUP_APOYO
 62
5
370
30
100
AcDbPolyline
 90
3
 70
0
 10
345.75
 20
145.3
 10
472.5
 20
145.3
 10
472.5
 20
140.3
  0
TEXT
  5
77B
330
65C
100
AcDbEntity
 67
1
  8
ACERO_SUP_APOYO
 62
5
100
AcDbText
 10
442.0
 20
146.5
 30
0.0
 40
1.15
  1
M2 4#5 L=1118
 72
1
 11
442.0
 21
146.5
 31
0.0
100
AcDbText
 73
2
  0
LWPOLYLINE
  5
77C
330
65C
100
AcDbEntity
 67
1
  8
ACERO_INF
 62
1
370
35
100
AcDbPolyline
 90
4
 70
0
 10
59.0
 20
137.0
 10
59.0
 20
132.0
 10
440.0
 20
132.0
 10
440.0
 20
137.0
  0
TEXT
  5
77D
330
65C
100
AcDbEntity
 67
1
  8
ACERO_INF
 62
1
100
AcDbText
 10
249.5
 20
129.9
 30
0.0
 40
1.2
  1
M3 5#5 L=3860
 72
1
 11
249.5
 21
129.9
 31
0.0
100
AcDbText
 73
2
  0
LWPOLYLINE
  5
77E
330
65C
100
AcDbEntity
 67
1
  8
ACERO_TORSION
 62
30
370
30
100
AcDbPolyline
 90
2
 70
0
 10
58.0
 20
143.4
 10
441.0
 20
143.4
  0
TEXT
  5
77F
330
65C
100
AcDbEntity
 67
1
  8
ACERO_TORSION
 62
30
100
AcDbText
 10
249.5
 20
145.0
 30
0.0
 40
1.15
  1
M4 8#5 TORSIÓN DEDICADA
 72
1
 11
249.5
 21
145.0
 31
0.0
100
AcDbText
 73
2
  0
LINE
  5
780
330
65C
100
AcDbEntity
 67
1
  8
CORTE
 62
6
370
13
100
AcDbLine
 10
114.75
 20
127.5
 30
0.0
 11
114.75
 21
154.5
 31
0.0
  0
TEXT
  5
781
330
65C
100
AcDbEntity
 67
1
  8
CORTE
 62
6
100
AcDbText
 10
114.75
 20
157.2
 30
0.0
 40
1.5
  1
A
 72
1
 11
114.75
 21
157.2
 31
0.0
100
AcDbText
 73
2
  0
LINE
  5
782
330
65C
100
AcDbEntity
 67
1
  8
CORTE
 62
6
370
13
100
AcDbLine
 10
249.5
 20
127.5
 30
0.0
 11
249.5
 21
154.5
 31
0.0
  0
TEXT
  5
783
330
65C
100
AcDbEntity
 67
1
  8
CORTE
 62
6
100
AcDbText
 10
249.5
 20
157.2
 30
0.0
 40
1.5
  1
B
 72
1
 11
249.5
 21
157.2
 31
0.0
100
AcDbText
 73
2
  0
LINE
  5
784
330
65C
100
AcDbEntity
 67
1
  8
CORTE
 62
6
370
13
100
AcDbLine
 10
384.25
 20
127.5
 30
0.0
 11
384.25
 21
154.5
 31
0.0
  0
TEXT
  5
785
330
65C
100
AcDbEntity
 67
1
  8
CORTE
 62
6
100
AcDbText
 10
384.25
 20
157.2
 30
0.0
 40
1.5
  1
C
 72
1
 11
384.25
 21
157.2
 31
0.0
100
AcDbText
 73
2
  0
LINE
  5
786
330
65C
100
AcDbEntity
 67
1
  8
COTAS
 62
3
370
13
100
AcDbLine
 10
57.0
 20
120.0
 30
0.0
 11
442.0
 21
120.0
 31
0.0
  0
LINE
  5
787
330
65C
100
AcDbEntity
 67
1
  8
COTAS
 62
3
370
13
100
AcDbLine
 10
57.0
 20
118.8
 30
0.0
 11
57.0
 21
121.2
 31
0.0
  0
LINE
  5
788
330
65C
100
AcDbEntity
 67
1
  8
COTAS
 62
3
370
13
100
AcDbLine
 10
442.0
 20
118.8
 30
0.0
 11
442.0
 21
121.2
 31
0.0
  0
TEXT
  5
789
330
65C
100
AcDbEntity
 67
1
  8
COTAS
 62
3
100
AcDbText
 10
249.5
 20
121.0
 30
0.0
 40
1.3
  1
3.850 m
 72
1
 11
249.5
 21
121.0
 31
0.0
100
AcDbText
 73
2
  0
TEXT
  5
78A
330
65C
100
AcDbEntity
 67
1
  8
TEXTO
 62
7
100
AcDbText
 10
249.5
 20
117.3
 30
0.0
 40
1.1
  1
F62
 72
1
 11
249.5
 21
117.3
 31
0.0
100
AcDbText
 73
2
  0
LINE
  5
78B
330
65C
100
AcDbEntity
 67
1
  8
COTAS
 62
3
370
13
100
AcDbLine
 10
57.0
 20
114.0
 30
0.0
 11
442.0
 21
114.0
 31
0.0
  0
LINE
  5
78C
330
65C
100
AcDbEntity
 67
1
  8
COTAS
 62
3
370
13
100
AcDbLine
 10
57.0
 20
112.8
 30
0.0
 11
57.0
 21
115.2
 31
0.0
  0
LINE
  5
78D
330
65C
100
AcDbEntity
 67
1
  8
COTAS
 62
3
370
13
100
AcDbLine
 10
442.0
 20
112.8
 30
0.0
 11
442.0
 21
115.2
 31
0.0
  0
TEXT
  5
78E
330
65C
100
AcDbEntity
 67
1
  8
COTAS
 62
3
100
AcDbText
 10
249.5
 20
115.0
 30
0.0
 40
1.5
  1
TOTAL SAP I-J = 3.850 m
 72
1
 11
249.5
 21
115.0
 31
0.0
100
AcDbText
 73
2
  0
TEXT
  5
78F
330
65C
100
AcDbEntity
 67
1
  8
TEXTO
 62
7
100
AcDbText
 10
442.0
 20
104.0
 30
0.0
 40
1.35
  1
ESC. H 1:10 | V 1:25 | Ejes/tramos obtenidos de SAP
 72
2
 11
442.0
 21
104.0
 31
0.0
100
AcDbText
  0
LWPOLYLINE
  5
790
330
65C
100
AcDbEntity
 67
1
  8
CONTORNO
 62
7
370
20
100
AcDbPolyline
 90
4
 70
1
 10
193.75
 20
49.25
 10
216.25
 20
49.25
 10
216.25
 20
76.75
 10
193.75
 20
76.75
  0
LWPOLYLINE
  5
791
330
65C
100
AcDbEntity
 67
1
  8
ESTRIBOS
 62
8
370
18
100
AcDbPolyline
 90
4
 70
1
 10
195.75
 20
51.25
 10
214.25
 20
51.25
 10
214.25
 20
74.75
 10
195.75
 20
74.75
  0
LINE
  5
792
330
65C
100
AcDbEntity
 67
1
  8
ESTRIBOS
 62
8
370
13
100
AcDbLine
 10
201.25
 20
51.25
 30
0.0
 11
201.25
 21
74.75
 31
0.0
  0
LINE
  5
793
330
65C
100
AcDbEntity
 67
1
  8
ESTRIBOS
 62
8
370
13
100
AcDbLine
 10
208.75
 20
51.25
 30
0.0
 11
208.75
 21
74.75
 31
0.0
  0
CIRCLE
  5
794
330
65C
100
AcDbEntity
 67
1
  8
ACERO_SUP_CONT
 62
4
100
AcDbCircle
 10
197.0
 20
73.7175
 30
0.0
 40
0.55
  0
CIRCLE
  5
795
330
65C
100
AcDbEntity
 67
1
  8
ACERO_SUP_CONT
 62
4
100
AcDbCircle
 10
200.2
 20
73.7175
 30
0.0
 40
0.55
  0
CIRCLE
  5
796
330
65C
100
AcDbEntity
 67
1
  8
ACERO_SUP_CONT
 62
4
100
AcDbCircle
 10
203.4
 20
73.7175
 30
0.0
 40
0.55
  0
CIRCLE
  5
797
330
65C
100
AcDbEntity
 67
1
  8
ACERO_SUP_CONT
 62
4
100
AcDbCircle
 10
206.6
 20
73.7175
 30
0.0
 40
0.55
  0
CIRCLE
  5
798
330
65C
100
AcDbEntity
 67
1
  8
ACERO_SUP_CONT
 62
4
100
AcDbCircle
 10
209.8
 20
73.7175
 30
0.0
 40
0.55
  0
CIRCLE
  5
799
330
65C
100
AcDbEntity
 67
1
  8
ACERO_SUP_CONT
 62
4
100
AcDbCircle
 10
213.0
 20
73.7175
 30
0.0
 40
0.55
  0
CIRCLE
  5
79A
330
65C
100
AcDbEntity
 67
1
  8
ACERO_INF
 62
1
100
AcDbCircle
 10
197.0
 20
52.2825
 30
0.0
 40
0.55
  0
CIRCLE
  5
79B
330
65C
100
AcDbEntity
 67
1
  8
ACERO_INF
 62
1
100
AcDbCircle
 10
201.0
 20
52.2825
 30
0.0
 40
0.55
  0
CIRCLE
  5
79C
330
65C
100
AcDbEntity
 67
1
  8
ACERO_INF
 62
1
100
AcDbCircle
 10
205.0
 20
52.2825
 30
0.0
 40
0.55
  0
CIRCLE
  5
79D
330
65C
100
AcDbEntity
 67
1
  8
ACERO_INF
 62
1
100
AcDbCircle
 10
209.0
 20
52.2825
 30
0.0
 40
0.55
  0
CIRCLE
  5
79E
330
65C
100
AcDbEntity
 67
1
  8
ACERO_INF
 62
1
100
AcDbCircle
 10
213.0
 20
52.2825
 30
0.0
 40
0.55
  0
CIRCLE
  5
79F
330
65C
100
AcDbEntity
 67
1
  8
ACERO_TORSION
 62
30
100
AcDbCircle
 10
202.75
 20
54.75
 30
0.0
 40
0.48
  0
CIRCLE
  5
7A0
330
65C
100
AcDbEntity
 67
1
  8
ACERO_TORSION
 62
30
100
AcDbCircle
 10
202.75
 20
71.25
 30
0.0
 40
0.48
  0
CIRCLE
  5
7A1
330
65C
100
AcDbEntity
 67
1
  8
ACERO_TORSION
 62
30
100
AcDbCircle
 10
207.25
 20
54.75
 30
0.0
 40
0.48
  0
CIRCLE
  5
7A2
330
65C
100
AcDbEntity
 67
1
  8
ACERO_TORSION
 62
30
100
AcDbCircle
 10
207.25
 20
71.25
 30
0.0
 40
0.48
  0
CIRCLE
  5
7A3
330
65C
100
AcDbEntity
 67
1
  8
ACERO_TORSION
 62
30
100
AcDbCircle
 10
198.25
 20
60.25
 30
0.0
 40
0.48
  0
CIRCLE
  5
7A4
330
65C
100
AcDbEntity
 67
1
  8
ACERO_TORSION
 62
30
100
AcDbCircle
 10
211.75
 20
60.25
 30
0.0
 40
0.48
  0
CIRCLE
  5
7A5
330
65C
100
AcDbEntity
 67
1
  8
ACERO_TORSION
 62
30
100
AcDbCircle
 10
198.25
 20
65.75
 30
0.0
 40
0.48
  0
CIRCLE
  5
7A6
330
65C
100
AcDbEntity
 67
1
  8
ACERO_TORSION
 62
30
100
AcDbCircle
 10
211.75
 20
65.75
 30
0.0
 40
0.48
  0
TEXT
  5
7A7
330
65C
100
AcDbEntity
 67
1
  8
TEXTO
 62
7
100
AcDbText
 10
205.0
 20
46.15
 30
0.0
 40
1.55
  1
A-A APOYO
 72
1
 11
205.0
 21
46.15
 31
0.0
100
AcDbText
 73
2
  0
TEXT
  5
7A8
330
65C
100
AcDbEntity
 67
1
  8
TEXTO
 62
7
100
AcDbText
 10
205.0
 20
43.65
 30
0.0
 40
1.25
  1
450x550 | 1:20
 72
1
 11
205.0
 21
43.65
 31
0.0
100
AcDbText
 73
2
  0
LWPOLYLINE
  5
7A9
330
65C
100
AcDbEntity
 67
1
  8
CONTORNO
 62
7
370
20
100
AcDbPolyline
 90
4
 70
1
 10
268.75
 20
49.25
 10
291.25
 20
49.25
 10
291.25
 20
76.75
 10
268.75
 20
76.75
  0
LWPOLYLINE
  5
7AA
330
65C
100
AcDbEntity
 67
1
  8
ESTRIBOS
 62
8
370
18
100
AcDbPolyline
 90
4
 70
1
 10
270.75
 20
51.25
 10
289.25
 20
51.25
 10
289.25
 20
74.75
 10
270.75
 20
74.75
  0
LINE
  5
7AB
330
65C
100
AcDbEntity
 67
1
  8
ESTRIBOS
 62
8
370
13
100
AcDbLine
 10
276.25
 20
51.25
 30
0.0
 11
276.25
 21
74.75
 31
0.0
  0
LINE
  5
7AC
330
65C
100
AcDbEntity
 67
1
  8
ESTRIBOS
 62
8
370
13
100
AcDbLine
 10
283.75
 20
51.25
 30
0.0
 11
283.75
 21
74.75
 31
0.0
  0
CIRCLE
  5
7AD
330
65C
100
AcDbEntity
 67
1
  8
ACERO_SUP_CONT
 62
4
100
AcDbCircle
 10
272.0
 20
73.7175
 30
0.0
 40
0.55
  0
CIRCLE
  5
7AE
330
65C
100
AcDbEntity
 67
1
  8
ACERO_SUP_CONT
 62
4
100
AcDbCircle
 10
288.0
 20
73.7175
 30
0.0
 40
0.55
  0
CIRCLE
  5
7AF
330
65C
100
AcDbEntity
 67
1
  8
ACERO_INF
 62
1
100
AcDbCircle
 10
272.0
 20
52.2825
 30
0.0
 40
0.55
  0
CIRCLE
  5
7B0
330
65C
100
AcDbEntity
 67
1
  8
ACERO_INF
 62
1
100
AcDbCircle
 10
276.0
 20
52.2825
 30
0.0
 40
0.55
  0
CIRCLE
  5
7B1
330
65C
100
AcDbEntity
 67
1
  8
ACERO_INF
 62
1
100
AcDbCircle
 10
280.0
 20
52.2825
 30
0.0
 40
0.55
  0
CIRCLE
  5
7B2
330
65C
100
AcDbEntity
 67
1
  8
ACERO_INF
 62
1
100
AcDbCircle
 10
284.0
 20
52.2825
 30
0.0
 40
0.55
  0
CIRCLE
  5
7B3
330
65C
100
AcDbEntity
 67
1
  8
ACERO_INF
 62
1
100
AcDbCircle
 10
288.0
 20
52.2825
 30
0.0
 40
0.55
  0
CIRCLE
  5
7B4
330
65C
100
AcDbEntity
 67
1
  8
ACERO_TORSION
 62
30
100
AcDbCircle
 10
277.75
 20
54.75
 30
0.0
 40
0.48
  0
CIRCLE
  5
7B5
330
65C
100
AcDbEntity
 67
1
  8
ACERO_TORSION
 62
30
100
AcDbCircle
 10
277.75
 20
71.25
 30
0.0
 40
0.48
  0
CIRCLE
  5
7B6
330
65C
100
AcDbEntity
 67
1
  8
ACERO_TORSION
 62
30
100
AcDbCircle
 10
282.25
 20
54.75
 30
0.0
 40
0.48
  0
CIRCLE
  5
7B7
330
65C
100
AcDbEntity
 67
1
  8
ACERO_TORSION
 62
30
100
AcDbCircle
 10
282.25
 20
71.25
 30
0.0
 40
0.48
  0
CIRCLE
  5
7B8
330
65C
100
AcDbEntity
 67
1
  8
ACERO_TORSION
 62
30
100
AcDbCircle
 10
273.25
 20
60.25
 30
0.0
 40
0.48
  0
CIRCLE
  5
7B9
330
65C
100
AcDbEntity
 67
1
  8
ACERO_TORSION
 62
30
100
AcDbCircle
 10
286.75
 20
60.25
 30
0.0
 40
0.48
  0
CIRCLE
  5
7BA
330
65C
100
AcDbEntity
 67
1
  8
ACERO_TORSION
 62
30
100
AcDbCircle
 10
273.25
 20
65.75
 30
0.0
 40
0.48
  0
CIRCLE
  5
7BB
330
65C
100
AcDbEntity
 67
1
  8
ACERO_TORSION
 62
30
100
AcDbCircle
 10
286.75
 20
65.75
 30
0.0
 40
0.48
  0
TEXT
  5
7BC
330
65C
100
AcDbEntity
 67
1
  8
TEXTO
 62
7
100
AcDbText
 10
280.0
 20
46.15
 30
0.0
 40
1.55
  1
B-B CENTRO
 72
1
 11
280.0
 21
46.15
 31
0.0
100
AcDbText
 73
2
  0
TEXT
  5
7BD
330
65C
100
AcDbEntity
 67
1
  8
TEXTO
 62
7
100
AcDbText
 10
280.0
 20
43.65
 30
0.0
 40
1.25
  1
450x550 | 1:20
 72
1
 11
280.0
 21
43.65
 31
0.0
100
AcDbText
 73
2
  0
LWPOLYLINE
  5
7BE
330
65C
100
AcDbEntity
 67
1
  8
CONTORNO
 62
7
370
20
100
AcDbPolyline
 90
4
 70
1
 10
343.75
 20
49.25
 10
366.25
 20
49.25
 10
366.25
 20
76.75
 10
343.75
 20
76.75
  0
LWPOLYLINE
  5
7BF
330
65C
100
AcDbEntity
 67
1
  8
ESTRIBOS
 62
8
370
18
100
AcDbPolyline
 90
4
 70
1
 10
345.75
 20
51.25
 10
364.25
 20
51.25
 10
364.25
 20
74.75
 10
345.75
 20
74.75
  0
LINE
  5
7C0
330
65C
100
AcDbEntity
 67
1
  8
ESTRIBOS
 62
8
370
13
100
AcDbLine
 10
351.25
 20
51.25
 30
0.0
 11
351.25
 21
74.75
 31
0.0
  0
LINE
  5
7C1
330
65C
100
AcDbEntity
 67
1
  8
ESTRIBOS
 62
8
370
13
100
AcDbLine
 10
358.75
 20
51.25
 30
0.0
 11
358.75
 21
74.75
 31
0.0
  0
CIRCLE
  5
7C2
330
65C
100
AcDbEntity
 67
1
  8
ACERO_SUP_CONT
 62
4
100
AcDbCircle
 10
347.0
 20
73.7175
 30
0.0
 40
0.55
  0
CIRCLE
  5
7C3
330
65C
100
AcDbEntity
 67
1
  8
ACERO_SUP_CONT
 62
4
100
AcDbCircle
 10
350.2
 20
73.7175
 30
0.0
 40
0.55
  0
CIRCLE
  5
7C4
330
65C
100
AcDbEntity
 67
1
  8
ACERO_SUP_CONT
 62
4
100
AcDbCircle
 10
353.4
 20
73.7175
 30
0.0
 40
0.55
  0
CIRCLE
  5
7C5
330
65C
100
AcDbEntity
 67
1
  8
ACERO_SUP_CONT
 62
4
100
AcDbCircle
 10
356.6
 20
73.7175
 30
0.0
 40
0.55
  0
CIRCLE
  5
7C6
330
65C
100
AcDbEntity
 67
1
  8
ACERO_SUP_CONT
 62
4
100
AcDbCircle
 10
359.8
 20
73.7175
 30
0.0
 40
0.55
  0
CIRCLE
  5
7C7
330
65C
100
AcDbEntity
 67
1
  8
ACERO_SUP_CONT
 62
4
100
AcDbCircle
 10
363.0
 20
73.7175
 30
0.0
 40
0.55
  0
CIRCLE
  5
7C8
330
65C
100
AcDbEntity
 67
1
  8
ACERO_INF
 62
1
100
AcDbCircle
 10
347.0
 20
52.2825
 30
0.0
 40
0.55
  0
CIRCLE
  5
7C9
330
65C
100
AcDbEntity
 67
1
  8
ACERO_INF
 62
1
100
AcDbCircle
 10
351.0
 20
52.2825
 30
0.0
 40
0.55
  0
CIRCLE
  5
7CA
330
65C
100
AcDbEntity
 67
1
  8
ACERO_INF
 62
1
100
AcDbCircle
 10
355.0
 20
52.2825
 30
0.0
 40
0.55
  0
CIRCLE
  5
7CB
330
65C
100
AcDbEntity
 67
1
  8
ACERO_INF
 62
1
100
AcDbCircle
 10
359.0
 20
52.2825
 30
0.0
 40
0.55
  0
CIRCLE
  5
7CC
330
65C
100
AcDbEntity
 67
1
  8
ACERO_INF
 62
1
100
AcDbCircle
 10
363.0
 20
52.2825
 30
0.0
 40
0.55
  0
CIRCLE
  5
7CD
330
65C
100
AcDbEntity
 67
1
  8
ACERO_TORSION
 62
30
100
AcDbCircle
 10
352.75
 20
54.75
 30
0.0
 40
0.48
  0
CIRCLE
  5
7CE
330
65C
100
AcDbEntity
 67
1
  8
ACERO_TORSION
 62
30
100
AcDbCircle
 10
352.75
 20
71.25
 30
0.0
 40
0.48
  0
CIRCLE
  5
7CF
330
65C
100
AcDbEntity
 67
1
  8
ACERO_TORSION
 62
30
100
AcDbCircle
 10
357.25
 20
54.75
 30
0.0
 40
0.48
  0
CIRCLE
  5
7D0
330
65C
100
AcDbEntity
 67
1
  8
ACERO_TORSION
 62
30
100
AcDbCircle
 10
357.25
 20
71.25
 30
0.0
 40
0.48
  0
CIRCLE
  5
7D1
330
65C
100
AcDbEntity
 67
1
  8
ACERO_TORSION
 62
30
100
AcDbCircle
 10
348.25
 20
60.25
 30
0.0
 40
0.48
  0
CIRCLE
  5
7D2
330
65C
100
AcDbEntity
 67
1
  8
ACERO_TORSION
 62
30
100
AcDbCircle
 10
361.75
 20
60.25
 30
0.0
 40
0.48
  0
CIRCLE
  5
7D3
330
65C
100
AcDbEntity
 67
1
  8
ACERO_TORSION
 62
30
100
AcDbCircle
 10
348.25
 20
65.75
 30
0.0
 40
0.48
  0
CIRCLE
  5
7D4
330
65C
100
AcDbEntity
 67
1
  8
ACERO_TORSION
 62
30
100
AcDbCircle
 10
361.75
 20
65.75
 30
0.0
 40
0.48
  0
TEXT
  5
7D5
330
65C
100
AcDbEntity
 67
1
  8
TEXTO
 62
7
100
AcDbText
 10
355.0
 20
46.15
 30
0.0
 40
1.55
  1
C-C APOYO
 72
1
 11
355.0
 21
46.15
 31
0.0
100
AcDbText
 73
2
  0
TEXT
  5
7D6
330
65C
100
AcDbEntity
 67
1
  8
TEXTO
 62
7
100
AcDbText
 10
355.0
 20
43.65
 30
0.0
 40
1.25
  1
450x550 | 1:20
 72
1
 11
355.0
 21
43.65
 31
0.0
100
AcDbText
 73
2
  0
LWPOLYLINE
  5
7D7
330
65C
100
AcDbEntity
 67
1
  8
ACERO_SUP_APOYO
 62
5
370
35
100
AcDbPolyline
 90
3
 70
0
 10
430.0
 20
45.5
 10
430.0
 20
65.0
 10
460.5
 20
65.0
  0
LINE
  5
7D8
330
65C
100
AcDbEntity
 67
1
  8
COTAS
 62
3
370
13
100
AcDbLine
 10
430.0
 20
70.0
 30
0.0
 11
460.5
 21
70.0
 31
0.0
  0
LINE
  5
7D9
330
65C
100
AcDbEntity
 67
1
  8
COTAS
 62
3
370
13
100
AcDbLine
 10
430.0
 20
68.8
 30
0.0
 11
430.0
 21
71.2
 31
0.0
  0
LINE
  5
7DA
330
65C
100
AcDbEntity
 67
1
  8
COTAS
 62
3
370
13
100
AcDbLine
 10
460.5
 20
68.8
 30
0.0
 11
460.5
 21
71.2
 31
0.0
  0
TEXT
  5
7DB
330
65C
100
AcDbEntity
 67
1
  8
COTAS
 62
3
100
AcDbText
 10
445.25
 20
71.0
 30
0.0
 40
1.25
  1
ldh=305 mm
 72
1
 11
445.25
 21
71.0
 31
0.0
100
AcDbText
 73
2
  0
TEXT
  5
7DC
330
65C
100
AcDbEntity
 67
1
  8
ACERO_SUP_APOYO
 62
5
100
AcDbText
 10
427.0
 20
42.5
 30
0.0
 40
1.3
  1
cola 90°=195 mm
 11
427.0
 21
42.5
 31
0.0
100
AcDbText
  0
TEXT
  5
7DD
330
65C
100
AcDbEntity
 67
1
  8
TEXTO
100
AcDbText
 10
466.0
 20
63.0
 30
0.0
 40
1.3
  1
Dint>=100 mm | ESC. 1:10
 11
466.0
 21
63.0
 31
0.0
100
AcDbText
  0
TEXT
  5
7DE
330
65C
100
AcDbEntity
 67
1
  8
TEXTO
100
AcDbText
 10
430.0
 20
44.0
 30
0.0
 40
1.45
  1
ld recto #5: superior=480 mm | inferior=370 mm
 11
430.0
 21
44.0
 31
0.0
100
AcDbText
  0
TEXT
  5
7DF
330
65C
100
AcDbEntity
 67
1
  8
TEXTO
100
AcDbText
 10
430.0
 20
40.0
 30
0.0
 40
1.25
  1
Si no cabe ld recto en apoyo, usar gancho estándar 90° con ldh indicado.
 11
430.0
 21
40.0
 31
0.0
100
AcDbText
  0
LWPOLYLINE
  5
7E0
330
65C
100
AcDbEntity
 67
1
  8
MARCO
 62
7
370
25
100
AcDbPolyline
 90
4
 70
1
 10
7.0
 20
7.0
 10
697.0
 20
7.0
 10
697.0
 20
37.0
 10
7.0
 20
37.0
  0
LINE
  5
7E1
330
65C
100
AcDbEntity
 67
1
  8
MARCO
 62
7
370
18
100
AcDbLine
 10
118.0
 20
7.0
 30
0.0
 11
118.0
 21
37.0
 31
0.0
  0
LINE
  5
7E2
330
65C
100
AcDbEntity
 67
1
  8
MARCO
 62
7
370
18
100
AcDbLine
 10
250.0
 20
7.0
 30
0.0
 11
250.0
 21
37.0
 31
0.0
  0
LINE
  5
7E3
330
65C
100
AcDbEntity
 67
1
  8
MARCO
 62
7
370
18
100
AcDbLine
 10
390.0
 20
7.0
 30
0.0
 11
390.0
 21
37.0
 31
0.0
  0
LINE
  5
7E4
330
65C
100
AcDbEntity
 67
1
  8
MARCO
 62
7
370
18
100
AcDbLine
 10
520.0
 20
7.0
 30
0.0
 11
520.0
 21
37.0
 31
0.0
  0
LINE
  5
7E5
330
65C
100
AcDbEntity
 67
1
  8
MARCO
 62
7
370
18
100
AcDbLine
 10
610.0
 20
7.0
 30
0.0
 11
610.0
 21
37.0
 31
0.0
  0
TEXT
  5
7E6
330
65C
100
AcDbEntity
 67
1
  8
TEXTO
 62
7
100
AcDbText
 10
62.5
 20
28.0
 30
0.0
 40
2.0
  1
UNIVERSIDAD NACIONAL DE COLOMBIA
 72
1
 11
62.5
 21
28.0
 31
0.0
100
AcDbText
 73
2
  0
TEXT
  5
7E7
330
65C
100
AcDbEntity
 67
1
  8
TEXTO
 62
7
100
AcDbText
 10
62.5
 20
20.0
 30
0.0
 40
1.7
  1
DISEÑO ESTRUCTURAL - GRUPO 6
 72
1
 11
62.5
 21
20.0
 31
0.0
100
AcDbText
 73
2
  0
TEXT
  5
7E8
330
65C
100
AcDbEntity
 67
1
  8
TEXTO
 62
7
100
AcDbText
 10
184.0
 20
25.0
 30
0.0
 40
2.0
  1
EDIFICIO RESIDENCIAL SANTA MARTA
 72
1
 11
184.0
 21
25.0
 31
0.0
100
AcDbText
 73
2
  0
TEXT
  5
7E9
330
65C
100
AcDbEntity
 67
1
  8
TEXTO
 62
7
100
AcDbText
 10
320.0
 20
25.0
 30
0.0
 40
2.5
  1
DESPIECE VIGA VC4
 72
1
 11
320.0
 21
25.0
 31
0.0
100
AcDbText
 73
2
  0
TEXT
  5
7EA
330
65C
100
AcDbEntity
 67
1
  8
TEXTO
 62
7
100
AcDbText
 10
320.0
 20
16.0
 30
0.0
 40
1.7
  1
ELEVACIÓN, CORTES Y ANCLAJES
 72
1
 11
320.0
 21
16.0
 31
0.0
100
AcDbText
 73
2
  0
TEXT
  5
7EB
330
65C
100
AcDbEntity
 67
1
  8
TEXTO
 62
7
100
AcDbText
 10
455.0
 20
26.0
 30
0.0
 40
1.8
  1
FORMATO ISO B2 707x500 mm
 72
1
 11
455.0
 21
26.0
 31
0.0
100
AcDbText
 73
2
  0
TEXT
  5
7EC
330
65C
100
AcDbEntity
 67
1
  8
TEXTO
 62
7
100
AcDbText
 10
455.0
 20
17.0
 30
0.0
 40
1.55
  1
COTAS EN mm | ESCALAS INDICADAS
 72
1
 11
455.0
 21
17.0
 31
0.0
100
AcDbText
 73
2
  0
TEXT
  5
7ED
330
65C
100
AcDbEntity
 67
1
  8
TEXTO
 62
1
100
AcDbText
 10
565.0
 20
26.0
 30
0.0
 40
1.8
  1
DETALLE ACADÉMICO
 72
1
 11
565.0
 21
26.0
 31
0.0
100
AcDbText
 73
2
  0
TEXT
  5
7EE
330
65C
100
AcDbEntity
 67
1
  8
TEXTO
 62
1
100
AcDbText
 10
565.0
 20
17.0
 30
0.0
 40
1.55
  1
NO EMITIR PARA CONSTRUCCIÓN
 72
1
 11
565.0
 21
17.0
 31
0.0
100
AcDbText
 73
2
  0
TEXT
  5
7EF
330
65C
100
AcDbEntity
 67
1
  8
TEXTO
 62
7
100
AcDbText
 10
653.5
 20
26.0
 30
0.0
 40
2.1
  1
LÁMINA V-01-04
 72
1
 11
653.5
 21
26.0
 31
0.0
100
AcDbText
 73
2
  0
TEXT
  5
7F0
330
65C
100
AcDbEntity
 67
1
  8
TEXTO
 62
7
100
AcDbText
 10
653.5
 20
17.0
 30
0.0
 40
1.7
  1
18-07-2026
 72
1
 11
653.5
 21
17.0
 31
0.0
100
AcDbText
 73
2
  0
ENDBLK
  5
65E
330
65C
100
AcDbEntity
  8
0
100
AcDbBlockEnd
  0
BLOCK
  5
7F2
330
7F1
100
AcDbEntity
  8
0
100
AcDbBlockBegin
  2
*Paper_Space3
 70
0
 10
0.0
 20
0.0
 30
0.0
  3
*Paper_Space3
  1

  0
VIEWPORT
  5
7F5
330
7F1
100
AcDbEntity
 67
1
  8
VIEWPORTS
100
AcDbViewport
 10
353.5
 20
250.0
 30
0.0
 40
777.7
 41
550.0
 68
1
 69
1
 12
353.5
 22
250.0
 13
0.0
 23
0.0
 14
10.0
 24
10.0
 15
10.0
 25
10.0
 16
0.0
 26
0.0
 36
1.0
 17
0.0
 27
0.0
 37
0.0
 42
50.0
 43
0.0
 44
0.0
 45
550.0
 50
0.0
 51
0.0
 72
100
 90
557088
  1

281
0
 71
0
 74
0
110
0.0
120
0.0
130
0.0
111
1.0
121
0.0
131
0.0
112
0.0
122
1.0
132
0.0
 79
0
146
0.0
282
0
  0
LWPOLYLINE
  5
7F6
330
7F1
100
AcDbEntity
 67
1
  8
MARCO
 62
7
370
30
100
AcDbPolyline
 90
4
 70
1
 10
7.0
 20
7.0
 10
700.0
 20
7.0
 10
700.0
 20
493.0
 10
7.0
 20
493.0
  0
TEXT
  5
7F7
330
7F1
100
AcDbEntity
 67
1
  8
TEXTO
 62
7
100
AcDbText
 10
353.5
 20
487.0
 30
0.0
 40
4.0
  1
DESPIECE DE VIGA COMPLETA VC5
 72
1
 11
353.5
 21
487.0
 31
0.0
100
AcDbText
 73
2
  0
TEXT
  5
7F8
330
7F1
100
AcDbEntity
 67
1
  8
TEXTO
 62
7
100
AcDbText
 10
353.5
 20
480.0
 30
0.0
 40
1.8
  1
Continuidad reconstruida de SAP | Niveles z=3.5, 6.5, 9.5, 12.5, 15.5 m | 40 frames
 72
1
 11
353.5
 21
480.0
 31
0.0
100
AcDbText
 73
2
  0
LWPOLYLINE
  5
7F9
330
7F1
100
AcDbEntity
 67
1
  8
MARCO
 62
7
370
20
100
AcDbPolyline
 90
4
 70
1
 10
8.5
 20
306.0
 10
51.5
 20
306.0
 10
51.5
 20
350.0
 10
8.5
 20
350.0
  0
TEXT
  5
7FA
330
7F1
100
AcDbEntity
 67
1
  8
TEXTO
 62
7
100
AcDbText
 10
30.0
 20
345.0
 30
0.0
 40
2.6
  1
VIGA VC5
 72
1
 11
30.0
 21
345.0
 31
0.0
100
AcDbText
 73
2
  0
TEXT
  5
7FB
330
7F1
100
AcDbEntity
 67
1
  8
TEXTO
 62
7
100
AcDbText
 10
30.0
 20
339.0
 30
0.0
 40
2.2
  1
EJE 10
 72
1
 11
30.0
 21
339.0
 31
0.0
100
AcDbText
 73
2
  0
TEXT
  5
7FC
330
7F1
100
AcDbEntity
 67
1
  8
TEXTO
 62
7
100
AcDbText
 10
30.0
 20
333.0
 30
0.0
 40
1.9
  1
450x550 mm
 72
1
 11
30.0
 21
333.0
 31
0.0
100
AcDbText
 73
2
  0
TEXT
  5
7FD
330
7F1
100
AcDbEntity
 67
1
  8
TEXTO
100
AcDbText
 10
11.5
 20
326.0
 30
0.0
 40
1.7
  1
SUP 6#5
 11
11.5
 21
326.0
 31
0.0
100
AcDbText
  0
TEXT
  5
7FE
330
7F1
100
AcDbEntity
 67
1
  8
TEXTO
100
AcDbText
 10
11.5
 20
321.0
 30
0.0
 40
1.7
  1
INF 4#5
 11
11.5
 21
321.0
 31
0.0
100
AcDbText
  0
TEXT
  5
7FF
330
7F1
100
AcDbEntity
 67
1
  8
TEXTO
100
AcDbText
 10
11.5
 20
316.0
 30
0.0
 40
1.7
  1
TOR 12#5
 11
11.5
 21
316.0
 31
0.0
100
AcDbText
  0
TEXT
  5
800
330
7F1
100
AcDbEntity
 67
1
  8
TEXTO
100
AcDbText
 10
11.5
 20
310.0
 30
0.0
 40
1.45
  1
NIVEL TIPO z=3.5 m
 11
11.5
 21
310.0
 31
0.0
100
AcDbText
  0
LWPOLYLINE
  5
801
330
7F1
100
AcDbEntity
 67
1
  8
CONTORNO
 62
7
370
25
100
AcDbPolyline
 90
4
 70
1
 10
57.0
 20
314.0
 10
677.0
 20
314.0
 10
677.0
 20
336.0
 10
57.0
 20
336.0
  0
LWPOLYLINE
  5
802
330
7F1
100
AcDbEntity
 67
1
  8
APOYOS
 62
9
370
15
100
AcDbPolyline
 90
4
 70
1
 10
47.0
 20
310.0
 10
67.0
 20
310.0
 10
67.0
 20
340.0
 10
47.0
 20
340.0
  0
LINE
  5
803
330
7F1
100
AcDbEntity
 67
1
  8
EJES
  6
DASHED
 62
1
370
9
100
AcDbLine
 10
57.0
 20
303.0
 30
0.0
 11
57.0
 21
353.0
 31
0.0
  0
CIRCLE
  5
804
330
7F1
100
AcDbEntity
 67
1
  8
EJES
 62
1
370
18
100
AcDbCircle
 10
57.0
 20
348.0
 30
0.0
 40
3.5
  0
TEXT
  5
805
330
7F1
100
AcDbEntity
 67
1
  8
EJES
 62
1
100
AcDbText
 10
57.0
 20
348.0
 30
0.0
 40
2.0
  1
a
 72
1
 11
57.0
 21
348.0
 31
0.0
100
AcDbText
 73
2
  0
LWPOLYLINE
  5
806
330
7F1
100
AcDbEntity
 67
1
  8
APOYOS
 62
9
370
15
100
AcDbPolyline
 90
4
 70
1
 10
201.0
 20
310.0
 10
221.0
 20
310.0
 10
221.0
 20
340.0
 10
201.0
 20
340.0
  0
LINE
  5
807
330
7F1
100
AcDbEntity
 67
1
  8
EJES
  6
DASHED
 62
1
370
9
100
AcDbLine
 10
211.0
 20
303.0
 30
0.0
 11
211.0
 21
353.0
 31
0.0
  0
CIRCLE
  5
808
330
7F1
100
AcDbEntity
 67
1
  8
EJES
 62
1
370
18
100
AcDbCircle
 10
211.0
 20
348.0
 30
0.0
 40
3.5
  0
TEXT
  5
809
330
7F1
100
AcDbEntity
 67
1
  8
EJES
 62
1
100
AcDbText
 10
211.0
 20
348.0
 30
0.0
 40
2.0
  1
b
 72
1
 11
211.0
 21
348.0
 31
0.0
100
AcDbText
 73
2
  0
LWPOLYLINE
  5
80A
330
7F1
100
AcDbEntity
 67
1
  8
APOYOS
 62
9
370
15
100
AcDbPolyline
 90
4
 70
1
 10
357.0
 20
310.0
 10
377.0
 20
310.0
 10
377.0
 20
340.0
 10
357.0
 20
340.0
  0
LINE
  5
80B
330
7F1
100
AcDbEntity
 67
1
  8
EJES
  6
DASHED
 62
1
370
9
100
AcDbLine
 10
367.0
 20
303.0
 30
0.0
 11
367.0
 21
353.0
 31
0.0
  0
CIRCLE
  5
80C
330
7F1
100
AcDbEntity
 67
1
  8
EJES
 62
1
370
18
100
AcDbCircle
 10
367.0
 20
348.0
 30
0.0
 40
3.5
  0
TEXT
  5
80D
330
7F1
100
AcDbEntity
 67
1
  8
EJES
 62
1
100
AcDbText
 10
367.0
 20
348.0
 30
0.0
 40
2.0
  1
c
 72
1
 11
367.0
 21
348.0
 31
0.0
100
AcDbText
 73
2
  0
LWPOLYLINE
  5
80E
330
7F1
100
AcDbEntity
 67
1
  8
APOYOS
 62
9
370
15
100
AcDbPolyline
 90
4
 70
1
 10
513.0
 20
310.0
 10
533.0
 20
310.0
 10
533.0
 20
340.0
 10
513.0
 20
340.0
  0
LINE
  5
80F
330
7F1
100
AcDbEntity
 67
1
  8
EJES
  6
DASHED
 62
1
370
9
100
AcDbLine
 10
523.0
 20
303.0
 30
0.0
 11
523.0
 21
353.0
 31
0.0
  0
CIRCLE
  5
810
330
7F1
100
AcDbEntity
 67
1
  8
EJES
 62
1
370
18
100
AcDbCircle
 10
523.0
 20
348.0
 30
0.0
 40
3.5
  0
TEXT
  5
811
330
7F1
100
AcDbEntity
 67
1
  8
EJES
 62
1
100
AcDbText
 10
523.0
 20
348.0
 30
0.0
 40
2.0
  1
d
 72
1
 11
523.0
 21
348.0
 31
0.0
100
AcDbText
 73
2
  0
LWPOLYLINE
  5
812
330
7F1
100
AcDbEntity
 67
1
  8
APOYOS
 62
9
370
15
100
AcDbPolyline
 90
4
 70
1
 10
667.0
 20
310.0
 10
687.0
 20
310.0
 10
687.0
 20
340.0
 10
667.0
 20
340.0
  0
LINE
  5
813
330
7F1
100
AcDbEntity
 67
1
  8
EJES
  6
DASHED
 62
1
370
9
100
AcDbLine
 10
677.0
 20
303.0
 30
0.0
 11
677.0
 21
353.0
 31
0.0
  0
CIRCLE
  5
814
330
7F1
100
AcDbEntity
 67
1
  8
EJES
 62
1
370
18
100
AcDbCircle
 10
677.0
 20
348.0
 30
0.0
 40
3.5
  0
TEXT
  5
815
330
7F1
100
AcDbEntity
 67
1
  8
EJES
 62
1
100
AcDbText
 10
677.0
 20
348.0
 30
0.0
 40
2.0
  1
e
 72
1
 11
677.0
 21
348.0
 31
0.0
100
AcDbText
 73
2
  0
LINE
  5
816
330
7F1
100
AcDbEntity
 67
1
  8
ESTRIBOS
 62
8
370
9
100
AcDbLine
 10
59.0
 20
315.0
 30
0.0
 11
59.0
 21
335.0
 31
0.0
  0
LINE
  5
817
330
7F1
100
AcDbEntity
 67
1
  8
ESTRIBOS
 62
8
370
9
100
AcDbLine
 10
63.0
 20
315.0
 30
0.0
 11
63.0
 21
335.0
 31
0.0
  0
LINE
  5
818
330
7F1
100
AcDbEntity
 67
1
  8
ESTRIBOS
 62
8
370
9
100
AcDbLine
 10
67.0
 20
315.0
 30
0.0
 11
67.0
 21
335.0
 31
0.0
  0
LINE
  5
819
330
7F1
100
AcDbEntity
 67
1
  8
ESTRIBOS
 62
8
370
9
100
AcDbLine
 10
71.0
 20
315.0
 30
0.0
 11
71.0
 21
335.0
 31
0.0
  0
LINE
  5
81A
330
7F1
100
AcDbEntity
 67
1
  8
ESTRIBOS
 62
8
370
9
100
AcDbLine
 10
75.0
 20
315.0
 30
0.0
 11
75.0
 21
335.0
 31
0.0
  0
LINE
  5
81B
330
7F1
100
AcDbEntity
 67
1
  8
ESTRIBOS
 62
8
370
9
100
AcDbLine
 10
79.0
 20
315.0
 30
0.0
 11
79.0
 21
335.0
 31
0.0
  0
LINE
  5
81C
330
7F1
100
AcDbEntity
 67
1
  8
ESTRIBOS
 62
8
370
9
100
AcDbLine
 10
83.0
 20
315.0
 30
0.0
 11
83.0
 21
335.0
 31
0.0
  0
LINE
  5
81D
330
7F1
100
AcDbEntity
 67
1
  8
ESTRIBOS
 62
8
370
9
100
AcDbLine
 10
87.0
 20
315.0
 30
0.0
 11
87.0
 21
335.0
 31
0.0
  0
LINE
  5
81E
330
7F1
100
AcDbEntity
 67
1
  8
ESTRIBOS
 62
8
370
9
100
AcDbLine
 10
91.0
 20
315.0
 30
0.0
 11
91.0
 21
335.0
 31
0.0
  0
LINE
  5
81F
330
7F1
100
AcDbEntity
 67
1
  8
ESTRIBOS
 62
8
370
9
100
AcDbLine
 10
95.0
 20
315.0
 30
0.0
 11
95.0
 21
335.0
 31
0.0
  0
LINE
  5
820
330
7F1
100
AcDbEntity
 67
1
  8
ESTRIBOS
 62
8
370
9
100
AcDbLine
 10
99.0
 20
315.0
 30
0.0
 11
99.0
 21
335.0
 31
0.0
  0
LINE
  5
821
330
7F1
100
AcDbEntity
 67
1
  8
ESTRIBOS
 62
8
370
9
100
AcDbLine
 10
105.0
 20
315.0
 30
0.0
 11
105.0
 21
335.0
 31
0.0
  0
LINE
  5
822
330
7F1
100
AcDbEntity
 67
1
  8
ESTRIBOS
 62
8
370
9
100
AcDbLine
 10
109.0
 20
315.0
 30
0.0
 11
109.0
 21
335.0
 31
0.0
  0
LINE
  5
823
330
7F1
100
AcDbEntity
 67
1
  8
ESTRIBOS
 62
8
370
9
100
AcDbLine
 10
113.0
 20
315.0
 30
0.0
 11
113.0
 21
335.0
 31
0.0
  0
LINE
  5
824
330
7F1
100
AcDbEntity
 67
1
  8
ESTRIBOS
 62
8
370
9
100
AcDbLine
 10
117.0
 20
315.0
 30
0.0
 11
117.0
 21
335.0
 31
0.0
  0
LINE
  5
825
330
7F1
100
AcDbEntity
 67
1
  8
ESTRIBOS
 62
8
370
9
100
AcDbLine
 10
121.0
 20
315.0
 30
0.0
 11
121.0
 21
335.0
 31
0.0
  0
LINE
  5
826
330
7F1
100
AcDbEntity
 67
1
  8
ESTRIBOS
 62
8
370
9
100
AcDbLine
 10
125.0
 20
315.0
 30
0.0
 11
125.0
 21
335.0
 31
0.0
  0
LINE
  5
827
330
7F1
100
AcDbEntity
 67
1
  8
ESTRIBOS
 62
8
370
9
100
AcDbLine
 10
129.0
 20
315.0
 30
0.0
 11
129.0
 21
335.0
 31
0.0
  0
LINE
  5
828
330
7F1
100
AcDbEntity
 67
1
  8
ESTRIBOS
 62
8
370
9
100
AcDbLine
 10
133.0
 20
315.0
 30
0.0
 11
133.0
 21
335.0
 31
0.0
  0
LINE
  5
829
330
7F1
100
AcDbEntity
 67
1
  8
ESTRIBOS
 62
8
370
9
100
AcDbLine
 10
137.0
 20
315.0
 30
0.0
 11
137.0
 21
335.0
 31
0.0
  0
LINE
  5
82A
330
7F1
100
AcDbEntity
 67
1
  8
ESTRIBOS
 62
8
370
9
100
AcDbLine
 10
141.0
 20
315.0
 30
0.0
 11
141.0
 21
335.0
 31
0.0
  0
LINE
  5
82B
330
7F1
100
AcDbEntity
 67
1
  8
ESTRIBOS
 62
8
370
9
100
AcDbLine
 10
145.0
 20
315.0
 30
0.0
 11
145.0
 21
335.0
 31
0.0
  0
LINE
  5
82C
330
7F1
100
AcDbEntity
 67
1
  8
ESTRIBOS
 62
8
370
9
100
AcDbLine
 10
149.0
 20
315.0
 30
0.0
 11
149.0
 21
335.0
 31
0.0
  0
LINE
  5
82D
330
7F1
100
AcDbEntity
 67
1
  8
ESTRIBOS
 62
8
370
9
100
AcDbLine
 10
153.0
 20
315.0
 30
0.0
 11
153.0
 21
335.0
 31
0.0
  0
LINE
  5
82E
330
7F1
100
AcDbEntity
 67
1
  8
ESTRIBOS
 62
8
370
9
100
AcDbLine
 10
157.0
 20
315.0
 30
0.0
 11
157.0
 21
335.0
 31
0.0
  0
LINE
  5
82F
330
7F1
100
AcDbEntity
 67
1
  8
ESTRIBOS
 62
8
370
9
100
AcDbLine
 10
161.0
 20
315.0
 30
0.0
 11
161.0
 21
335.0
 31
0.0
  0
LINE
  5
830
330
7F1
100
AcDbEntity
 67
1
  8
ESTRIBOS
 62
8
370
9
100
AcDbLine
 10
165.0
 20
315.0
 30
0.0
 11
165.0
 21
335.0
 31
0.0
  0
LINE
  5
831
330
7F1
100
AcDbEntity
 67
1
  8
ESTRIBOS
 62
8
370
9
100
AcDbLine
 10
169.0
 20
315.0
 30
0.0
 11
169.0
 21
335.0
 31
0.0
  0
LINE
  5
832
330
7F1
100
AcDbEntity
 67
1
  8
ESTRIBOS
 62
8
370
9
100
AcDbLine
 10
173.0
 20
315.0
 30
0.0
 11
173.0
 21
335.0
 31
0.0
  0
LINE
  5
833
330
7F1
100
AcDbEntity
 67
1
  8
ESTRIBOS
 62
8
370
9
100
AcDbLine
 10
177.0
 20
315.0
 30
0.0
 11
177.0
 21
335.0
 31
0.0
  0
LINE
  5
834
330
7F1
100
AcDbEntity
 67
1
  8
ESTRIBOS
 62
8
370
9
100
AcDbLine
 10
181.0
 20
315.0
 30
0.0
 11
181.0
 21
335.0
 31
0.0
  0
LINE
  5
835
330
7F1
100
AcDbEntity
 67
1
  8
ESTRIBOS
 62
8
370
9
100
AcDbLine
 10
185.0
 20
315.0
 30
0.0
 11
185.0
 21
335.0
 31
0.0
  0
LINE
  5
836
330
7F1
100
AcDbEntity
 67
1
  8
ESTRIBOS
 62
8
370
9
100
AcDbLine
 10
189.0
 20
315.0
 30
0.0
 11
189.0
 21
335.0
 31
0.0
  0
LINE
  5
837
330
7F1
100
AcDbEntity
 67
1
  8
ESTRIBOS
 62
8
370
9
100
AcDbLine
 10
193.0
 20
315.0
 30
0.0
 11
193.0
 21
335.0
 31
0.0
  0
LINE
  5
838
330
7F1
100
AcDbEntity
 67
1
  8
ESTRIBOS
 62
8
370
9
100
AcDbLine
 10
197.0
 20
315.0
 30
0.0
 11
197.0
 21
335.0
 31
0.0
  0
LINE
  5
839
330
7F1
100
AcDbEntity
 67
1
  8
ESTRIBOS
 62
8
370
9
100
AcDbLine
 10
201.0
 20
315.0
 30
0.0
 11
201.0
 21
335.0
 31
0.0
  0
LINE
  5
83A
330
7F1
100
AcDbEntity
 67
1
  8
ESTRIBOS
 62
8
370
9
100
AcDbLine
 10
205.0
 20
315.0
 30
0.0
 11
205.0
 21
335.0
 31
0.0
  0
LINE
  5
83B
330
7F1
100
AcDbEntity
 67
1
  8
ESTRIBOS
 62
8
370
9
100
AcDbLine
 10
209.0
 20
315.0
 30
0.0
 11
209.0
 21
335.0
 31
0.0
  0
TEXT
  5
83C
330
7F1
100
AcDbEntity
 67
1
  8
ESTRIBOS
 62
8
100
AcDbText
 10
134.0
 20
324.2
 30
0.0
 40
1.25
  1
Nº4 4R @100 (2h) / @100 ctr
 72
1
 11
134.0
 21
324.2
 31
0.0
100
AcDbText
 73
2
  0
LINE
  5
83D
330
7F1
100
AcDbEntity
 67
1
  8
ESTRIBOS
 62
8
370
9
100
AcDbLine
 10
213.0
 20
315.0
 30
0.0
 11
213.0
 21
335.0
 31
0.0
  0
LINE
  5
83E
330
7F1
100
AcDbEntity
 67
1
  8
ESTRIBOS
 62
8
370
9
100
AcDbLine
 10
217.0
 20
315.0
 30
0.0
 11
217.0
 21
335.0
 31
0.0
  0
LINE
  5
83F
330
7F1
100
AcDbEntity
 67
1
  8
ESTRIBOS
 62
8
370
9
100
AcDbLine
 10
221.0
 20
315.0
 30
0.0
 11
221.0
 21
335.0
 31
0.0
  0
LINE
  5
840
330
7F1
100
AcDbEntity
 67
1
  8
ESTRIBOS
 62
8
370
9
100
AcDbLine
 10
225.0
 20
315.0
 30
0.0
 11
225.0
 21
335.0
 31
0.0
  0
LINE
  5
841
330
7F1
100
AcDbEntity
 67
1
  8
ESTRIBOS
 62
8
370
9
100
AcDbLine
 10
229.0
 20
315.0
 30
0.0
 11
229.0
 21
335.0
 31
0.0
  0
LINE
  5
842
330
7F1
100
AcDbEntity
 67
1
  8
ESTRIBOS
 62
8
370
9
100
AcDbLine
 10
233.0
 20
315.0
 30
0.0
 11
233.0
 21
335.0
 31
0.0
  0
LINE
  5
843
330
7F1
100
AcDbEntity
 67
1
  8
ESTRIBOS
 62
8
370
9
100
AcDbLine
 10
237.0
 20
315.0
 30
0.0
 11
237.0
 21
335.0
 31
0.0
  0
LINE
  5
844
330
7F1
100
AcDbEntity
 67
1
  8
ESTRIBOS
 62
8
370
9
100
AcDbLine
 10
241.0
 20
315.0
 30
0.0
 11
241.0
 21
335.0
 31
0.0
  0
LINE
  5
845
330
7F1
100
AcDbEntity
 67
1
  8
ESTRIBOS
 62
8
370
9
100
AcDbLine
 10
245.0
 20
315.0
 30
0.0
 11
245.0
 21
335.0
 31
0.0
  0
LINE
  5
846
330
7F1
100
AcDbEntity
 67
1
  8
ESTRIBOS
 62
8
370
9
100
AcDbLine
 10
249.0
 20
315.0
 30
0.0
 11
249.0
 21
335.0
 31
0.0
  0
LINE
  5
847
330
7F1
100
AcDbEntity
 67
1
  8
ESTRIBOS
 62
8
370
9
100
AcDbLine
 10
253.0
 20
315.0
 30
0.0
 11
253.0
 21
335.0
 31
0.0
  0
LINE
  5
848
330
7F1
100
AcDbEntity
 67
1
  8
ESTRIBOS
 62
8
370
9
100
AcDbLine
 10
259.0
 20
315.0
 30
0.0
 11
259.0
 21
335.0
 31
0.0
  0
LINE
  5
849
330
7F1
100
AcDbEntity
 67
1
  8
ESTRIBOS
 62
8
370
9
100
AcDbLine
 10
263.0
 20
315.0
 30
0.0
 11
263.0
 21
335.0
 31
0.0
  0
LINE
  5
84A
330
7F1
100
AcDbEntity
 67
1
  8
ESTRIBOS
 62
8
370
9
100
AcDbLine
 10
267.0
 20
315.0
 30
0.0
 11
267.0
 21
335.0
 31
0.0
  0
LINE
  5
84B
330
7F1
100
AcDbEntity
 67
1
  8
ESTRIBOS
 62
8
370
9
100
AcDbLine
 10
271.0
 20
315.0
 30
0.0
 11
271.0
 21
335.0
 31
0.0
  0
LINE
  5
84C
330
7F1
100
AcDbEntity
 67
1
  8
ESTRIBOS
 62
8
370
9
100
AcDbLine
 10
275.0
 20
315.0
 30
0.0
 11
275.0
 21
335.0
 31
0.0
  0
LINE
  5
84D
330
7F1
100
AcDbEntity
 67
1
  8
ESTRIBOS
 62
8
370
9
100
AcDbLine
 10
279.0
 20
315.0
 30
0.0
 11
279.0
 21
335.0
 31
0.0
  0
LINE
  5
84E
330
7F1
100
AcDbEntity
 67
1
  8
ESTRIBOS
 62
8
370
9
100
AcDbLine
 10
283.0
 20
315.0
 30
0.0
 11
283.0
 21
335.0
 31
0.0
  0
LINE
  5
84F
330
7F1
100
AcDbEntity
 67
1
  8
ESTRIBOS
 62
8
370
9
100
AcDbLine
 10
287.0
 20
315.0
 30
0.0
 11
287.0
 21
335.0
 31
0.0
  0
LINE
  5
850
330
7F1
100
AcDbEntity
 67
1
  8
ESTRIBOS
 62
8
370
9
100
AcDbLine
 10
291.0
 20
315.0
 30
0.0
 11
291.0
 21
335.0
 31
0.0
  0
LINE
  5
851
330
7F1
100
AcDbEntity
 67
1
  8
ESTRIBOS
 62
8
370
9
100
AcDbLine
 10
295.0
 20
315.0
 30
0.0
 11
295.0
 21
335.0
 31
0.0
  0
LINE
  5
852
330
7F1
100
AcDbEntity
 67
1
  8
ESTRIBOS
 62
8
370
9
100
AcDbLine
 10
299.0
 20
315.0
 30
0.0
 11
299.0
 21
335.0
 31
0.0
  0
LINE
  5
853
330
7F1
100
AcDbEntity
 67
1
  8
ESTRIBOS
 62
8
370
9
100
AcDbLine
 10
303.0
 20
315.0
 30
0.0
 11
303.0
 21
335.0
 31
0.0
  0
LINE
  5
854
330
7F1
100
AcDbEntity
 67
1
  8
ESTRIBOS
 62
8
370
9
100
AcDbLine
 10
307.0
 20
315.0
 30
0.0
 11
307.0
 21
335.0
 31
0.0
  0
LINE
  5
855
330
7F1
100
AcDbEntity
 67
1
  8
ESTRIBOS
 62
8
370
9
100
AcDbLine
 10
311.0
 20
315.0
 30
0.0
 11
311.0
 21
335.0
 31
0.0
  0
LINE
  5
856
330
7F1
100
AcDbEntity
 67
1
  8
ESTRIBOS
 62
8
370
9
100
AcDbLine
 10
315.0
 20
315.0
 30
0.0
 11
315.0
 21
335.0
 31
0.0
  0
LINE
  5
857
330
7F1
100
AcDbEntity
 67
1
  8
ESTRIBOS
 62
8
370
9
100
AcDbLine
 10
319.0
 20
315.0
 30
0.0
 11
319.0
 21
335.0
 31
0.0
  0
LINE
  5
858
330
7F1
100
AcDbEntity
 67
1
  8
ESTRIBOS
 62
8
370
9
100
AcDbLine
 10
325.0
 20
315.0
 30
0.0
 11
325.0
 21
335.0
 31
0.0
  0
LINE
  5
859
330
7F1
100
AcDbEntity
 67
1
  8
ESTRIBOS
 62
8
370
9
100
AcDbLine
 10
329.0
 20
315.0
 30
0.0
 11
329.0
 21
335.0
 31
0.0
  0
LINE
  5
85A
330
7F1
100
AcDbEntity
 67
1
  8
ESTRIBOS
 62
8
370
9
100
AcDbLine
 10
333.0
 20
315.0
 30
0.0
 11
333.0
 21
335.0
 31
0.0
  0
LINE
  5
85B
330
7F1
100
AcDbEntity
 67
1
  8
ESTRIBOS
 62
8
370
9
100
AcDbLine
 10
337.0
 20
315.0
 30
0.0
 11
337.0
 21
335.0
 31
0.0
  0
LINE
  5
85C
330
7F1
100
AcDbEntity
 67
1
  8
ESTRIBOS
 62
8
370
9
100
AcDbLine
 10
341.0
 20
315.0
 30
0.0
 11
341.0
 21
335.0
 31
0.0
  0
LINE
  5
85D
330
7F1
100
AcDbEntity
 67
1
  8
ESTRIBOS
 62
8
370
9
100
AcDbLine
 10
345.0
 20
315.0
 30
0.0
 11
345.0
 21
335.0
 31
0.0
  0
LINE
  5
85E
330
7F1
100
AcDbEntity
 67
1
  8
ESTRIBOS
 62
8
370
9
100
AcDbLine
 10
349.0
 20
315.0
 30
0.0
 11
349.0
 21
335.0
 31
0.0
  0
LINE
  5
85F
330
7F1
100
AcDbEntity
 67
1
  8
ESTRIBOS
 62
8
370
9
100
AcDbLine
 10
353.0
 20
315.0
 30
0.0
 11
353.0
 21
335.0
 31
0.0
  0
LINE
  5
860
330
7F1
100
AcDbEntity
 67
1
  8
ESTRIBOS
 62
8
370
9
100
AcDbLine
 10
357.0
 20
315.0
 30
0.0
 11
357.0
 21
335.0
 31
0.0
  0
LINE
  5
861
330
7F1
100
AcDbEntity
 67
1
  8
ESTRIBOS
 62
8
370
9
100
AcDbLine
 10
361.0
 20
315.0
 30
0.0
 11
361.0
 21
335.0
 31
0.0
  0
LINE
  5
862
330
7F1
100
AcDbEntity
 67
1
  8
ESTRIBOS
 62
8
370
9
100
AcDbLine
 10
365.0
 20
315.0
 30
0.0
 11
365.0
 21
335.0
 31
0.0
  0
TEXT
  5
863
330
7F1
100
AcDbEntity
 67
1
  8
ESTRIBOS
 62
8
100
AcDbText
 10
289.0
 20
324.2
 30
0.0
 40
1.25
  1
Nº4 4R @100 (2h) / @100 ctr
 72
1
 11
289.0
 21
324.2
 31
0.0
100
AcDbText
 73
2
  0
LINE
  5
864
330
7F1
100
AcDbEntity
 67
1
  8
ESTRIBOS
 62
8
370
9
100
AcDbLine
 10
369.0
 20
315.0
 30
0.0
 11
369.0
 21
335.0
 31
0.0
  0
LINE
  5
865
330
7F1
100
AcDbEntity
 67
1
  8
ESTRIBOS
 62
8
370
9
100
AcDbLine
 10
373.0
 20
315.0
 30
0.0
 11
373.0
 21
335.0
 31
0.0
  0
LINE
  5
866
330
7F1
100
AcDbEntity
 67
1
  8
ESTRIBOS
 62
8
370
9
100
AcDbLine
 10
377.0
 20
315.0
 30
0.0
 11
377.0
 21
335.0
 31
0.0
  0
LINE
  5
867
330
7F1
100
AcDbEntity
 67
1
  8
ESTRIBOS
 62
8
370
9
100
AcDbLine
 10
381.0
 20
315.0
 30
0.0
 11
381.0
 21
335.0
 31
0.0
  0
LINE
  5
868
330
7F1
100
AcDbEntity
 67
1
  8
ESTRIBOS
 62
8
370
9
100
AcDbLine
 10
385.0
 20
315.0
 30
0.0
 11
385.0
 21
335.0
 31
0.0
  0
LINE
  5
869
330
7F1
100
AcDbEntity
 67
1
  8
ESTRIBOS
 62
8
370
9
100
AcDbLine
 10
389.0
 20
315.0
 30
0.0
 11
389.0
 21
335.0
 31
0.0
  0
LINE
  5
86A
330
7F1
100
AcDbEntity
 67
1
  8
ESTRIBOS
 62
8
370
9
100
AcDbLine
 10
393.0
 20
315.0
 30
0.0
 11
393.0
 21
335.0
 31
0.0
  0
LINE
  5
86B
330
7F1
100
AcDbEntity
 67
1
  8
ESTRIBOS
 62
8
370
9
100
AcDbLine
 10
397.0
 20
315.0
 30
0.0
 11
397.0
 21
335.0
 31
0.0
  0
LINE
  5
86C
330
7F1
100
AcDbEntity
 67
1
  8
ESTRIBOS
 62
8
370
9
100
AcDbLine
 10
401.0
 20
315.0
 30
0.0
 11
401.0
 21
335.0
 31
0.0
  0
LINE
  5
86D
330
7F1
100
AcDbEntity
 67
1
  8
ESTRIBOS
 62
8
370
9
100
AcDbLine
 10
405.0
 20
315.0
 30
0.0
 11
405.0
 21
335.0
 31
0.0
  0
LINE
  5
86E
330
7F1
100
AcDbEntity
 67
1
  8
ESTRIBOS
 62
8
370
9
100
AcDbLine
 10
409.0
 20
315.0
 30
0.0
 11
409.0
 21
335.0
 31
0.0
  0
LINE
  5
86F
330
7F1
100
AcDbEntity
 67
1
  8
ESTRIBOS
 62
8
370
9
100
AcDbLine
 10
415.0
 20
315.0
 30
0.0
 11
415.0
 21
335.0
 31
0.0
  0
LINE
  5
870
330
7F1
100
AcDbEntity
 67
1
  8
ESTRIBOS
 62
8
370
9
100
AcDbLine
 10
419.0
 20
315.0
 30
0.0
 11
419.0
 21
335.0
 31
0.0
  0
LINE
  5
871
330
7F1
100
AcDbEntity
 67
1
  8
ESTRIBOS
 62
8
370
9
100
AcDbLine
 10
423.0
 20
315.0
 30
0.0
 11
423.0
 21
335.0
 31
0.0
  0
LINE
  5
872
330
7F1
100
AcDbEntity
 67
1
  8
ESTRIBOS
 62
8
370
9
100
AcDbLine
 10
427.0
 20
315.0
 30
0.0
 11
427.0
 21
335.0
 31
0.0
  0
LINE
  5
873
330
7F1
100
AcDbEntity
 67
1
  8
ESTRIBOS
 62
8
370
9
100
AcDbLine
 10
431.0
 20
315.0
 30
0.0
 11
431.0
 21
335.0
 31
0.0
  0
LINE
  5
874
330
7F1
100
AcDbEntity
 67
1
  8
ESTRIBOS
 62
8
370
9
100
AcDbLine
 10
435.0
 20
315.0
 30
0.0
 11
435.0
 21
335.0
 31
0.0
  0
LINE
  5
875
330
7F1
100
AcDbEntity
 67
1
  8
ESTRIBOS
 62
8
370
9
100
AcDbLine
 10
439.0
 20
315.0
 30
0.0
 11
439.0
 21
335.0
 31
0.0
  0
LINE
  5
876
330
7F1
100
AcDbEntity
 67
1
  8
ESTRIBOS
 62
8
370
9
100
AcDbLine
 10
443.0
 20
315.0
 30
0.0
 11
443.0
 21
335.0
 31
0.0
  0
LINE
  5
877
330
7F1
100
AcDbEntity
 67
1
  8
ESTRIBOS
 62
8
370
9
100
AcDbLine
 10
447.0
 20
315.0
 30
0.0
 11
447.0
 21
335.0
 31
0.0
  0
LINE
  5
878
330
7F1
100
AcDbEntity
 67
1
  8
ESTRIBOS
 62
8
370
9
100
AcDbLine
 10
451.0
 20
315.0
 30
0.0
 11
451.0
 21
335.0
 31
0.0
  0
LINE
  5
879
330
7F1
100
AcDbEntity
 67
1
  8
ESTRIBOS
 62
8
370
9
100
AcDbLine
 10
455.0
 20
315.0
 30
0.0
 11
455.0
 21
335.0
 31
0.0
  0
LINE
  5
87A
330
7F1
100
AcDbEntity
 67
1
  8
ESTRIBOS
 62
8
370
9
100
AcDbLine
 10
459.0
 20
315.0
 30
0.0
 11
459.0
 21
335.0
 31
0.0
  0
LINE
  5
87B
330
7F1
100
AcDbEntity
 67
1
  8
ESTRIBOS
 62
8
370
9
100
AcDbLine
 10
463.0
 20
315.0
 30
0.0
 11
463.0
 21
335.0
 31
0.0
  0
LINE
  5
87C
330
7F1
100
AcDbEntity
 67
1
  8
ESTRIBOS
 62
8
370
9
100
AcDbLine
 10
467.0
 20
315.0
 30
0.0
 11
467.0
 21
335.0
 31
0.0
  0
LINE
  5
87D
330
7F1
100
AcDbEntity
 67
1
  8
ESTRIBOS
 62
8
370
9
100
AcDbLine
 10
471.0
 20
315.0
 30
0.0
 11
471.0
 21
335.0
 31
0.0
  0
LINE
  5
87E
330
7F1
100
AcDbEntity
 67
1
  8
ESTRIBOS
 62
8
370
9
100
AcDbLine
 10
475.0
 20
315.0
 30
0.0
 11
475.0
 21
335.0
 31
0.0
  0
LINE
  5
87F
330
7F1
100
AcDbEntity
 67
1
  8
ESTRIBOS
 62
8
370
9
100
AcDbLine
 10
481.0
 20
315.0
 30
0.0
 11
481.0
 21
335.0
 31
0.0
  0
LINE
  5
880
330
7F1
100
AcDbEntity
 67
1
  8
ESTRIBOS
 62
8
370
9
100
AcDbLine
 10
485.0
 20
315.0
 30
0.0
 11
485.0
 21
335.0
 31
0.0
  0
LINE
  5
881
330
7F1
100
AcDbEntity
 67
1
  8
ESTRIBOS
 62
8
370
9
100
AcDbLine
 10
489.0
 20
315.0
 30
0.0
 11
489.0
 21
335.0
 31
0.0
  0
LINE
  5
882
330
7F1
100
AcDbEntity
 67
1
  8
ESTRIBOS
 62
8
370
9
100
AcDbLine
 10
493.0
 20
315.0
 30
0.0
 11
493.0
 21
335.0
 31
0.0
  0
LINE
  5
883
330
7F1
100
AcDbEntity
 67
1
  8
ESTRIBOS
 62
8
370
9
100
AcDbLine
 10
497.0
 20
315.0
 30
0.0
 11
497.0
 21
335.0
 31
0.0
  0
LINE
  5
884
330
7F1
100
AcDbEntity
 67
1
  8
ESTRIBOS
 62
8
370
9
100
AcDbLine
 10
501.0
 20
315.0
 30
0.0
 11
501.0
 21
335.0
 31
0.0
  0
LINE
  5
885
330
7F1
100
AcDbEntity
 67
1
  8
ESTRIBOS
 62
8
370
9
100
AcDbLine
 10
505.0
 20
315.0
 30
0.0
 11
505.0
 21
335.0
 31
0.0
  0
LINE
  5
886
330
7F1
100
AcDbEntity
 67
1
  8
ESTRIBOS
 62
8
370
9
100
AcDbLine
 10
509.0
 20
315.0
 30
0.0
 11
509.0
 21
335.0
 31
0.0
  0
LINE
  5
887
330
7F1
100
AcDbEntity
 67
1
  8
ESTRIBOS
 62
8
370
9
100
AcDbLine
 10
513.0
 20
315.0
 30
0.0
 11
513.0
 21
335.0
 31
0.0
  0
LINE
  5
888
330
7F1
100
AcDbEntity
 67
1
  8
ESTRIBOS
 62
8
370
9
100
AcDbLine
 10
517.0
 20
315.0
 30
0.0
 11
517.0
 21
335.0
 31
0.0
  0
LINE
  5
889
330
7F1
100
AcDbEntity
 67
1
  8
ESTRIBOS
 62
8
370
9
100
AcDbLine
 10
521.0
 20
315.0
 30
0.0
 11
521.0
 21
335.0
 31
0.0
  0
TEXT
  5
88A
330
7F1
100
AcDbEntity
 67
1
  8
ESTRIBOS
 62
8
100
AcDbText
 10
445.0
 20
324.2
 30
0.0
 40
1.25
  1
Nº4 4R @100 (2h) / @100 ctr
 72
1
 11
445.0
 21
324.2
 31
0.0
100
AcDbText
 73
2
  0
LINE
  5
88B
330
7F1
100
AcDbEntity
 67
1
  8
ESTRIBOS
 62
8
370
9
100
AcDbLine
 10
525.0
 20
315.0
 30
0.0
 11
525.0
 21
335.0
 31
0.0
  0
LINE
  5
88C
330
7F1
100
AcDbEntity
 67
1
  8
ESTRIBOS
 62
8
370
9
100
AcDbLine
 10
529.0
 20
315.0
 30
0.0
 11
529.0
 21
335.0
 31
0.0
  0
LINE
  5
88D
330
7F1
100
AcDbEntity
 67
1
  8
ESTRIBOS
 62
8
370
9
100
AcDbLine
 10
533.0
 20
315.0
 30
0.0
 11
533.0
 21
335.0
 31
0.0
  0
LINE
  5
88E
330
7F1
100
AcDbEntity
 67
1
  8
ESTRIBOS
 62
8
370
9
100
AcDbLine
 10
537.0
 20
315.0
 30
0.0
 11
537.0
 21
335.0
 31
0.0
  0
LINE
  5
88F
330
7F1
100
AcDbEntity
 67
1
  8
ESTRIBOS
 62
8
370
9
100
AcDbLine
 10
541.0
 20
315.0
 30
0.0
 11
541.0
 21
335.0
 31
0.0
  0
LINE
  5
890
330
7F1
100
AcDbEntity
 67
1
  8
ESTRIBOS
 62
8
370
9
100
AcDbLine
 10
545.0
 20
315.0
 30
0.0
 11
545.0
 21
335.0
 31
0.0
  0
LINE
  5
891
330
7F1
100
AcDbEntity
 67
1
  8
ESTRIBOS
 62
8
370
9
100
AcDbLine
 10
549.0
 20
315.0
 30
0.0
 11
549.0
 21
335.0
 31
0.0
  0
LINE
  5
892
330
7F1
100
AcDbEntity
 67
1
  8
ESTRIBOS
 62
8
370
9
100
AcDbLine
 10
553.0
 20
315.0
 30
0.0
 11
553.0
 21
335.0
 31
0.0
  0
LINE
  5
893
330
7F1
100
AcDbEntity
 67
1
  8
ESTRIBOS
 62
8
370
9
100
AcDbLine
 10
557.0
 20
315.0
 30
0.0
 11
557.0
 21
335.0
 31
0.0
  0
LINE
  5
894
330
7F1
100
AcDbEntity
 67
1
  8
ESTRIBOS
 62
8
370
9
100
AcDbLine
 10
561.0
 20
315.0
 30
0.0
 11
561.0
 21
335.0
 31
0.0
  0
LINE
  5
895
330
7F1
100
AcDbEntity
 67
1
  8
ESTRIBOS
 62
8
370
9
100
AcDbLine
 10
565.0
 20
315.0
 30
0.0
 11
565.0
 21
335.0
 31
0.0
  0
LINE
  5
896
330
7F1
100
AcDbEntity
 67
1
  8
ESTRIBOS
 62
8
370
9
100
AcDbLine
 10
571.0
 20
315.0
 30
0.0
 11
571.0
 21
335.0
 31
0.0
  0
LINE
  5
897
330
7F1
100
AcDbEntity
 67
1
  8
ESTRIBOS
 62
8
370
9
100
AcDbLine
 10
575.0
 20
315.0
 30
0.0
 11
575.0
 21
335.0
 31
0.0
  0
LINE
  5
898
330
7F1
100
AcDbEntity
 67
1
  8
ESTRIBOS
 62
8
370
9
100
AcDbLine
 10
579.0
 20
315.0
 30
0.0
 11
579.0
 21
335.0
 31
0.0
  0
LINE
  5
899
330
7F1
100
AcDbEntity
 67
1
  8
ESTRIBOS
 62
8
370
9
100
AcDbLine
 10
583.0
 20
315.0
 30
0.0
 11
583.0
 21
335.0
 31
0.0
  0
LINE
  5
89A
330
7F1
100
AcDbEntity
 67
1
  8
ESTRIBOS
 62
8
370
9
100
AcDbLine
 10
587.0
 20
315.0
 30
0.0
 11
587.0
 21
335.0
 31
0.0
  0
LINE
  5
89B
330
7F1
100
AcDbEntity
 67
1
  8
ESTRIBOS
 62
8
370
9
100
AcDbLine
 10
591.0
 20
315.0
 30
0.0
 11
591.0
 21
335.0
 31
0.0
  0
LINE
  5
89C
330
7F1
100
AcDbEntity
 67
1
  8
ESTRIBOS
 62
8
370
9
100
AcDbLine
 10
595.0
 20
315.0
 30
0.0
 11
595.0
 21
335.0
 31
0.0
  0
LINE
  5
89D
330
7F1
100
AcDbEntity
 67
1
  8
ESTRIBOS
 62
8
370
9
100
AcDbLine
 10
599.0
 20
315.0
 30
0.0
 11
599.0
 21
335.0
 31
0.0
  0
LINE
  5
89E
330
7F1
100
AcDbEntity
 67
1
  8
ESTRIBOS
 62
8
370
9
100
AcDbLine
 10
603.0
 20
315.0
 30
0.0
 11
603.0
 21
335.0
 31
0.0
  0
LINE
  5
89F
330
7F1
100
AcDbEntity
 67
1
  8
ESTRIBOS
 62
8
370
9
100
AcDbLine
 10
607.0
 20
315.0
 30
0.0
 11
607.0
 21
335.0
 31
0.0
  0
LINE
  5
8A0
330
7F1
100
AcDbEntity
 67
1
  8
ESTRIBOS
 62
8
370
9
100
AcDbLine
 10
611.0
 20
315.0
 30
0.0
 11
611.0
 21
335.0
 31
0.0
  0
LINE
  5
8A1
330
7F1
100
AcDbEntity
 67
1
  8
ESTRIBOS
 62
8
370
9
100
AcDbLine
 10
615.0
 20
315.0
 30
0.0
 11
615.0
 21
335.0
 31
0.0
  0
LINE
  5
8A2
330
7F1
100
AcDbEntity
 67
1
  8
ESTRIBOS
 62
8
370
9
100
AcDbLine
 10
619.0
 20
315.0
 30
0.0
 11
619.0
 21
335.0
 31
0.0
  0
LINE
  5
8A3
330
7F1
100
AcDbEntity
 67
1
  8
ESTRIBOS
 62
8
370
9
100
AcDbLine
 10
623.0
 20
315.0
 30
0.0
 11
623.0
 21
335.0
 31
0.0
  0
LINE
  5
8A4
330
7F1
100
AcDbEntity
 67
1
  8
ESTRIBOS
 62
8
370
9
100
AcDbLine
 10
627.0
 20
315.0
 30
0.0
 11
627.0
 21
335.0
 31
0.0
  0
LINE
  5
8A5
330
7F1
100
AcDbEntity
 67
1
  8
ESTRIBOS
 62
8
370
9
100
AcDbLine
 10
631.0
 20
315.0
 30
0.0
 11
631.0
 21
335.0
 31
0.0
  0
LINE
  5
8A6
330
7F1
100
AcDbEntity
 67
1
  8
ESTRIBOS
 62
8
370
9
100
AcDbLine
 10
635.0
 20
315.0
 30
0.0
 11
635.0
 21
335.0
 31
0.0
  0
LINE
  5
8A7
330
7F1
100
AcDbEntity
 67
1
  8
ESTRIBOS
 62
8
370
9
100
AcDbLine
 10
639.0
 20
315.0
 30
0.0
 11
639.0
 21
335.0
 31
0.0
  0
LINE
  5
8A8
330
7F1
100
AcDbEntity
 67
1
  8
ESTRIBOS
 62
8
370
9
100
AcDbLine
 10
643.0
 20
315.0
 30
0.0
 11
643.0
 21
335.0
 31
0.0
  0
LINE
  5
8A9
330
7F1
100
AcDbEntity
 67
1
  8
ESTRIBOS
 62
8
370
9
100
AcDbLine
 10
647.0
 20
315.0
 30
0.0
 11
647.0
 21
335.0
 31
0.0
  0
LINE
  5
8AA
330
7F1
100
AcDbEntity
 67
1
  8
ESTRIBOS
 62
8
370
9
100
AcDbLine
 10
651.0
 20
315.0
 30
0.0
 11
651.0
 21
335.0
 31
0.0
  0
LINE
  5
8AB
330
7F1
100
AcDbEntity
 67
1
  8
ESTRIBOS
 62
8
370
9
100
AcDbLine
 10
655.0
 20
315.0
 30
0.0
 11
655.0
 21
335.0
 31
0.0
  0
LINE
  5
8AC
330
7F1
100
AcDbEntity
 67
1
  8
ESTRIBOS
 62
8
370
9
100
AcDbLine
 10
659.0
 20
315.0
 30
0.0
 11
659.0
 21
335.0
 31
0.0
  0
LINE
  5
8AD
330
7F1
100
AcDbEntity
 67
1
  8
ESTRIBOS
 62
8
370
9
100
AcDbLine
 10
663.0
 20
315.0
 30
0.0
 11
663.0
 21
335.0
 31
0.0
  0
LINE
  5
8AE
330
7F1
100
AcDbEntity
 67
1
  8
ESTRIBOS
 62
8
370
9
100
AcDbLine
 10
667.0
 20
315.0
 30
0.0
 11
667.0
 21
335.0
 31
0.0
  0
LINE
  5
8AF
330
7F1
100
AcDbEntity
 67
1
  8
ESTRIBOS
 62
8
370
9
100
AcDbLine
 10
671.0
 20
315.0
 30
0.0
 11
671.0
 21
335.0
 31
0.0
  0
LINE
  5
8B0
330
7F1
100
AcDbEntity
 67
1
  8
ESTRIBOS
 62
8
370
9
100
AcDbLine
 10
675.0
 20
315.0
 30
0.0
 11
675.0
 21
335.0
 31
0.0
  0
TEXT
  5
8B1
330
7F1
100
AcDbEntity
 67
1
  8
ESTRIBOS
 62
8
100
AcDbText
 10
600.0
 20
324.2
 30
0.0
 40
1.25
  1
Nº4 4R @100 (2h) / @100 ctr
 72
1
 11
600.0
 21
324.2
 31
0.0
100
AcDbText
 73
2
  0
LWPOLYLINE
  5
8B2
330
7F1
100
AcDbEntity
 67
1
  8
ACERO_SUP_CONT
 62
4
370
35
100
AcDbPolyline
 90
4
 70
0
 10
57.0
 20
328.0
 10
57.0
 20
334.0
 10
677.0
 20
334.0
 10
677.0
 20
328.0
  0
TEXT
  5
8B3
330
7F1
100
AcDbEntity
 67
1
  8
ACERO_SUP_CONT
 62
4
100
AcDbText
 10
367.0
 20
337.0
 30
0.0
 40
1.55
  1
M1  2#5 CONT.  Lc=15510 mm
 72
1
 11
367.0
 21
337.0
 31
0.0
100
AcDbText
 73
2
  0
LWPOLYLINE
  5
8B4
330
7F1
100
AcDbEntity
 67
1
  8
ACERO_SUP_APOYO
 62
5
370
30
100
AcDbPolyline
 90
3
 70
0
 10
44.8
 20
326.5
 10
44.8
 20
331.5
 10
95.5
 20
331.5
  0
TEXT
  5
8B5
330
7F1
100
AcDbEntity
 67
1
  8
ACERO_SUP_APOYO
 62
5
100
AcDbText
 10
57.0
 20
332.7
 30
0.0
 40
1.15
  1
M2 4#5 L=1118
 72
1
 11
57.0
 21
332.7
 31
0.0
100
AcDbText
 73
2
  0
LWPOLYLINE
  5
8B6
330
7F1
100
AcDbEntity
 67
1
  8
ACERO_SUP_APOYO
 62
5
370
30
100
AcDbPolyline
 90
2
 70
0
 10
172.5
 20
329.3
 10
250.0
 20
329.3
  0
TEXT
  5
8B7
330
7F1
100
AcDbEntity
 67
1
  8
ACERO_SUP_APOYO
 62
5
100
AcDbText
 10
211.0
 20
330.5
 30
0.0
 40
1.15
  1
M2 4#5 L=2438
 72
1
 11
211.0
 21
330.5
 31
0.0
100
AcDbText
 73
2
  0
LWPOLYLINE
  5
8B8
330
7F1
100
AcDbEntity
 67
1
  8
ACERO_SUP_APOYO
 62
5
370
30
100
AcDbPolyline
 90
2
 70
0
 10
328.0
 20
331.5
 10
406.0
 20
331.5
  0
TEXT
  5
8B9
330
7F1
100
AcDbEntity
 67
1
  8
ACERO_SUP_APOYO
 62
5
100
AcDbText
 10
367.0
 20
332.7
 30
0.0
 40
1.15
  1
M2 4#5 L=2450
 72
1
 11
367.0
 21
332.7
 31
0.0
100
AcDbText
 73
2
  0
LWPOLYLINE
  5
8BA
330
7F1
100
AcDbEntity
 67
1
  8
ACERO_SUP_APOYO
 62
5
370
30
100
AcDbPolyline
 90
2
 70
0
 10
484.0
 20
329.3
 10
561.5
 20
329.3
  0
TEXT
  5
8BB
330
7F1
100
AcDbEntity
 67
1
  8
ACERO_SUP_APOYO
 62
5
100
AcDbText
 10
523.0
 20
330.5
 30
0.0
 40
1.15
  1
M2 4#5 L=2438
 72
1
 11
523.0
 21
330.5
 31
0.0
100
AcDbText
 73
2
  0
LWPOLYLINE
  5
8BC
330
7F1
100
AcDbEntity
 67
1
  8
ACERO_SUP_APOYO
 62
5
370
30
100
AcDbPolyline
 90
3
 70
0
 10
638.5
 20
331.5
 10
689.2
 20
331.5
 10
689.2
 20
326.5
  0
TEXT
  5
8BD
330
7F1
100
AcDbEntity
 67
1
  8
ACERO_SUP_APOYO
 62
5
100
AcDbText
 10
677.0
 20
332.7
 30
0.0
 40
1.15
  1
M2 4#5 L=1118
 72
1
 11
677.0
 21
332.7
 31
0.0
100
AcDbText
 73
2
  0
LWPOLYLINE
  5
8BE
330
7F1
100
AcDbEntity
 67
1
  8
ACERO_INF
 62
1
370
35
100
AcDbPolyline
 90
4
 70
0
 10
59.0
 20
321.0
 10
59.0
 20
316.0
 10
209.0
 20
316.0
 10
209.0
 20
321.0
  0
TEXT
  5
8BF
330
7F1
100
AcDbEntity
 67
1
  8
ACERO_INF
 62
1
100
AcDbText
 10
134.0
 20
313.9
 30
0.0
 40
1.2
  1
M3 4#5 L=3860
 72
1
 11
134.0
 21
313.9
 31
0.0
100
AcDbText
 73
2
  0
LWPOLYLINE
  5
8C0
330
7F1
100
AcDbEntity
 67
1
  8
ACERO_INF
 62
1
370
35
100
AcDbPolyline
 90
4
 70
0
 10
213.0
 20
322.8
 10
213.0
 20
317.8
 10
365.0
 20
317.8
 10
365.0
 20
322.8
  0
TEXT
  5
8C1
330
7F1
100
AcDbEntity
 67
1
  8
ACERO_INF
 62
1
100
AcDbText
 10
289.0
 20
315.7
 30
0.0
 40
1.2
  1
M3 4#5 L=3910
 72
1
 11
289.0
 21
315.7
 31
0.0
100
AcDbText
 73
2
  0
LWPOLYLINE
  5
8C2
330
7F1
100
AcDbEntity
 67
1
  8
ACERO_INF
 62
1
370
35
100
AcDbPolyline
 90
4
 70
0
 10
369.0
 20
321.0
 10
369.0
 20
316.0
 10
521.0
 20
316.0
 10
521.0
 20
321.0
  0
TEXT
  5
8C3
330
7F1
100
AcDbEntity
 67
1
  8
ACERO_INF
 62
1
100
AcDbText
 10
445.0
 20
313.9
 30
0.0
 40
1.2
  1
M3 4#5 L=3910
 72
1
 11
445.0
 21
313.9
 31
0.0
100
AcDbText
 73
2
  0
LWPOLYLINE
  5
8C4
330
7F1
100
AcDbEntity
 67
1
  8
ACERO_INF
 62
1
370
35
100
AcDbPolyline
 90
4
 70
0
 10
525.0
 20
322.8
 10
525.0
 20
317.8
 10
675.0
 20
317.8
 10
675.0
 20
322.8
  0
TEXT
  5
8C5
330
7F1
100
AcDbEntity
 67
1
  8
ACERO_INF
 62
1
100
AcDbText
 10
600.0
 20
315.7
 30
0.0
 40
1.2
  1
M3 4#5 L=3860
 72
1
 11
600.0
 21
315.7
 31
0.0
100
AcDbText
 73
2
  0
LWPOLYLINE
  5
8C6
330
7F1
100
AcDbEntity
 67
1
  8
ACERO_TORSION
 62
30
370
30
100
AcDbPolyline
 90
2
 70
0
 10
58.0
 20
327.4
 10
676.0
 20
327.4
  0
TEXT
  5
8C7
330
7F1
100
AcDbEntity
 67
1
  8
ACERO_TORSION
 62
30
100
AcDbText
 10
367.0
 20
329.0
 30
0.0
 40
1.15
  1
M4 12#5 TORSIÓN DEDICADA
 72
1
 11
367.0
 21
329.0
 31
0.0
100
AcDbText
 73
2
  0
LINE
  5
8C8
330
7F1
100
AcDbEntity
 67
1
  8
CORTE
 62
6
370
13
100
AcDbLine
 10
211.0
 20
311.5
 30
0.0
 11
211.0
 21
338.5
 31
0.0
  0
TEXT
  5
8C9
330
7F1
100
AcDbEntity
 67
1
  8
CORTE
 62
6
100
AcDbText
 10
211.0
 20
341.2
 30
0.0
 40
1.5
  1
A
 72
1
 11
211.0
 21
341.2
 31
0.0
100
AcDbText
 73
2
  0
LINE
  5
8CA
330
7F1
100
AcDbEntity
 67
1
  8
CORTE
 62
6
370
13
100
AcDbLine
 10
289.0
 20
311.5
 30
0.0
 11
289.0
 21
338.5
 31
0.0
  0
TEXT
  5
8CB
330
7F1
100
AcDbEntity
 67
1
  8
CORTE
 62
6
100
AcDbText
 10
289.0
 20
341.2
 30
0.0
 40
1.5
  1
B
 72
1
 11
289.0
 21
341.2
 31
0.0
100
AcDbText
 73
2
  0
LINE
  5
8CC
330
7F1
100
AcDbEntity
 67
1
  8
CORTE
 62
6
370
13
100
AcDbLine
 10
523.0
 20
311.5
 30
0.0
 11
523.0
 21
338.5
 31
0.0
  0
TEXT
  5
8CD
330
7F1
100
AcDbEntity
 67
1
  8
CORTE
 62
6
100
AcDbText
 10
523.0
 20
341.2
 30
0.0
 40
1.5
  1
C
 72
1
 11
523.0
 21
341.2
 31
0.0
100
AcDbText
 73
2
  0
LINE
  5
8CE
330
7F1
100
AcDbEntity
 67
1
  8
COTAS
 62
3
370
13
100
AcDbLine
 10
57.0
 20
304.0
 30
0.0
 11
211.0
 21
304.0
 31
0.0
  0
LINE
  5
8CF
330
7F1
100
AcDbEntity
 67
1
  8
COTAS
 62
3
370
13
100
AcDbLine
 10
57.0
 20
302.8
 30
0.0
 11
57.0
 21
305.2
 31
0.0
  0
LINE
  5
8D0
330
7F1
100
AcDbEntity
 67
1
  8
COTAS
 62
3
370
13
100
AcDbLine
 10
211.0
 20
302.8
 30
0.0
 11
211.0
 21
305.2
 31
0.0
  0
TEXT
  5
8D1
330
7F1
100
AcDbEntity
 67
1
  8
COTAS
 62
3
100
AcDbText
 10
134.0
 20
305.0
 30
0.0
 40
1.3
  1
3.850 m
 72
1
 11
134.0
 21
305.0
 31
0.0
100
AcDbText
 73
2
  0
TEXT
  5
8D2
330
7F1
100
AcDbEntity
 67
1
  8
TEXTO
 62
7
100
AcDbText
 10
134.0
 20
301.3
 30
0.0
 40
1.1
  1
F83
 72
1
 11
134.0
 21
301.3
 31
0.0
100
AcDbText
 73
2
  0
LINE
  5
8D3
330
7F1
100
AcDbEntity
 67
1
  8
COTAS
 62
3
370
13
100
AcDbLine
 10
211.0
 20
304.0
 30
0.0
 11
367.0
 21
304.0
 31
0.0
  0
LINE
  5
8D4
330
7F1
100
AcDbEntity
 67
1
  8
COTAS
 62
3
370
13
100
AcDbLine
 10
211.0
 20
302.8
 30
0.0
 11
211.0
 21
305.2
 31
0.0
  0
LINE
  5
8D5
330
7F1
100
AcDbEntity
 67
1
  8
COTAS
 62
3
370
13
100
AcDbLine
 10
367.0
 20
302.8
 30
0.0
 11
367.0
 21
305.2
 31
0.0
  0
TEXT
  5
8D6
330
7F1
100
AcDbEntity
 67
1
  8
COTAS
 62
3
100
AcDbText
 10
289.0
 20
305.0
 30
0.0
 40
1.3
  1
3.900 m
 72
1
 11
289.0
 21
305.0
 31
0.0
100
AcDbText
 73
2
  0
TEXT
  5
8D7
330
7F1
100
AcDbEntity
 67
1
  8
TEXTO
 62
7
100
AcDbText
 10
289.0
 20
301.3
 30
0.0
 40
1.1
  1
F84
 72
1
 11
289.0
 21
301.3
 31
0.0
100
AcDbText
 73
2
  0
LINE
  5
8D8
330
7F1
100
AcDbEntity
 67
1
  8
COTAS
 62
3
370
13
100
AcDbLine
 10
367.0
 20
304.0
 30
0.0
 11
523.0
 21
304.0
 31
0.0
  0
LINE
  5
8D9
330
7F1
100
AcDbEntity
 67
1
  8
COTAS
 62
3
370
13
100
AcDbLine
 10
367.0
 20
302.8
 30
0.0
 11
367.0
 21
305.2
 31
0.0
  0
LINE
  5
8DA
330
7F1
100
AcDbEntity
 67
1
  8
COTAS
 62
3
370
13
100
AcDbLine
 10
523.0
 20
302.8
 30
0.0
 11
523.0
 21
305.2
 31
0.0
  0
TEXT
  5
8DB
330
7F1
100
AcDbEntity
 67
1
  8
COTAS
 62
3
100
AcDbText
 10
445.0
 20
305.0
 30
0.0
 40
1.3
  1
3.900 m
 72
1
 11
445.0
 21
305.0
 31
0.0
100
AcDbText
 73
2
  0
TEXT
  5
8DC
330
7F1
100
AcDbEntity
 67
1
  8
TEXTO
 62
7
100
AcDbText
 10
445.0
 20
301.3
 30
0.0
 40
1.1
  1
F85
 72
1
 11
445.0
 21
301.3
 31
0.0
100
AcDbText
 73
2
  0
LINE
  5
8DD
330
7F1
100
AcDbEntity
 67
1
  8
COTAS
 62
3
370
13
100
AcDbLine
 10
523.0
 20
304.0
 30
0.0
 11
677.0
 21
304.0
 31
0.0
  0
LINE
  5
8DE
330
7F1
100
AcDbEntity
 67
1
  8
COTAS
 62
3
370
13
100
AcDbLine
 10
523.0
 20
302.8
 30
0.0
 11
523.0
 21
305.2
 31
0.0
  0
LINE
  5
8DF
330
7F1
100
AcDbEntity
 67
1
  8
COTAS
 62
3
370
13
100
AcDbLine
 10
677.0
 20
302.8
 30
0.0
 11
677.0
 21
305.2
 31
0.0
  0
TEXT
  5
8E0
330
7F1
100
AcDbEntity
 67
1
  8
COTAS
 62
3
100
AcDbText
 10
600.0
 20
305.0
 30
0.0
 40
1.3
  1
3.850 m
 72
1
 11
600.0
 21
305.0
 31
0.0
100
AcDbText
 73
2
  0
TEXT
  5
8E1
330
7F1
100
AcDbEntity
 67
1
  8
TEXTO
 62
7
100
AcDbText
 10
600.0
 20
301.3
 30
0.0
 40
1.1
  1
F86
 72
1
 11
600.0
 21
301.3
 31
0.0
100
AcDbText
 73
2
  0
LINE
  5
8E2
330
7F1
100
AcDbEntity
 67
1
  8
COTAS
 62
3
370
13
100
AcDbLine
 10
57.0
 20
298.0
 30
0.0
 11
677.0
 21
298.0
 31
0.0
  0
LINE
  5
8E3
330
7F1
100
AcDbEntity
 67
1
  8
COTAS
 62
3
370
13
100
AcDbLine
 10
57.0
 20
296.8
 30
0.0
 11
57.0
 21
299.2
 31
0.0
  0
LINE
  5
8E4
330
7F1
100
AcDbEntity
 67
1
  8
COTAS
 62
3
370
13
100
AcDbLine
 10
677.0
 20
296.8
 30
0.0
 11
677.0
 21
299.2
 31
0.0
  0
TEXT
  5
8E5
330
7F1
100
AcDbEntity
 67
1
  8
COTAS
 62
3
100
AcDbText
 10
367.0
 20
299.0
 30
0.0
 40
1.5
  1
TOTAL SAP I-J = 15.500 m
 72
1
 11
367.0
 21
299.0
 31
0.0
100
AcDbText
 73
2
  0
TEXT
  5
8E6
330
7F1
100
AcDbEntity
 67
1
  8
TEXTO
 62
7
100
AcDbText
 10
677.0
 20
288.0
 30
0.0
 40
1.35
  1
ESC. H 1:25 | V 1:25 | Ejes/tramos obtenidos de SAP
 72
2
 11
677.0
 21
288.0
 31
0.0
100
AcDbText
  0
LWPOLYLINE
  5
8E7
330
7F1
100
AcDbEntity
 67
1
  8
MARCO
 62
7
370
20
100
AcDbPolyline
 90
4
 70
1
 10
8.5
 20
122.0
 10
51.5
 20
122.0
 10
51.5
 20
166.0
 10
8.5
 20
166.0
  0
TEXT
  5
8E8
330
7F1
100
AcDbEntity
 67
1
  8
TEXTO
 62
7
100
AcDbText
 10
30.0
 20
161.0
 30
0.0
 40
2.6
  1
VIGA VC5
 72
1
 11
30.0
 21
161.0
 31
0.0
100
AcDbText
 73
2
  0
TEXT
  5
8E9
330
7F1
100
AcDbEntity
 67
1
  8
TEXTO
 62
7
100
AcDbText
 10
30.0
 20
155.0
 30
0.0
 40
2.2
  1
EJE 4
 72
1
 11
30.0
 21
155.0
 31
0.0
100
AcDbText
 73
2
  0
TEXT
  5
8EA
330
7F1
100
AcDbEntity
 67
1
  8
TEXTO
 62
7
100
AcDbText
 10
30.0
 20
149.0
 30
0.0
 40
1.9
  1
450x550 mm
 72
1
 11
30.0
 21
149.0
 31
0.0
100
AcDbText
 73
2
  0
TEXT
  5
8EB
330
7F1
100
AcDbEntity
 67
1
  8
TEXTO
100
AcDbText
 10
11.5
 20
142.0
 30
0.0
 40
1.7
  1
SUP 6#5
 11
11.5
 21
142.0
 31
0.0
100
AcDbText
  0
TEXT
  5
8EC
330
7F1
100
AcDbEntity
 67
1
  8
TEXTO
100
AcDbText
 10
11.5
 20
137.0
 30
0.0
 40
1.7
  1
INF 4#5
 11
11.5
 21
137.0
 31
0.0
100
AcDbText
  0
TEXT
  5
8ED
330
7F1
100
AcDbEntity
 67
1
  8
TEXTO
100
AcDbText
 10
11.5
 20
132.0
 30
0.0
 40
1.7
  1
TOR 12#5
 11
11.5
 21
132.0
 31
0.0
100
AcDbText
  0
TEXT
  5
8EE
330
7F1
100
AcDbEntity
 67
1
  8
TEXTO
100
AcDbText
 10
11.5
 20
126.0
 30
0.0
 40
1.45
  1
NIVEL TIPO z=3.5 m
 11
11.5
 21
126.0
 31
0.0
100
AcDbText
  0
LWPOLYLINE
  5
8EF
330
7F1
100
AcDbEntity
 67
1
  8
CONTORNO
 62
7
370
25
100
AcDbPolyline
 90
4
 70
1
 10
57.0
 20
130.0
 10
677.0
 20
130.0
 10
677.0
 20
152.0
 10
57.0
 20
152.0
  0
LWPOLYLINE
  5
8F0
330
7F1
100
AcDbEntity
 67
1
  8
APOYOS
 62
9
370
15
100
AcDbPolyline
 90
4
 70
1
 10
47.0
 20
126.0
 10
67.0
 20
126.0
 10
67.0
 20
156.0
 10
47.0
 20
156.0
  0
LINE
  5
8F1
330
7F1
100
AcDbEntity
 67
1
  8
EJES
  6
DASHED
 62
1
370
9
100
AcDbLine
 10
57.0
 20
119.0
 30
0.0
 11
57.0
 21
169.0
 31
0.0
  0
CIRCLE
  5
8F2
330
7F1
100
AcDbEntity
 67
1
  8
EJES
 62
1
370
18
100
AcDbCircle
 10
57.0
 20
164.0
 30
0.0
 40
3.5
  0
TEXT
  5
8F3
330
7F1
100
AcDbEntity
 67
1
  8
EJES
 62
1
100
AcDbText
 10
57.0
 20
164.0
 30
0.0
 40
2.0
  1
a
 72
1
 11
57.0
 21
164.0
 31
0.0
100
AcDbText
 73
2
  0
LWPOLYLINE
  5
8F4
330
7F1
100
AcDbEntity
 67
1
  8
APOYOS
 62
9
370
15
100
AcDbPolyline
 90
4
 70
1
 10
201.0
 20
126.0
 10
221.0
 20
126.0
 10
221.0
 20
156.0
 10
201.0
 20
156.0
  0
LINE
  5
8F5
330
7F1
100
AcDbEntity
 67
1
  8
EJES
  6
DASHED
 62
1
370
9
100
AcDbLine
 10
211.0
 20
119.0
 30
0.0
 11
211.0
 21
169.0
 31
0.0
  0
CIRCLE
  5
8F6
330
7F1
100
AcDbEntity
 67
1
  8
EJES
 62
1
370
18
100
AcDbCircle
 10
211.0
 20
164.0
 30
0.0
 40
3.5
  0
TEXT
  5
8F7
330
7F1
100
AcDbEntity
 67
1
  8
EJES
 62
1
100
AcDbText
 10
211.0
 20
164.0
 30
0.0
 40
2.0
  1
b
 72
1
 11
211.0
 21
164.0
 31
0.0
100
AcDbText
 73
2
  0
LWPOLYLINE
  5
8F8
330
7F1
100
AcDbEntity
 67
1
  8
APOYOS
 62
9
370
15
100
AcDbPolyline
 90
4
 70
1
 10
357.0
 20
126.0
 10
377.0
 20
126.0
 10
377.0
 20
156.0
 10
357.0
 20
156.0
  0
LINE
  5
8F9
330
7F1
100
AcDbEntity
 67
1
  8
EJES
  6
DASHED
 62
1
370
9
100
AcDbLine
 10
367.0
 20
119.0
 30
0.0
 11
367.0
 21
169.0
 31
0.0
  0
CIRCLE
  5
8FA
330
7F1
100
AcDbEntity
 67
1
  8
EJES
 62
1
370
18
100
AcDbCircle
 10
367.0
 20
164.0
 30
0.0
 40
3.5
  0
TEXT
  5
8FB
330
7F1
100
AcDbEntity
 67
1
  8
EJES
 62
1
100
AcDbText
 10
367.0
 20
164.0
 30
0.0
 40
2.0
  1
c
 72
1
 11
367.0
 21
164.0
 31
0.0
100
AcDbText
 73
2
  0
LWPOLYLINE
  5
8FC
330
7F1
100
AcDbEntity
 67
1
  8
APOYOS
 62
9
370
15
100
AcDbPolyline
 90
4
 70
1
 10
513.0
 20
126.0
 10
533.0
 20
126.0
 10
533.0
 20
156.0
 10
513.0
 20
156.0
  0
LINE
  5
8FD
330
7F1
100
AcDbEntity
 67
1
  8
EJES
  6
DASHED
 62
1
370
9
100
AcDbLine
 10
523.0
 20
119.0
 30
0.0
 11
523.0
 21
169.0
 31
0.0
  0
CIRCLE
  5
8FE
330
7F1
100
AcDbEntity
 67
1
  8
EJES
 62
1
370
18
100
AcDbCircle
 10
523.0
 20
164.0
 30
0.0
 40
3.5
  0
TEXT
  5
8FF
330
7F1
100
AcDbEntity
 67
1
  8
EJES
 62
1
100
AcDbText
 10
523.0
 20
164.0
 30
0.0
 40
2.0
  1
d
 72
1
 11
523.0
 21
164.0
 31
0.0
100
AcDbText
 73
2
  0
LWPOLYLINE
  5
900
330
7F1
100
AcDbEntity
 67
1
  8
APOYOS
 62
9
370
15
100
AcDbPolyline
 90
4
 70
1
 10
667.0
 20
126.0
 10
687.0
 20
126.0
 10
687.0
 20
156.0
 10
667.0
 20
156.0
  0
LINE
  5
901
330
7F1
100
AcDbEntity
 67
1
  8
EJES
  6
DASHED
 62
1
370
9
100
AcDbLine
 10
677.0
 20
119.0
 30
0.0
 11
677.0
 21
169.0
 31
0.0
  0
CIRCLE
  5
902
330
7F1
100
AcDbEntity
 67
1
  8
EJES
 62
1
370
18
100
AcDbCircle
 10
677.0
 20
164.0
 30
0.0
 40
3.5
  0
TEXT
  5
903
330
7F1
100
AcDbEntity
 67
1
  8
EJES
 62
1
100
AcDbText
 10
677.0
 20
164.0
 30
0.0
 40
2.0
  1
e
 72
1
 11
677.0
 21
164.0
 31
0.0
100
AcDbText
 73
2
  0
LINE
  5
904
330
7F1
100
AcDbEntity
 67
1
  8
ESTRIBOS
 62
8
370
9
100
AcDbLine
 10
59.0
 20
131.0
 30
0.0
 11
59.0
 21
151.0
 31
0.0
  0
LINE
  5
905
330
7F1
100
AcDbEntity
 67
1
  8
ESTRIBOS
 62
8
370
9
100
AcDbLine
 10
63.0
 20
131.0
 30
0.0
 11
63.0
 21
151.0
 31
0.0
  0
LINE
  5
906
330
7F1
100
AcDbEntity
 67
1
  8
ESTRIBOS
 62
8
370
9
100
AcDbLine
 10
67.0
 20
131.0
 30
0.0
 11
67.0
 21
151.0
 31
0.0
  0
LINE
  5
907
330
7F1
100
AcDbEntity
 67
1
  8
ESTRIBOS
 62
8
370
9
100
AcDbLine
 10
71.0
 20
131.0
 30
0.0
 11
71.0
 21
151.0
 31
0.0
  0
LINE
  5
908
330
7F1
100
AcDbEntity
 67
1
  8
ESTRIBOS
 62
8
370
9
100
AcDbLine
 10
75.0
 20
131.0
 30
0.0
 11
75.0
 21
151.0
 31
0.0
  0
LINE
  5
909
330
7F1
100
AcDbEntity
 67
1
  8
ESTRIBOS
 62
8
370
9
100
AcDbLine
 10
79.0
 20
131.0
 30
0.0
 11
79.0
 21
151.0
 31
0.0
  0
LINE
  5
90A
330
7F1
100
AcDbEntity
 67
1
  8
ESTRIBOS
 62
8
370
9
100
AcDbLine
 10
83.0
 20
131.0
 30
0.0
 11
83.0
 21
151.0
 31
0.0
  0
LINE
  5
90B
330
7F1
100
AcDbEntity
 67
1
  8
ESTRIBOS
 62
8
370
9
100
AcDbLine
 10
87.0
 20
131.0
 30
0.0
 11
87.0
 21
151.0
 31
0.0
  0
LINE
  5
90C
330
7F1
100
AcDbEntity
 67
1
  8
ESTRIBOS
 62
8
370
9
100
AcDbLine
 10
91.0
 20
131.0
 30
0.0
 11
91.0
 21
151.0
 31
0.0
  0
LINE
  5
90D
330
7F1
100
AcDbEntity
 67
1
  8
ESTRIBOS
 62
8
370
9
100
AcDbLine
 10
95.0
 20
131.0
 30
0.0
 11
95.0
 21
151.0
 31
0.0
  0
LINE
  5
90E
330
7F1
100
AcDbEntity
 67
1
  8
ESTRIBOS
 62
8
370
9
100
AcDbLine
 10
99.0
 20
131.0
 30
0.0
 11
99.0
 21
151.0
 31
0.0
  0
LINE
  5
90F
330
7F1
100
AcDbEntity
 67
1
  8
ESTRIBOS
 62
8
370
9
100
AcDbLine
 10
105.0
 20
131.0
 30
0.0
 11
105.0
 21
151.0
 31
0.0
  0
LINE
  5
910
330
7F1
100
AcDbEntity
 67
1
  8
ESTRIBOS
 62
8
370
9
100
AcDbLine
 10
109.0
 20
131.0
 30
0.0
 11
109.0
 21
151.0
 31
0.0
  0
LINE
  5
911
330
7F1
100
AcDbEntity
 67
1
  8
ESTRIBOS
 62
8
370
9
100
AcDbLine
 10
113.0
 20
131.0
 30
0.0
 11
113.0
 21
151.0
 31
0.0
  0
LINE
  5
912
330
7F1
100
AcDbEntity
 67
1
  8
ESTRIBOS
 62
8
370
9
100
AcDbLine
 10
117.0
 20
131.0
 30
0.0
 11
117.0
 21
151.0
 31
0.0
  0
LINE
  5
913
330
7F1
100
AcDbEntity
 67
1
  8
ESTRIBOS
 62
8
370
9
100
AcDbLine
 10
121.0
 20
131.0
 30
0.0
 11
121.0
 21
151.0
 31
0.0
  0
LINE
  5
914
330
7F1
100
AcDbEntity
 67
1
  8
ESTRIBOS
 62
8
370
9
100
AcDbLine
 10
125.0
 20
131.0
 30
0.0
 11
125.0
 21
151.0
 31
0.0
  0
LINE
  5
915
330
7F1
100
AcDbEntity
 67
1
  8
ESTRIBOS
 62
8
370
9
100
AcDbLine
 10
129.0
 20
131.0
 30
0.0
 11
129.0
 21
151.0
 31
0.0
  0
LINE
  5
916
330
7F1
100
AcDbEntity
 67
1
  8
ESTRIBOS
 62
8
370
9
100
AcDbLine
 10
133.0
 20
131.0
 30
0.0
 11
133.0
 21
151.0
 31
0.0
  0
LINE
  5
917
330
7F1
100
AcDbEntity
 67
1
  8
ESTRIBOS
 62
8
370
9
100
AcDbLine
 10
137.0
 20
131.0
 30
0.0
 11
137.0
 21
151.0
 31
0.0
  0
LINE
  5
918
330
7F1
100
AcDbEntity
 67
1
  8
ESTRIBOS
 62
8
370
9
100
AcDbLine
 10
141.0
 20
131.0
 30
0.0
 11
141.0
 21
151.0
 31
0.0
  0
LINE
  5
919
330
7F1
100
AcDbEntity
 67
1
  8
ESTRIBOS
 62
8
370
9
100
AcDbLine
 10
145.0
 20
131.0
 30
0.0
 11
145.0
 21
151.0
 31
0.0
  0
LINE
  5
91A
330
7F1
100
AcDbEntity
 67
1
  8
ESTRIBOS
 62
8
370
9
100
AcDbLine
 10
149.0
 20
131.0
 30
0.0
 11
149.0
 21
151.0
 31
0.0
  0
LINE
  5
91B
330
7F1
100
AcDbEntity
 67
1
  8
ESTRIBOS
 62
8
370
9
100
AcDbLine
 10
153.0
 20
131.0
 30
0.0
 11
153.0
 21
151.0
 31
0.0
  0
LINE
  5
91C
330
7F1
100
AcDbEntity
 67
1
  8
ESTRIBOS
 62
8
370
9
100
AcDbLine
 10
157.0
 20
131.0
 30
0.0
 11
157.0
 21
151.0
 31
0.0
  0
LINE
  5
91D
330
7F1
100
AcDbEntity
 67
1
  8
ESTRIBOS
 62
8
370
9
100
AcDbLine
 10
161.0
 20
131.0
 30
0.0
 11
161.0
 21
151.0
 31
0.0
  0
LINE
  5
91E
330
7F1
100
AcDbEntity
 67
1
  8
ESTRIBOS
 62
8
370
9
100
AcDbLine
 10
165.0
 20
131.0
 30
0.0
 11
165.0
 21
151.0
 31
0.0
  0
LINE
  5
91F
330
7F1
100
AcDbEntity
 67
1
  8
ESTRIBOS
 62
8
370
9
100
AcDbLine
 10
169.0
 20
131.0
 30
0.0
 11
169.0
 21
151.0
 31
0.0
  0
LINE
  5
920
330
7F1
100
AcDbEntity
 67
1
  8
ESTRIBOS
 62
8
370
9
100
AcDbLine
 10
173.0
 20
131.0
 30
0.0
 11
173.0
 21
151.0
 31
0.0
  0
LINE
  5
921
330
7F1
100
AcDbEntity
 67
1
  8
ESTRIBOS
 62
8
370
9
100
AcDbLine
 10
177.0
 20
131.0
 30
0.0
 11
177.0
 21
151.0
 31
0.0
  0
LINE
  5
922
330
7F1
100
AcDbEntity
 67
1
  8
ESTRIBOS
 62
8
370
9
100
AcDbLine
 10
181.0
 20
131.0
 30
0.0
 11
181.0
 21
151.0
 31
0.0
  0
LINE
  5
923
330
7F1
100
AcDbEntity
 67
1
  8
ESTRIBOS
 62
8
370
9
100
AcDbLine
 10
185.0
 20
131.0
 30
0.0
 11
185.0
 21
151.0
 31
0.0
  0
LINE
  5
924
330
7F1
100
AcDbEntity
 67
1
  8
ESTRIBOS
 62
8
370
9
100
AcDbLine
 10
189.0
 20
131.0
 30
0.0
 11
189.0
 21
151.0
 31
0.0
  0
LINE
  5
925
330
7F1
100
AcDbEntity
 67
1
  8
ESTRIBOS
 62
8
370
9
100
AcDbLine
 10
193.0
 20
131.0
 30
0.0
 11
193.0
 21
151.0
 31
0.0
  0
LINE
  5
926
330
7F1
100
AcDbEntity
 67
1
  8
ESTRIBOS
 62
8
370
9
100
AcDbLine
 10
197.0
 20
131.0
 30
0.0
 11
197.0
 21
151.0
 31
0.0
  0
LINE
  5
927
330
7F1
100
AcDbEntity
 67
1
  8
ESTRIBOS
 62
8
370
9
100
AcDbLine
 10
201.0
 20
131.0
 30
0.0
 11
201.0
 21
151.0
 31
0.0
  0
LINE
  5
928
330
7F1
100
AcDbEntity
 67
1
  8
ESTRIBOS
 62
8
370
9
100
AcDbLine
 10
205.0
 20
131.0
 30
0.0
 11
205.0
 21
151.0
 31
0.0
  0
LINE
  5
929
330
7F1
100
AcDbEntity
 67
1
  8
ESTRIBOS
 62
8
370
9
100
AcDbLine
 10
209.0
 20
131.0
 30
0.0
 11
209.0
 21
151.0
 31
0.0
  0
TEXT
  5
92A
330
7F1
100
AcDbEntity
 67
1
  8
ESTRIBOS
 62
8
100
AcDbText
 10
134.0
 20
140.2
 30
0.0
 40
1.25
  1
Nº4 4R @100 (2h) / @100 ctr
 72
1
 11
134.0
 21
140.2
 31
0.0
100
AcDbText
 73
2
  0
LINE
  5
92B
330
7F1
100
AcDbEntity
 67
1
  8
ESTRIBOS
 62
8
370
9
100
AcDbLine
 10
213.0
 20
131.0
 30
0.0
 11
213.0
 21
151.0
 31
0.0
  0
LINE
  5
92C
330
7F1
100
AcDbEntity
 67
1
  8
ESTRIBOS
 62
8
370
9
100
AcDbLine
 10
217.0
 20
131.0
 30
0.0
 11
217.0
 21
151.0
 31
0.0
  0
LINE
  5
92D
330
7F1
100
AcDbEntity
 67
1
  8
ESTRIBOS
 62
8
370
9
100
AcDbLine
 10
221.0
 20
131.0
 30
0.0
 11
221.0
 21
151.0
 31
0.0
  0
LINE
  5
92E
330
7F1
100
AcDbEntity
 67
1
  8
ESTRIBOS
 62
8
370
9
100
AcDbLine
 10
225.0
 20
131.0
 30
0.0
 11
225.0
 21
151.0
 31
0.0
  0
LINE
  5
92F
330
7F1
100
AcDbEntity
 67
1
  8
ESTRIBOS
 62
8
370
9
100
AcDbLine
 10
229.0
 20
131.0
 30
0.0
 11
229.0
 21
151.0
 31
0.0
  0
LINE
  5
930
330
7F1
100
AcDbEntity
 67
1
  8
ESTRIBOS
 62
8
370
9
100
AcDbLine
 10
233.0
 20
131.0
 30
0.0
 11
233.0
 21
151.0
 31
0.0
  0
LINE
  5
931
330
7F1
100
AcDbEntity
 67
1
  8
ESTRIBOS
 62
8
370
9
100
AcDbLine
 10
237.0
 20
131.0
 30
0.0
 11
237.0
 21
151.0
 31
0.0
  0
LINE
  5
932
330
7F1
100
AcDbEntity
 67
1
  8
ESTRIBOS
 62
8
370
9
100
AcDbLine
 10
241.0
 20
131.0
 30
0.0
 11
241.0
 21
151.0
 31
0.0
  0
LINE
  5
933
330
7F1
100
AcDbEntity
 67
1
  8
ESTRIBOS
 62
8
370
9
100
AcDbLine
 10
245.0
 20
131.0
 30
0.0
 11
245.0
 21
151.0
 31
0.0
  0
LINE
  5
934
330
7F1
100
AcDbEntity
 67
1
  8
ESTRIBOS
 62
8
370
9
100
AcDbLine
 10
249.0
 20
131.0
 30
0.0
 11
249.0
 21
151.0
 31
0.0
  0
LINE
  5
935
330
7F1
100
AcDbEntity
 67
1
  8
ESTRIBOS
 62
8
370
9
100
AcDbLine
 10
253.0
 20
131.0
 30
0.0
 11
253.0
 21
151.0
 31
0.0
  0
LINE
  5
936
330
7F1
100
AcDbEntity
 67
1
  8
ESTRIBOS
 62
8
370
9
100
AcDbLine
 10
259.0
 20
131.0
 30
0.0
 11
259.0
 21
151.0
 31
0.0
  0
LINE
  5
937
330
7F1
100
AcDbEntity
 67
1
  8
ESTRIBOS
 62
8
370
9
100
AcDbLine
 10
263.0
 20
131.0
 30
0.0
 11
263.0
 21
151.0
 31
0.0
  0
LINE
  5
938
330
7F1
100
AcDbEntity
 67
1
  8
ESTRIBOS
 62
8
370
9
100
AcDbLine
 10
267.0
 20
131.0
 30
0.0
 11
267.0
 21
151.0
 31
0.0
  0
LINE
  5
939
330
7F1
100
AcDbEntity
 67
1
  8
ESTRIBOS
 62
8
370
9
100
AcDbLine
 10
271.0
 20
131.0
 30
0.0
 11
271.0
 21
151.0
 31
0.0
  0
LINE
  5
93A
330
7F1
100
AcDbEntity
 67
1
  8
ESTRIBOS
 62
8
370
9
100
AcDbLine
 10
275.0
 20
131.0
 30
0.0
 11
275.0
 21
151.0
 31
0.0
  0
LINE
  5
93B
330
7F1
100
AcDbEntity
 67
1
  8
ESTRIBOS
 62
8
370
9
100
AcDbLine
 10
279.0
 20
131.0
 30
0.0
 11
279.0
 21
151.0
 31
0.0
  0
LINE
  5
93C
330
7F1
100
AcDbEntity
 67
1
  8
ESTRIBOS
 62
8
370
9
100
AcDbLine
 10
283.0
 20
131.0
 30
0.0
 11
283.0
 21
151.0
 31
0.0
  0
LINE
  5
93D
330
7F1
100
AcDbEntity
 67
1
  8
ESTRIBOS
 62
8
370
9
100
AcDbLine
 10
287.0
 20
131.0
 30
0.0
 11
287.0
 21
151.0
 31
0.0
  0
LINE
  5
93E
330
7F1
100
AcDbEntity
 67
1
  8
ESTRIBOS
 62
8
370
9
100
AcDbLine
 10
291.0
 20
131.0
 30
0.0
 11
291.0
 21
151.0
 31
0.0
  0
LINE
  5
93F
330
7F1
100
AcDbEntity
 67
1
  8
ESTRIBOS
 62
8
370
9
100
AcDbLine
 10
295.0
 20
131.0
 30
0.0
 11
295.0
 21
151.0
 31
0.0
  0
LINE
  5
940
330
7F1
100
AcDbEntity
 67
1
  8
ESTRIBOS
 62
8
370
9
100
AcDbLine
 10
299.0
 20
131.0
 30
0.0
 11
299.0
 21
151.0
 31
0.0
  0
LINE
  5
941
330
7F1
100
AcDbEntity
 67
1
  8
ESTRIBOS
 62
8
370
9
100
AcDbLine
 10
303.0
 20
131.0
 30
0.0
 11
303.0
 21
151.0
 31
0.0
  0
LINE
  5
942
330
7F1
100
AcDbEntity
 67
1
  8
ESTRIBOS
 62
8
370
9
100
AcDbLine
 10
307.0
 20
131.0
 30
0.0
 11
307.0
 21
151.0
 31
0.0
  0
LINE
  5
943
330
7F1
100
AcDbEntity
 67
1
  8
ESTRIBOS
 62
8
370
9
100
AcDbLine
 10
311.0
 20
131.0
 30
0.0
 11
311.0
 21
151.0
 31
0.0
  0
LINE
  5
944
330
7F1
100
AcDbEntity
 67
1
  8
ESTRIBOS
 62
8
370
9
100
AcDbLine
 10
315.0
 20
131.0
 30
0.0
 11
315.0
 21
151.0
 31
0.0
  0
LINE
  5
945
330
7F1
100
AcDbEntity
 67
1
  8
ESTRIBOS
 62
8
370
9
100
AcDbLine
 10
319.0
 20
131.0
 30
0.0
 11
319.0
 21
151.0
 31
0.0
  0
LINE
  5
946
330
7F1
100
AcDbEntity
 67
1
  8
ESTRIBOS
 62
8
370
9
100
AcDbLine
 10
325.0
 20
131.0
 30
0.0
 11
325.0
 21
151.0
 31
0.0
  0
LINE
  5
947
330
7F1
100
AcDbEntity
 67
1
  8
ESTRIBOS
 62
8
370
9
100
AcDbLine
 10
329.0
 20
131.0
 30
0.0
 11
329.0
 21
151.0
 31
0.0
  0
LINE
  5
948
330
7F1
100
AcDbEntity
 67
1
  8
ESTRIBOS
 62
8
370
9
100
AcDbLine
 10
333.0
 20
131.0
 30
0.0
 11
333.0
 21
151.0
 31
0.0
  0
LINE
  5
949
330
7F1
100
AcDbEntity
 67
1
  8
ESTRIBOS
 62
8
370
9
100
AcDbLine
 10
337.0
 20
131.0
 30
0.0
 11
337.0
 21
151.0
 31
0.0
  0
LINE
  5
94A
330
7F1
100
AcDbEntity
 67
1
  8
ESTRIBOS
 62
8
370
9
100
AcDbLine
 10
341.0
 20
131.0
 30
0.0
 11
341.0
 21
151.0
 31
0.0
  0
LINE
  5
94B
330
7F1
100
AcDbEntity
 67
1
  8
ESTRIBOS
 62
8
370
9
100
AcDbLine
 10
345.0
 20
131.0
 30
0.0
 11
345.0
 21
151.0
 31
0.0
  0
LINE
  5
94C
330
7F1
100
AcDbEntity
 67
1
  8
ESTRIBOS
 62
8
370
9
100
AcDbLine
 10
349.0
 20
131.0
 30
0.0
 11
349.0
 21
151.0
 31
0.0
  0
LINE
  5
94D
330
7F1
100
AcDbEntity
 67
1
  8
ESTRIBOS
 62
8
370
9
100
AcDbLine
 10
353.0
 20
131.0
 30
0.0
 11
353.0
 21
151.0
 31
0.0
  0
LINE
  5
94E
330
7F1
100
AcDbEntity
 67
1
  8
ESTRIBOS
 62
8
370
9
100
AcDbLine
 10
357.0
 20
131.0
 30
0.0
 11
357.0
 21
151.0
 31
0.0
  0
LINE
  5
94F
330
7F1
100
AcDbEntity
 67
1
  8
ESTRIBOS
 62
8
370
9
100
AcDbLine
 10
361.0
 20
131.0
 30
0.0
 11
361.0
 21
151.0
 31
0.0
  0
LINE
  5
950
330
7F1
100
AcDbEntity
 67
1
  8
ESTRIBOS
 62
8
370
9
100
AcDbLine
 10
365.0
 20
131.0
 30
0.0
 11
365.0
 21
151.0
 31
0.0
  0
TEXT
  5
951
330
7F1
100
AcDbEntity
 67
1
  8
ESTRIBOS
 62
8
100
AcDbText
 10
289.0
 20
140.2
 30
0.0
 40
1.25
  1
Nº4 4R @100 (2h) / @100 ctr
 72
1
 11
289.0
 21
140.2
 31
0.0
100
AcDbText
 73
2
  0
LINE
  5
952
330
7F1
100
AcDbEntity
 67
1
  8
ESTRIBOS
 62
8
370
9
100
AcDbLine
 10
369.0
 20
131.0
 30
0.0
 11
369.0
 21
151.0
 31
0.0
  0
LINE
  5
953
330
7F1
100
AcDbEntity
 67
1
  8
ESTRIBOS
 62
8
370
9
100
AcDbLine
 10
373.0
 20
131.0
 30
0.0
 11
373.0
 21
151.0
 31
0.0
  0
LINE
  5
954
330
7F1
100
AcDbEntity
 67
1
  8
ESTRIBOS
 62
8
370
9
100
AcDbLine
 10
377.0
 20
131.0
 30
0.0
 11
377.0
 21
151.0
 31
0.0
  0
LINE
  5
955
330
7F1
100
AcDbEntity
 67
1
  8
ESTRIBOS
 62
8
370
9
100
AcDbLine
 10
381.0
 20
131.0
 30
0.0
 11
381.0
 21
151.0
 31
0.0
  0
LINE
  5
956
330
7F1
100
AcDbEntity
 67
1
  8
ESTRIBOS
 62
8
370
9
100
AcDbLine
 10
385.0
 20
131.0
 30
0.0
 11
385.0
 21
151.0
 31
0.0
  0
LINE
  5
957
330
7F1
100
AcDbEntity
 67
1
  8
ESTRIBOS
 62
8
370
9
100
AcDbLine
 10
389.0
 20
131.0
 30
0.0
 11
389.0
 21
151.0
 31
0.0
  0
LINE
  5
958
330
7F1
100
AcDbEntity
 67
1
  8
ESTRIBOS
 62
8
370
9
100
AcDbLine
 10
393.0
 20
131.0
 30
0.0
 11
393.0
 21
151.0
 31
0.0
  0
LINE
  5
959
330
7F1
100
AcDbEntity
 67
1
  8
ESTRIBOS
 62
8
370
9
100
AcDbLine
 10
397.0
 20
131.0
 30
0.0
 11
397.0
 21
151.0
 31
0.0
  0
LINE
  5
95A
330
7F1
100
AcDbEntity
 67
1
  8
ESTRIBOS
 62
8
370
9
100
AcDbLine
 10
401.0
 20
131.0
 30
0.0
 11
401.0
 21
151.0
 31
0.0
  0
LINE
  5
95B
330
7F1
100
AcDbEntity
 67
1
  8
ESTRIBOS
 62
8
370
9
100
AcDbLine
 10
405.0
 20
131.0
 30
0.0
 11
405.0
 21
151.0
 31
0.0
  0
LINE
  5
95C
330
7F1
100
AcDbEntity
 67
1
  8
ESTRIBOS
 62
8
370
9
100
AcDbLine
 10
409.0
 20
131.0
 30
0.0
 11
409.0
 21
151.0
 31
0.0
  0
LINE
  5
95D
330
7F1
100
AcDbEntity
 67
1
  8
ESTRIBOS
 62
8
370
9
100
AcDbLine
 10
415.0
 20
131.0
 30
0.0
 11
415.0
 21
151.0
 31
0.0
  0
LINE
  5
95E
330
7F1
100
AcDbEntity
 67
1
  8
ESTRIBOS
 62
8
370
9
100
AcDbLine
 10
419.0
 20
131.0
 30
0.0
 11
419.0
 21
151.0
 31
0.0
  0
LINE
  5
95F
330
7F1
100
AcDbEntity
 67
1
  8
ESTRIBOS
 62
8
370
9
100
AcDbLine
 10
423.0
 20
131.0
 30
0.0
 11
423.0
 21
151.0
 31
0.0
  0
LINE
  5
960
330
7F1
100
AcDbEntity
 67
1
  8
ESTRIBOS
 62
8
370
9
100
AcDbLine
 10
427.0
 20
131.0
 30
0.0
 11
427.0
 21
151.0
 31
0.0
  0
LINE
  5
961
330
7F1
100
AcDbEntity
 67
1
  8
ESTRIBOS
 62
8
370
9
100
AcDbLine
 10
431.0
 20
131.0
 30
0.0
 11
431.0
 21
151.0
 31
0.0
  0
LINE
  5
962
330
7F1
100
AcDbEntity
 67
1
  8
ESTRIBOS
 62
8
370
9
100
AcDbLine
 10
435.0
 20
131.0
 30
0.0
 11
435.0
 21
151.0
 31
0.0
  0
LINE
  5
963
330
7F1
100
AcDbEntity
 67
1
  8
ESTRIBOS
 62
8
370
9
100
AcDbLine
 10
439.0
 20
131.0
 30
0.0
 11
439.0
 21
151.0
 31
0.0
  0
LINE
  5
964
330
7F1
100
AcDbEntity
 67
1
  8
ESTRIBOS
 62
8
370
9
100
AcDbLine
 10
443.0
 20
131.0
 30
0.0
 11
443.0
 21
151.0
 31
0.0
  0
LINE
  5
965
330
7F1
100
AcDbEntity
 67
1
  8
ESTRIBOS
 62
8
370
9
100
AcDbLine
 10
447.0
 20
131.0
 30
0.0
 11
447.0
 21
151.0
 31
0.0
  0
LINE
  5
966
330
7F1
100
AcDbEntity
 67
1
  8
ESTRIBOS
 62
8
370
9
100
AcDbLine
 10
451.0
 20
131.0
 30
0.0
 11
451.0
 21
151.0
 31
0.0
  0
LINE
  5
967
330
7F1
100
AcDbEntity
 67
1
  8
ESTRIBOS
 62
8
370
9
100
AcDbLine
 10
455.0
 20
131.0
 30
0.0
 11
455.0
 21
151.0
 31
0.0
  0
LINE
  5
968
330
7F1
100
AcDbEntity
 67
1
  8
ESTRIBOS
 62
8
370
9
100
AcDbLine
 10
459.0
 20
131.0
 30
0.0
 11
459.0
 21
151.0
 31
0.0
  0
LINE
  5
969
330
7F1
100
AcDbEntity
 67
1
  8
ESTRIBOS
 62
8
370
9
100
AcDbLine
 10
463.0
 20
131.0
 30
0.0
 11
463.0
 21
151.0
 31
0.0
  0
LINE
  5
96A
330
7F1
100
AcDbEntity
 67
1
  8
ESTRIBOS
 62
8
370
9
100
AcDbLine
 10
467.0
 20
131.0
 30
0.0
 11
467.0
 21
151.0
 31
0.0
  0
LINE
  5
96B
330
7F1
100
AcDbEntity
 67
1
  8
ESTRIBOS
 62
8
370
9
100
AcDbLine
 10
471.0
 20
131.0
 30
0.0
 11
471.0
 21
151.0
 31
0.0
  0
LINE
  5
96C
330
7F1
100
AcDbEntity
 67
1
  8
ESTRIBOS
 62
8
370
9
100
AcDbLine
 10
475.0
 20
131.0
 30
0.0
 11
475.0
 21
151.0
 31
0.0
  0
LINE
  5
96D
330
7F1
100
AcDbEntity
 67
1
  8
ESTRIBOS
 62
8
370
9
100
AcDbLine
 10
481.0
 20
131.0
 30
0.0
 11
481.0
 21
151.0
 31
0.0
  0
LINE
  5
96E
330
7F1
100
AcDbEntity
 67
1
  8
ESTRIBOS
 62
8
370
9
100
AcDbLine
 10
485.0
 20
131.0
 30
0.0
 11
485.0
 21
151.0
 31
0.0
  0
LINE
  5
96F
330
7F1
100
AcDbEntity
 67
1
  8
ESTRIBOS
 62
8
370
9
100
AcDbLine
 10
489.0
 20
131.0
 30
0.0
 11
489.0
 21
151.0
 31
0.0
  0
LINE
  5
970
330
7F1
100
AcDbEntity
 67
1
  8
ESTRIBOS
 62
8
370
9
100
AcDbLine
 10
493.0
 20
131.0
 30
0.0
 11
493.0
 21
151.0
 31
0.0
  0
LINE
  5
971
330
7F1
100
AcDbEntity
 67
1
  8
ESTRIBOS
 62
8
370
9
100
AcDbLine
 10
497.0
 20
131.0
 30
0.0
 11
497.0
 21
151.0
 31
0.0
  0
LINE
  5
972
330
7F1
100
AcDbEntity
 67
1
  8
ESTRIBOS
 62
8
370
9
100
AcDbLine
 10
501.0
 20
131.0
 30
0.0
 11
501.0
 21
151.0
 31
0.0
  0
LINE
  5
973
330
7F1
100
AcDbEntity
 67
1
  8
ESTRIBOS
 62
8
370
9
100
AcDbLine
 10
505.0
 20
131.0
 30
0.0
 11
505.0
 21
151.0
 31
0.0
  0
LINE
  5
974
330
7F1
100
AcDbEntity
 67
1
  8
ESTRIBOS
 62
8
370
9
100
AcDbLine
 10
509.0
 20
131.0
 30
0.0
 11
509.0
 21
151.0
 31
0.0
  0
LINE
  5
975
330
7F1
100
AcDbEntity
 67
1
  8
ESTRIBOS
 62
8
370
9
100
AcDbLine
 10
513.0
 20
131.0
 30
0.0
 11
513.0
 21
151.0
 31
0.0
  0
LINE
  5
976
330
7F1
100
AcDbEntity
 67
1
  8
ESTRIBOS
 62
8
370
9
100
AcDbLine
 10
517.0
 20
131.0
 30
0.0
 11
517.0
 21
151.0
 31
0.0
  0
LINE
  5
977
330
7F1
100
AcDbEntity
 67
1
  8
ESTRIBOS
 62
8
370
9
100
AcDbLine
 10
521.0
 20
131.0
 30
0.0
 11
521.0
 21
151.0
 31
0.0
  0
TEXT
  5
978
330
7F1
100
AcDbEntity
 67
1
  8
ESTRIBOS
 62
8
100
AcDbText
 10
445.0
 20
140.2
 30
0.0
 40
1.25
  1
Nº4 4R @100 (2h) / @100 ctr
 72
1
 11
445.0
 21
140.2
 31
0.0
100
AcDbText
 73
2
  0
LINE
  5
979
330
7F1
100
AcDbEntity
 67
1
  8
ESTRIBOS
 62
8
370
9
100
AcDbLine
 10
525.0
 20
131.0
 30
0.0
 11
525.0
 21
151.0
 31
0.0
  0
LINE
  5
97A
330
7F1
100
AcDbEntity
 67
1
  8
ESTRIBOS
 62
8
370
9
100
AcDbLine
 10
529.0
 20
131.0
 30
0.0
 11
529.0
 21
151.0
 31
0.0
  0
LINE
  5
97B
330
7F1
100
AcDbEntity
 67
1
  8
ESTRIBOS
 62
8
370
9
100
AcDbLine
 10
533.0
 20
131.0
 30
0.0
 11
533.0
 21
151.0
 31
0.0
  0
LINE
  5
97C
330
7F1
100
AcDbEntity
 67
1
  8
ESTRIBOS
 62
8
370
9
100
AcDbLine
 10
537.0
 20
131.0
 30
0.0
 11
537.0
 21
151.0
 31
0.0
  0
LINE
  5
97D
330
7F1
100
AcDbEntity
 67
1
  8
ESTRIBOS
 62
8
370
9
100
AcDbLine
 10
541.0
 20
131.0
 30
0.0
 11
541.0
 21
151.0
 31
0.0
  0
LINE
  5
97E
330
7F1
100
AcDbEntity
 67
1
  8
ESTRIBOS
 62
8
370
9
100
AcDbLine
 10
545.0
 20
131.0
 30
0.0
 11
545.0
 21
151.0
 31
0.0
  0
LINE
  5
97F
330
7F1
100
AcDbEntity
 67
1
  8
ESTRIBOS
 62
8
370
9
100
AcDbLine
 10
549.0
 20
131.0
 30
0.0
 11
549.0
 21
151.0
 31
0.0
  0
LINE
  5
980
330
7F1
100
AcDbEntity
 67
1
  8
ESTRIBOS
 62
8
370
9
100
AcDbLine
 10
553.0
 20
131.0
 30
0.0
 11
553.0
 21
151.0
 31
0.0
  0
LINE
  5
981
330
7F1
100
AcDbEntity
 67
1
  8
ESTRIBOS
 62
8
370
9
100
AcDbLine
 10
557.0
 20
131.0
 30
0.0
 11
557.0
 21
151.0
 31
0.0
  0
LINE
  5
982
330
7F1
100
AcDbEntity
 67
1
  8
ESTRIBOS
 62
8
370
9
100
AcDbLine
 10
561.0
 20
131.0
 30
0.0
 11
561.0
 21
151.0
 31
0.0
  0
LINE
  5
983
330
7F1
100
AcDbEntity
 67
1
  8
ESTRIBOS
 62
8
370
9
100
AcDbLine
 10
565.0
 20
131.0
 30
0.0
 11
565.0
 21
151.0
 31
0.0
  0
LINE
  5
984
330
7F1
100
AcDbEntity
 67
1
  8
ESTRIBOS
 62
8
370
9
100
AcDbLine
 10
571.0
 20
131.0
 30
0.0
 11
571.0
 21
151.0
 31
0.0
  0
LINE
  5
985
330
7F1
100
AcDbEntity
 67
1
  8
ESTRIBOS
 62
8
370
9
100
AcDbLine
 10
575.0
 20
131.0
 30
0.0
 11
575.0
 21
151.0
 31
0.0
  0
LINE
  5
986
330
7F1
100
AcDbEntity
 67
1
  8
ESTRIBOS
 62
8
370
9
100
AcDbLine
 10
579.0
 20
131.0
 30
0.0
 11
579.0
 21
151.0
 31
0.0
  0
LINE
  5
987
330
7F1
100
AcDbEntity
 67
1
  8
ESTRIBOS
 62
8
370
9
100
AcDbLine
 10
583.0
 20
131.0
 30
0.0
 11
583.0
 21
151.0
 31
0.0
  0
LINE
  5
988
330
7F1
100
AcDbEntity
 67
1
  8
ESTRIBOS
 62
8
370
9
100
AcDbLine
 10
587.0
 20
131.0
 30
0.0
 11
587.0
 21
151.0
 31
0.0
  0
LINE
  5
989
330
7F1
100
AcDbEntity
 67
1
  8
ESTRIBOS
 62
8
370
9
100
AcDbLine
 10
591.0
 20
131.0
 30
0.0
 11
591.0
 21
151.0
 31
0.0
  0
LINE
  5
98A
330
7F1
100
AcDbEntity
 67
1
  8
ESTRIBOS
 62
8
370
9
100
AcDbLine
 10
595.0
 20
131.0
 30
0.0
 11
595.0
 21
151.0
 31
0.0
  0
LINE
  5
98B
330
7F1
100
AcDbEntity
 67
1
  8
ESTRIBOS
 62
8
370
9
100
AcDbLine
 10
599.0
 20
131.0
 30
0.0
 11
599.0
 21
151.0
 31
0.0
  0
LINE
  5
98C
330
7F1
100
AcDbEntity
 67
1
  8
ESTRIBOS
 62
8
370
9
100
AcDbLine
 10
603.0
 20
131.0
 30
0.0
 11
603.0
 21
151.0
 31
0.0
  0
LINE
  5
98D
330
7F1
100
AcDbEntity
 67
1
  8
ESTRIBOS
 62
8
370
9
100
AcDbLine
 10
607.0
 20
131.0
 30
0.0
 11
607.0
 21
151.0
 31
0.0
  0
LINE
  5
98E
330
7F1
100
AcDbEntity
 67
1
  8
ESTRIBOS
 62
8
370
9
100
AcDbLine
 10
611.0
 20
131.0
 30
0.0
 11
611.0
 21
151.0
 31
0.0
  0
LINE
  5
98F
330
7F1
100
AcDbEntity
 67
1
  8
ESTRIBOS
 62
8
370
9
100
AcDbLine
 10
615.0
 20
131.0
 30
0.0
 11
615.0
 21
151.0
 31
0.0
  0
LINE
  5
990
330
7F1
100
AcDbEntity
 67
1
  8
ESTRIBOS
 62
8
370
9
100
AcDbLine
 10
619.0
 20
131.0
 30
0.0
 11
619.0
 21
151.0
 31
0.0
  0
LINE
  5
991
330
7F1
100
AcDbEntity
 67
1
  8
ESTRIBOS
 62
8
370
9
100
AcDbLine
 10
623.0
 20
131.0
 30
0.0
 11
623.0
 21
151.0
 31
0.0
  0
LINE
  5
992
330
7F1
100
AcDbEntity
 67
1
  8
ESTRIBOS
 62
8
370
9
100
AcDbLine
 10
627.0
 20
131.0
 30
0.0
 11
627.0
 21
151.0
 31
0.0
  0
LINE
  5
993
330
7F1
100
AcDbEntity
 67
1
  8
ESTRIBOS
 62
8
370
9
100
AcDbLine
 10
631.0
 20
131.0
 30
0.0
 11
631.0
 21
151.0
 31
0.0
  0
LINE
  5
994
330
7F1
100
AcDbEntity
 67
1
  8
ESTRIBOS
 62
8
370
9
100
AcDbLine
 10
635.0
 20
131.0
 30
0.0
 11
635.0
 21
151.0
 31
0.0
  0
LINE
  5
995
330
7F1
100
AcDbEntity
 67
1
  8
ESTRIBOS
 62
8
370
9
100
AcDbLine
 10
639.0
 20
131.0
 30
0.0
 11
639.0
 21
151.0
 31
0.0
  0
LINE
  5
996
330
7F1
100
AcDbEntity
 67
1
  8
ESTRIBOS
 62
8
370
9
100
AcDbLine
 10
643.0
 20
131.0
 30
0.0
 11
643.0
 21
151.0
 31
0.0
  0
LINE
  5
997
330
7F1
100
AcDbEntity
 67
1
  8
ESTRIBOS
 62
8
370
9
100
AcDbLine
 10
647.0
 20
131.0
 30
0.0
 11
647.0
 21
151.0
 31
0.0
  0
LINE
  5
998
330
7F1
100
AcDbEntity
 67
1
  8
ESTRIBOS
 62
8
370
9
100
AcDbLine
 10
651.0
 20
131.0
 30
0.0
 11
651.0
 21
151.0
 31
0.0
  0
LINE
  5
999
330
7F1
100
AcDbEntity
 67
1
  8
ESTRIBOS
 62
8
370
9
100
AcDbLine
 10
655.0
 20
131.0
 30
0.0
 11
655.0
 21
151.0
 31
0.0
  0
LINE
  5
99A
330
7F1
100
AcDbEntity
 67
1
  8
ESTRIBOS
 62
8
370
9
100
AcDbLine
 10
659.0
 20
131.0
 30
0.0
 11
659.0
 21
151.0
 31
0.0
  0
LINE
  5
99B
330
7F1
100
AcDbEntity
 67
1
  8
ESTRIBOS
 62
8
370
9
100
AcDbLine
 10
663.0
 20
131.0
 30
0.0
 11
663.0
 21
151.0
 31
0.0
  0
LINE
  5
99C
330
7F1
100
AcDbEntity
 67
1
  8
ESTRIBOS
 62
8
370
9
100
AcDbLine
 10
667.0
 20
131.0
 30
0.0
 11
667.0
 21
151.0
 31
0.0
  0
LINE
  5
99D
330
7F1
100
AcDbEntity
 67
1
  8
ESTRIBOS
 62
8
370
9
100
AcDbLine
 10
671.0
 20
131.0
 30
0.0
 11
671.0
 21
151.0
 31
0.0
  0
LINE
  5
99E
330
7F1
100
AcDbEntity
 67
1
  8
ESTRIBOS
 62
8
370
9
100
AcDbLine
 10
675.0
 20
131.0
 30
0.0
 11
675.0
 21
151.0
 31
0.0
  0
TEXT
  5
99F
330
7F1
100
AcDbEntity
 67
1
  8
ESTRIBOS
 62
8
100
AcDbText
 10
600.0
 20
140.2
 30
0.0
 40
1.25
  1
Nº4 4R @100 (2h) / @100 ctr
 72
1
 11
600.0
 21
140.2
 31
0.0
100
AcDbText
 73
2
  0
LWPOLYLINE
  5
9A0
330
7F1
100
AcDbEntity
 67
1
  8
ACERO_SUP_CONT
 62
4
370
35
100
AcDbPolyline
 90
4
 70
0
 10
57.0
 20
144.0
 10
57.0
 20
150.0
 10
677.0
 20
150.0
 10
677.0
 20
144.0
  0
TEXT
  5
9A1
330
7F1
100
AcDbEntity
 67
1
  8
ACERO_SUP_CONT
 62
4
100
AcDbText
 10
367.0
 20
153.0
 30
0.0
 40
1.55
  1
M1  2#5 CONT.  Lc=15510 mm
 72
1
 11
367.0
 21
153.0
 31
0.0
100
AcDbText
 73
2
  0
LWPOLYLINE
  5
9A2
330
7F1
100
AcDbEntity
 67
1
  8
ACERO_SUP_APOYO
 62
5
370
30
100
AcDbPolyline
 90
3
 70
0
 10
44.8
 20
142.5
 10
44.8
 20
147.5
 10
95.5
 20
147.5
  0
TEXT
  5
9A3
330
7F1
100
AcDbEntity
 67
1
  8
ACERO_SUP_APOYO
 62
5
100
AcDbText
 10
57.0
 20
148.7
 30
0.0
 40
1.15
  1
M2 4#5 L=1118
 72
1
 11
57.0
 21
148.7
 31
0.0
100
AcDbText
 73
2
  0
LWPOLYLINE
  5
9A4
330
7F1
100
AcDbEntity
 67
1
  8
ACERO_SUP_APOYO
 62
5
370
30
100
AcDbPolyline
 90
2
 70
0
 10
172.5
 20
145.3
 10
250.0
 20
145.3
  0
TEXT
  5
9A5
330
7F1
100
AcDbEntity
 67
1
  8
ACERO_SUP_APOYO
 62
5
100
AcDbText
 10
211.0
 20
146.5
 30
0.0
 40
1.15
  1
M2 4#5 L=2438
 72
1
 11
211.0
 21
146.5
 31
0.0
100
AcDbText
 73
2
  0
LWPOLYLINE
  5
9A6
330
7F1
100
AcDbEntity
 67
1
  8
ACERO_SUP_APOYO
 62
5
370
30
100
AcDbPolyline
 90
2
 70
0
 10
328.0
 20
147.5
 10
406.0
 20
147.5
  0
TEXT
  5
9A7
330
7F1
100
AcDbEntity
 67
1
  8
ACERO_SUP_APOYO
 62
5
100
AcDbText
 10
367.0
 20
148.7
 30
0.0
 40
1.15
  1
M2 4#5 L=2450
 72
1
 11
367.0
 21
148.7
 31
0.0
100
AcDbText
 73
2
  0
LWPOLYLINE
  5
9A8
330
7F1
100
AcDbEntity
 67
1
  8
ACERO_SUP_APOYO
 62
5
370
30
100
AcDbPolyline
 90
2
 70
0
 10
484.0
 20
145.3
 10
561.5
 20
145.3
  0
TEXT
  5
9A9
330
7F1
100
AcDbEntity
 67
1
  8
ACERO_SUP_APOYO
 62
5
100
AcDbText
 10
523.0
 20
146.5
 30
0.0
 40
1.15
  1
M2 4#5 L=2438
 72
1
 11
523.0
 21
146.5
 31
0.0
100
AcDbText
 73
2
  0
LWPOLYLINE
  5
9AA
330
7F1
100
AcDbEntity
 67
1
  8
ACERO_SUP_APOYO
 62
5
370
30
100
AcDbPolyline
 90
3
 70
0
 10
638.5
 20
147.5
 10
689.2
 20
147.5
 10
689.2
 20
142.5
  0
TEXT
  5
9AB
330
7F1
100
AcDbEntity
 67
1
  8
ACERO_SUP_APOYO
 62
5
100
AcDbText
 10
677.0
 20
148.7
 30
0.0
 40
1.15
  1
M2 4#5 L=1118
 72
1
 11
677.0
 21
148.7
 31
0.0
100
AcDbText
 73
2
  0
LWPOLYLINE
  5
9AC
330
7F1
100
AcDbEntity
 67
1
  8
ACERO_INF
 62
1
370
35
100
AcDbPolyline
 90
4
 70
0
 10
59.0
 20
137.0
 10
59.0
 20
132.0
 10
209.0
 20
132.0
 10
209.0
 20
137.0
  0
TEXT
  5
9AD
330
7F1
100
AcDbEntity
 67
1
  8
ACERO_INF
 62
1
100
AcDbText
 10
134.0
 20
129.9
 30
0.0
 40
1.2
  1
M3 4#5 L=3860
 72
1
 11
134.0
 21
129.9
 31
0.0
100
AcDbText
 73
2
  0
LWPOLYLINE
  5
9AE
330
7F1
100
AcDbEntity
 67
1
  8
ACERO_INF
 62
1
370
35
100
AcDbPolyline
 90
4
 70
0
 10
213.0
 20
138.8
 10
213.0
 20
133.8
 10
365.0
 20
133.8
 10
365.0
 20
138.8
  0
TEXT
  5
9AF
330
7F1
100
AcDbEntity
 67
1
  8
ACERO_INF
 62
1
100
AcDbText
 10
289.0
 20
131.70000000000002
 30
0.0
 40
1.2
  1
M3 4#5 L=3910
 72
1
 11
289.0
 21
131.70000000000002
 31
0.0
100
AcDbText
 73
2
  0
LWPOLYLINE
  5
9B0
330
7F1
100
AcDbEntity
 67
1
  8
ACERO_INF
 62
1
370
35
100
AcDbPolyline
 90
4
 70
0
 10
369.0
 20
137.0
 10
369.0
 20
132.0
 10
521.0
 20
132.0
 10
521.0
 20
137.0
  0
TEXT
  5
9B1
330
7F1
100
AcDbEntity
 67
1
  8
ACERO_INF
 62
1
100
AcDbText
 10
445.0
 20
129.9
 30
0.0
 40
1.2
  1
M3 4#5 L=3910
 72
1
 11
445.0
 21
129.9
 31
0.0
100
AcDbText
 73
2
  0
LWPOLYLINE
  5
9B2
330
7F1
100
AcDbEntity
 67
1
  8
ACERO_INF
 62
1
370
35
100
AcDbPolyline
 90
4
 70
0
 10
525.0
 20
138.8
 10
525.0
 20
133.8
 10
675.0
 20
133.8
 10
675.0
 20
138.8
  0
TEXT
  5
9B3
330
7F1
100
AcDbEntity
 67
1
  8
ACERO_INF
 62
1
100
AcDbText
 10
600.0
 20
131.70000000000002
 30
0.0
 40
1.2
  1
M3 4#5 L=3860
 72
1
 11
600.0
 21
131.70000000000002
 31
0.0
100
AcDbText
 73
2
  0
LWPOLYLINE
  5
9B4
330
7F1
100
AcDbEntity
 67
1
  8
ACERO_TORSION
 62
30
370
30
100
AcDbPolyline
 90
2
 70
0
 10
58.0
 20
143.4
 10
676.0
 20
143.4
  0
TEXT
  5
9B5
330
7F1
100
AcDbEntity
 67
1
  8
ACERO_TORSION
 62
30
100
AcDbText
 10
367.0
 20
145.0
 30
0.0
 40
1.15
  1
M4 12#5 TORSIÓN DEDICADA
 72
1
 11
367.0
 21
145.0
 31
0.0
100
AcDbText
 73
2
  0
LINE
  5
9B6
330
7F1
100
AcDbEntity
 67
1
  8
CORTE
 62
6
370
13
100
AcDbLine
 10
211.0
 20
127.5
 30
0.0
 11
211.0
 21
154.5
 31
0.0
  0
TEXT
  5
9B7
330
7F1
100
AcDbEntity
 67
1
  8
CORTE
 62
6
100
AcDbText
 10
211.0
 20
157.2
 30
0.0
 40
1.5
  1
A
 72
1
 11
211.0
 21
157.2
 31
0.0
100
AcDbText
 73
2
  0
LINE
  5
9B8
330
7F1
100
AcDbEntity
 67
1
  8
CORTE
 62
6
370
13
100
AcDbLine
 10
289.0
 20
127.5
 30
0.0
 11
289.0
 21
154.5
 31
0.0
  0
TEXT
  5
9B9
330
7F1
100
AcDbEntity
 67
1
  8
CORTE
 62
6
100
AcDbText
 10
289.0
 20
157.2
 30
0.0
 40
1.5
  1
B
 72
1
 11
289.0
 21
157.2
 31
0.0
100
AcDbText
 73
2
  0
LINE
  5
9BA
330
7F1
100
AcDbEntity
 67
1
  8
CORTE
 62
6
370
13
100
AcDbLine
 10
523.0
 20
127.5
 30
0.0
 11
523.0
 21
154.5
 31
0.0
  0
TEXT
  5
9BB
330
7F1
100
AcDbEntity
 67
1
  8
CORTE
 62
6
100
AcDbText
 10
523.0
 20
157.2
 30
0.0
 40
1.5
  1
C
 72
1
 11
523.0
 21
157.2
 31
0.0
100
AcDbText
 73
2
  0
LINE
  5
9BC
330
7F1
100
AcDbEntity
 67
1
  8
COTAS
 62
3
370
13
100
AcDbLine
 10
57.0
 20
120.0
 30
0.0
 11
211.0
 21
120.0
 31
0.0
  0
LINE
  5
9BD
330
7F1
100
AcDbEntity
 67
1
  8
COTAS
 62
3
370
13
100
AcDbLine
 10
57.0
 20
118.8
 30
0.0
 11
57.0
 21
121.2
 31
0.0
  0
LINE
  5
9BE
330
7F1
100
AcDbEntity
 67
1
  8
COTAS
 62
3
370
13
100
AcDbLine
 10
211.0
 20
118.8
 30
0.0
 11
211.0
 21
121.2
 31
0.0
  0
TEXT
  5
9BF
330
7F1
100
AcDbEntity
 67
1
  8
COTAS
 62
3
100
AcDbText
 10
134.0
 20
121.0
 30
0.0
 40
1.3
  1
3.850 m
 72
1
 11
134.0
 21
121.0
 31
0.0
100
AcDbText
 73
2
  0
TEXT
  5
9C0
330
7F1
100
AcDbEntity
 67
1
  8
TEXTO
 62
7
100
AcDbText
 10
134.0
 20
117.3
 30
0.0
 40
1.1
  1
F63
 72
1
 11
134.0
 21
117.3
 31
0.0
100
AcDbText
 73
2
  0
LINE
  5
9C1
330
7F1
100
AcDbEntity
 67
1
  8
COTAS
 62
3
370
13
100
AcDbLine
 10
211.0
 20
120.0
 30
0.0
 11
367.0
 21
120.0
 31
0.0
  0
LINE
  5
9C2
330
7F1
100
AcDbEntity
 67
1
  8
COTAS
 62
3
370
13
100
AcDbLine
 10
211.0
 20
118.8
 30
0.0
 11
211.0
 21
121.2
 31
0.0
  0
LINE
  5
9C3
330
7F1
100
AcDbEntity
 67
1
  8
COTAS
 62
3
370
13
100
AcDbLine
 10
367.0
 20
118.8
 30
0.0
 11
367.0
 21
121.2
 31
0.0
  0
TEXT
  5
9C4
330
7F1
100
AcDbEntity
 67
1
  8
COTAS
 62
3
100
AcDbText
 10
289.0
 20
121.0
 30
0.0
 40
1.3
  1
3.900 m
 72
1
 11
289.0
 21
121.0
 31
0.0
100
AcDbText
 73
2
  0
TEXT
  5
9C5
330
7F1
100
AcDbEntity
 67
1
  8
TEXTO
 62
7
100
AcDbText
 10
289.0
 20
117.3
 30
0.0
 40
1.1
  1
F64
 72
1
 11
289.0
 21
117.3
 31
0.0
100
AcDbText
 73
2
  0
LINE
  5
9C6
330
7F1
100
AcDbEntity
 67
1
  8
COTAS
 62
3
370
13
100
AcDbLine
 10
367.0
 20
120.0
 30
0.0
 11
523.0
 21
120.0
 31
0.0
  0
LINE
  5
9C7
330
7F1
100
AcDbEntity
 67
1
  8
COTAS
 62
3
370
13
100
AcDbLine
 10
367.0
 20
118.8
 30
0.0
 11
367.0
 21
121.2
 31
0.0
  0
LINE
  5
9C8
330
7F1
100
AcDbEntity
 67
1
  8
COTAS
 62
3
370
13
100
AcDbLine
 10
523.0
 20
118.8
 30
0.0
 11
523.0
 21
121.2
 31
0.0
  0
TEXT
  5
9C9
330
7F1
100
AcDbEntity
 67
1
  8
COTAS
 62
3
100
AcDbText
 10
445.0
 20
121.0
 30
0.0
 40
1.3
  1
3.900 m
 72
1
 11
445.0
 21
121.0
 31
0.0
100
AcDbText
 73
2
  0
TEXT
  5
9CA
330
7F1
100
AcDbEntity
 67
1
  8
TEXTO
 62
7
100
AcDbText
 10
445.0
 20
117.3
 30
0.0
 40
1.1
  1
F65
 72
1
 11
445.0
 21
117.3
 31
0.0
100
AcDbText
 73
2
  0
LINE
  5
9CB
330
7F1
100
AcDbEntity
 67
1
  8
COTAS
 62
3
370
13
100
AcDbLine
 10
523.0
 20
120.0
 30
0.0
 11
677.0
 21
120.0
 31
0.0
  0
LINE
  5
9CC
330
7F1
100
AcDbEntity
 67
1
  8
COTAS
 62
3
370
13
100
AcDbLine
 10
523.0
 20
118.8
 30
0.0
 11
523.0
 21
121.2
 31
0.0
  0
LINE
  5
9CD
330
7F1
100
AcDbEntity
 67
1
  8
COTAS
 62
3
370
13
100
AcDbLine
 10
677.0
 20
118.8
 30
0.0
 11
677.0
 21
121.2
 31
0.0
  0
TEXT
  5
9CE
330
7F1
100
AcDbEntity
 67
1
  8
COTAS
 62
3
100
AcDbText
 10
600.0
 20
121.0
 30
0.0
 40
1.3
  1
3.850 m
 72
1
 11
600.0
 21
121.0
 31
0.0
100
AcDbText
 73
2
  0
TEXT
  5
9CF
330
7F1
100
AcDbEntity
 67
1
  8
TEXTO
 62
7
100
AcDbText
 10
600.0
 20
117.3
 30
0.0
 40
1.1
  1
F66
 72
1
 11
600.0
 21
117.3
 31
0.0
100
AcDbText
 73
2
  0
LINE
  5
9D0
330
7F1
100
AcDbEntity
 67
1
  8
COTAS
 62
3
370
13
100
AcDbLine
 10
57.0
 20
114.0
 30
0.0
 11
677.0
 21
114.0
 31
0.0
  0
LINE
  5
9D1
330
7F1
100
AcDbEntity
 67
1
  8
COTAS
 62
3
370
13
100
AcDbLine
 10
57.0
 20
112.8
 30
0.0
 11
57.0
 21
115.2
 31
0.0
  0
LINE
  5
9D2
330
7F1
100
AcDbEntity
 67
1
  8
COTAS
 62
3
370
13
100
AcDbLine
 10
677.0
 20
112.8
 30
0.0
 11
677.0
 21
115.2
 31
0.0
  0
TEXT
  5
9D3
330
7F1
100
AcDbEntity
 67
1
  8
COTAS
 62
3
100
AcDbText
 10
367.0
 20
115.0
 30
0.0
 40
1.5
  1
TOTAL SAP I-J = 15.500 m
 72
1
 11
367.0
 21
115.0
 31
0.0
100
AcDbText
 73
2
  0
TEXT
  5
9D4
330
7F1
100
AcDbEntity
 67
1
  8
TEXTO
 62
7
100
AcDbText
 10
677.0
 20
104.0
 30
0.0
 40
1.35
  1
ESC. H 1:25 | V 1:25 | Ejes/tramos obtenidos de SAP
 72
2
 11
677.0
 21
104.0
 31
0.0
100
AcDbText
  0
LWPOLYLINE
  5
9D5
330
7F1
100
AcDbEntity
 67
1
  8
CONTORNO
 62
7
370
20
100
AcDbPolyline
 90
4
 70
1
 10
193.75
 20
49.25
 10
216.25
 20
49.25
 10
216.25
 20
76.75
 10
193.75
 20
76.75
  0
LWPOLYLINE
  5
9D6
330
7F1
100
AcDbEntity
 67
1
  8
ESTRIBOS
 62
8
370
18
100
AcDbPolyline
 90
4
 70
1
 10
195.75
 20
51.25
 10
214.25
 20
51.25
 10
214.25
 20
74.75
 10
195.75
 20
74.75
  0
LINE
  5
9D7
330
7F1
100
AcDbEntity
 67
1
  8
ESTRIBOS
 62
8
370
13
100
AcDbLine
 10
201.25
 20
51.25
 30
0.0
 11
201.25
 21
74.75
 31
0.0
  0
LINE
  5
9D8
330
7F1
100
AcDbEntity
 67
1
  8
ESTRIBOS
 62
8
370
13
100
AcDbLine
 10
208.75
 20
51.25
 30
0.0
 11
208.75
 21
74.75
 31
0.0
  0
CIRCLE
  5
9D9
330
7F1
100
AcDbEntity
 67
1
  8
ACERO_SUP_CONT
 62
4
100
AcDbCircle
 10
197.0
 20
73.7175
 30
0.0
 40
0.55
  0
CIRCLE
  5
9DA
330
7F1
100
AcDbEntity
 67
1
  8
ACERO_SUP_CONT
 62
4
100
AcDbCircle
 10
200.2
 20
73.7175
 30
0.0
 40
0.55
  0
CIRCLE
  5
9DB
330
7F1
100
AcDbEntity
 67
1
  8
ACERO_SUP_CONT
 62
4
100
AcDbCircle
 10
203.4
 20
73.7175
 30
0.0
 40
0.55
  0
CIRCLE
  5
9DC
330
7F1
100
AcDbEntity
 67
1
  8
ACERO_SUP_CONT
 62
4
100
AcDbCircle
 10
206.6
 20
73.7175
 30
0.0
 40
0.55
  0
CIRCLE
  5
9DD
330
7F1
100
AcDbEntity
 67
1
  8
ACERO_SUP_CONT
 62
4
100
AcDbCircle
 10
209.8
 20
73.7175
 30
0.0
 40
0.55
  0
CIRCLE
  5
9DE
330
7F1
100
AcDbEntity
 67
1
  8
ACERO_SUP_CONT
 62
4
100
AcDbCircle
 10
213.0
 20
73.7175
 30
0.0
 40
0.55
  0
CIRCLE
  5
9DF
330
7F1
100
AcDbEntity
 67
1
  8
ACERO_INF
 62
1
100
AcDbCircle
 10
197.0
 20
52.2825
 30
0.0
 40
0.55
  0
CIRCLE
  5
9E0
330
7F1
100
AcDbEntity
 67
1
  8
ACERO_INF
 62
1
100
AcDbCircle
 10
202.33333333333334
 20
52.2825
 30
0.0
 40
0.55
  0
CIRCLE
  5
9E1
330
7F1
100
AcDbEntity
 67
1
  8
ACERO_INF
 62
1
100
AcDbCircle
 10
207.66666666666666
 20
52.2825
 30
0.0
 40
0.55
  0
CIRCLE
  5
9E2
330
7F1
100
AcDbEntity
 67
1
  8
ACERO_INF
 62
1
100
AcDbCircle
 10
213.0
 20
52.2825
 30
0.0
 40
0.55
  0
CIRCLE
  5
9E3
330
7F1
100
AcDbEntity
 67
1
  8
ACERO_TORSION
 62
30
100
AcDbCircle
 10
201.625
 20
54.75
 30
0.0
 40
0.48
  0
CIRCLE
  5
9E4
330
7F1
100
AcDbEntity
 67
1
  8
ACERO_TORSION
 62
30
100
AcDbCircle
 10
201.625
 20
71.25
 30
0.0
 40
0.48
  0
CIRCLE
  5
9E5
330
7F1
100
AcDbEntity
 67
1
  8
ACERO_TORSION
 62
30
100
AcDbCircle
 10
205.0
 20
54.75
 30
0.0
 40
0.48
  0
CIRCLE
  5
9E6
330
7F1
100
AcDbEntity
 67
1
  8
ACERO_TORSION
 62
30
100
AcDbCircle
 10
205.0
 20
71.25
 30
0.0
 40
0.48
  0
CIRCLE
  5
9E7
330
7F1
100
AcDbEntity
 67
1
  8
ACERO_TORSION
 62
30
100
AcDbCircle
 10
208.375
 20
54.75
 30
0.0
 40
0.48
  0
CIRCLE
  5
9E8
330
7F1
100
AcDbEntity
 67
1
  8
ACERO_TORSION
 62
30
100
AcDbCircle
 10
208.375
 20
71.25
 30
0.0
 40
0.48
  0
CIRCLE
  5
9E9
330
7F1
100
AcDbEntity
 67
1
  8
ACERO_TORSION
 62
30
100
AcDbCircle
 10
198.25
 20
58.875
 30
0.0
 40
0.48
  0
CIRCLE
  5
9EA
330
7F1
100
AcDbEntity
 67
1
  8
ACERO_TORSION
 62
30
100
AcDbCircle
 10
211.75
 20
58.875
 30
0.0
 40
0.48
  0
CIRCLE
  5
9EB
330
7F1
100
AcDbEntity
 67
1
  8
ACERO_TORSION
 62
30
100
AcDbCircle
 10
198.25
 20
63.0
 30
0.0
 40
0.48
  0
CIRCLE
  5
9EC
330
7F1
100
AcDbEntity
 67
1
  8
ACERO_TORSION
 62
30
100
AcDbCircle
 10
211.75
 20
63.0
 30
0.0
 40
0.48
  0
CIRCLE
  5
9ED
330
7F1
100
AcDbEntity
 67
1
  8
ACERO_TORSION
 62
30
100
AcDbCircle
 10
198.25
 20
67.125
 30
0.0
 40
0.48
  0
CIRCLE
  5
9EE
330
7F1
100
AcDbEntity
 67
1
  8
ACERO_TORSION
 62
30
100
AcDbCircle
 10
211.75
 20
67.125
 30
0.0
 40
0.48
  0
TEXT
  5
9EF
330
7F1
100
AcDbEntity
 67
1
  8
TEXTO
 62
7
100
AcDbText
 10
205.0
 20
46.15
 30
0.0
 40
1.55
  1
A-A APOYO
 72
1
 11
205.0
 21
46.15
 31
0.0
100
AcDbText
 73
2
  0
TEXT
  5
9F0
330
7F1
100
AcDbEntity
 67
1
  8
TEXTO
 62
7
100
AcDbText
 10
205.0
 20
43.65
 30
0.0
 40
1.25
  1
450x550 | 1:20
 72
1
 11
205.0
 21
43.65
 31
0.0
100
AcDbText
 73
2
  0
LWPOLYLINE
  5
9F1
330
7F1
100
AcDbEntity
 67
1
  8
CONTORNO
 62
7
370
20
100
AcDbPolyline
 90
4
 70
1
 10
268.75
 20
49.25
 10
291.25
 20
49.25
 10
291.25
 20
76.75
 10
268.75
 20
76.75
  0
LWPOLYLINE
  5
9F2
330
7F1
100
AcDbEntity
 67
1
  8
ESTRIBOS
 62
8
370
18
100
AcDbPolyline
 90
4
 70
1
 10
270.75
 20
51.25
 10
289.25
 20
51.25
 10
289.25
 20
74.75
 10
270.75
 20
74.75
  0
LINE
  5
9F3
330
7F1
100
AcDbEntity
 67
1
  8
ESTRIBOS
 62
8
370
13
100
AcDbLine
 10
276.25
 20
51.25
 30
0.0
 11
276.25
 21
74.75
 31
0.0
  0
LINE
  5
9F4
330
7F1
100
AcDbEntity
 67
1
  8
ESTRIBOS
 62
8
370
13
100
AcDbLine
 10
283.75
 20
51.25
 30
0.0
 11
283.75
 21
74.75
 31
0.0
  0
CIRCLE
  5
9F5
330
7F1
100
AcDbEntity
 67
1
  8
ACERO_SUP_CONT
 62
4
100
AcDbCircle
 10
272.0
 20
73.7175
 30
0.0
 40
0.55
  0
CIRCLE
  5
9F6
330
7F1
100
AcDbEntity
 67
1
  8
ACERO_SUP_CONT
 62
4
100
AcDbCircle
 10
288.0
 20
73.7175
 30
0.0
 40
0.55
  0
CIRCLE
  5
9F7
330
7F1
100
AcDbEntity
 67
1
  8
ACERO_INF
 62
1
100
AcDbCircle
 10
272.0
 20
52.2825
 30
0.0
 40
0.55
  0
CIRCLE
  5
9F8
330
7F1
100
AcDbEntity
 67
1
  8
ACERO_INF
 62
1
100
AcDbCircle
 10
277.3333333333333
 20
52.2825
 30
0.0
 40
0.55
  0
CIRCLE
  5
9F9
330
7F1
100
AcDbEntity
 67
1
  8
ACERO_INF
 62
1
100
AcDbCircle
 10
282.6666666666667
 20
52.2825
 30
0.0
 40
0.55
  0
CIRCLE
  5
9FA
330
7F1
100
AcDbEntity
 67
1
  8
ACERO_INF
 62
1
100
AcDbCircle
 10
288.0
 20
52.2825
 30
0.0
 40
0.55
  0
CIRCLE
  5
9FB
330
7F1
100
AcDbEntity
 67
1
  8
ACERO_TORSION
 62
30
100
AcDbCircle
 10
276.625
 20
54.75
 30
0.0
 40
0.48
  0
CIRCLE
  5
9FC
330
7F1
100
AcDbEntity
 67
1
  8
ACERO_TORSION
 62
30
100
AcDbCircle
 10
276.625
 20
71.25
 30
0.0
 40
0.48
  0
CIRCLE
  5
9FD
330
7F1
100
AcDbEntity
 67
1
  8
ACERO_TORSION
 62
30
100
AcDbCircle
 10
280.0
 20
54.75
 30
0.0
 40
0.48
  0
CIRCLE
  5
9FE
330
7F1
100
AcDbEntity
 67
1
  8
ACERO_TORSION
 62
30
100
AcDbCircle
 10
280.0
 20
71.25
 30
0.0
 40
0.48
  0
CIRCLE
  5
9FF
330
7F1
100
AcDbEntity
 67
1
  8
ACERO_TORSION
 62
30
100
AcDbCircle
 10
283.375
 20
54.75
 30
0.0
 40
0.48
  0
CIRCLE
  5
A00
330
7F1
100
AcDbEntity
 67
1
  8
ACERO_TORSION
 62
30
100
AcDbCircle
 10
283.375
 20
71.25
 30
0.0
 40
0.48
  0
CIRCLE
  5
A01
330
7F1
100
AcDbEntity
 67
1
  8
ACERO_TORSION
 62
30
100
AcDbCircle
 10
273.25
 20
58.875
 30
0.0
 40
0.48
  0
CIRCLE
  5
A02
330
7F1
100
AcDbEntity
 67
1
  8
ACERO_TORSION
 62
30
100
AcDbCircle
 10
286.75
 20
58.875
 30
0.0
 40
0.48
  0
CIRCLE
  5
A03
330
7F1
100
AcDbEntity
 67
1
  8
ACERO_TORSION
 62
30
100
AcDbCircle
 10
273.25
 20
63.0
 30
0.0
 40
0.48
  0
CIRCLE
  5
A04
330
7F1
100
AcDbEntity
 67
1
  8
ACERO_TORSION
 62
30
100
AcDbCircle
 10
286.75
 20
63.0
 30
0.0
 40
0.48
  0
CIRCLE
  5
A05
330
7F1
100
AcDbEntity
 67
1
  8
ACERO_TORSION
 62
30
100
AcDbCircle
 10
273.25
 20
67.125
 30
0.0
 40
0.48
  0
CIRCLE
  5
A06
330
7F1
100
AcDbEntity
 67
1
  8
ACERO_TORSION
 62
30
100
AcDbCircle
 10
286.75
 20
67.125
 30
0.0
 40
0.48
  0
TEXT
  5
A07
330
7F1
100
AcDbEntity
 67
1
  8
TEXTO
 62
7
100
AcDbText
 10
280.0
 20
46.15
 30
0.0
 40
1.55
  1
B-B CENTRO
 72
1
 11
280.0
 21
46.15
 31
0.0
100
AcDbText
 73
2
  0
TEXT
  5
A08
330
7F1
100
AcDbEntity
 67
1
  8
TEXTO
 62
7
100
AcDbText
 10
280.0
 20
43.65
 30
0.0
 40
1.25
  1
450x550 | 1:20
 72
1
 11
280.0
 21
43.65
 31
0.0
100
AcDbText
 73
2
  0
LWPOLYLINE
  5
A09
330
7F1
100
AcDbEntity
 67
1
  8
CONTORNO
 62
7
370
20
100
AcDbPolyline
 90
4
 70
1
 10
343.75
 20
49.25
 10
366.25
 20
49.25
 10
366.25
 20
76.75
 10
343.75
 20
76.75
  0
LWPOLYLINE
  5
A0A
330
7F1
100
AcDbEntity
 67
1
  8
ESTRIBOS
 62
8
370
18
100
AcDbPolyline
 90
4
 70
1
 10
345.75
 20
51.25
 10
364.25
 20
51.25
 10
364.25
 20
74.75
 10
345.75
 20
74.75
  0
LINE
  5
A0B
330
7F1
100
AcDbEntity
 67
1
  8
ESTRIBOS
 62
8
370
13
100
AcDbLine
 10
351.25
 20
51.25
 30
0.0
 11
351.25
 21
74.75
 31
0.0
  0
LINE
  5
A0C
330
7F1
100
AcDbEntity
 67
1
  8
ESTRIBOS
 62
8
370
13
100
AcDbLine
 10
358.75
 20
51.25
 30
0.0
 11
358.75
 21
74.75
 31
0.0
  0
CIRCLE
  5
A0D
330
7F1
100
AcDbEntity
 67
1
  8
ACERO_SUP_CONT
 62
4
100
AcDbCircle
 10
347.0
 20
73.7175
 30
0.0
 40
0.55
  0
CIRCLE
  5
A0E
330
7F1
100
AcDbEntity
 67
1
  8
ACERO_SUP_CONT
 62
4
100
AcDbCircle
 10
350.2
 20
73.7175
 30
0.0
 40
0.55
  0
CIRCLE
  5
A0F
330
7F1
100
AcDbEntity
 67
1
  8
ACERO_SUP_CONT
 62
4
100
AcDbCircle
 10
353.4
 20
73.7175
 30
0.0
 40
0.55
  0
CIRCLE
  5
A10
330
7F1
100
AcDbEntity
 67
1
  8
ACERO_SUP_CONT
 62
4
100
AcDbCircle
 10
356.6
 20
73.7175
 30
0.0
 40
0.55
  0
CIRCLE
  5
A11
330
7F1
100
AcDbEntity
 67
1
  8
ACERO_SUP_CONT
 62
4
100
AcDbCircle
 10
359.8
 20
73.7175
 30
0.0
 40
0.55
  0
CIRCLE
  5
A12
330
7F1
100
AcDbEntity
 67
1
  8
ACERO_SUP_CONT
 62
4
100
AcDbCircle
 10
363.0
 20
73.7175
 30
0.0
 40
0.55
  0
CIRCLE
  5
A13
330
7F1
100
AcDbEntity
 67
1
  8
ACERO_INF
 62
1
100
AcDbCircle
 10
347.0
 20
52.2825
 30
0.0
 40
0.55
  0
CIRCLE
  5
A14
330
7F1
100
AcDbEntity
 67
1
  8
ACERO_INF
 62
1
100
AcDbCircle
 10
352.3333333333333
 20
52.2825
 30
0.0
 40
0.55
  0
CIRCLE
  5
A15
330
7F1
100
AcDbEntity
 67
1
  8
ACERO_INF
 62
1
100
AcDbCircle
 10
357.6666666666667
 20
52.2825
 30
0.0
 40
0.55
  0
CIRCLE
  5
A16
330
7F1
100
AcDbEntity
 67
1
  8
ACERO_INF
 62
1
100
AcDbCircle
 10
363.0
 20
52.2825
 30
0.0
 40
0.55
  0
CIRCLE
  5
A17
330
7F1
100
AcDbEntity
 67
1
  8
ACERO_TORSION
 62
30
100
AcDbCircle
 10
351.625
 20
54.75
 30
0.0
 40
0.48
  0
CIRCLE
  5
A18
330
7F1
100
AcDbEntity
 67
1
  8
ACERO_TORSION
 62
30
100
AcDbCircle
 10
351.625
 20
71.25
 30
0.0
 40
0.48
  0
CIRCLE
  5
A19
330
7F1
100
AcDbEntity
 67
1
  8
ACERO_TORSION
 62
30
100
AcDbCircle
 10
355.0
 20
54.75
 30
0.0
 40
0.48
  0
CIRCLE
  5
A1A
330
7F1
100
AcDbEntity
 67
1
  8
ACERO_TORSION
 62
30
100
AcDbCircle
 10
355.0
 20
71.25
 30
0.0
 40
0.48
  0
CIRCLE
  5
A1B
330
7F1
100
AcDbEntity
 67
1
  8
ACERO_TORSION
 62
30
100
AcDbCircle
 10
358.375
 20
54.75
 30
0.0
 40
0.48
  0
CIRCLE
  5
A1C
330
7F1
100
AcDbEntity
 67
1
  8
ACERO_TORSION
 62
30
100
AcDbCircle
 10
358.375
 20
71.25
 30
0.0
 40
0.48
  0
CIRCLE
  5
A1D
330
7F1
100
AcDbEntity
 67
1
  8
ACERO_TORSION
 62
30
100
AcDbCircle
 10
348.25
 20
58.875
 30
0.0
 40
0.48
  0
CIRCLE
  5
A1E
330
7F1
100
AcDbEntity
 67
1
  8
ACERO_TORSION
 62
30
100
AcDbCircle
 10
361.75
 20
58.875
 30
0.0
 40
0.48
  0
CIRCLE
  5
A1F
330
7F1
100
AcDbEntity
 67
1
  8
ACERO_TORSION
 62
30
100
AcDbCircle
 10
348.25
 20
63.0
 30
0.0
 40
0.48
  0
CIRCLE
  5
A20
330
7F1
100
AcDbEntity
 67
1
  8
ACERO_TORSION
 62
30
100
AcDbCircle
 10
361.75
 20
63.0
 30
0.0
 40
0.48
  0
CIRCLE
  5
A21
330
7F1
100
AcDbEntity
 67
1
  8
ACERO_TORSION
 62
30
100
AcDbCircle
 10
348.25
 20
67.125
 30
0.0
 40
0.48
  0
CIRCLE
  5
A22
330
7F1
100
AcDbEntity
 67
1
  8
ACERO_TORSION
 62
30
100
AcDbCircle
 10
361.75
 20
67.125
 30
0.0
 40
0.48
  0
TEXT
  5
A23
330
7F1
100
AcDbEntity
 67
1
  8
TEXTO
 62
7
100
AcDbText
 10
355.0
 20
46.15
 30
0.0
 40
1.55
  1
C-C APOYO
 72
1
 11
355.0
 21
46.15
 31
0.0
100
AcDbText
 73
2
  0
TEXT
  5
A24
330
7F1
100
AcDbEntity
 67
1
  8
TEXTO
 62
7
100
AcDbText
 10
355.0
 20
43.65
 30
0.0
 40
1.25
  1
450x550 | 1:20
 72
1
 11
355.0
 21
43.65
 31
0.0
100
AcDbText
 73
2
  0
LWPOLYLINE
  5
A25
330
7F1
100
AcDbEntity
 67
1
  8
ACERO_SUP_APOYO
 62
5
370
35
100
AcDbPolyline
 90
3
 70
0
 10
430.0
 20
45.5
 10
430.0
 20
65.0
 10
460.5
 20
65.0
  0
LINE
  5
A26
330
7F1
100
AcDbEntity
 67
1
  8
COTAS
 62
3
370
13
100
AcDbLine
 10
430.0
 20
70.0
 30
0.0
 11
460.5
 21
70.0
 31
0.0
  0
LINE
  5
A27
330
7F1
100
AcDbEntity
 67
1
  8
COTAS
 62
3
370
13
100
AcDbLine
 10
430.0
 20
68.8
 30
0.0
 11
430.0
 21
71.2
 31
0.0
  0
LINE
  5
A28
330
7F1
100
AcDbEntity
 67
1
  8
COTAS
 62
3
370
13
100
AcDbLine
 10
460.5
 20
68.8
 30
0.0
 11
460.5
 21
71.2
 31
0.0
  0
TEXT
  5
A29
330
7F1
100
AcDbEntity
 67
1
  8
COTAS
 62
3
100
AcDbText
 10
445.25
 20
71.0
 30
0.0
 40
1.25
  1
ldh=305 mm
 72
1
 11
445.25
 21
71.0
 31
0.0
100
AcDbText
 73
2
  0
TEXT
  5
A2A
330
7F1
100
AcDbEntity
 67
1
  8
ACERO_SUP_APOYO
 62
5
100
AcDbText
 10
427.0
 20
42.5
 30
0.0
 40
1.3
  1
cola 90°=195 mm
 11
427.0
 21
42.5
 31
0.0
100
AcDbText
  0
TEXT
  5
A2B
330
7F1
100
AcDbEntity
 67
1
  8
TEXTO
100
AcDbText
 10
466.0
 20
63.0
 30
0.0
 40
1.3
  1
Dint>=100 mm | ESC. 1:10
 11
466.0
 21
63.0
 31
0.0
100
AcDbText
  0
TEXT
  5
A2C
330
7F1
100
AcDbEntity
 67
1
  8
TEXTO
100
AcDbText
 10
430.0
 20
44.0
 30
0.0
 40
1.45
  1
ld recto #5: superior=480 mm | inferior=370 mm
 11
430.0
 21
44.0
 31
0.0
100
AcDbText
  0
TEXT
  5
A2D
330
7F1
100
AcDbEntity
 67
1
  8
TEXTO
100
AcDbText
 10
430.0
 20
40.0
 30
0.0
 40
1.25
  1
Si no cabe ld recto en apoyo, usar gancho estándar 90° con ldh indicado.
 11
430.0
 21
40.0
 31
0.0
100
AcDbText
  0
LWPOLYLINE
  5
A2E
330
7F1
100
AcDbEntity
 67
1
  8
MARCO
 62
7
370
25
100
AcDbPolyline
 90
4
 70
1
 10
7.0
 20
7.0
 10
697.0
 20
7.0
 10
697.0
 20
37.0
 10
7.0
 20
37.0
  0
LINE
  5
A2F
330
7F1
100
AcDbEntity
 67
1
  8
MARCO
 62
7
370
18
100
AcDbLine
 10
118.0
 20
7.0
 30
0.0
 11
118.0
 21
37.0
 31
0.0
  0
LINE
  5
A30
330
7F1
100
AcDbEntity
 67
1
  8
MARCO
 62
7
370
18
100
AcDbLine
 10
250.0
 20
7.0
 30
0.0
 11
250.0
 21
37.0
 31
0.0
  0
LINE
  5
A31
330
7F1
100
AcDbEntity
 67
1
  8
MARCO
 62
7
370
18
100
AcDbLine
 10
390.0
 20
7.0
 30
0.0
 11
390.0
 21
37.0
 31
0.0
  0
LINE
  5
A32
330
7F1
100
AcDbEntity
 67
1
  8
MARCO
 62
7
370
18
100
AcDbLine
 10
520.0
 20
7.0
 30
0.0
 11
520.0
 21
37.0
 31
0.0
  0
LINE
  5
A33
330
7F1
100
AcDbEntity
 67
1
  8
MARCO
 62
7
370
18
100
AcDbLine
 10
610.0
 20
7.0
 30
0.0
 11
610.0
 21
37.0
 31
0.0
  0
TEXT
  5
A34
330
7F1
100
AcDbEntity
 67
1
  8
TEXTO
 62
7
100
AcDbText
 10
62.5
 20
28.0
 30
0.0
 40
2.0
  1
UNIVERSIDAD NACIONAL DE COLOMBIA
 72
1
 11
62.5
 21
28.0
 31
0.0
100
AcDbText
 73
2
  0
TEXT
  5
A35
330
7F1
100
AcDbEntity
 67
1
  8
TEXTO
 62
7
100
AcDbText
 10
62.5
 20
20.0
 30
0.0
 40
1.7
  1
DISEÑO ESTRUCTURAL - GRUPO 6
 72
1
 11
62.5
 21
20.0
 31
0.0
100
AcDbText
 73
2
  0
TEXT
  5
A36
330
7F1
100
AcDbEntity
 67
1
  8
TEXTO
 62
7
100
AcDbText
 10
184.0
 20
25.0
 30
0.0
 40
2.0
  1
EDIFICIO RESIDENCIAL SANTA MARTA
 72
1
 11
184.0
 21
25.0
 31
0.0
100
AcDbText
 73
2
  0
TEXT
  5
A37
330
7F1
100
AcDbEntity
 67
1
  8
TEXTO
 62
7
100
AcDbText
 10
320.0
 20
25.0
 30
0.0
 40
2.5
  1
DESPIECE VIGA VC5
 72
1
 11
320.0
 21
25.0
 31
0.0
100
AcDbText
 73
2
  0
TEXT
  5
A38
330
7F1
100
AcDbEntity
 67
1
  8
TEXTO
 62
7
100
AcDbText
 10
320.0
 20
16.0
 30
0.0
 40
1.7
  1
ELEVACIÓN, CORTES Y ANCLAJES
 72
1
 11
320.0
 21
16.0
 31
0.0
100
AcDbText
 73
2
  0
TEXT
  5
A39
330
7F1
100
AcDbEntity
 67
1
  8
TEXTO
 62
7
100
AcDbText
 10
455.0
 20
26.0
 30
0.0
 40
1.8
  1
FORMATO ISO B2 707x500 mm
 72
1
 11
455.0
 21
26.0
 31
0.0
100
AcDbText
 73
2
  0
TEXT
  5
A3A
330
7F1
100
AcDbEntity
 67
1
  8
TEXTO
 62
7
100
AcDbText
 10
455.0
 20
17.0
 30
0.0
 40
1.55
  1
COTAS EN mm | ESCALAS INDICADAS
 72
1
 11
455.0
 21
17.0
 31
0.0
100
AcDbText
 73
2
  0
TEXT
  5
A3B
330
7F1
100
AcDbEntity
 67
1
  8
TEXTO
 62
1
100
AcDbText
 10
565.0
 20
26.0
 30
0.0
 40
1.8
  1
DETALLE ACADÉMICO
 72
1
 11
565.0
 21
26.0
 31
0.0
100
AcDbText
 73
2
  0
TEXT
  5
A3C
330
7F1
100
AcDbEntity
 67
1
  8
TEXTO
 62
1
100
AcDbText
 10
565.0
 20
17.0
 30
0.0
 40
1.55
  1
NO EMITIR PARA CONSTRUCCIÓN
 72
1
 11
565.0
 21
17.0
 31
0.0
100
AcDbText
 73
2
  0
TEXT
  5
A3D
330
7F1
100
AcDbEntity
 67
1
  8
TEXTO
 62
7
100
AcDbText
 10
653.5
 20
26.0
 30
0.0
 40
2.1
  1
LÁMINA V-01-05
 72
1
 11
653.5
 21
26.0
 31
0.0
100
AcDbText
 73
2
  0
TEXT
  5
A3E
330
7F1
100
AcDbEntity
 67
1
  8
TEXTO
 62
7
100
AcDbText
 10
653.5
 20
17.0
 30
0.0
 40
1.7
  1
18-07-2026
 72
1
 11
653.5
 21
17.0
 31
0.0
100
AcDbText
 73
2
  0
ENDBLK
  5
7F3
330
7F1
100
AcDbEntity
  8
0
100
AcDbBlockEnd
  0
BLOCK
  5
A40
330
A3F
100
AcDbEntity
  8
0
100
AcDbBlockBegin
  2
*Paper_Space4
 70
0
 10
0.0
 20
0.0
 30
0.0
  3
*Paper_Space4
  1

  0
VIEWPORT
  5
A43
330
A3F
100
AcDbEntity
 67
1
  8
VIEWPORTS
100
AcDbViewport
 10
353.5
 20
250.0
 30
0.0
 40
777.7
 41
550.0
 68
1
 69
1
 12
353.5
 22
250.0
 13
0.0
 23
0.0
 14
10.0
 24
10.0
 15
10.0
 25
10.0
 16
0.0
 26
0.0
 36
1.0
 17
0.0
 27
0.0
 37
0.0
 42
50.0
 43
0.0
 44
0.0
 45
550.0
 50
0.0
 51
0.0
 72
100
 90
557088
  1

281
0
 71
0
 74
0
110
0.0
120
0.0
130
0.0
111
1.0
121
0.0
131
0.0
112
0.0
122
1.0
132
0.0
 79
0
146
0.0
282
0
  0
LWPOLYLINE
  5
A44
330
A3F
100
AcDbEntity
 67
1
  8
MARCO
 62
7
370
30
100
AcDbPolyline
 90
4
 70
1
 10
7.0
 20
7.0
 10
700.0
 20
7.0
 10
700.0
 20
493.0
 10
7.0
 20
493.0
  0
TEXT
  5
A45
330
A3F
100
AcDbEntity
 67
1
  8
TEXTO
 62
7
100
AcDbText
 10
353.5
 20
487.0
 30
0.0
 40
4.0
  1
DESPIECE DE VIGA COMPLETA VC6
 72
1
 11
353.5
 21
487.0
 31
0.0
100
AcDbText
 73
2
  0
TEXT
  5
A46
330
A3F
100
AcDbEntity
 67
1
  8
TEXTO
 62
7
100
AcDbText
 10
353.5
 20
480.0
 30
0.0
 40
1.8
  1
Continuidad reconstruida de SAP | Niveles z=3.5, 6.5, 9.5, 12.5, 15.5 m | 40 frames
 72
1
 11
353.5
 21
480.0
 31
0.0
100
AcDbText
 73
2
  0
LWPOLYLINE
  5
A47
330
A3F
100
AcDbEntity
 67
1
  8
MARCO
 62
7
370
20
100
AcDbPolyline
 90
4
 70
1
 10
8.5
 20
306.0
 10
51.5
 20
306.0
 10
51.5
 20
350.0
 10
8.5
 20
350.0
  0
TEXT
  5
A48
330
A3F
100
AcDbEntity
 67
1
  8
TEXTO
 62
7
100
AcDbText
 10
30.0
 20
345.0
 30
0.0
 40
2.6
  1
VIGA VC6
 72
1
 11
30.0
 21
345.0
 31
0.0
100
AcDbText
 73
2
  0
TEXT
  5
A49
330
A3F
100
AcDbEntity
 67
1
  8
TEXTO
 62
7
100
AcDbText
 10
30.0
 20
339.0
 30
0.0
 40
2.2
  1
EJE 5
 72
1
 11
30.0
 21
339.0
 31
0.0
100
AcDbText
 73
2
  0
TEXT
  5
A4A
330
A3F
100
AcDbEntity
 67
1
  8
TEXTO
 62
7
100
AcDbText
 10
30.0
 20
333.0
 30
0.0
 40
1.9
  1
450x550 mm
 72
1
 11
30.0
 21
333.0
 31
0.0
100
AcDbText
 73
2
  0
TEXT
  5
A4B
330
A3F
100
AcDbEntity
 67
1
  8
TEXTO
100
AcDbText
 10
11.5
 20
326.0
 30
0.0
 40
1.7
  1
SUP 5#5
 11
11.5
 21
326.0
 31
0.0
100
AcDbText
  0
TEXT
  5
A4C
330
A3F
100
AcDbEntity
 67
1
  8
TEXTO
100
AcDbText
 10
11.5
 20
321.0
 30
0.0
 40
1.7
  1
INF 5#5
 11
11.5
 21
321.0
 31
0.0
100
AcDbText
  0
TEXT
  5
A4D
330
A3F
100
AcDbEntity
 67
1
  8
TEXTO
100
AcDbText
 10
11.5
 20
316.0
 30
0.0
 40
1.7
  1
TOR 12#5
 11
11.5
 21
316.0
 31
0.0
100
AcDbText
  0
TEXT
  5
A4E
330
A3F
100
AcDbEntity
 67
1
  8
TEXTO
100
AcDbText
 10
11.5
 20
310.0
 30
0.0
 40
1.45
  1
NIVEL TIPO z=3.5 m
 11
11.5
 21
310.0
 31
0.0
100
AcDbText
  0
LWPOLYLINE
  5
A4F
330
A3F
100
AcDbEntity
 67
1
  8
CONTORNO
 62
7
370
25
100
AcDbPolyline
 90
4
 70
1
 10
57.0
 20
314.0
 10
677.0
 20
314.0
 10
677.0
 20
336.0
 10
57.0
 20
336.0
  0
LWPOLYLINE
  5
A50
330
A3F
100
AcDbEntity
 67
1
  8
APOYOS
 62
9
370
15
100
AcDbPolyline
 90
4
 70
1
 10
47.0
 20
310.0
 10
67.0
 20
310.0
 10
67.0
 20
340.0
 10
47.0
 20
340.0
  0
LINE
  5
A51
330
A3F
100
AcDbEntity
 67
1
  8
EJES
  6
DASHED
 62
1
370
9
100
AcDbLine
 10
57.0
 20
303.0
 30
0.0
 11
57.0
 21
353.0
 31
0.0
  0
CIRCLE
  5
A52
330
A3F
100
AcDbEntity
 67
1
  8
EJES
 62
1
370
18
100
AcDbCircle
 10
57.0
 20
348.0
 30
0.0
 40
3.5
  0
TEXT
  5
A53
330
A3F
100
AcDbEntity
 67
1
  8
EJES
 62
1
100
AcDbText
 10
57.0
 20
348.0
 30
0.0
 40
2.0
  1
a
 72
1
 11
57.0
 21
348.0
 31
0.0
100
AcDbText
 73
2
  0
LWPOLYLINE
  5
A54
330
A3F
100
AcDbEntity
 67
1
  8
APOYOS
 62
9
370
15
100
AcDbPolyline
 90
4
 70
1
 10
201.0
 20
310.0
 10
221.0
 20
310.0
 10
221.0
 20
340.0
 10
201.0
 20
340.0
  0
LINE
  5
A55
330
A3F
100
AcDbEntity
 67
1
  8
EJES
  6
DASHED
 62
1
370
9
100
AcDbLine
 10
211.0
 20
303.0
 30
0.0
 11
211.0
 21
353.0
 31
0.0
  0
CIRCLE
  5
A56
330
A3F
100
AcDbEntity
 67
1
  8
EJES
 62
1
370
18
100
AcDbCircle
 10
211.0
 20
348.0
 30
0.0
 40
3.5
  0
TEXT
  5
A57
330
A3F
100
AcDbEntity
 67
1
  8
EJES
 62
1
100
AcDbText
 10
211.0
 20
348.0
 30
0.0
 40
2.0
  1
b
 72
1
 11
211.0
 21
348.0
 31
0.0
100
AcDbText
 73
2
  0
LWPOLYLINE
  5
A58
330
A3F
100
AcDbEntity
 67
1
  8
APOYOS
 62
9
370
15
100
AcDbPolyline
 90
4
 70
1
 10
357.0
 20
310.0
 10
377.0
 20
310.0
 10
377.0
 20
340.0
 10
357.0
 20
340.0
  0
LINE
  5
A59
330
A3F
100
AcDbEntity
 67
1
  8
EJES
  6
DASHED
 62
1
370
9
100
AcDbLine
 10
367.0
 20
303.0
 30
0.0
 11
367.0
 21
353.0
 31
0.0
  0
CIRCLE
  5
A5A
330
A3F
100
AcDbEntity
 67
1
  8
EJES
 62
1
370
18
100
AcDbCircle
 10
367.0
 20
348.0
 30
0.0
 40
3.5
  0
TEXT
  5
A5B
330
A3F
100
AcDbEntity
 67
1
  8
EJES
 62
1
100
AcDbText
 10
367.0
 20
348.0
 30
0.0
 40
2.0
  1
c
 72
1
 11
367.0
 21
348.0
 31
0.0
100
AcDbText
 73
2
  0
LWPOLYLINE
  5
A5C
330
A3F
100
AcDbEntity
 67
1
  8
APOYOS
 62
9
370
15
100
AcDbPolyline
 90
4
 70
1
 10
513.0
 20
310.0
 10
533.0
 20
310.0
 10
533.0
 20
340.0
 10
513.0
 20
340.0
  0
LINE
  5
A5D
330
A3F
100
AcDbEntity
 67
1
  8
EJES
  6
DASHED
 62
1
370
9
100
AcDbLine
 10
523.0
 20
303.0
 30
0.0
 11
523.0
 21
353.0
 31
0.0
  0
CIRCLE
  5
A5E
330
A3F
100
AcDbEntity
 67
1
  8
EJES
 62
1
370
18
100
AcDbCircle
 10
523.0
 20
348.0
 30
0.0
 40
3.5
  0
TEXT
  5
A5F
330
A3F
100
AcDbEntity
 67
1
  8
EJES
 62
1
100
AcDbText
 10
523.0
 20
348.0
 30
0.0
 40
2.0
  1
d
 72
1
 11
523.0
 21
348.0
 31
0.0
100
AcDbText
 73
2
  0
LWPOLYLINE
  5
A60
330
A3F
100
AcDbEntity
 67
1
  8
APOYOS
 62
9
370
15
100
AcDbPolyline
 90
4
 70
1
 10
667.0
 20
310.0
 10
687.0
 20
310.0
 10
687.0
 20
340.0
 10
667.0
 20
340.0
  0
LINE
  5
A61
330
A3F
100
AcDbEntity
 67
1
  8
EJES
  6
DASHED
 62
1
370
9
100
AcDbLine
 10
677.0
 20
303.0
 30
0.0
 11
677.0
 21
353.0
 31
0.0
  0
CIRCLE
  5
A62
330
A3F
100
AcDbEntity
 67
1
  8
EJES
 62
1
370
18
100
AcDbCircle
 10
677.0
 20
348.0
 30
0.0
 40
3.5
  0
TEXT
  5
A63
330
A3F
100
AcDbEntity
 67
1
  8
EJES
 62
1
100
AcDbText
 10
677.0
 20
348.0
 30
0.0
 40
2.0
  1
e
 72
1
 11
677.0
 21
348.0
 31
0.0
100
AcDbText
 73
2
  0
LINE
  5
A64
330
A3F
100
AcDbEntity
 67
1
  8
ESTRIBOS
 62
8
370
9
100
AcDbLine
 10
59.0
 20
315.0
 30
0.0
 11
59.0
 21
335.0
 31
0.0
  0
LINE
  5
A65
330
A3F
100
AcDbEntity
 67
1
  8
ESTRIBOS
 62
8
370
9
100
AcDbLine
 10
63.4
 20
315.0
 30
0.0
 11
63.4
 21
335.0
 31
0.0
  0
LINE
  5
A66
330
A3F
100
AcDbEntity
 67
1
  8
ESTRIBOS
 62
8
370
9
100
AcDbLine
 10
67.8
 20
315.0
 30
0.0
 11
67.8
 21
335.0
 31
0.0
  0
LINE
  5
A67
330
A3F
100
AcDbEntity
 67
1
  8
ESTRIBOS
 62
8
370
9
100
AcDbLine
 10
72.2
 20
315.0
 30
0.0
 11
72.2
 21
335.0
 31
0.0
  0
LINE
  5
A68
330
A3F
100
AcDbEntity
 67
1
  8
ESTRIBOS
 62
8
370
9
100
AcDbLine
 10
76.6
 20
315.0
 30
0.0
 11
76.6
 21
335.0
 31
0.0
  0
LINE
  5
A69
330
A3F
100
AcDbEntity
 67
1
  8
ESTRIBOS
 62
8
370
9
100
AcDbLine
 10
81.0
 20
315.0
 30
0.0
 11
81.0
 21
335.0
 31
0.0
  0
LINE
  5
A6A
330
A3F
100
AcDbEntity
 67
1
  8
ESTRIBOS
 62
8
370
9
100
AcDbLine
 10
85.4
 20
315.0
 30
0.0
 11
85.4
 21
335.0
 31
0.0
  0
LINE
  5
A6B
330
A3F
100
AcDbEntity
 67
1
  8
ESTRIBOS
 62
8
370
9
100
AcDbLine
 10
89.8
 20
315.0
 30
0.0
 11
89.8
 21
335.0
 31
0.0
  0
LINE
  5
A6C
330
A3F
100
AcDbEntity
 67
1
  8
ESTRIBOS
 62
8
370
9
100
AcDbLine
 10
94.2
 20
315.0
 30
0.0
 11
94.2
 21
335.0
 31
0.0
  0
LINE
  5
A6D
330
A3F
100
AcDbEntity
 67
1
  8
ESTRIBOS
 62
8
370
9
100
AcDbLine
 10
98.6
 20
315.0
 30
0.0
 11
98.6
 21
335.0
 31
0.0
  0
LINE
  5
A6E
330
A3F
100
AcDbEntity
 67
1
  8
ESTRIBOS
 62
8
370
9
100
AcDbLine
 10
105.4
 20
315.0
 30
0.0
 11
105.4
 21
335.0
 31
0.0
  0
LINE
  5
A6F
330
A3F
100
AcDbEntity
 67
1
  8
ESTRIBOS
 62
8
370
9
100
AcDbLine
 10
109.8
 20
315.0
 30
0.0
 11
109.8
 21
335.0
 31
0.0
  0
LINE
  5
A70
330
A3F
100
AcDbEntity
 67
1
  8
ESTRIBOS
 62
8
370
9
100
AcDbLine
 10
114.2
 20
315.0
 30
0.0
 11
114.2
 21
335.0
 31
0.0
  0
LINE
  5
A71
330
A3F
100
AcDbEntity
 67
1
  8
ESTRIBOS
 62
8
370
9
100
AcDbLine
 10
118.6
 20
315.0
 30
0.0
 11
118.6
 21
335.0
 31
0.0
  0
LINE
  5
A72
330
A3F
100
AcDbEntity
 67
1
  8
ESTRIBOS
 62
8
370
9
100
AcDbLine
 10
123.0
 20
315.0
 30
0.0
 11
123.0
 21
335.0
 31
0.0
  0
LINE
  5
A73
330
A3F
100
AcDbEntity
 67
1
  8
ESTRIBOS
 62
8
370
9
100
AcDbLine
 10
127.4
 20
315.0
 30
0.0
 11
127.4
 21
335.0
 31
0.0
  0
LINE
  5
A74
330
A3F
100
AcDbEntity
 67
1
  8
ESTRIBOS
 62
8
370
9
100
AcDbLine
 10
131.8
 20
315.0
 30
0.0
 11
131.8
 21
335.0
 31
0.0
  0
LINE
  5
A75
330
A3F
100
AcDbEntity
 67
1
  8
ESTRIBOS
 62
8
370
9
100
AcDbLine
 10
136.2
 20
315.0
 30
0.0
 11
136.2
 21
335.0
 31
0.0
  0
LINE
  5
A76
330
A3F
100
AcDbEntity
 67
1
  8
ESTRIBOS
 62
8
370
9
100
AcDbLine
 10
140.6
 20
315.0
 30
0.0
 11
140.6
 21
335.0
 31
0.0
  0
LINE
  5
A77
330
A3F
100
AcDbEntity
 67
1
  8
ESTRIBOS
 62
8
370
9
100
AcDbLine
 10
145.0
 20
315.0
 30
0.0
 11
145.0
 21
335.0
 31
0.0
  0
LINE
  5
A78
330
A3F
100
AcDbEntity
 67
1
  8
ESTRIBOS
 62
8
370
9
100
AcDbLine
 10
149.4
 20
315.0
 30
0.0
 11
149.4
 21
335.0
 31
0.0
  0
LINE
  5
A79
330
A3F
100
AcDbEntity
 67
1
  8
ESTRIBOS
 62
8
370
9
100
AcDbLine
 10
153.8
 20
315.0
 30
0.0
 11
153.8
 21
335.0
 31
0.0
  0
LINE
  5
A7A
330
A3F
100
AcDbEntity
 67
1
  8
ESTRIBOS
 62
8
370
9
100
AcDbLine
 10
158.2
 20
315.0
 30
0.0
 11
158.2
 21
335.0
 31
0.0
  0
LINE
  5
A7B
330
A3F
100
AcDbEntity
 67
1
  8
ESTRIBOS
 62
8
370
9
100
AcDbLine
 10
162.6
 20
315.0
 30
0.0
 11
162.6
 21
335.0
 31
0.0
  0
LINE
  5
A7C
330
A3F
100
AcDbEntity
 67
1
  8
ESTRIBOS
 62
8
370
9
100
AcDbLine
 10
169.4
 20
315.0
 30
0.0
 11
169.4
 21
335.0
 31
0.0
  0
LINE
  5
A7D
330
A3F
100
AcDbEntity
 67
1
  8
ESTRIBOS
 62
8
370
9
100
AcDbLine
 10
173.8
 20
315.0
 30
0.0
 11
173.8
 21
335.0
 31
0.0
  0
LINE
  5
A7E
330
A3F
100
AcDbEntity
 67
1
  8
ESTRIBOS
 62
8
370
9
100
AcDbLine
 10
178.2
 20
315.0
 30
0.0
 11
178.2
 21
335.0
 31
0.0
  0
LINE
  5
A7F
330
A3F
100
AcDbEntity
 67
1
  8
ESTRIBOS
 62
8
370
9
100
AcDbLine
 10
182.6
 20
315.0
 30
0.0
 11
182.6
 21
335.0
 31
0.0
  0
LINE
  5
A80
330
A3F
100
AcDbEntity
 67
1
  8
ESTRIBOS
 62
8
370
9
100
AcDbLine
 10
187.0
 20
315.0
 30
0.0
 11
187.0
 21
335.0
 31
0.0
  0
LINE
  5
A81
330
A3F
100
AcDbEntity
 67
1
  8
ESTRIBOS
 62
8
370
9
100
AcDbLine
 10
191.4
 20
315.0
 30
0.0
 11
191.4
 21
335.0
 31
0.0
  0
LINE
  5
A82
330
A3F
100
AcDbEntity
 67
1
  8
ESTRIBOS
 62
8
370
9
100
AcDbLine
 10
195.8
 20
315.0
 30
0.0
 11
195.8
 21
335.0
 31
0.0
  0
LINE
  5
A83
330
A3F
100
AcDbEntity
 67
1
  8
ESTRIBOS
 62
8
370
9
100
AcDbLine
 10
200.2
 20
315.0
 30
0.0
 11
200.2
 21
335.0
 31
0.0
  0
LINE
  5
A84
330
A3F
100
AcDbEntity
 67
1
  8
ESTRIBOS
 62
8
370
9
100
AcDbLine
 10
204.6
 20
315.0
 30
0.0
 11
204.6
 21
335.0
 31
0.0
  0
LINE
  5
A85
330
A3F
100
AcDbEntity
 67
1
  8
ESTRIBOS
 62
8
370
9
100
AcDbLine
 10
209.0
 20
315.0
 30
0.0
 11
209.0
 21
335.0
 31
0.0
  0
TEXT
  5
A86
330
A3F
100
AcDbEntity
 67
1
  8
ESTRIBOS
 62
8
100
AcDbText
 10
134.0
 20
324.2
 30
0.0
 40
1.25
  1
Nº4 4R @110 (2h) / @110 ctr
 72
1
 11
134.0
 21
324.2
 31
0.0
100
AcDbText
 73
2
  0
LINE
  5
A87
330
A3F
100
AcDbEntity
 67
1
  8
ESTRIBOS
 62
8
370
9
100
AcDbLine
 10
213.0
 20
315.0
 30
0.0
 11
213.0
 21
335.0
 31
0.0
  0
LINE
  5
A88
330
A3F
100
AcDbEntity
 67
1
  8
ESTRIBOS
 62
8
370
9
100
AcDbLine
 10
217.4
 20
315.0
 30
0.0
 11
217.4
 21
335.0
 31
0.0
  0
LINE
  5
A89
330
A3F
100
AcDbEntity
 67
1
  8
ESTRIBOS
 62
8
370
9
100
AcDbLine
 10
221.8
 20
315.0
 30
0.0
 11
221.8
 21
335.0
 31
0.0
  0
LINE
  5
A8A
330
A3F
100
AcDbEntity
 67
1
  8
ESTRIBOS
 62
8
370
9
100
AcDbLine
 10
226.2
 20
315.0
 30
0.0
 11
226.2
 21
335.0
 31
0.0
  0
LINE
  5
A8B
330
A3F
100
AcDbEntity
 67
1
  8
ESTRIBOS
 62
8
370
9
100
AcDbLine
 10
230.6
 20
315.0
 30
0.0
 11
230.6
 21
335.0
 31
0.0
  0
LINE
  5
A8C
330
A3F
100
AcDbEntity
 67
1
  8
ESTRIBOS
 62
8
370
9
100
AcDbLine
 10
235.0
 20
315.0
 30
0.0
 11
235.0
 21
335.0
 31
0.0
  0
LINE
  5
A8D
330
A3F
100
AcDbEntity
 67
1
  8
ESTRIBOS
 62
8
370
9
100
AcDbLine
 10
239.4
 20
315.0
 30
0.0
 11
239.4
 21
335.0
 31
0.0
  0
LINE
  5
A8E
330
A3F
100
AcDbEntity
 67
1
  8
ESTRIBOS
 62
8
370
9
100
AcDbLine
 10
243.8
 20
315.0
 30
0.0
 11
243.8
 21
335.0
 31
0.0
  0
LINE
  5
A8F
330
A3F
100
AcDbEntity
 67
1
  8
ESTRIBOS
 62
8
370
9
100
AcDbLine
 10
248.2
 20
315.0
 30
0.0
 11
248.2
 21
335.0
 31
0.0
  0
LINE
  5
A90
330
A3F
100
AcDbEntity
 67
1
  8
ESTRIBOS
 62
8
370
9
100
AcDbLine
 10
252.6
 20
315.0
 30
0.0
 11
252.6
 21
335.0
 31
0.0
  0
LINE
  5
A91
330
A3F
100
AcDbEntity
 67
1
  8
ESTRIBOS
 62
8
370
9
100
AcDbLine
 10
259.4
 20
315.0
 30
0.0
 11
259.4
 21
335.0
 31
0.0
  0
LINE
  5
A92
330
A3F
100
AcDbEntity
 67
1
  8
ESTRIBOS
 62
8
370
9
100
AcDbLine
 10
263.8
 20
315.0
 30
0.0
 11
263.8
 21
335.0
 31
0.0
  0
LINE
  5
A93
330
A3F
100
AcDbEntity
 67
1
  8
ESTRIBOS
 62
8
370
9
100
AcDbLine
 10
268.2
 20
315.0
 30
0.0
 11
268.2
 21
335.0
 31
0.0
  0
LINE
  5
A94
330
A3F
100
AcDbEntity
 67
1
  8
ESTRIBOS
 62
8
370
9
100
AcDbLine
 10
272.6
 20
315.0
 30
0.0
 11
272.6
 21
335.0
 31
0.0
  0
LINE
  5
A95
330
A3F
100
AcDbEntity
 67
1
  8
ESTRIBOS
 62
8
370
9
100
AcDbLine
 10
277.0
 20
315.0
 30
0.0
 11
277.0
 21
335.0
 31
0.0
  0
LINE
  5
A96
330
A3F
100
AcDbEntity
 67
1
  8
ESTRIBOS
 62
8
370
9
100
AcDbLine
 10
281.4
 20
315.0
 30
0.0
 11
281.4
 21
335.0
 31
0.0
  0
LINE
  5
A97
330
A3F
100
AcDbEntity
 67
1
  8
ESTRIBOS
 62
8
370
9
100
AcDbLine
 10
285.8
 20
315.0
 30
0.0
 11
285.8
 21
335.0
 31
0.0
  0
LINE
  5
A98
330
A3F
100
AcDbEntity
 67
1
  8
ESTRIBOS
 62
8
370
9
100
AcDbLine
 10
290.2
 20
315.0
 30
0.0
 11
290.2
 21
335.0
 31
0.0
  0
LINE
  5
A99
330
A3F
100
AcDbEntity
 67
1
  8
ESTRIBOS
 62
8
370
9
100
AcDbLine
 10
294.6
 20
315.0
 30
0.0
 11
294.6
 21
335.0
 31
0.0
  0
LINE
  5
A9A
330
A3F
100
AcDbEntity
 67
1
  8
ESTRIBOS
 62
8
370
9
100
AcDbLine
 10
299.0
 20
315.0
 30
0.0
 11
299.0
 21
335.0
 31
0.0
  0
LINE
  5
A9B
330
A3F
100
AcDbEntity
 67
1
  8
ESTRIBOS
 62
8
370
9
100
AcDbLine
 10
303.4
 20
315.0
 30
0.0
 11
303.4
 21
335.0
 31
0.0
  0
LINE
  5
A9C
330
A3F
100
AcDbEntity
 67
1
  8
ESTRIBOS
 62
8
370
9
100
AcDbLine
 10
307.8
 20
315.0
 30
0.0
 11
307.8
 21
335.0
 31
0.0
  0
LINE
  5
A9D
330
A3F
100
AcDbEntity
 67
1
  8
ESTRIBOS
 62
8
370
9
100
AcDbLine
 10
312.2
 20
315.0
 30
0.0
 11
312.2
 21
335.0
 31
0.0
  0
LINE
  5
A9E
330
A3F
100
AcDbEntity
 67
1
  8
ESTRIBOS
 62
8
370
9
100
AcDbLine
 10
316.6
 20
315.0
 30
0.0
 11
316.6
 21
335.0
 31
0.0
  0
LINE
  5
A9F
330
A3F
100
AcDbEntity
 67
1
  8
ESTRIBOS
 62
8
370
9
100
AcDbLine
 10
321.0
 20
315.0
 30
0.0
 11
321.0
 21
335.0
 31
0.0
  0
LINE
  5
AA0
330
A3F
100
AcDbEntity
 67
1
  8
ESTRIBOS
 62
8
370
9
100
AcDbLine
 10
325.4
 20
315.0
 30
0.0
 11
325.4
 21
335.0
 31
0.0
  0
LINE
  5
AA1
330
A3F
100
AcDbEntity
 67
1
  8
ESTRIBOS
 62
8
370
9
100
AcDbLine
 10
329.8
 20
315.0
 30
0.0
 11
329.8
 21
335.0
 31
0.0
  0
LINE
  5
AA2
330
A3F
100
AcDbEntity
 67
1
  8
ESTRIBOS
 62
8
370
9
100
AcDbLine
 10
334.2
 20
315.0
 30
0.0
 11
334.2
 21
335.0
 31
0.0
  0
LINE
  5
AA3
330
A3F
100
AcDbEntity
 67
1
  8
ESTRIBOS
 62
8
370
9
100
AcDbLine
 10
338.6
 20
315.0
 30
0.0
 11
338.6
 21
335.0
 31
0.0
  0
LINE
  5
AA4
330
A3F
100
AcDbEntity
 67
1
  8
ESTRIBOS
 62
8
370
9
100
AcDbLine
 10
343.0
 20
315.0
 30
0.0
 11
343.0
 21
335.0
 31
0.0
  0
LINE
  5
AA5
330
A3F
100
AcDbEntity
 67
1
  8
ESTRIBOS
 62
8
370
9
100
AcDbLine
 10
347.4
 20
315.0
 30
0.0
 11
347.4
 21
335.0
 31
0.0
  0
LINE
  5
AA6
330
A3F
100
AcDbEntity
 67
1
  8
ESTRIBOS
 62
8
370
9
100
AcDbLine
 10
351.8
 20
315.0
 30
0.0
 11
351.8
 21
335.0
 31
0.0
  0
LINE
  5
AA7
330
A3F
100
AcDbEntity
 67
1
  8
ESTRIBOS
 62
8
370
9
100
AcDbLine
 10
356.2
 20
315.0
 30
0.0
 11
356.2
 21
335.0
 31
0.0
  0
LINE
  5
AA8
330
A3F
100
AcDbEntity
 67
1
  8
ESTRIBOS
 62
8
370
9
100
AcDbLine
 10
360.6
 20
315.0
 30
0.0
 11
360.6
 21
335.0
 31
0.0
  0
LINE
  5
AA9
330
A3F
100
AcDbEntity
 67
1
  8
ESTRIBOS
 62
8
370
9
100
AcDbLine
 10
365.0
 20
315.0
 30
0.0
 11
365.0
 21
335.0
 31
0.0
  0
TEXT
  5
AAA
330
A3F
100
AcDbEntity
 67
1
  8
ESTRIBOS
 62
8
100
AcDbText
 10
289.0
 20
324.2
 30
0.0
 40
1.25
  1
Nº4 4R @110 (2h) / @110 ctr
 72
1
 11
289.0
 21
324.2
 31
0.0
100
AcDbText
 73
2
  0
LINE
  5
AAB
330
A3F
100
AcDbEntity
 67
1
  8
ESTRIBOS
 62
8
370
9
100
AcDbLine
 10
369.0
 20
315.0
 30
0.0
 11
369.0
 21
335.0
 31
0.0
  0
LINE
  5
AAC
330
A3F
100
AcDbEntity
 67
1
  8
ESTRIBOS
 62
8
370
9
100
AcDbLine
 10
373.4
 20
315.0
 30
0.0
 11
373.4
 21
335.0
 31
0.0
  0
LINE
  5
AAD
330
A3F
100
AcDbEntity
 67
1
  8
ESTRIBOS
 62
8
370
9
100
AcDbLine
 10
377.8
 20
315.0
 30
0.0
 11
377.8
 21
335.0
 31
0.0
  0
LINE
  5
AAE
330
A3F
100
AcDbEntity
 67
1
  8
ESTRIBOS
 62
8
370
9
100
AcDbLine
 10
382.2
 20
315.0
 30
0.0
 11
382.2
 21
335.0
 31
0.0
  0
LINE
  5
AAF
330
A3F
100
AcDbEntity
 67
1
  8
ESTRIBOS
 62
8
370
9
100
AcDbLine
 10
386.6
 20
315.0
 30
0.0
 11
386.6
 21
335.0
 31
0.0
  0
LINE
  5
AB0
330
A3F
100
AcDbEntity
 67
1
  8
ESTRIBOS
 62
8
370
9
100
AcDbLine
 10
391.0
 20
315.0
 30
0.0
 11
391.0
 21
335.0
 31
0.0
  0
LINE
  5
AB1
330
A3F
100
AcDbEntity
 67
1
  8
ESTRIBOS
 62
8
370
9
100
AcDbLine
 10
395.4
 20
315.0
 30
0.0
 11
395.4
 21
335.0
 31
0.0
  0
LINE
  5
AB2
330
A3F
100
AcDbEntity
 67
1
  8
ESTRIBOS
 62
8
370
9
100
AcDbLine
 10
399.8
 20
315.0
 30
0.0
 11
399.8
 21
335.0
 31
0.0
  0
LINE
  5
AB3
330
A3F
100
AcDbEntity
 67
1
  8
ESTRIBOS
 62
8
370
9
100
AcDbLine
 10
404.2
 20
315.0
 30
0.0
 11
404.2
 21
335.0
 31
0.0
  0
LINE
  5
AB4
330
A3F
100
AcDbEntity
 67
1
  8
ESTRIBOS
 62
8
370
9
100
AcDbLine
 10
408.6
 20
315.0
 30
0.0
 11
408.6
 21
335.0
 31
0.0
  0
LINE
  5
AB5
330
A3F
100
AcDbEntity
 67
1
  8
ESTRIBOS
 62
8
370
9
100
AcDbLine
 10
415.4
 20
315.0
 30
0.0
 11
415.4
 21
335.0
 31
0.0
  0
LINE
  5
AB6
330
A3F
100
AcDbEntity
 67
1
  8
ESTRIBOS
 62
8
370
9
100
AcDbLine
 10
419.8
 20
315.0
 30
0.0
 11
419.8
 21
335.0
 31
0.0
  0
LINE
  5
AB7
330
A3F
100
AcDbEntity
 67
1
  8
ESTRIBOS
 62
8
370
9
100
AcDbLine
 10
424.2
 20
315.0
 30
0.0
 11
424.2
 21
335.0
 31
0.0
  0
LINE
  5
AB8
330
A3F
100
AcDbEntity
 67
1
  8
ESTRIBOS
 62
8
370
9
100
AcDbLine
 10
428.6
 20
315.0
 30
0.0
 11
428.6
 21
335.0
 31
0.0
  0
LINE
  5
AB9
330
A3F
100
AcDbEntity
 67
1
  8
ESTRIBOS
 62
8
370
9
100
AcDbLine
 10
433.0
 20
315.0
 30
0.0
 11
433.0
 21
335.0
 31
0.0
  0
LINE
  5
ABA
330
A3F
100
AcDbEntity
 67
1
  8
ESTRIBOS
 62
8
370
9
100
AcDbLine
 10
437.4
 20
315.0
 30
0.0
 11
437.4
 21
335.0
 31
0.0
  0
LINE
  5
ABB
330
A3F
100
AcDbEntity
 67
1
  8
ESTRIBOS
 62
8
370
9
100
AcDbLine
 10
441.8
 20
315.0
 30
0.0
 11
441.8
 21
335.0
 31
0.0
  0
LINE
  5
ABC
330
A3F
100
AcDbEntity
 67
1
  8
ESTRIBOS
 62
8
370
9
100
AcDbLine
 10
446.2
 20
315.0
 30
0.0
 11
446.2
 21
335.0
 31
0.0
  0
LINE
  5
ABD
330
A3F
100
AcDbEntity
 67
1
  8
ESTRIBOS
 62
8
370
9
100
AcDbLine
 10
450.6
 20
315.0
 30
0.0
 11
450.6
 21
335.0
 31
0.0
  0
LINE
  5
ABE
330
A3F
100
AcDbEntity
 67
1
  8
ESTRIBOS
 62
8
370
9
100
AcDbLine
 10
455.0
 20
315.0
 30
0.0
 11
455.0
 21
335.0
 31
0.0
  0
LINE
  5
ABF
330
A3F
100
AcDbEntity
 67
1
  8
ESTRIBOS
 62
8
370
9
100
AcDbLine
 10
459.4
 20
315.0
 30
0.0
 11
459.4
 21
335.0
 31
0.0
  0
LINE
  5
AC0
330
A3F
100
AcDbEntity
 67
1
  8
ESTRIBOS
 62
8
370
9
100
AcDbLine
 10
463.8
 20
315.0
 30
0.0
 11
463.8
 21
335.0
 31
0.0
  0
LINE
  5
AC1
330
A3F
100
AcDbEntity
 67
1
  8
ESTRIBOS
 62
8
370
9
100
AcDbLine
 10
468.2
 20
315.0
 30
0.0
 11
468.2
 21
335.0
 31
0.0
  0
LINE
  5
AC2
330
A3F
100
AcDbEntity
 67
1
  8
ESTRIBOS
 62
8
370
9
100
AcDbLine
 10
472.6
 20
315.0
 30
0.0
 11
472.6
 21
335.0
 31
0.0
  0
LINE
  5
AC3
330
A3F
100
AcDbEntity
 67
1
  8
ESTRIBOS
 62
8
370
9
100
AcDbLine
 10
477.0
 20
315.0
 30
0.0
 11
477.0
 21
335.0
 31
0.0
  0
LINE
  5
AC4
330
A3F
100
AcDbEntity
 67
1
  8
ESTRIBOS
 62
8
370
9
100
AcDbLine
 10
481.4
 20
315.0
 30
0.0
 11
481.4
 21
335.0
 31
0.0
  0
LINE
  5
AC5
330
A3F
100
AcDbEntity
 67
1
  8
ESTRIBOS
 62
8
370
9
100
AcDbLine
 10
485.8
 20
315.0
 30
0.0
 11
485.8
 21
335.0
 31
0.0
  0
LINE
  5
AC6
330
A3F
100
AcDbEntity
 67
1
  8
ESTRIBOS
 62
8
370
9
100
AcDbLine
 10
490.2
 20
315.0
 30
0.0
 11
490.2
 21
335.0
 31
0.0
  0
LINE
  5
AC7
330
A3F
100
AcDbEntity
 67
1
  8
ESTRIBOS
 62
8
370
9
100
AcDbLine
 10
494.6
 20
315.0
 30
0.0
 11
494.6
 21
335.0
 31
0.0
  0
LINE
  5
AC8
330
A3F
100
AcDbEntity
 67
1
  8
ESTRIBOS
 62
8
370
9
100
AcDbLine
 10
499.0
 20
315.0
 30
0.0
 11
499.0
 21
335.0
 31
0.0
  0
LINE
  5
AC9
330
A3F
100
AcDbEntity
 67
1
  8
ESTRIBOS
 62
8
370
9
100
AcDbLine
 10
503.4
 20
315.0
 30
0.0
 11
503.4
 21
335.0
 31
0.0
  0
LINE
  5
ACA
330
A3F
100
AcDbEntity
 67
1
  8
ESTRIBOS
 62
8
370
9
100
AcDbLine
 10
507.8
 20
315.0
 30
0.0
 11
507.8
 21
335.0
 31
0.0
  0
LINE
  5
ACB
330
A3F
100
AcDbEntity
 67
1
  8
ESTRIBOS
 62
8
370
9
100
AcDbLine
 10
512.2
 20
315.0
 30
0.0
 11
512.2
 21
335.0
 31
0.0
  0
LINE
  5
ACC
330
A3F
100
AcDbEntity
 67
1
  8
ESTRIBOS
 62
8
370
9
100
AcDbLine
 10
516.6
 20
315.0
 30
0.0
 11
516.6
 21
335.0
 31
0.0
  0
LINE
  5
ACD
330
A3F
100
AcDbEntity
 67
1
  8
ESTRIBOS
 62
8
370
9
100
AcDbLine
 10
521.0
 20
315.0
 30
0.0
 11
521.0
 21
335.0
 31
0.0
  0
TEXT
  5
ACE
330
A3F
100
AcDbEntity
 67
1
  8
ESTRIBOS
 62
8
100
AcDbText
 10
445.0
 20
324.2
 30
0.0
 40
1.25
  1
Nº4 4R @110 (2h) / @110 ctr
 72
1
 11
445.0
 21
324.2
 31
0.0
100
AcDbText
 73
2
  0
LINE
  5
ACF
330
A3F
100
AcDbEntity
 67
1
  8
ESTRIBOS
 62
8
370
9
100
AcDbLine
 10
525.0
 20
315.0
 30
0.0
 11
525.0
 21
335.0
 31
0.0
  0
LINE
  5
AD0
330
A3F
100
AcDbEntity
 67
1
  8
ESTRIBOS
 62
8
370
9
100
AcDbLine
 10
529.4
 20
315.0
 30
0.0
 11
529.4
 21
335.0
 31
0.0
  0
LINE
  5
AD1
330
A3F
100
AcDbEntity
 67
1
  8
ESTRIBOS
 62
8
370
9
100
AcDbLine
 10
533.8
 20
315.0
 30
0.0
 11
533.8
 21
335.0
 31
0.0
  0
LINE
  5
AD2
330
A3F
100
AcDbEntity
 67
1
  8
ESTRIBOS
 62
8
370
9
100
AcDbLine
 10
538.2
 20
315.0
 30
0.0
 11
538.2
 21
335.0
 31
0.0
  0
LINE
  5
AD3
330
A3F
100
AcDbEntity
 67
1
  8
ESTRIBOS
 62
8
370
9
100
AcDbLine
 10
542.6
 20
315.0
 30
0.0
 11
542.6
 21
335.0
 31
0.0
  0
LINE
  5
AD4
330
A3F
100
AcDbEntity
 67
1
  8
ESTRIBOS
 62
8
370
9
100
AcDbLine
 10
547.0
 20
315.0
 30
0.0
 11
547.0
 21
335.0
 31
0.0
  0
LINE
  5
AD5
330
A3F
100
AcDbEntity
 67
1
  8
ESTRIBOS
 62
8
370
9
100
AcDbLine
 10
551.4
 20
315.0
 30
0.0
 11
551.4
 21
335.0
 31
0.0
  0
LINE
  5
AD6
330
A3F
100
AcDbEntity
 67
1
  8
ESTRIBOS
 62
8
370
9
100
AcDbLine
 10
555.8
 20
315.0
 30
0.0
 11
555.8
 21
335.0
 31
0.0
  0
LINE
  5
AD7
330
A3F
100
AcDbEntity
 67
1
  8
ESTRIBOS
 62
8
370
9
100
AcDbLine
 10
560.2
 20
315.0
 30
0.0
 11
560.2
 21
335.0
 31
0.0
  0
LINE
  5
AD8
330
A3F
100
AcDbEntity
 67
1
  8
ESTRIBOS
 62
8
370
9
100
AcDbLine
 10
564.6
 20
315.0
 30
0.0
 11
564.6
 21
335.0
 31
0.0
  0
LINE
  5
AD9
330
A3F
100
AcDbEntity
 67
1
  8
ESTRIBOS
 62
8
370
9
100
AcDbLine
 10
571.4
 20
315.0
 30
0.0
 11
571.4
 21
335.0
 31
0.0
  0
LINE
  5
ADA
330
A3F
100
AcDbEntity
 67
1
  8
ESTRIBOS
 62
8
370
9
100
AcDbLine
 10
575.8
 20
315.0
 30
0.0
 11
575.8
 21
335.0
 31
0.0
  0
LINE
  5
ADB
330
A3F
100
AcDbEntity
 67
1
  8
ESTRIBOS
 62
8
370
9
100
AcDbLine
 10
580.2
 20
315.0
 30
0.0
 11
580.2
 21
335.0
 31
0.0
  0
LINE
  5
ADC
330
A3F
100
AcDbEntity
 67
1
  8
ESTRIBOS
 62
8
370
9
100
AcDbLine
 10
584.6
 20
315.0
 30
0.0
 11
584.6
 21
335.0
 31
0.0
  0
LINE
  5
ADD
330
A3F
100
AcDbEntity
 67
1
  8
ESTRIBOS
 62
8
370
9
100
AcDbLine
 10
589.0
 20
315.0
 30
0.0
 11
589.0
 21
335.0
 31
0.0
  0
LINE
  5
ADE
330
A3F
100
AcDbEntity
 67
1
  8
ESTRIBOS
 62
8
370
9
100
AcDbLine
 10
593.4
 20
315.0
 30
0.0
 11
593.4
 21
335.0
 31
0.0
  0
LINE
  5
ADF
330
A3F
100
AcDbEntity
 67
1
  8
ESTRIBOS
 62
8
370
9
100
AcDbLine
 10
597.8
 20
315.0
 30
0.0
 11
597.8
 21
335.0
 31
0.0
  0
LINE
  5
AE0
330
A3F
100
AcDbEntity
 67
1
  8
ESTRIBOS
 62
8
370
9
100
AcDbLine
 10
602.2
 20
315.0
 30
0.0
 11
602.2
 21
335.0
 31
0.0
  0
LINE
  5
AE1
330
A3F
100
AcDbEntity
 67
1
  8
ESTRIBOS
 62
8
370
9
100
AcDbLine
 10
606.6
 20
315.0
 30
0.0
 11
606.6
 21
335.0
 31
0.0
  0
LINE
  5
AE2
330
A3F
100
AcDbEntity
 67
1
  8
ESTRIBOS
 62
8
370
9
100
AcDbLine
 10
611.0
 20
315.0
 30
0.0
 11
611.0
 21
335.0
 31
0.0
  0
LINE
  5
AE3
330
A3F
100
AcDbEntity
 67
1
  8
ESTRIBOS
 62
8
370
9
100
AcDbLine
 10
615.4
 20
315.0
 30
0.0
 11
615.4
 21
335.0
 31
0.0
  0
LINE
  5
AE4
330
A3F
100
AcDbEntity
 67
1
  8
ESTRIBOS
 62
8
370
9
100
AcDbLine
 10
619.8
 20
315.0
 30
0.0
 11
619.8
 21
335.0
 31
0.0
  0
LINE
  5
AE5
330
A3F
100
AcDbEntity
 67
1
  8
ESTRIBOS
 62
8
370
9
100
AcDbLine
 10
624.2
 20
315.0
 30
0.0
 11
624.2
 21
335.0
 31
0.0
  0
LINE
  5
AE6
330
A3F
100
AcDbEntity
 67
1
  8
ESTRIBOS
 62
8
370
9
100
AcDbLine
 10
628.6
 20
315.0
 30
0.0
 11
628.6
 21
335.0
 31
0.0
  0
LINE
  5
AE7
330
A3F
100
AcDbEntity
 67
1
  8
ESTRIBOS
 62
8
370
9
100
AcDbLine
 10
635.4
 20
315.0
 30
0.0
 11
635.4
 21
335.0
 31
0.0
  0
LINE
  5
AE8
330
A3F
100
AcDbEntity
 67
1
  8
ESTRIBOS
 62
8
370
9
100
AcDbLine
 10
639.8
 20
315.0
 30
0.0
 11
639.8
 21
335.0
 31
0.0
  0
LINE
  5
AE9
330
A3F
100
AcDbEntity
 67
1
  8
ESTRIBOS
 62
8
370
9
100
AcDbLine
 10
644.2
 20
315.0
 30
0.0
 11
644.2
 21
335.0
 31
0.0
  0
LINE
  5
AEA
330
A3F
100
AcDbEntity
 67
1
  8
ESTRIBOS
 62
8
370
9
100
AcDbLine
 10
648.6
 20
315.0
 30
0.0
 11
648.6
 21
335.0
 31
0.0
  0
LINE
  5
AEB
330
A3F
100
AcDbEntity
 67
1
  8
ESTRIBOS
 62
8
370
9
100
AcDbLine
 10
653.0
 20
315.0
 30
0.0
 11
653.0
 21
335.0
 31
0.0
  0
LINE
  5
AEC
330
A3F
100
AcDbEntity
 67
1
  8
ESTRIBOS
 62
8
370
9
100
AcDbLine
 10
657.4
 20
315.0
 30
0.0
 11
657.4
 21
335.0
 31
0.0
  0
LINE
  5
AED
330
A3F
100
AcDbEntity
 67
1
  8
ESTRIBOS
 62
8
370
9
100
AcDbLine
 10
661.8
 20
315.0
 30
0.0
 11
661.8
 21
335.0
 31
0.0
  0
LINE
  5
AEE
330
A3F
100
AcDbEntity
 67
1
  8
ESTRIBOS
 62
8
370
9
100
AcDbLine
 10
666.2
 20
315.0
 30
0.0
 11
666.2
 21
335.0
 31
0.0
  0
LINE
  5
AEF
330
A3F
100
AcDbEntity
 67
1
  8
ESTRIBOS
 62
8
370
9
100
AcDbLine
 10
670.6
 20
315.0
 30
0.0
 11
670.6
 21
335.0
 31
0.0
  0
LINE
  5
AF0
330
A3F
100
AcDbEntity
 67
1
  8
ESTRIBOS
 62
8
370
9
100
AcDbLine
 10
675.0
 20
315.0
 30
0.0
 11
675.0
 21
335.0
 31
0.0
  0
TEXT
  5
AF1
330
A3F
100
AcDbEntity
 67
1
  8
ESTRIBOS
 62
8
100
AcDbText
 10
600.0
 20
324.2
 30
0.0
 40
1.25
  1
Nº4 4R @110 (2h) / @110 ctr
 72
1
 11
600.0
 21
324.2
 31
0.0
100
AcDbText
 73
2
  0
LWPOLYLINE
  5
AF2
330
A3F
100
AcDbEntity
 67
1
  8
ACERO_SUP_CONT
 62
4
370
35
100
AcDbPolyline
 90
4
 70
0
 10
57.0
 20
328.0
 10
57.0
 20
334.0
 10
677.0
 20
334.0
 10
677.0
 20
328.0
  0
TEXT
  5
AF3
330
A3F
100
AcDbEntity
 67
1
  8
ACERO_SUP_CONT
 62
4
100
AcDbText
 10
367.0
 20
337.0
 30
0.0
 40
1.55
  1
M1  2#5 CONT.  Lc=15510 mm
 72
1
 11
367.0
 21
337.0
 31
0.0
100
AcDbText
 73
2
  0
LWPOLYLINE
  5
AF4
330
A3F
100
AcDbEntity
 67
1
  8
ACERO_SUP_APOYO
 62
5
370
30
100
AcDbPolyline
 90
3
 70
0
 10
44.8
 20
326.5
 10
44.8
 20
331.5
 10
95.5
 20
331.5
  0
TEXT
  5
AF5
330
A3F
100
AcDbEntity
 67
1
  8
ACERO_SUP_APOYO
 62
5
100
AcDbText
 10
57.0
 20
332.7
 30
0.0
 40
1.15
  1
M2 3#5 L=1118
 72
1
 11
57.0
 21
332.7
 31
0.0
100
AcDbText
 73
2
  0
LWPOLYLINE
  5
AF6
330
A3F
100
AcDbEntity
 67
1
  8
ACERO_SUP_APOYO
 62
5
370
30
100
AcDbPolyline
 90
2
 70
0
 10
172.5
 20
329.3
 10
250.0
 20
329.3
  0
TEXT
  5
AF7
330
A3F
100
AcDbEntity
 67
1
  8
ACERO_SUP_APOYO
 62
5
100
AcDbText
 10
211.0
 20
330.5
 30
0.0
 40
1.15
  1
M2 3#5 L=2438
 72
1
 11
211.0
 21
330.5
 31
0.0
100
AcDbText
 73
2
  0
LWPOLYLINE
  5
AF8
330
A3F
100
AcDbEntity
 67
1
  8
ACERO_SUP_APOYO
 62
5
370
30
100
AcDbPolyline
 90
2
 70
0
 10
328.0
 20
331.5
 10
406.0
 20
331.5
  0
TEXT
  5
AF9
330
A3F
100
AcDbEntity
 67
1
  8
ACERO_SUP_APOYO
 62
5
100
AcDbText
 10
367.0
 20
332.7
 30
0.0
 40
1.15
  1
M2 3#5 L=2450
 72
1
 11
367.0
 21
332.7
 31
0.0
100
AcDbText
 73
2
  0
LWPOLYLINE
  5
AFA
330
A3F
100
AcDbEntity
 67
1
  8
ACERO_SUP_APOYO
 62
5
370
30
100
AcDbPolyline
 90
2
 70
0
 10
484.0
 20
329.3
 10
561.5
 20
329.3
  0
TEXT
  5
AFB
330
A3F
100
AcDbEntity
 67
1
  8
ACERO_SUP_APOYO
 62
5
100
AcDbText
 10
523.0
 20
330.5
 30
0.0
 40
1.15
  1
M2 3#5 L=2438
 72
1
 11
523.0
 21
330.5
 31
0.0
100
AcDbText
 73
2
  0
LWPOLYLINE
  5
AFC
330
A3F
100
AcDbEntity
 67
1
  8
ACERO_SUP_APOYO
 62
5
370
30
100
AcDbPolyline
 90
3
 70
0
 10
638.5
 20
331.5
 10
689.2
 20
331.5
 10
689.2
 20
326.5
  0
TEXT
  5
AFD
330
A3F
100
AcDbEntity
 67
1
  8
ACERO_SUP_APOYO
 62
5
100
AcDbText
 10
677.0
 20
332.7
 30
0.0
 40
1.15
  1
M2 3#5 L=1118
 72
1
 11
677.0
 21
332.7
 31
0.0
100
AcDbText
 73
2
  0
LWPOLYLINE
  5
AFE
330
A3F
100
AcDbEntity
 67
1
  8
ACERO_INF
 62
1
370
35
100
AcDbPolyline
 90
4
 70
0
 10
59.0
 20
321.0
 10
59.0
 20
316.0
 10
209.0
 20
316.0
 10
209.0
 20
321.0
  0
TEXT
  5
AFF
330
A3F
100
AcDbEntity
 67
1
  8
ACERO_INF
 62
1
100
AcDbText
 10
134.0
 20
313.9
 30
0.0
 40
1.2
  1
M3 5#5 L=3860
 72
1
 11
134.0
 21
313.9
 31
0.0
100
AcDbText
 73
2
  0
LWPOLYLINE
  5
B00
330
A3F
100
AcDbEntity
 67
1
  8
ACERO_INF
 62
1
370
35
100
AcDbPolyline
 90
4
 70
0
 10
213.0
 20
322.8
 10
213.0
 20
317.8
 10
365.0
 20
317.8
 10
365.0
 20
322.8
  0
TEXT
  5
B01
330
A3F
100
AcDbEntity
 67
1
  8
ACERO_INF
 62
1
100
AcDbText
 10
289.0
 20
315.7
 30
0.0
 40
1.2
  1
M3 5#5 L=3910
 72
1
 11
289.0
 21
315.7
 31
0.0
100
AcDbText
 73
2
  0
LWPOLYLINE
  5
B02
330
A3F
100
AcDbEntity
 67
1
  8
ACERO_INF
 62
1
370
35
100
AcDbPolyline
 90
4
 70
0
 10
369.0
 20
321.0
 10
369.0
 20
316.0
 10
521.0
 20
316.0
 10
521.0
 20
321.0
  0
TEXT
  5
B03
330
A3F
100
AcDbEntity
 67
1
  8
ACERO_INF
 62
1
100
AcDbText
 10
445.0
 20
313.9
 30
0.0
 40
1.2
  1
M3 5#5 L=3910
 72
1
 11
445.0
 21
313.9
 31
0.0
100
AcDbText
 73
2
  0
LWPOLYLINE
  5
B04
330
A3F
100
AcDbEntity
 67
1
  8
ACERO_INF
 62
1
370
35
100
AcDbPolyline
 90
4
 70
0
 10
525.0
 20
322.8
 10
525.0
 20
317.8
 10
675.0
 20
317.8
 10
675.0
 20
322.8
  0
TEXT
  5
B05
330
A3F
100
AcDbEntity
 67
1
  8
ACERO_INF
 62
1
100
AcDbText
 10
600.0
 20
315.7
 30
0.0
 40
1.2
  1
M3 5#5 L=3860
 72
1
 11
600.0
 21
315.7
 31
0.0
100
AcDbText
 73
2
  0
LWPOLYLINE
  5
B06
330
A3F
100
AcDbEntity
 67
1
  8
ACERO_TORSION
 62
30
370
30
100
AcDbPolyline
 90
2
 70
0
 10
58.0
 20
327.4
 10
676.0
 20
327.4
  0
TEXT
  5
B07
330
A3F
100
AcDbEntity
 67
1
  8
ACERO_TORSION
 62
30
100
AcDbText
 10
367.0
 20
329.0
 30
0.0
 40
1.15
  1
M4 12#5 TORSIÓN DEDICADA
 72
1
 11
367.0
 21
329.0
 31
0.0
100
AcDbText
 73
2
  0
LINE
  5
B08
330
A3F
100
AcDbEntity
 67
1
  8
CORTE
 62
6
370
13
100
AcDbLine
 10
211.0
 20
311.5
 30
0.0
 11
211.0
 21
338.5
 31
0.0
  0
TEXT
  5
B09
330
A3F
100
AcDbEntity
 67
1
  8
CORTE
 62
6
100
AcDbText
 10
211.0
 20
341.2
 30
0.0
 40
1.5
  1
A
 72
1
 11
211.0
 21
341.2
 31
0.0
100
AcDbText
 73
2
  0
LINE
  5
B0A
330
A3F
100
AcDbEntity
 67
1
  8
CORTE
 62
6
370
13
100
AcDbLine
 10
289.0
 20
311.5
 30
0.0
 11
289.0
 21
338.5
 31
0.0
  0
TEXT
  5
B0B
330
A3F
100
AcDbEntity
 67
1
  8
CORTE
 62
6
100
AcDbText
 10
289.0
 20
341.2
 30
0.0
 40
1.5
  1
B
 72
1
 11
289.0
 21
341.2
 31
0.0
100
AcDbText
 73
2
  0
LINE
  5
B0C
330
A3F
100
AcDbEntity
 67
1
  8
CORTE
 62
6
370
13
100
AcDbLine
 10
523.0
 20
311.5
 30
0.0
 11
523.0
 21
338.5
 31
0.0
  0
TEXT
  5
B0D
330
A3F
100
AcDbEntity
 67
1
  8
CORTE
 62
6
100
AcDbText
 10
523.0
 20
341.2
 30
0.0
 40
1.5
  1
C
 72
1
 11
523.0
 21
341.2
 31
0.0
100
AcDbText
 73
2
  0
LINE
  5
B0E
330
A3F
100
AcDbEntity
 67
1
  8
COTAS
 62
3
370
13
100
AcDbLine
 10
57.0
 20
304.0
 30
0.0
 11
211.0
 21
304.0
 31
0.0
  0
LINE
  5
B0F
330
A3F
100
AcDbEntity
 67
1
  8
COTAS
 62
3
370
13
100
AcDbLine
 10
57.0
 20
302.8
 30
0.0
 11
57.0
 21
305.2
 31
0.0
  0
LINE
  5
B10
330
A3F
100
AcDbEntity
 67
1
  8
COTAS
 62
3
370
13
100
AcDbLine
 10
211.0
 20
302.8
 30
0.0
 11
211.0
 21
305.2
 31
0.0
  0
TEXT
  5
B11
330
A3F
100
AcDbEntity
 67
1
  8
COTAS
 62
3
100
AcDbText
 10
134.0
 20
305.0
 30
0.0
 40
1.3
  1
3.850 m
 72
1
 11
134.0
 21
305.0
 31
0.0
100
AcDbText
 73
2
  0
TEXT
  5
B12
330
A3F
100
AcDbEntity
 67
1
  8
TEXTO
 62
7
100
AcDbText
 10
134.0
 20
301.3
 30
0.0
 40
1.1
  1
F67
 72
1
 11
134.0
 21
301.3
 31
0.0
100
AcDbText
 73
2
  0
LINE
  5
B13
330
A3F
100
AcDbEntity
 67
1
  8
COTAS
 62
3
370
13
100
AcDbLine
 10
211.0
 20
304.0
 30
0.0
 11
367.0
 21
304.0
 31
0.0
  0
LINE
  5
B14
330
A3F
100
AcDbEntity
 67
1
  8
COTAS
 62
3
370
13
100
AcDbLine
 10
211.0
 20
302.8
 30
0.0
 11
211.0
 21
305.2
 31
0.0
  0
LINE
  5
B15
330
A3F
100
AcDbEntity
 67
1
  8
COTAS
 62
3
370
13
100
AcDbLine
 10
367.0
 20
302.8
 30
0.0
 11
367.0
 21
305.2
 31
0.0
  0
TEXT
  5
B16
330
A3F
100
AcDbEntity
 67
1
  8
COTAS
 62
3
100
AcDbText
 10
289.0
 20
305.0
 30
0.0
 40
1.3
  1
3.900 m
 72
1
 11
289.0
 21
305.0
 31
0.0
100
AcDbText
 73
2
  0
TEXT
  5
B17
330
A3F
100
AcDbEntity
 67
1
  8
TEXTO
 62
7
100
AcDbText
 10
289.0
 20
301.3
 30
0.0
 40
1.1
  1
F68
 72
1
 11
289.0
 21
301.3
 31
0.0
100
AcDbText
 73
2
  0
LINE
  5
B18
330
A3F
100
AcDbEntity
 67
1
  8
COTAS
 62
3
370
13
100
AcDbLine
 10
367.0
 20
304.0
 30
0.0
 11
523.0
 21
304.0
 31
0.0
  0
LINE
  5
B19
330
A3F
100
AcDbEntity
 67
1
  8
COTAS
 62
3
370
13
100
AcDbLine
 10
367.0
 20
302.8
 30
0.0
 11
367.0
 21
305.2
 31
0.0
  0
LINE
  5
B1A
330
A3F
100
AcDbEntity
 67
1
  8
COTAS
 62
3
370
13
100
AcDbLine
 10
523.0
 20
302.8
 30
0.0
 11
523.0
 21
305.2
 31
0.0
  0
TEXT
  5
B1B
330
A3F
100
AcDbEntity
 67
1
  8
COTAS
 62
3
100
AcDbText
 10
445.0
 20
305.0
 30
0.0
 40
1.3
  1
3.900 m
 72
1
 11
445.0
 21
305.0
 31
0.0
100
AcDbText
 73
2
  0
TEXT
  5
B1C
330
A3F
100
AcDbEntity
 67
1
  8
TEXTO
 62
7
100
AcDbText
 10
445.0
 20
301.3
 30
0.0
 40
1.1
  1
F69
 72
1
 11
445.0
 21
301.3
 31
0.0
100
AcDbText
 73
2
  0
LINE
  5
B1D
330
A3F
100
AcDbEntity
 67
1
  8
COTAS
 62
3
370
13
100
AcDbLine
 10
523.0
 20
304.0
 30
0.0
 11
677.0
 21
304.0
 31
0.0
  0
LINE
  5
B1E
330
A3F
100
AcDbEntity
 67
1
  8
COTAS
 62
3
370
13
100
AcDbLine
 10
523.0
 20
302.8
 30
0.0
 11
523.0
 21
305.2
 31
0.0
  0
LINE
  5
B1F
330
A3F
100
AcDbEntity
 67
1
  8
COTAS
 62
3
370
13
100
AcDbLine
 10
677.0
 20
302.8
 30
0.0
 11
677.0
 21
305.2
 31
0.0
  0
TEXT
  5
B20
330
A3F
100
AcDbEntity
 67
1
  8
COTAS
 62
3
100
AcDbText
 10
600.0
 20
305.0
 30
0.0
 40
1.3
  1
3.850 m
 72
1
 11
600.0
 21
305.0
 31
0.0
100
AcDbText
 73
2
  0
TEXT
  5
B21
330
A3F
100
AcDbEntity
 67
1
  8
TEXTO
 62
7
100
AcDbText
 10
600.0
 20
301.3
 30
0.0
 40
1.1
  1
F70
 72
1
 11
600.0
 21
301.3
 31
0.0
100
AcDbText
 73
2
  0
LINE
  5
B22
330
A3F
100
AcDbEntity
 67
1
  8
COTAS
 62
3
370
13
100
AcDbLine
 10
57.0
 20
298.0
 30
0.0
 11
677.0
 21
298.0
 31
0.0
  0
LINE
  5
B23
330
A3F
100
AcDbEntity
 67
1
  8
COTAS
 62
3
370
13
100
AcDbLine
 10
57.0
 20
296.8
 30
0.0
 11
57.0
 21
299.2
 31
0.0
  0
LINE
  5
B24
330
A3F
100
AcDbEntity
 67
1
  8
COTAS
 62
3
370
13
100
AcDbLine
 10
677.0
 20
296.8
 30
0.0
 11
677.0
 21
299.2
 31
0.0
  0
TEXT
  5
B25
330
A3F
100
AcDbEntity
 67
1
  8
COTAS
 62
3
100
AcDbText
 10
367.0
 20
299.0
 30
0.0
 40
1.5
  1
TOTAL SAP I-J = 15.500 m
 72
1
 11
367.0
 21
299.0
 31
0.0
100
AcDbText
 73
2
  0
TEXT
  5
B26
330
A3F
100
AcDbEntity
 67
1
  8
TEXTO
 62
7
100
AcDbText
 10
677.0
 20
288.0
 30
0.0
 40
1.35
  1
ESC. H 1:25 | V 1:25 | Ejes/tramos obtenidos de SAP
 72
2
 11
677.0
 21
288.0
 31
0.0
100
AcDbText
  0
LWPOLYLINE
  5
B27
330
A3F
100
AcDbEntity
 67
1
  8
MARCO
 62
7
370
20
100
AcDbPolyline
 90
4
 70
1
 10
8.5
 20
122.0
 10
51.5
 20
122.0
 10
51.5
 20
166.0
 10
8.5
 20
166.0
  0
TEXT
  5
B28
330
A3F
100
AcDbEntity
 67
1
  8
TEXTO
 62
7
100
AcDbText
 10
30.0
 20
161.0
 30
0.0
 40
2.6
  1
VIGA VC6
 72
1
 11
30.0
 21
161.0
 31
0.0
100
AcDbText
 73
2
  0
TEXT
  5
B29
330
A3F
100
AcDbEntity
 67
1
  8
TEXTO
 62
7
100
AcDbText
 10
30.0
 20
155.0
 30
0.0
 40
2.2
  1
EJE 9
 72
1
 11
30.0
 21
155.0
 31
0.0
100
AcDbText
 73
2
  0
TEXT
  5
B2A
330
A3F
100
AcDbEntity
 67
1
  8
TEXTO
 62
7
100
AcDbText
 10
30.0
 20
149.0
 30
0.0
 40
1.9
  1
450x550 mm
 72
1
 11
30.0
 21
149.0
 31
0.0
100
AcDbText
 73
2
  0
TEXT
  5
B2B
330
A3F
100
AcDbEntity
 67
1
  8
TEXTO
100
AcDbText
 10
11.5
 20
142.0
 30
0.0
 40
1.7
  1
SUP 5#5
 11
11.5
 21
142.0
 31
0.0
100
AcDbText
  0
TEXT
  5
B2C
330
A3F
100
AcDbEntity
 67
1
  8
TEXTO
100
AcDbText
 10
11.5
 20
137.0
 30
0.0
 40
1.7
  1
INF 5#5
 11
11.5
 21
137.0
 31
0.0
100
AcDbText
  0
TEXT
  5
B2D
330
A3F
100
AcDbEntity
 67
1
  8
TEXTO
100
AcDbText
 10
11.5
 20
132.0
 30
0.0
 40
1.7
  1
TOR 12#5
 11
11.5
 21
132.0
 31
0.0
100
AcDbText
  0
TEXT
  5
B2E
330
A3F
100
AcDbEntity
 67
1
  8
TEXTO
100
AcDbText
 10
11.5
 20
126.0
 30
0.0
 40
1.45
  1
NIVEL TIPO z=3.5 m
 11
11.5
 21
126.0
 31
0.0
100
AcDbText
  0
LWPOLYLINE
  5
B2F
330
A3F
100
AcDbEntity
 67
1
  8
CONTORNO
 62
7
370
25
100
AcDbPolyline
 90
4
 70
1
 10
57.0
 20
130.0
 10
677.0
 20
130.0
 10
677.0
 20
152.0
 10
57.0
 20
152.0
  0
LWPOLYLINE
  5
B30
330
A3F
100
AcDbEntity
 67
1
  8
APOYOS
 62
9
370
15
100
AcDbPolyline
 90
4
 70
1
 10
47.0
 20
126.0
 10
67.0
 20
126.0
 10
67.0
 20
156.0
 10
47.0
 20
156.0
  0
LINE
  5
B31
330
A3F
100
AcDbEntity
 67
1
  8
EJES
  6
DASHED
 62
1
370
9
100
AcDbLine
 10
57.0
 20
119.0
 30
0.0
 11
57.0
 21
169.0
 31
0.0
  0
CIRCLE
  5
B32
330
A3F
100
AcDbEntity
 67
1
  8
EJES
 62
1
370
18
100
AcDbCircle
 10
57.0
 20
164.0
 30
0.0
 40
3.5
  0
TEXT
  5
B33
330
A3F
100
AcDbEntity
 67
1
  8
EJES
 62
1
100
AcDbText
 10
57.0
 20
164.0
 30
0.0
 40
2.0
  1
a
 72
1
 11
57.0
 21
164.0
 31
0.0
100
AcDbText
 73
2
  0
LWPOLYLINE
  5
B34
330
A3F
100
AcDbEntity
 67
1
  8
APOYOS
 62
9
370
15
100
AcDbPolyline
 90
4
 70
1
 10
201.0
 20
126.0
 10
221.0
 20
126.0
 10
221.0
 20
156.0
 10
201.0
 20
156.0
  0
LINE
  5
B35
330
A3F
100
AcDbEntity
 67
1
  8
EJES
  6
DASHED
 62
1
370
9
100
AcDbLine
 10
211.0
 20
119.0
 30
0.0
 11
211.0
 21
169.0
 31
0.0
  0
CIRCLE
  5
B36
330
A3F
100
AcDbEntity
 67
1
  8
EJES
 62
1
370
18
100
AcDbCircle
 10
211.0
 20
164.0
 30
0.0
 40
3.5
  0
TEXT
  5
B37
330
A3F
100
AcDbEntity
 67
1
  8
EJES
 62
1
100
AcDbText
 10
211.0
 20
164.0
 30
0.0
 40
2.0
  1
b
 72
1
 11
211.0
 21
164.0
 31
0.0
100
AcDbText
 73
2
  0
LWPOLYLINE
  5
B38
330
A3F
100
AcDbEntity
 67
1
  8
APOYOS
 62
9
370
15
100
AcDbPolyline
 90
4
 70
1
 10
357.0
 20
126.0
 10
377.0
 20
126.0
 10
377.0
 20
156.0
 10
357.0
 20
156.0
  0
LINE
  5
B39
330
A3F
100
AcDbEntity
 67
1
  8
EJES
  6
DASHED
 62
1
370
9
100
AcDbLine
 10
367.0
 20
119.0
 30
0.0
 11
367.0
 21
169.0
 31
0.0
  0
CIRCLE
  5
B3A
330
A3F
100
AcDbEntity
 67
1
  8
EJES
 62
1
370
18
100
AcDbCircle
 10
367.0
 20
164.0
 30
0.0
 40
3.5
  0
TEXT
  5
B3B
330
A3F
100
AcDbEntity
 67
1
  8
EJES
 62
1
100
AcDbText
 10
367.0
 20
164.0
 30
0.0
 40
2.0
  1
c
 72
1
 11
367.0
 21
164.0
 31
0.0
100
AcDbText
 73
2
  0
LWPOLYLINE
  5
B3C
330
A3F
100
AcDbEntity
 67
1
  8
APOYOS
 62
9
370
15
100
AcDbPolyline
 90
4
 70
1
 10
513.0
 20
126.0
 10
533.0
 20
126.0
 10
533.0
 20
156.0
 10
513.0
 20
156.0
  0
LINE
  5
B3D
330
A3F
100
AcDbEntity
 67
1
  8
EJES
  6
DASHED
 62
1
370
9
100
AcDbLine
 10
523.0
 20
119.0
 30
0.0
 11
523.0
 21
169.0
 31
0.0
  0
CIRCLE
  5
B3E
330
A3F
100
AcDbEntity
 67
1
  8
EJES
 62
1
370
18
100
AcDbCircle
 10
523.0
 20
164.0
 30
0.0
 40
3.5
  0
TEXT
  5
B3F
330
A3F
100
AcDbEntity
 67
1
  8
EJES
 62
1
100
AcDbText
 10
523.0
 20
164.0
 30
0.0
 40
2.0
  1
d
 72
1
 11
523.0
 21
164.0
 31
0.0
100
AcDbText
 73
2
  0
LWPOLYLINE
  5
B40
330
A3F
100
AcDbEntity
 67
1
  8
APOYOS
 62
9
370
15
100
AcDbPolyline
 90
4
 70
1
 10
667.0
 20
126.0
 10
687.0
 20
126.0
 10
687.0
 20
156.0
 10
667.0
 20
156.0
  0
LINE
  5
B41
330
A3F
100
AcDbEntity
 67
1
  8
EJES
  6
DASHED
 62
1
370
9
100
AcDbLine
 10
677.0
 20
119.0
 30
0.0
 11
677.0
 21
169.0
 31
0.0
  0
CIRCLE
  5
B42
330
A3F
100
AcDbEntity
 67
1
  8
EJES
 62
1
370
18
100
AcDbCircle
 10
677.0
 20
164.0
 30
0.0
 40
3.5
  0
TEXT
  5
B43
330
A3F
100
AcDbEntity
 67
1
  8
EJES
 62
1
100
AcDbText
 10
677.0
 20
164.0
 30
0.0
 40
2.0
  1
e
 72
1
 11
677.0
 21
164.0
 31
0.0
100
AcDbText
 73
2
  0
LINE
  5
B44
330
A3F
100
AcDbEntity
 67
1
  8
ESTRIBOS
 62
8
370
9
100
AcDbLine
 10
59.0
 20
131.0
 30
0.0
 11
59.0
 21
151.0
 31
0.0
  0
LINE
  5
B45
330
A3F
100
AcDbEntity
 67
1
  8
ESTRIBOS
 62
8
370
9
100
AcDbLine
 10
63.4
 20
131.0
 30
0.0
 11
63.4
 21
151.0
 31
0.0
  0
LINE
  5
B46
330
A3F
100
AcDbEntity
 67
1
  8
ESTRIBOS
 62
8
370
9
100
AcDbLine
 10
67.8
 20
131.0
 30
0.0
 11
67.8
 21
151.0
 31
0.0
  0
LINE
  5
B47
330
A3F
100
AcDbEntity
 67
1
  8
ESTRIBOS
 62
8
370
9
100
AcDbLine
 10
72.2
 20
131.0
 30
0.0
 11
72.2
 21
151.0
 31
0.0
  0
LINE
  5
B48
330
A3F
100
AcDbEntity
 67
1
  8
ESTRIBOS
 62
8
370
9
100
AcDbLine
 10
76.6
 20
131.0
 30
0.0
 11
76.6
 21
151.0
 31
0.0
  0
LINE
  5
B49
330
A3F
100
AcDbEntity
 67
1
  8
ESTRIBOS
 62
8
370
9
100
AcDbLine
 10
81.0
 20
131.0
 30
0.0
 11
81.0
 21
151.0
 31
0.0
  0
LINE
  5
B4A
330
A3F
100
AcDbEntity
 67
1
  8
ESTRIBOS
 62
8
370
9
100
AcDbLine
 10
85.4
 20
131.0
 30
0.0
 11
85.4
 21
151.0
 31
0.0
  0
LINE
  5
B4B
330
A3F
100
AcDbEntity
 67
1
  8
ESTRIBOS
 62
8
370
9
100
AcDbLine
 10
89.8
 20
131.0
 30
0.0
 11
89.8
 21
151.0
 31
0.0
  0
LINE
  5
B4C
330
A3F
100
AcDbEntity
 67
1
  8
ESTRIBOS
 62
8
370
9
100
AcDbLine
 10
94.2
 20
131.0
 30
0.0
 11
94.2
 21
151.0
 31
0.0
  0
LINE
  5
B4D
330
A3F
100
AcDbEntity
 67
1
  8
ESTRIBOS
 62
8
370
9
100
AcDbLine
 10
98.6
 20
131.0
 30
0.0
 11
98.6
 21
151.0
 31
0.0
  0
LINE
  5
B4E
330
A3F
100
AcDbEntity
 67
1
  8
ESTRIBOS
 62
8
370
9
100
AcDbLine
 10
105.4
 20
131.0
 30
0.0
 11
105.4
 21
151.0
 31
0.0
  0
LINE
  5
B4F
330
A3F
100
AcDbEntity
 67
1
  8
ESTRIBOS
 62
8
370
9
100
AcDbLine
 10
109.8
 20
131.0
 30
0.0
 11
109.8
 21
151.0
 31
0.0
  0
LINE
  5
B50
330
A3F
100
AcDbEntity
 67
1
  8
ESTRIBOS
 62
8
370
9
100
AcDbLine
 10
114.2
 20
131.0
 30
0.0
 11
114.2
 21
151.0
 31
0.0
  0
LINE
  5
B51
330
A3F
100
AcDbEntity
 67
1
  8
ESTRIBOS
 62
8
370
9
100
AcDbLine
 10
118.6
 20
131.0
 30
0.0
 11
118.6
 21
151.0
 31
0.0
  0
LINE
  5
B52
330
A3F
100
AcDbEntity
 67
1
  8
ESTRIBOS
 62
8
370
9
100
AcDbLine
 10
123.0
 20
131.0
 30
0.0
 11
123.0
 21
151.0
 31
0.0
  0
LINE
  5
B53
330
A3F
100
AcDbEntity
 67
1
  8
ESTRIBOS
 62
8
370
9
100
AcDbLine
 10
127.4
 20
131.0
 30
0.0
 11
127.4
 21
151.0
 31
0.0
  0
LINE
  5
B54
330
A3F
100
AcDbEntity
 67
1
  8
ESTRIBOS
 62
8
370
9
100
AcDbLine
 10
131.8
 20
131.0
 30
0.0
 11
131.8
 21
151.0
 31
0.0
  0
LINE
  5
B55
330
A3F
100
AcDbEntity
 67
1
  8
ESTRIBOS
 62
8
370
9
100
AcDbLine
 10
136.2
 20
131.0
 30
0.0
 11
136.2
 21
151.0
 31
0.0
  0
LINE
  5
B56
330
A3F
100
AcDbEntity
 67
1
  8
ESTRIBOS
 62
8
370
9
100
AcDbLine
 10
140.6
 20
131.0
 30
0.0
 11
140.6
 21
151.0
 31
0.0
  0
LINE
  5
B57
330
A3F
100
AcDbEntity
 67
1
  8
ESTRIBOS
 62
8
370
9
100
AcDbLine
 10
145.0
 20
131.0
 30
0.0
 11
145.0
 21
151.0
 31
0.0
  0
LINE
  5
B58
330
A3F
100
AcDbEntity
 67
1
  8
ESTRIBOS
 62
8
370
9
100
AcDbLine
 10
149.4
 20
131.0
 30
0.0
 11
149.4
 21
151.0
 31
0.0
  0
LINE
  5
B59
330
A3F
100
AcDbEntity
 67
1
  8
ESTRIBOS
 62
8
370
9
100
AcDbLine
 10
153.8
 20
131.0
 30
0.0
 11
153.8
 21
151.0
 31
0.0
  0
LINE
  5
B5A
330
A3F
100
AcDbEntity
 67
1
  8
ESTRIBOS
 62
8
370
9
100
AcDbLine
 10
158.2
 20
131.0
 30
0.0
 11
158.2
 21
151.0
 31
0.0
  0
LINE
  5
B5B
330
A3F
100
AcDbEntity
 67
1
  8
ESTRIBOS
 62
8
370
9
100
AcDbLine
 10
162.6
 20
131.0
 30
0.0
 11
162.6
 21
151.0
 31
0.0
  0
LINE
  5
B5C
330
A3F
100
AcDbEntity
 67
1
  8
ESTRIBOS
 62
8
370
9
100
AcDbLine
 10
169.4
 20
131.0
 30
0.0
 11
169.4
 21
151.0
 31
0.0
  0
LINE
  5
B5D
330
A3F
100
AcDbEntity
 67
1
  8
ESTRIBOS
 62
8
370
9
100
AcDbLine
 10
173.8
 20
131.0
 30
0.0
 11
173.8
 21
151.0
 31
0.0
  0
LINE
  5
B5E
330
A3F
100
AcDbEntity
 67
1
  8
ESTRIBOS
 62
8
370
9
100
AcDbLine
 10
178.2
 20
131.0
 30
0.0
 11
178.2
 21
151.0
 31
0.0
  0
LINE
  5
B5F
330
A3F
100
AcDbEntity
 67
1
  8
ESTRIBOS
 62
8
370
9
100
AcDbLine
 10
182.6
 20
131.0
 30
0.0
 11
182.6
 21
151.0
 31
0.0
  0
LINE
  5
B60
330
A3F
100
AcDbEntity
 67
1
  8
ESTRIBOS
 62
8
370
9
100
AcDbLine
 10
187.0
 20
131.0
 30
0.0
 11
187.0
 21
151.0
 31
0.0
  0
LINE
  5
B61
330
A3F
100
AcDbEntity
 67
1
  8
ESTRIBOS
 62
8
370
9
100
AcDbLine
 10
191.4
 20
131.0
 30
0.0
 11
191.4
 21
151.0
 31
0.0
  0
LINE
  5
B62
330
A3F
100
AcDbEntity
 67
1
  8
ESTRIBOS
 62
8
370
9
100
AcDbLine
 10
195.8
 20
131.0
 30
0.0
 11
195.8
 21
151.0
 31
0.0
  0
LINE
  5
B63
330
A3F
100
AcDbEntity
 67
1
  8
ESTRIBOS
 62
8
370
9
100
AcDbLine
 10
200.2
 20
131.0
 30
0.0
 11
200.2
 21
151.0
 31
0.0
  0
LINE
  5
B64
330
A3F
100
AcDbEntity
 67
1
  8
ESTRIBOS
 62
8
370
9
100
AcDbLine
 10
204.6
 20
131.0
 30
0.0
 11
204.6
 21
151.0
 31
0.0
  0
LINE
  5
B65
330
A3F
100
AcDbEntity
 67
1
  8
ESTRIBOS
 62
8
370
9
100
AcDbLine
 10
209.0
 20
131.0
 30
0.0
 11
209.0
 21
151.0
 31
0.0
  0
TEXT
  5
B66
330
A3F
100
AcDbEntity
 67
1
  8
ESTRIBOS
 62
8
100
AcDbText
 10
134.0
 20
140.2
 30
0.0
 40
1.25
  1
Nº4 4R @110 (2h) / @110 ctr
 72
1
 11
134.0
 21
140.2
 31
0.0
100
AcDbText
 73
2
  0
LINE
  5
B67
330
A3F
100
AcDbEntity
 67
1
  8
ESTRIBOS
 62
8
370
9
100
AcDbLine
 10
213.0
 20
131.0
 30
0.0
 11
213.0
 21
151.0
 31
0.0
  0
LINE
  5
B68
330
A3F
100
AcDbEntity
 67
1
  8
ESTRIBOS
 62
8
370
9
100
AcDbLine
 10
217.4
 20
131.0
 30
0.0
 11
217.4
 21
151.0
 31
0.0
  0
LINE
  5
B69
330
A3F
100
AcDbEntity
 67
1
  8
ESTRIBOS
 62
8
370
9
100
AcDbLine
 10
221.8
 20
131.0
 30
0.0
 11
221.8
 21
151.0
 31
0.0
  0
LINE
  5
B6A
330
A3F
100
AcDbEntity
 67
1
  8
ESTRIBOS
 62
8
370
9
100
AcDbLine
 10
226.2
 20
131.0
 30
0.0
 11
226.2
 21
151.0
 31
0.0
  0
LINE
  5
B6B
330
A3F
100
AcDbEntity
 67
1
  8
ESTRIBOS
 62
8
370
9
100
AcDbLine
 10
230.6
 20
131.0
 30
0.0
 11
230.6
 21
151.0
 31
0.0
  0
LINE
  5
B6C
330
A3F
100
AcDbEntity
 67
1
  8
ESTRIBOS
 62
8
370
9
100
AcDbLine
 10
235.0
 20
131.0
 30
0.0
 11
235.0
 21
151.0
 31
0.0
  0
LINE
  5
B6D
330
A3F
100
AcDbEntity
 67
1
  8
ESTRIBOS
 62
8
370
9
100
AcDbLine
 10
239.4
 20
131.0
 30
0.0
 11
239.4
 21
151.0
 31
0.0
  0
LINE
  5
B6E
330
A3F
100
AcDbEntity
 67
1
  8
ESTRIBOS
 62
8
370
9
100
AcDbLine
 10
243.8
 20
131.0
 30
0.0
 11
243.8
 21
151.0
 31
0.0
  0
LINE
  5
B6F
330
A3F
100
AcDbEntity
 67
1
  8
ESTRIBOS
 62
8
370
9
100
AcDbLine
 10
248.2
 20
131.0
 30
0.0
 11
248.2
 21
151.0
 31
0.0
  0
LINE
  5
B70
330
A3F
100
AcDbEntity
 67
1
  8
ESTRIBOS
 62
8
370
9
100
AcDbLine
 10
252.6
 20
131.0
 30
0.0
 11
252.6
 21
151.0
 31
0.0
  0
LINE
  5
B71
330
A3F
100
AcDbEntity
 67
1
  8
ESTRIBOS
 62
8
370
9
100
AcDbLine
 10
259.4
 20
131.0
 30
0.0
 11
259.4
 21
151.0
 31
0.0
  0
LINE
  5
B72
330
A3F
100
AcDbEntity
 67
1
  8
ESTRIBOS
 62
8
370
9
100
AcDbLine
 10
263.8
 20
131.0
 30
0.0
 11
263.8
 21
151.0
 31
0.0
  0
LINE
  5
B73
330
A3F
100
AcDbEntity
 67
1
  8
ESTRIBOS
 62
8
370
9
100
AcDbLine
 10
268.2
 20
131.0
 30
0.0
 11
268.2
 21
151.0
 31
0.0
  0
LINE
  5
B74
330
A3F
100
AcDbEntity
 67
1
  8
ESTRIBOS
 62
8
370
9
100
AcDbLine
 10
272.6
 20
131.0
 30
0.0
 11
272.6
 21
151.0
 31
0.0
  0
LINE
  5
B75
330
A3F
100
AcDbEntity
 67
1
  8
ESTRIBOS
 62
8
370
9
100
AcDbLine
 10
277.0
 20
131.0
 30
0.0
 11
277.0
 21
151.0
 31
0.0
  0
LINE
  5
B76
330
A3F
100
AcDbEntity
 67
1
  8
ESTRIBOS
 62
8
370
9
100
AcDbLine
 10
281.4
 20
131.0
 30
0.0
 11
281.4
 21
151.0
 31
0.0
  0
LINE
  5
B77
330
A3F
100
AcDbEntity
 67
1
  8
ESTRIBOS
 62
8
370
9
100
AcDbLine
 10
285.8
 20
131.0
 30
0.0
 11
285.8
 21
151.0
 31
0.0
  0
LINE
  5
B78
330
A3F
100
AcDbEntity
 67
1
  8
ESTRIBOS
 62
8
370
9
100
AcDbLine
 10
290.2
 20
131.0
 30
0.0
 11
290.2
 21
151.0
 31
0.0
  0
LINE
  5
B79
330
A3F
100
AcDbEntity
 67
1
  8
ESTRIBOS
 62
8
370
9
100
AcDbLine
 10
294.6
 20
131.0
 30
0.0
 11
294.6
 21
151.0
 31
0.0
  0
LINE
  5
B7A
330
A3F
100
AcDbEntity
 67
1
  8
ESTRIBOS
 62
8
370
9
100
AcDbLine
 10
299.0
 20
131.0
 30
0.0
 11
299.0
 21
151.0
 31
0.0
  0
LINE
  5
B7B
330
A3F
100
AcDbEntity
 67
1
  8
ESTRIBOS
 62
8
370
9
100
AcDbLine
 10
303.4
 20
131.0
 30
0.0
 11
303.4
 21
151.0
 31
0.0
  0
LINE
  5
B7C
330
A3F
100
AcDbEntity
 67
1
  8
ESTRIBOS
 62
8
370
9
100
AcDbLine
 10
307.8
 20
131.0
 30
0.0
 11
307.8
 21
151.0
 31
0.0
  0
LINE
  5
B7D
330
A3F
100
AcDbEntity
 67
1
  8
ESTRIBOS
 62
8
370
9
100
AcDbLine
 10
312.2
 20
131.0
 30
0.0
 11
312.2
 21
151.0
 31
0.0
  0
LINE
  5
B7E
330
A3F
100
AcDbEntity
 67
1
  8
ESTRIBOS
 62
8
370
9
100
AcDbLine
 10
316.6
 20
131.0
 30
0.0
 11
316.6
 21
151.0
 31
0.0
  0
LINE
  5
B7F
330
A3F
100
AcDbEntity
 67
1
  8
ESTRIBOS
 62
8
370
9
100
AcDbLine
 10
321.0
 20
131.0
 30
0.0
 11
321.0
 21
151.0
 31
0.0
  0
LINE
  5
B80
330
A3F
100
AcDbEntity
 67
1
  8
ESTRIBOS
 62
8
370
9
100
AcDbLine
 10
325.4
 20
131.0
 30
0.0
 11
325.4
 21
151.0
 31
0.0
  0
LINE
  5
B81
330
A3F
100
AcDbEntity
 67
1
  8
ESTRIBOS
 62
8
370
9
100
AcDbLine
 10
329.8
 20
131.0
 30
0.0
 11
329.8
 21
151.0
 31
0.0
  0
LINE
  5
B82
330
A3F
100
AcDbEntity
 67
1
  8
ESTRIBOS
 62
8
370
9
100
AcDbLine
 10
334.2
 20
131.0
 30
0.0
 11
334.2
 21
151.0
 31
0.0
  0
LINE
  5
B83
330
A3F
100
AcDbEntity
 67
1
  8
ESTRIBOS
 62
8
370
9
100
AcDbLine
 10
338.6
 20
131.0
 30
0.0
 11
338.6
 21
151.0
 31
0.0
  0
LINE
  5
B84
330
A3F
100
AcDbEntity
 67
1
  8
ESTRIBOS
 62
8
370
9
100
AcDbLine
 10
343.0
 20
131.0
 30
0.0
 11
343.0
 21
151.0
 31
0.0
  0
LINE
  5
B85
330
A3F
100
AcDbEntity
 67
1
  8
ESTRIBOS
 62
8
370
9
100
AcDbLine
 10
347.4
 20
131.0
 30
0.0
 11
347.4
 21
151.0
 31
0.0
  0
LINE
  5
B86
330
A3F
100
AcDbEntity
 67
1
  8
ESTRIBOS
 62
8
370
9
100
AcDbLine
 10
351.8
 20
131.0
 30
0.0
 11
351.8
 21
151.0
 31
0.0
  0
LINE
  5
B87
330
A3F
100
AcDbEntity
 67
1
  8
ESTRIBOS
 62
8
370
9
100
AcDbLine
 10
356.2
 20
131.0
 30
0.0
 11
356.2
 21
151.0
 31
0.0
  0
LINE
  5
B88
330
A3F
100
AcDbEntity
 67
1
  8
ESTRIBOS
 62
8
370
9
100
AcDbLine
 10
360.6
 20
131.0
 30
0.0
 11
360.6
 21
151.0
 31
0.0
  0
LINE
  5
B89
330
A3F
100
AcDbEntity
 67
1
  8
ESTRIBOS
 62
8
370
9
100
AcDbLine
 10
365.0
 20
131.0
 30
0.0
 11
365.0
 21
151.0
 31
0.0
  0
TEXT
  5
B8A
330
A3F
100
AcDbEntity
 67
1
  8
ESTRIBOS
 62
8
100
AcDbText
 10
289.0
 20
140.2
 30
0.0
 40
1.25
  1
Nº4 4R @110 (2h) / @110 ctr
 72
1
 11
289.0
 21
140.2
 31
0.0
100
AcDbText
 73
2
  0
LINE
  5
B8B
330
A3F
100
AcDbEntity
 67
1
  8
ESTRIBOS
 62
8
370
9
100
AcDbLine
 10
369.0
 20
131.0
 30
0.0
 11
369.0
 21
151.0
 31
0.0
  0
LINE
  5
B8C
330
A3F
100
AcDbEntity
 67
1
  8
ESTRIBOS
 62
8
370
9
100
AcDbLine
 10
373.4
 20
131.0
 30
0.0
 11
373.4
 21
151.0
 31
0.0
  0
LINE
  5
B8D
330
A3F
100
AcDbEntity
 67
1
  8
ESTRIBOS
 62
8
370
9
100
AcDbLine
 10
377.8
 20
131.0
 30
0.0
 11
377.8
 21
151.0
 31
0.0
  0
LINE
  5
B8E
330
A3F
100
AcDbEntity
 67
1
  8
ESTRIBOS
 62
8
370
9
100
AcDbLine
 10
382.2
 20
131.0
 30
0.0
 11
382.2
 21
151.0
 31
0.0
  0
LINE
  5
B8F
330
A3F
100
AcDbEntity
 67
1
  8
ESTRIBOS
 62
8
370
9
100
AcDbLine
 10
386.6
 20
131.0
 30
0.0
 11
386.6
 21
151.0
 31
0.0
  0
LINE
  5
B90
330
A3F
100
AcDbEntity
 67
1
  8
ESTRIBOS
 62
8
370
9
100
AcDbLine
 10
391.0
 20
131.0
 30
0.0
 11
391.0
 21
151.0
 31
0.0
  0
LINE
  5
B91
330
A3F
100
AcDbEntity
 67
1
  8
ESTRIBOS
 62
8
370
9
100
AcDbLine
 10
395.4
 20
131.0
 30
0.0
 11
395.4
 21
151.0
 31
0.0
  0
LINE
  5
B92
330
A3F
100
AcDbEntity
 67
1
  8
ESTRIBOS
 62
8
370
9
100
AcDbLine
 10
399.8
 20
131.0
 30
0.0
 11
399.8
 21
151.0
 31
0.0
  0
LINE
  5
B93
330
A3F
100
AcDbEntity
 67
1
  8
ESTRIBOS
 62
8
370
9
100
AcDbLine
 10
404.2
 20
131.0
 30
0.0
 11
404.2
 21
151.0
 31
0.0
  0
LINE
  5
B94
330
A3F
100
AcDbEntity
 67
1
  8
ESTRIBOS
 62
8
370
9
100
AcDbLine
 10
408.6
 20
131.0
 30
0.0
 11
408.6
 21
151.0
 31
0.0
  0
LINE
  5
B95
330
A3F
100
AcDbEntity
 67
1
  8
ESTRIBOS
 62
8
370
9
100
AcDbLine
 10
415.4
 20
131.0
 30
0.0
 11
415.4
 21
151.0
 31
0.0
  0
LINE
  5
B96
330
A3F
100
AcDbEntity
 67
1
  8
ESTRIBOS
 62
8
370
9
100
AcDbLine
 10
419.8
 20
131.0
 30
0.0
 11
419.8
 21
151.0
 31
0.0
  0
LINE
  5
B97
330
A3F
100
AcDbEntity
 67
1
  8
ESTRIBOS
 62
8
370
9
100
AcDbLine
 10
424.2
 20
131.0
 30
0.0
 11
424.2
 21
151.0
 31
0.0
  0
LINE
  5
B98
330
A3F
100
AcDbEntity
 67
1
  8
ESTRIBOS
 62
8
370
9
100
AcDbLine
 10
428.6
 20
131.0
 30
0.0
 11
428.6
 21
151.0
 31
0.0
  0
LINE
  5
B99
330
A3F
100
AcDbEntity
 67
1
  8
ESTRIBOS
 62
8
370
9
100
AcDbLine
 10
433.0
 20
131.0
 30
0.0
 11
433.0
 21
151.0
 31
0.0
  0
LINE
  5
B9A
330
A3F
100
AcDbEntity
 67
1
  8
ESTRIBOS
 62
8
370
9
100
AcDbLine
 10
437.4
 20
131.0
 30
0.0
 11
437.4
 21
151.0
 31
0.0
  0
LINE
  5
B9B
330
A3F
100
AcDbEntity
 67
1
  8
ESTRIBOS
 62
8
370
9
100
AcDbLine
 10
441.8
 20
131.0
 30
0.0
 11
441.8
 21
151.0
 31
0.0
  0
LINE
  5
B9C
330
A3F
100
AcDbEntity
 67
1
  8
ESTRIBOS
 62
8
370
9
100
AcDbLine
 10
446.2
 20
131.0
 30
0.0
 11
446.2
 21
151.0
 31
0.0
  0
LINE
  5
B9D
330
A3F
100
AcDbEntity
 67
1
  8
ESTRIBOS
 62
8
370
9
100
AcDbLine
 10
450.6
 20
131.0
 30
0.0
 11
450.6
 21
151.0
 31
0.0
  0
LINE
  5
B9E
330
A3F
100
AcDbEntity
 67
1
  8
ESTRIBOS
 62
8
370
9
100
AcDbLine
 10
455.0
 20
131.0
 30
0.0
 11
455.0
 21
151.0
 31
0.0
  0
LINE
  5
B9F
330
A3F
100
AcDbEntity
 67
1
  8
ESTRIBOS
 62
8
370
9
100
AcDbLine
 10
459.4
 20
131.0
 30
0.0
 11
459.4
 21
151.0
 31
0.0
  0
LINE
  5
BA0
330
A3F
100
AcDbEntity
 67
1
  8
ESTRIBOS
 62
8
370
9
100
AcDbLine
 10
463.8
 20
131.0
 30
0.0
 11
463.8
 21
151.0
 31
0.0
  0
LINE
  5
BA1
330
A3F
100
AcDbEntity
 67
1
  8
ESTRIBOS
 62
8
370
9
100
AcDbLine
 10
468.2
 20
131.0
 30
0.0
 11
468.2
 21
151.0
 31
0.0
  0
LINE
  5
BA2
330
A3F
100
AcDbEntity
 67
1
  8
ESTRIBOS
 62
8
370
9
100
AcDbLine
 10
472.6
 20
131.0
 30
0.0
 11
472.6
 21
151.0
 31
0.0
  0
LINE
  5
BA3
330
A3F
100
AcDbEntity
 67
1
  8
ESTRIBOS
 62
8
370
9
100
AcDbLine
 10
477.0
 20
131.0
 30
0.0
 11
477.0
 21
151.0
 31
0.0
  0
LINE
  5
BA4
330
A3F
100
AcDbEntity
 67
1
  8
ESTRIBOS
 62
8
370
9
100
AcDbLine
 10
481.4
 20
131.0
 30
0.0
 11
481.4
 21
151.0
 31
0.0
  0
LINE
  5
BA5
330
A3F
100
AcDbEntity
 67
1
  8
ESTRIBOS
 62
8
370
9
100
AcDbLine
 10
485.8
 20
131.0
 30
0.0
 11
485.8
 21
151.0
 31
0.0
  0
LINE
  5
BA6
330
A3F
100
AcDbEntity
 67
1
  8
ESTRIBOS
 62
8
370
9
100
AcDbLine
 10
490.2
 20
131.0
 30
0.0
 11
490.2
 21
151.0
 31
0.0
  0
LINE
  5
BA7
330
A3F
100
AcDbEntity
 67
1
  8
ESTRIBOS
 62
8
370
9
100
AcDbLine
 10
494.6
 20
131.0
 30
0.0
 11
494.6
 21
151.0
 31
0.0
  0
LINE
  5
BA8
330
A3F
100
AcDbEntity
 67
1
  8
ESTRIBOS
 62
8
370
9
100
AcDbLine
 10
499.0
 20
131.0
 30
0.0
 11
499.0
 21
151.0
 31
0.0
  0
LINE
  5
BA9
330
A3F
100
AcDbEntity
 67
1
  8
ESTRIBOS
 62
8
370
9
100
AcDbLine
 10
503.4
 20
131.0
 30
0.0
 11
503.4
 21
151.0
 31
0.0
  0
LINE
  5
BAA
330
A3F
100
AcDbEntity
 67
1
  8
ESTRIBOS
 62
8
370
9
100
AcDbLine
 10
507.8
 20
131.0
 30
0.0
 11
507.8
 21
151.0
 31
0.0
  0
LINE
  5
BAB
330
A3F
100
AcDbEntity
 67
1
  8
ESTRIBOS
 62
8
370
9
100
AcDbLine
 10
512.2
 20
131.0
 30
0.0
 11
512.2
 21
151.0
 31
0.0
  0
LINE
  5
BAC
330
A3F
100
AcDbEntity
 67
1
  8
ESTRIBOS
 62
8
370
9
100
AcDbLine
 10
516.6
 20
131.0
 30
0.0
 11
516.6
 21
151.0
 31
0.0
  0
LINE
  5
BAD
330
A3F
100
AcDbEntity
 67
1
  8
ESTRIBOS
 62
8
370
9
100
AcDbLine
 10
521.0
 20
131.0
 30
0.0
 11
521.0
 21
151.0
 31
0.0
  0
TEXT
  5
BAE
330
A3F
100
AcDbEntity
 67
1
  8
ESTRIBOS
 62
8
100
AcDbText
 10
445.0
 20
140.2
 30
0.0
 40
1.25
  1
Nº4 4R @110 (2h) / @110 ctr
 72
1
 11
445.0
 21
140.2
 31
0.0
100
AcDbText
 73
2
  0
LINE
  5
BAF
330
A3F
100
AcDbEntity
 67
1
  8
ESTRIBOS
 62
8
370
9
100
AcDbLine
 10
525.0
 20
131.0
 30
0.0
 11
525.0
 21
151.0
 31
0.0
  0
LINE
  5
BB0
330
A3F
100
AcDbEntity
 67
1
  8
ESTRIBOS
 62
8
370
9
100
AcDbLine
 10
529.4
 20
131.0
 30
0.0
 11
529.4
 21
151.0
 31
0.0
  0
LINE
  5
BB1
330
A3F
100
AcDbEntity
 67
1
  8
ESTRIBOS
 62
8
370
9
100
AcDbLine
 10
533.8
 20
131.0
 30
0.0
 11
533.8
 21
151.0
 31
0.0
  0
LINE
  5
BB2
330
A3F
100
AcDbEntity
 67
1
  8
ESTRIBOS
 62
8
370
9
100
AcDbLine
 10
538.2
 20
131.0
 30
0.0
 11
538.2
 21
151.0
 31
0.0
  0
LINE
  5
BB3
330
A3F
100
AcDbEntity
 67
1
  8
ESTRIBOS
 62
8
370
9
100
AcDbLine
 10
542.6
 20
131.0
 30
0.0
 11
542.6
 21
151.0
 31
0.0
  0
LINE
  5
BB4
330
A3F
100
AcDbEntity
 67
1
  8
ESTRIBOS
 62
8
370
9
100
AcDbLine
 10
547.0
 20
131.0
 30
0.0
 11
547.0
 21
151.0
 31
0.0
  0
LINE
  5
BB5
330
A3F
100
AcDbEntity
 67
1
  8
ESTRIBOS
 62
8
370
9
100
AcDbLine
 10
551.4
 20
131.0
 30
0.0
 11
551.4
 21
151.0
 31
0.0
  0
LINE
  5
BB6
330
A3F
100
AcDbEntity
 67
1
  8
ESTRIBOS
 62
8
370
9
100
AcDbLine
 10
555.8
 20
131.0
 30
0.0
 11
555.8
 21
151.0
 31
0.0
  0
LINE
  5
BB7
330
A3F
100
AcDbEntity
 67
1
  8
ESTRIBOS
 62
8
370
9
100
AcDbLine
 10
560.2
 20
131.0
 30
0.0
 11
560.2
 21
151.0
 31
0.0
  0
LINE
  5
BB8
330
A3F
100
AcDbEntity
 67
1
  8
ESTRIBOS
 62
8
370
9
100
AcDbLine
 10
564.6
 20
131.0
 30
0.0
 11
564.6
 21
151.0
 31
0.0
  0
LINE
  5
BB9
330
A3F
100
AcDbEntity
 67
1
  8
ESTRIBOS
 62
8
370
9
100
AcDbLine
 10
571.4
 20
131.0
 30
0.0
 11
571.4
 21
151.0
 31
0.0
  0
LINE
  5
BBA
330
A3F
100
AcDbEntity
 67
1
  8
ESTRIBOS
 62
8
370
9
100
AcDbLine
 10
575.8
 20
131.0
 30
0.0
 11
575.8
 21
151.0
 31
0.0
  0
LINE
  5
BBB
330
A3F
100
AcDbEntity
 67
1
  8
ESTRIBOS
 62
8
370
9
100
AcDbLine
 10
580.2
 20
131.0
 30
0.0
 11
580.2
 21
151.0
 31
0.0
  0
LINE
  5
BBC
330
A3F
100
AcDbEntity
 67
1
  8
ESTRIBOS
 62
8
370
9
100
AcDbLine
 10
584.6
 20
131.0
 30
0.0
 11
584.6
 21
151.0
 31
0.0
  0
LINE
  5
BBD
330
A3F
100
AcDbEntity
 67
1
  8
ESTRIBOS
 62
8
370
9
100
AcDbLine
 10
589.0
 20
131.0
 30
0.0
 11
589.0
 21
151.0
 31
0.0
  0
LINE
  5
BBE
330
A3F
100
AcDbEntity
 67
1
  8
ESTRIBOS
 62
8
370
9
100
AcDbLine
 10
593.4
 20
131.0
 30
0.0
 11
593.4
 21
151.0
 31
0.0
  0
LINE
  5
BBF
330
A3F
100
AcDbEntity
 67
1
  8
ESTRIBOS
 62
8
370
9
100
AcDbLine
 10
597.8
 20
131.0
 30
0.0
 11
597.8
 21
151.0
 31
0.0
  0
LINE
  5
BC0
330
A3F
100
AcDbEntity
 67
1
  8
ESTRIBOS
 62
8
370
9
100
AcDbLine
 10
602.2
 20
131.0
 30
0.0
 11
602.2
 21
151.0
 31
0.0
  0
LINE
  5
BC1
330
A3F
100
AcDbEntity
 67
1
  8
ESTRIBOS
 62
8
370
9
100
AcDbLine
 10
606.6
 20
131.0
 30
0.0
 11
606.6
 21
151.0
 31
0.0
  0
LINE
  5
BC2
330
A3F
100
AcDbEntity
 67
1
  8
ESTRIBOS
 62
8
370
9
100
AcDbLine
 10
611.0
 20
131.0
 30
0.0
 11
611.0
 21
151.0
 31
0.0
  0
LINE
  5
BC3
330
A3F
100
AcDbEntity
 67
1
  8
ESTRIBOS
 62
8
370
9
100
AcDbLine
 10
615.4
 20
131.0
 30
0.0
 11
615.4
 21
151.0
 31
0.0
  0
LINE
  5
BC4
330
A3F
100
AcDbEntity
 67
1
  8
ESTRIBOS
 62
8
370
9
100
AcDbLine
 10
619.8
 20
131.0
 30
0.0
 11
619.8
 21
151.0
 31
0.0
  0
LINE
  5
BC5
330
A3F
100
AcDbEntity
 67
1
  8
ESTRIBOS
 62
8
370
9
100
AcDbLine
 10
624.2
 20
131.0
 30
0.0
 11
624.2
 21
151.0
 31
0.0
  0
LINE
  5
BC6
330
A3F
100
AcDbEntity
 67
1
  8
ESTRIBOS
 62
8
370
9
100
AcDbLine
 10
628.6
 20
131.0
 30
0.0
 11
628.6
 21
151.0
 31
0.0
  0
LINE
  5
BC7
330
A3F
100
AcDbEntity
 67
1
  8
ESTRIBOS
 62
8
370
9
100
AcDbLine
 10
635.4
 20
131.0
 30
0.0
 11
635.4
 21
151.0
 31
0.0
  0
LINE
  5
BC8
330
A3F
100
AcDbEntity
 67
1
  8
ESTRIBOS
 62
8
370
9
100
AcDbLine
 10
639.8
 20
131.0
 30
0.0
 11
639.8
 21
151.0
 31
0.0
  0
LINE
  5
BC9
330
A3F
100
AcDbEntity
 67
1
  8
ESTRIBOS
 62
8
370
9
100
AcDbLine
 10
644.2
 20
131.0
 30
0.0
 11
644.2
 21
151.0
 31
0.0
  0
LINE
  5
BCA
330
A3F
100
AcDbEntity
 67
1
  8
ESTRIBOS
 62
8
370
9
100
AcDbLine
 10
648.6
 20
131.0
 30
0.0
 11
648.6
 21
151.0
 31
0.0
  0
LINE
  5
BCB
330
A3F
100
AcDbEntity
 67
1
  8
ESTRIBOS
 62
8
370
9
100
AcDbLine
 10
653.0
 20
131.0
 30
0.0
 11
653.0
 21
151.0
 31
0.0
  0
LINE
  5
BCC
330
A3F
100
AcDbEntity
 67
1
  8
ESTRIBOS
 62
8
370
9
100
AcDbLine
 10
657.4
 20
131.0
 30
0.0
 11
657.4
 21
151.0
 31
0.0
  0
LINE
  5
BCD
330
A3F
100
AcDbEntity
 67
1
  8
ESTRIBOS
 62
8
370
9
100
AcDbLine
 10
661.8
 20
131.0
 30
0.0
 11
661.8
 21
151.0
 31
0.0
  0
LINE
  5
BCE
330
A3F
100
AcDbEntity
 67
1
  8
ESTRIBOS
 62
8
370
9
100
AcDbLine
 10
666.2
 20
131.0
 30
0.0
 11
666.2
 21
151.0
 31
0.0
  0
LINE
  5
BCF
330
A3F
100
AcDbEntity
 67
1
  8
ESTRIBOS
 62
8
370
9
100
AcDbLine
 10
670.6
 20
131.0
 30
0.0
 11
670.6
 21
151.0
 31
0.0
  0
LINE
  5
BD0
330
A3F
100
AcDbEntity
 67
1
  8
ESTRIBOS
 62
8
370
9
100
AcDbLine
 10
675.0
 20
131.0
 30
0.0
 11
675.0
 21
151.0
 31
0.0
  0
TEXT
  5
BD1
330
A3F
100
AcDbEntity
 67
1
  8
ESTRIBOS
 62
8
100
AcDbText
 10
600.0
 20
140.2
 30
0.0
 40
1.25
  1
Nº4 4R @110 (2h) / @110 ctr
 72
1
 11
600.0
 21
140.2
 31
0.0
100
AcDbText
 73
2
  0
LWPOLYLINE
  5
BD2
330
A3F
100
AcDbEntity
 67
1
  8
ACERO_SUP_CONT
 62
4
370
35
100
AcDbPolyline
 90
4
 70
0
 10
57.0
 20
144.0
 10
57.0
 20
150.0
 10
677.0
 20
150.0
 10
677.0
 20
144.0
  0
TEXT
  5
BD3
330
A3F
100
AcDbEntity
 67
1
  8
ACERO_SUP_CONT
 62
4
100
AcDbText
 10
367.0
 20
153.0
 30
0.0
 40
1.55
  1
M1  2#5 CONT.  Lc=15510 mm
 72
1
 11
367.0
 21
153.0
 31
0.0
100
AcDbText
 73
2
  0
LWPOLYLINE
  5
BD4
330
A3F
100
AcDbEntity
 67
1
  8
ACERO_SUP_APOYO
 62
5
370
30
100
AcDbPolyline
 90
3
 70
0
 10
44.8
 20
142.5
 10
44.8
 20
147.5
 10
95.5
 20
147.5
  0
TEXT
  5
BD5
330
A3F
100
AcDbEntity
 67
1
  8
ACERO_SUP_APOYO
 62
5
100
AcDbText
 10
57.0
 20
148.7
 30
0.0
 40
1.15
  1
M2 3#5 L=1118
 72
1
 11
57.0
 21
148.7
 31
0.0
100
AcDbText
 73
2
  0
LWPOLYLINE
  5
BD6
330
A3F
100
AcDbEntity
 67
1
  8
ACERO_SUP_APOYO
 62
5
370
30
100
AcDbPolyline
 90
2
 70
0
 10
172.5
 20
145.3
 10
250.0
 20
145.3
  0
TEXT
  5
BD7
330
A3F
100
AcDbEntity
 67
1
  8
ACERO_SUP_APOYO
 62
5
100
AcDbText
 10
211.0
 20
146.5
 30
0.0
 40
1.15
  1
M2 3#5 L=2438
 72
1
 11
211.0
 21
146.5
 31
0.0
100
AcDbText
 73
2
  0
LWPOLYLINE
  5
BD8
330
A3F
100
AcDbEntity
 67
1
  8
ACERO_SUP_APOYO
 62
5
370
30
100
AcDbPolyline
 90
2
 70
0
 10
328.0
 20
147.5
 10
406.0
 20
147.5
  0
TEXT
  5
BD9
330
A3F
100
AcDbEntity
 67
1
  8
ACERO_SUP_APOYO
 62
5
100
AcDbText
 10
367.0
 20
148.7
 30
0.0
 40
1.15
  1
M2 3#5 L=2450
 72
1
 11
367.0
 21
148.7
 31
0.0
100
AcDbText
 73
2
  0
LWPOLYLINE
  5
BDA
330
A3F
100
AcDbEntity
 67
1
  8
ACERO_SUP_APOYO
 62
5
370
30
100
AcDbPolyline
 90
2
 70
0
 10
484.0
 20
145.3
 10
561.5
 20
145.3
  0
TEXT
  5
BDB
330
A3F
100
AcDbEntity
 67
1
  8
ACERO_SUP_APOYO
 62
5
100
AcDbText
 10
523.0
 20
146.5
 30
0.0
 40
1.15
  1
M2 3#5 L=2438
 72
1
 11
523.0
 21
146.5
 31
0.0
100
AcDbText
 73
2
  0
LWPOLYLINE
  5
BDC
330
A3F
100
AcDbEntity
 67
1
  8
ACERO_SUP_APOYO
 62
5
370
30
100
AcDbPolyline
 90
3
 70
0
 10
638.5
 20
147.5
 10
689.2
 20
147.5
 10
689.2
 20
142.5
  0
TEXT
  5
BDD
330
A3F
100
AcDbEntity
 67
1
  8
ACERO_SUP_APOYO
 62
5
100
AcDbText
 10
677.0
 20
148.7
 30
0.0
 40
1.15
  1
M2 3#5 L=1118
 72
1
 11
677.0
 21
148.7
 31
0.0
100
AcDbText
 73
2
  0
LWPOLYLINE
  5
BDE
330
A3F
100
AcDbEntity
 67
1
  8
ACERO_INF
 62
1
370
35
100
AcDbPolyline
 90
4
 70
0
 10
59.0
 20
137.0
 10
59.0
 20
132.0
 10
209.0
 20
132.0
 10
209.0
 20
137.0
  0
TEXT
  5
BDF
330
A3F
100
AcDbEntity
 67
1
  8
ACERO_INF
 62
1
100
AcDbText
 10
134.0
 20
129.9
 30
0.0
 40
1.2
  1
M3 5#5 L=3860
 72
1
 11
134.0
 21
129.9
 31
0.0
100
AcDbText
 73
2
  0
LWPOLYLINE
  5
BE0
330
A3F
100
AcDbEntity
 67
1
  8
ACERO_INF
 62
1
370
35
100
AcDbPolyline
 90
4
 70
0
 10
213.0
 20
138.8
 10
213.0
 20
133.8
 10
365.0
 20
133.8
 10
365.0
 20
138.8
  0
TEXT
  5
BE1
330
A3F
100
AcDbEntity
 67
1
  8
ACERO_INF
 62
1
100
AcDbText
 10
289.0
 20
131.70000000000002
 30
0.0
 40
1.2
  1
M3 5#5 L=3910
 72
1
 11
289.0
 21
131.70000000000002
 31
0.0
100
AcDbText
 73
2
  0
LWPOLYLINE
  5
BE2
330
A3F
100
AcDbEntity
 67
1
  8
ACERO_INF
 62
1
370
35
100
AcDbPolyline
 90
4
 70
0
 10
369.0
 20
137.0
 10
369.0
 20
132.0
 10
521.0
 20
132.0
 10
521.0
 20
137.0
  0
TEXT
  5
BE3
330
A3F
100
AcDbEntity
 67
1
  8
ACERO_INF
 62
1
100
AcDbText
 10
445.0
 20
129.9
 30
0.0
 40
1.2
  1
M3 5#5 L=3910
 72
1
 11
445.0
 21
129.9
 31
0.0
100
AcDbText
 73
2
  0
LWPOLYLINE
  5
BE4
330
A3F
100
AcDbEntity
 67
1
  8
ACERO_INF
 62
1
370
35
100
AcDbPolyline
 90
4
 70
0
 10
525.0
 20
138.8
 10
525.0
 20
133.8
 10
675.0
 20
133.8
 10
675.0
 20
138.8
  0
TEXT
  5
BE5
330
A3F
100
AcDbEntity
 67
1
  8
ACERO_INF
 62
1
100
AcDbText
 10
600.0
 20
131.70000000000002
 30
0.0
 40
1.2
  1
M3 5#5 L=3860
 72
1
 11
600.0
 21
131.70000000000002
 31
0.0
100
AcDbText
 73
2
  0
LWPOLYLINE
  5
BE6
330
A3F
100
AcDbEntity
 67
1
  8
ACERO_TORSION
 62
30
370
30
100
AcDbPolyline
 90
2
 70
0
 10
58.0
 20
143.4
 10
676.0
 20
143.4
  0
TEXT
  5
BE7
330
A3F
100
AcDbEntity
 67
1
  8
ACERO_TORSION
 62
30
100
AcDbText
 10
367.0
 20
145.0
 30
0.0
 40
1.15
  1
M4 12#5 TORSIÓN DEDICADA
 72
1
 11
367.0
 21
145.0
 31
0.0
100
AcDbText
 73
2
  0
LINE
  5
BE8
330
A3F
100
AcDbEntity
 67
1
  8
CORTE
 62
6
370
13
100
AcDbLine
 10
211.0
 20
127.5
 30
0.0
 11
211.0
 21
154.5
 31
0.0
  0
TEXT
  5
BE9
330
A3F
100
AcDbEntity
 67
1
  8
CORTE
 62
6
100
AcDbText
 10
211.0
 20
157.2
 30
0.0
 40
1.5
  1
A
 72
1
 11
211.0
 21
157.2
 31
0.0
100
AcDbText
 73
2
  0
LINE
  5
BEA
330
A3F
100
AcDbEntity
 67
1
  8
CORTE
 62
6
370
13
100
AcDbLine
 10
289.0
 20
127.5
 30
0.0
 11
289.0
 21
154.5
 31
0.0
  0
TEXT
  5
BEB
330
A3F
100
AcDbEntity
 67
1
  8
CORTE
 62
6
100
AcDbText
 10
289.0
 20
157.2
 30
0.0
 40
1.5
  1
B
 72
1
 11
289.0
 21
157.2
 31
0.0
100
AcDbText
 73
2
  0
LINE
  5
BEC
330
A3F
100
AcDbEntity
 67
1
  8
CORTE
 62
6
370
13
100
AcDbLine
 10
523.0
 20
127.5
 30
0.0
 11
523.0
 21
154.5
 31
0.0
  0
TEXT
  5
BED
330
A3F
100
AcDbEntity
 67
1
  8
CORTE
 62
6
100
AcDbText
 10
523.0
 20
157.2
 30
0.0
 40
1.5
  1
C
 72
1
 11
523.0
 21
157.2
 31
0.0
100
AcDbText
 73
2
  0
LINE
  5
BEE
330
A3F
100
AcDbEntity
 67
1
  8
COTAS
 62
3
370
13
100
AcDbLine
 10
57.0
 20
120.0
 30
0.0
 11
211.0
 21
120.0
 31
0.0
  0
LINE
  5
BEF
330
A3F
100
AcDbEntity
 67
1
  8
COTAS
 62
3
370
13
100
AcDbLine
 10
57.0
 20
118.8
 30
0.0
 11
57.0
 21
121.2
 31
0.0
  0
LINE
  5
BF0
330
A3F
100
AcDbEntity
 67
1
  8
COTAS
 62
3
370
13
100
AcDbLine
 10
211.0
 20
118.8
 30
0.0
 11
211.0
 21
121.2
 31
0.0
  0
TEXT
  5
BF1
330
A3F
100
AcDbEntity
 67
1
  8
COTAS
 62
3
100
AcDbText
 10
134.0
 20
121.0
 30
0.0
 40
1.3
  1
3.850 m
 72
1
 11
134.0
 21
121.0
 31
0.0
100
AcDbText
 73
2
  0
TEXT
  5
BF2
330
A3F
100
AcDbEntity
 67
1
  8
TEXTO
 62
7
100
AcDbText
 10
134.0
 20
117.3
 30
0.0
 40
1.1
  1
F79
 72
1
 11
134.0
 21
117.3
 31
0.0
100
AcDbText
 73
2
  0
LINE
  5
BF3
330
A3F
100
AcDbEntity
 67
1
  8
COTAS
 62
3
370
13
100
AcDbLine
 10
211.0
 20
120.0
 30
0.0
 11
367.0
 21
120.0
 31
0.0
  0
LINE
  5
BF4
330
A3F
100
AcDbEntity
 67
1
  8
COTAS
 62
3
370
13
100
AcDbLine
 10
211.0
 20
118.8
 30
0.0
 11
211.0
 21
121.2
 31
0.0
  0
LINE
  5
BF5
330
A3F
100
AcDbEntity
 67
1
  8
COTAS
 62
3
370
13
100
AcDbLine
 10
367.0
 20
118.8
 30
0.0
 11
367.0
 21
121.2
 31
0.0
  0
TEXT
  5
BF6
330
A3F
100
AcDbEntity
 67
1
  8
COTAS
 62
3
100
AcDbText
 10
289.0
 20
121.0
 30
0.0
 40
1.3
  1
3.900 m
 72
1
 11
289.0
 21
121.0
 31
0.0
100
AcDbText
 73
2
  0
TEXT
  5
BF7
330
A3F
100
AcDbEntity
 67
1
  8
TEXTO
 62
7
100
AcDbText
 10
289.0
 20
117.3
 30
0.0
 40
1.1
  1
F80
 72
1
 11
289.0
 21
117.3
 31
0.0
100
AcDbText
 73
2
  0
LINE
  5
BF8
330
A3F
100
AcDbEntity
 67
1
  8
COTAS
 62
3
370
13
100
AcDbLine
 10
367.0
 20
120.0
 30
0.0
 11
523.0
 21
120.0
 31
0.0
  0
LINE
  5
BF9
330
A3F
100
AcDbEntity
 67
1
  8
COTAS
 62
3
370
13
100
AcDbLine
 10
367.0
 20
118.8
 30
0.0
 11
367.0
 21
121.2
 31
0.0
  0
LINE
  5
BFA
330
A3F
100
AcDbEntity
 67
1
  8
COTAS
 62
3
370
13
100
AcDbLine
 10
523.0
 20
118.8
 30
0.0
 11
523.0
 21
121.2
 31
0.0
  0
TEXT
  5
BFB
330
A3F
100
AcDbEntity
 67
1
  8
COTAS
 62
3
100
AcDbText
 10
445.0
 20
121.0
 30
0.0
 40
1.3
  1
3.900 m
 72
1
 11
445.0
 21
121.0
 31
0.0
100
AcDbText
 73
2
  0
TEXT
  5
BFC
330
A3F
100
AcDbEntity
 67
1
  8
TEXTO
 62
7
100
AcDbText
 10
445.0
 20
117.3
 30
0.0
 40
1.1
  1
F81
 72
1
 11
445.0
 21
117.3
 31
0.0
100
AcDbText
 73
2
  0
LINE
  5
BFD
330
A3F
100
AcDbEntity
 67
1
  8
COTAS
 62
3
370
13
100
AcDbLine
 10
523.0
 20
120.0
 30
0.0
 11
677.0
 21
120.0
 31
0.0
  0
LINE
  5
BFE
330
A3F
100
AcDbEntity
 67
1
  8
COTAS
 62
3
370
13
100
AcDbLine
 10
523.0
 20
118.8
 30
0.0
 11
523.0
 21
121.2
 31
0.0
  0
LINE
  5
BFF
330
A3F
100
AcDbEntity
 67
1
  8
COTAS
 62
3
370
13
100
AcDbLine
 10
677.0
 20
118.8
 30
0.0
 11
677.0
 21
121.2
 31
0.0
  0
TEXT
  5
C00
330
A3F
100
AcDbEntity
 67
1
  8
COTAS
 62
3
100
AcDbText
 10
600.0
 20
121.0
 30
0.0
 40
1.3
  1
3.850 m
 72
1
 11
600.0
 21
121.0
 31
0.0
100
AcDbText
 73
2
  0
TEXT
  5
C01
330
A3F
100
AcDbEntity
 67
1
  8
TEXTO
 62
7
100
AcDbText
 10
600.0
 20
117.3
 30
0.0
 40
1.1
  1
F82
 72
1
 11
600.0
 21
117.3
 31
0.0
100
AcDbText
 73
2
  0
LINE
  5
C02
330
A3F
100
AcDbEntity
 67
1
  8
COTAS
 62
3
370
13
100
AcDbLine
 10
57.0
 20
114.0
 30
0.0
 11
677.0
 21
114.0
 31
0.0
  0
LINE
  5
C03
330
A3F
100
AcDbEntity
 67
1
  8
COTAS
 62
3
370
13
100
AcDbLine
 10
57.0
 20
112.8
 30
0.0
 11
57.0
 21
115.2
 31
0.0
  0
LINE
  5
C04
330
A3F
100
AcDbEntity
 67
1
  8
COTAS
 62
3
370
13
100
AcDbLine
 10
677.0
 20
112.8
 30
0.0
 11
677.0
 21
115.2
 31
0.0
  0
TEXT
  5
C05
330
A3F
100
AcDbEntity
 67
1
  8
COTAS
 62
3
100
AcDbText
 10
367.0
 20
115.0
 30
0.0
 40
1.5
  1
TOTAL SAP I-J = 15.500 m
 72
1
 11
367.0
 21
115.0
 31
0.0
100
AcDbText
 73
2
  0
TEXT
  5
C06
330
A3F
100
AcDbEntity
 67
1
  8
TEXTO
 62
7
100
AcDbText
 10
677.0
 20
104.0
 30
0.0
 40
1.35
  1
ESC. H 1:25 | V 1:25 | Ejes/tramos obtenidos de SAP
 72
2
 11
677.0
 21
104.0
 31
0.0
100
AcDbText
  0
LWPOLYLINE
  5
C07
330
A3F
100
AcDbEntity
 67
1
  8
CONTORNO
 62
7
370
20
100
AcDbPolyline
 90
4
 70
1
 10
193.75
 20
49.25
 10
216.25
 20
49.25
 10
216.25
 20
76.75
 10
193.75
 20
76.75
  0
LWPOLYLINE
  5
C08
330
A3F
100
AcDbEntity
 67
1
  8
ESTRIBOS
 62
8
370
18
100
AcDbPolyline
 90
4
 70
1
 10
195.75
 20
51.25
 10
214.25
 20
51.25
 10
214.25
 20
74.75
 10
195.75
 20
74.75
  0
LINE
  5
C09
330
A3F
100
AcDbEntity
 67
1
  8
ESTRIBOS
 62
8
370
13
100
AcDbLine
 10
201.25
 20
51.25
 30
0.0
 11
201.25
 21
74.75
 31
0.0
  0
LINE
  5
C0A
330
A3F
100
AcDbEntity
 67
1
  8
ESTRIBOS
 62
8
370
13
100
AcDbLine
 10
208.75
 20
51.25
 30
0.0
 11
208.75
 21
74.75
 31
0.0
  0
CIRCLE
  5
C0B
330
A3F
100
AcDbEntity
 67
1
  8
ACERO_SUP_CONT
 62
4
100
AcDbCircle
 10
197.0
 20
73.7175
 30
0.0
 40
0.55
  0
CIRCLE
  5
C0C
330
A3F
100
AcDbEntity
 67
1
  8
ACERO_SUP_CONT
 62
4
100
AcDbCircle
 10
201.0
 20
73.7175
 30
0.0
 40
0.55
  0
CIRCLE
  5
C0D
330
A3F
100
AcDbEntity
 67
1
  8
ACERO_SUP_CONT
 62
4
100
AcDbCircle
 10
205.0
 20
73.7175
 30
0.0
 40
0.55
  0
CIRCLE
  5
C0E
330
A3F
100
AcDbEntity
 67
1
  8
ACERO_SUP_CONT
 62
4
100
AcDbCircle
 10
209.0
 20
73.7175
 30
0.0
 40
0.55
  0
CIRCLE
  5
C0F
330
A3F
100
AcDbEntity
 67
1
  8
ACERO_SUP_CONT
 62
4
100
AcDbCircle
 10
213.0
 20
73.7175
 30
0.0
 40
0.55
  0
CIRCLE
  5
C10
330
A3F
100
AcDbEntity
 67
1
  8
ACERO_INF
 62
1
100
AcDbCircle
 10
197.0
 20
52.2825
 30
0.0
 40
0.55
  0
CIRCLE
  5
C11
330
A3F
100
AcDbEntity
 67
1
  8
ACERO_INF
 62
1
100
AcDbCircle
 10
201.0
 20
52.2825
 30
0.0
 40
0.55
  0
CIRCLE
  5
C12
330
A3F
100
AcDbEntity
 67
1
  8
ACERO_INF
 62
1
100
AcDbCircle
 10
205.0
 20
52.2825
 30
0.0
 40
0.55
  0
CIRCLE
  5
C13
330
A3F
100
AcDbEntity
 67
1
  8
ACERO_INF
 62
1
100
AcDbCircle
 10
209.0
 20
52.2825
 30
0.0
 40
0.55
  0
CIRCLE
  5
C14
330
A3F
100
AcDbEntity
 67
1
  8
ACERO_INF
 62
1
100
AcDbCircle
 10
213.0
 20
52.2825
 30
0.0
 40
0.55
  0
CIRCLE
  5
C15
330
A3F
100
AcDbEntity
 67
1
  8
ACERO_TORSION
 62
30
100
AcDbCircle
 10
201.625
 20
54.75
 30
0.0
 40
0.48
  0
CIRCLE
  5
C16
330
A3F
100
AcDbEntity
 67
1
  8
ACERO_TORSION
 62
30
100
AcDbCircle
 10
201.625
 20
71.25
 30
0.0
 40
0.48
  0
CIRCLE
  5
C17
330
A3F
100
AcDbEntity
 67
1
  8
ACERO_TORSION
 62
30
100
AcDbCircle
 10
205.0
 20
54.75
 30
0.0
 40
0.48
  0
CIRCLE
  5
C18
330
A3F
100
AcDbEntity
 67
1
  8
ACERO_TORSION
 62
30
100
AcDbCircle
 10
205.0
 20
71.25
 30
0.0
 40
0.48
  0
CIRCLE
  5
C19
330
A3F
100
AcDbEntity
 67
1
  8
ACERO_TORSION
 62
30
100
AcDbCircle
 10
208.375
 20
54.75
 30
0.0
 40
0.48
  0
CIRCLE
  5
C1A
330
A3F
100
AcDbEntity
 67
1
  8
ACERO_TORSION
 62
30
100
AcDbCircle
 10
208.375
 20
71.25
 30
0.0
 40
0.48
  0
CIRCLE
  5
C1B
330
A3F
100
AcDbEntity
 67
1
  8
ACERO_TORSION
 62
30
100
AcDbCircle
 10
198.25
 20
58.875
 30
0.0
 40
0.48
  0
CIRCLE
  5
C1C
330
A3F
100
AcDbEntity
 67
1
  8
ACERO_TORSION
 62
30
100
AcDbCircle
 10
211.75
 20
58.875
 30
0.0
 40
0.48
  0
CIRCLE
  5
C1D
330
A3F
100
AcDbEntity
 67
1
  8
ACERO_TORSION
 62
30
100
AcDbCircle
 10
198.25
 20
63.0
 30
0.0
 40
0.48
  0
CIRCLE
  5
C1E
330
A3F
100
AcDbEntity
 67
1
  8
ACERO_TORSION
 62
30
100
AcDbCircle
 10
211.75
 20
63.0
 30
0.0
 40
0.48
  0
CIRCLE
  5
C1F
330
A3F
100
AcDbEntity
 67
1
  8
ACERO_TORSION
 62
30
100
AcDbCircle
 10
198.25
 20
67.125
 30
0.0
 40
0.48
  0
CIRCLE
  5
C20
330
A3F
100
AcDbEntity
 67
1
  8
ACERO_TORSION
 62
30
100
AcDbCircle
 10
211.75
 20
67.125
 30
0.0
 40
0.48
  0
TEXT
  5
C21
330
A3F
100
AcDbEntity
 67
1
  8
TEXTO
 62
7
100
AcDbText
 10
205.0
 20
46.15
 30
0.0
 40
1.55
  1
A-A APOYO
 72
1
 11
205.0
 21
46.15
 31
0.0
100
AcDbText
 73
2
  0
TEXT
  5
C22
330
A3F
100
AcDbEntity
 67
1
  8
TEXTO
 62
7
100
AcDbText
 10
205.0
 20
43.65
 30
0.0
 40
1.25
  1
450x550 | 1:20
 72
1
 11
205.0
 21
43.65
 31
0.0
100
AcDbText
 73
2
  0
LWPOLYLINE
  5
C23
330
A3F
100
AcDbEntity
 67
1
  8
CONTORNO
 62
7
370
20
100
AcDbPolyline
 90
4
 70
1
 10
268.75
 20
49.25
 10
291.25
 20
49.25
 10
291.25
 20
76.75
 10
268.75
 20
76.75
  0
LWPOLYLINE
  5
C24
330
A3F
100
AcDbEntity
 67
1
  8
ESTRIBOS
 62
8
370
18
100
AcDbPolyline
 90
4
 70
1
 10
270.75
 20
51.25
 10
289.25
 20
51.25
 10
289.25
 20
74.75
 10
270.75
 20
74.75
  0
LINE
  5
C25
330
A3F
100
AcDbEntity
 67
1
  8
ESTRIBOS
 62
8
370
13
100
AcDbLine
 10
276.25
 20
51.25
 30
0.0
 11
276.25
 21
74.75
 31
0.0
  0
LINE
  5
C26
330
A3F
100
AcDbEntity
 67
1
  8
ESTRIBOS
 62
8
370
13
100
AcDbLine
 10
283.75
 20
51.25
 30
0.0
 11
283.75
 21
74.75
 31
0.0
  0
CIRCLE
  5
C27
330
A3F
100
AcDbEntity
 67
1
  8
ACERO_SUP_CONT
 62
4
100
AcDbCircle
 10
272.0
 20
73.7175
 30
0.0
 40
0.55
  0
CIRCLE
  5
C28
330
A3F
100
AcDbEntity
 67
1
  8
ACERO_SUP_CONT
 62
4
100
AcDbCircle
 10
288.0
 20
73.7175
 30
0.0
 40
0.55
  0
CIRCLE
  5
C29
330
A3F
100
AcDbEntity
 67
1
  8
ACERO_INF
 62
1
100
AcDbCircle
 10
272.0
 20
52.2825
 30
0.0
 40
0.55
  0
CIRCLE
  5
C2A
330
A3F
100
AcDbEntity
 67
1
  8
ACERO_INF
 62
1
100
AcDbCircle
 10
276.0
 20
52.2825
 30
0.0
 40
0.55
  0
CIRCLE
  5
C2B
330
A3F
100
AcDbEntity
 67
1
  8
ACERO_INF
 62
1
100
AcDbCircle
 10
280.0
 20
52.2825
 30
0.0
 40
0.55
  0
CIRCLE
  5
C2C
330
A3F
100
AcDbEntity
 67
1
  8
ACERO_INF
 62
1
100
AcDbCircle
 10
284.0
 20
52.2825
 30
0.0
 40
0.55
  0
CIRCLE
  5
C2D
330
A3F
100
AcDbEntity
 67
1
  8
ACERO_INF
 62
1
100
AcDbCircle
 10
288.0
 20
52.2825
 30
0.0
 40
0.55
  0
CIRCLE
  5
C2E
330
A3F
100
AcDbEntity
 67
1
  8
ACERO_TORSION
 62
30
100
AcDbCircle
 10
276.625
 20
54.75
 30
0.0
 40
0.48
  0
CIRCLE
  5
C2F
330
A3F
100
AcDbEntity
 67
1
  8
ACERO_TORSION
 62
30
100
AcDbCircle
 10
276.625
 20
71.25
 30
0.0
 40
0.48
  0
CIRCLE
  5
C30
330
A3F
100
AcDbEntity
 67
1
  8
ACERO_TORSION
 62
30
100
AcDbCircle
 10
280.0
 20
54.75
 30
0.0
 40
0.48
  0
CIRCLE
  5
C31
330
A3F
100
AcDbEntity
 67
1
  8
ACERO_TORSION
 62
30
100
AcDbCircle
 10
280.0
 20
71.25
 30
0.0
 40
0.48
  0
CIRCLE
  5
C32
330
A3F
100
AcDbEntity
 67
1
  8
ACERO_TORSION
 62
30
100
AcDbCircle
 10
283.375
 20
54.75
 30
0.0
 40
0.48
  0
CIRCLE
  5
C33
330
A3F
100
AcDbEntity
 67
1
  8
ACERO_TORSION
 62
30
100
AcDbCircle
 10
283.375
 20
71.25
 30
0.0
 40
0.48
  0
CIRCLE
  5
C34
330
A3F
100
AcDbEntity
 67
1
  8
ACERO_TORSION
 62
30
100
AcDbCircle
 10
273.25
 20
58.875
 30
0.0
 40
0.48
  0
CIRCLE
  5
C35
330
A3F
100
AcDbEntity
 67
1
  8
ACERO_TORSION
 62
30
100
AcDbCircle
 10
286.75
 20
58.875
 30
0.0
 40
0.48
  0
CIRCLE
  5
C36
330
A3F
100
AcDbEntity
 67
1
  8
ACERO_TORSION
 62
30
100
AcDbCircle
 10
273.25
 20
63.0
 30
0.0
 40
0.48
  0
CIRCLE
  5
C37
330
A3F
100
AcDbEntity
 67
1
  8
ACERO_TORSION
 62
30
100
AcDbCircle
 10
286.75
 20
63.0
 30
0.0
 40
0.48
  0
CIRCLE
  5
C38
330
A3F
100
AcDbEntity
 67
1
  8
ACERO_TORSION
 62
30
100
AcDbCircle
 10
273.25
 20
67.125
 30
0.0
 40
0.48
  0
CIRCLE
  5
C39
330
A3F
100
AcDbEntity
 67
1
  8
ACERO_TORSION
 62
30
100
AcDbCircle
 10
286.75
 20
67.125
 30
0.0
 40
0.48
  0
TEXT
  5
C3A
330
A3F
100
AcDbEntity
 67
1
  8
TEXTO
 62
7
100
AcDbText
 10
280.0
 20
46.15
 30
0.0
 40
1.55
  1
B-B CENTRO
 72
1
 11
280.0
 21
46.15
 31
0.0
100
AcDbText
 73
2
  0
TEXT
  5
C3B
330
A3F
100
AcDbEntity
 67
1
  8
TEXTO
 62
7
100
AcDbText
 10
280.0
 20
43.65
 30
0.0
 40
1.25
  1
450x550 | 1:20
 72
1
 11
280.0
 21
43.65
 31
0.0
100
AcDbText
 73
2
  0
LWPOLYLINE
  5
C3C
330
A3F
100
AcDbEntity
 67
1
  8
CONTORNO
 62
7
370
20
100
AcDbPolyline
 90
4
 70
1
 10
343.75
 20
49.25
 10
366.25
 20
49.25
 10
366.25
 20
76.75
 10
343.75
 20
76.75
  0
LWPOLYLINE
  5
C3D
330
A3F
100
AcDbEntity
 67
1
  8
ESTRIBOS
 62
8
370
18
100
AcDbPolyline
 90
4
 70
1
 10
345.75
 20
51.25
 10
364.25
 20
51.25
 10
364.25
 20
74.75
 10
345.75
 20
74.75
  0
LINE
  5
C3E
330
A3F
100
AcDbEntity
 67
1
  8
ESTRIBOS
 62
8
370
13
100
AcDbLine
 10
351.25
 20
51.25
 30
0.0
 11
351.25
 21
74.75
 31
0.0
  0
LINE
  5
C3F
330
A3F
100
AcDbEntity
 67
1
  8
ESTRIBOS
 62
8
370
13
100
AcDbLine
 10
358.75
 20
51.25
 30
0.0
 11
358.75
 21
74.75
 31
0.0
  0
CIRCLE
  5
C40
330
A3F
100
AcDbEntity
 67
1
  8
ACERO_SUP_CONT
 62
4
100
AcDbCircle
 10
347.0
 20
73.7175
 30
0.0
 40
0.55
  0
CIRCLE
  5
C41
330
A3F
100
AcDbEntity
 67
1
  8
ACERO_SUP_CONT
 62
4
100
AcDbCircle
 10
351.0
 20
73.7175
 30
0.0
 40
0.55
  0
CIRCLE
  5
C42
330
A3F
100
AcDbEntity
 67
1
  8
ACERO_SUP_CONT
 62
4
100
AcDbCircle
 10
355.0
 20
73.7175
 30
0.0
 40
0.55
  0
CIRCLE
  5
C43
330
A3F
100
AcDbEntity
 67
1
  8
ACERO_SUP_CONT
 62
4
100
AcDbCircle
 10
359.0
 20
73.7175
 30
0.0
 40
0.55
  0
CIRCLE
  5
C44
330
A3F
100
AcDbEntity
 67
1
  8
ACERO_SUP_CONT
 62
4
100
AcDbCircle
 10
363.0
 20
73.7175
 30
0.0
 40
0.55
  0
CIRCLE
  5
C45
330
A3F
100
AcDbEntity
 67
1
  8
ACERO_INF
 62
1
100
AcDbCircle
 10
347.0
 20
52.2825
 30
0.0
 40
0.55
  0
CIRCLE
  5
C46
330
A3F
100
AcDbEntity
 67
1
  8
ACERO_INF
 62
1
100
AcDbCircle
 10
351.0
 20
52.2825
 30
0.0
 40
0.55
  0
CIRCLE
  5
C47
330
A3F
100
AcDbEntity
 67
1
  8
ACERO_INF
 62
1
100
AcDbCircle
 10
355.0
 20
52.2825
 30
0.0
 40
0.55
  0
CIRCLE
  5
C48
330
A3F
100
AcDbEntity
 67
1
  8
ACERO_INF
 62
1
100
AcDbCircle
 10
359.0
 20
52.2825
 30
0.0
 40
0.55
  0
CIRCLE
  5
C49
330
A3F
100
AcDbEntity
 67
1
  8
ACERO_INF
 62
1
100
AcDbCircle
 10
363.0
 20
52.2825
 30
0.0
 40
0.55
  0
CIRCLE
  5
C4A
330
A3F
100
AcDbEntity
 67
1
  8
ACERO_TORSION
 62
30
100
AcDbCircle
 10
351.625
 20
54.75
 30
0.0
 40
0.48
  0
CIRCLE
  5
C4B
330
A3F
100
AcDbEntity
 67
1
  8
ACERO_TORSION
 62
30
100
AcDbCircle
 10
351.625
 20
71.25
 30
0.0
 40
0.48
  0
CIRCLE
  5
C4C
330
A3F
100
AcDbEntity
 67
1
  8
ACERO_TORSION
 62
30
100
AcDbCircle
 10
355.0
 20
54.75
 30
0.0
 40
0.48
  0
CIRCLE
  5
C4D
330
A3F
100
AcDbEntity
 67
1
  8
ACERO_TORSION
 62
30
100
AcDbCircle
 10
355.0
 20
71.25
 30
0.0
 40
0.48
  0
CIRCLE
  5
C4E
330
A3F
100
AcDbEntity
 67
1
  8
ACERO_TORSION
 62
30
100
AcDbCircle
 10
358.375
 20
54.75
 30
0.0
 40
0.48
  0
CIRCLE
  5
C4F
330
A3F
100
AcDbEntity
 67
1
  8
ACERO_TORSION
 62
30
100
AcDbCircle
 10
358.375
 20
71.25
 30
0.0
 40
0.48
  0
CIRCLE
  5
C50
330
A3F
100
AcDbEntity
 67
1
  8
ACERO_TORSION
 62
30
100
AcDbCircle
 10
348.25
 20
58.875
 30
0.0
 40
0.48
  0
CIRCLE
  5
C51
330
A3F
100
AcDbEntity
 67
1
  8
ACERO_TORSION
 62
30
100
AcDbCircle
 10
361.75
 20
58.875
 30
0.0
 40
0.48
  0
CIRCLE
  5
C52
330
A3F
100
AcDbEntity
 67
1
  8
ACERO_TORSION
 62
30
100
AcDbCircle
 10
348.25
 20
63.0
 30
0.0
 40
0.48
  0
CIRCLE
  5
C53
330
A3F
100
AcDbEntity
 67
1
  8
ACERO_TORSION
 62
30
100
AcDbCircle
 10
361.75
 20
63.0
 30
0.0
 40
0.48
  0
CIRCLE
  5
C54
330
A3F
100
AcDbEntity
 67
1
  8
ACERO_TORSION
 62
30
100
AcDbCircle
 10
348.25
 20
67.125
 30
0.0
 40
0.48
  0
CIRCLE
  5
C55
330
A3F
100
AcDbEntity
 67
1
  8
ACERO_TORSION
 62
30
100
AcDbCircle
 10
361.75
 20
67.125
 30
0.0
 40
0.48
  0
TEXT
  5
C56
330
A3F
100
AcDbEntity
 67
1
  8
TEXTO
 62
7
100
AcDbText
 10
355.0
 20
46.15
 30
0.0
 40
1.55
  1
C-C APOYO
 72
1
 11
355.0
 21
46.15
 31
0.0
100
AcDbText
 73
2
  0
TEXT
  5
C57
330
A3F
100
AcDbEntity
 67
1
  8
TEXTO
 62
7
100
AcDbText
 10
355.0
 20
43.65
 30
0.0
 40
1.25
  1
450x550 | 1:20
 72
1
 11
355.0
 21
43.65
 31
0.0
100
AcDbText
 73
2
  0
LWPOLYLINE
  5
C58
330
A3F
100
AcDbEntity
 67
1
  8
ACERO_SUP_APOYO
 62
5
370
35
100
AcDbPolyline
 90
3
 70
0
 10
430.0
 20
45.5
 10
430.0
 20
65.0
 10
460.5
 20
65.0
  0
LINE
  5
C59
330
A3F
100
AcDbEntity
 67
1
  8
COTAS
 62
3
370
13
100
AcDbLine
 10
430.0
 20
70.0
 30
0.0
 11
460.5
 21
70.0
 31
0.0
  0
LINE
  5
C5A
330
A3F
100
AcDbEntity
 67
1
  8
COTAS
 62
3
370
13
100
AcDbLine
 10
430.0
 20
68.8
 30
0.0
 11
430.0
 21
71.2
 31
0.0
  0
LINE
  5
C5B
330
A3F
100
AcDbEntity
 67
1
  8
COTAS
 62
3
370
13
100
AcDbLine
 10
460.5
 20
68.8
 30
0.0
 11
460.5
 21
71.2
 31
0.0
  0
TEXT
  5
C5C
330
A3F
100
AcDbEntity
 67
1
  8
COTAS
 62
3
100
AcDbText
 10
445.25
 20
71.0
 30
0.0
 40
1.25
  1
ldh=305 mm
 72
1
 11
445.25
 21
71.0
 31
0.0
100
AcDbText
 73
2
  0
TEXT
  5
C5D
330
A3F
100
AcDbEntity
 67
1
  8
ACERO_SUP_APOYO
 62
5
100
AcDbText
 10
427.0
 20
42.5
 30
0.0
 40
1.3
  1
cola 90°=195 mm
 11
427.0
 21
42.5
 31
0.0
100
AcDbText
  0
TEXT
  5
C5E
330
A3F
100
AcDbEntity
 67
1
  8
TEXTO
100
AcDbText
 10
466.0
 20
63.0
 30
0.0
 40
1.3
  1
Dint>=100 mm | ESC. 1:10
 11
466.0
 21
63.0
 31
0.0
100
AcDbText
  0
TEXT
  5
C5F
330
A3F
100
AcDbEntity
 67
1
  8
TEXTO
100
AcDbText
 10
430.0
 20
44.0
 30
0.0
 40
1.45
  1
ld recto #5: superior=480 mm | inferior=370 mm
 11
430.0
 21
44.0
 31
0.0
100
AcDbText
  0
TEXT
  5
C60
330
A3F
100
AcDbEntity
 67
1
  8
TEXTO
100
AcDbText
 10
430.0
 20
40.0
 30
0.0
 40
1.25
  1
Si no cabe ld recto en apoyo, usar gancho estándar 90° con ldh indicado.
 11
430.0
 21
40.0
 31
0.0
100
AcDbText
  0
LWPOLYLINE
  5
C61
330
A3F
100
AcDbEntity
 67
1
  8
MARCO
 62
7
370
25
100
AcDbPolyline
 90
4
 70
1
 10
7.0
 20
7.0
 10
697.0
 20
7.0
 10
697.0
 20
37.0
 10
7.0
 20
37.0
  0
LINE
  5
C62
330
A3F
100
AcDbEntity
 67
1
  8
MARCO
 62
7
370
18
100
AcDbLine
 10
118.0
 20
7.0
 30
0.0
 11
118.0
 21
37.0
 31
0.0
  0
LINE
  5
C63
330
A3F
100
AcDbEntity
 67
1
  8
MARCO
 62
7
370
18
100
AcDbLine
 10
250.0
 20
7.0
 30
0.0
 11
250.0
 21
37.0
 31
0.0
  0
LINE
  5
C64
330
A3F
100
AcDbEntity
 67
1
  8
MARCO
 62
7
370
18
100
AcDbLine
 10
390.0
 20
7.0
 30
0.0
 11
390.0
 21
37.0
 31
0.0
  0
LINE
  5
C65
330
A3F
100
AcDbEntity
 67
1
  8
MARCO
 62
7
370
18
100
AcDbLine
 10
520.0
 20
7.0
 30
0.0
 11
520.0
 21
37.0
 31
0.0
  0
LINE
  5
C66
330
A3F
100
AcDbEntity
 67
1
  8
MARCO
 62
7
370
18
100
AcDbLine
 10
610.0
 20
7.0
 30
0.0
 11
610.0
 21
37.0
 31
0.0
  0
TEXT
  5
C67
330
A3F
100
AcDbEntity
 67
1
  8
TEXTO
 62
7
100
AcDbText
 10
62.5
 20
28.0
 30
0.0
 40
2.0
  1
UNIVERSIDAD NACIONAL DE COLOMBIA
 72
1
 11
62.5
 21
28.0
 31
0.0
100
AcDbText
 73
2
  0
TEXT
  5
C68
330
A3F
100
AcDbEntity
 67
1
  8
TEXTO
 62
7
100
AcDbText
 10
62.5
 20
20.0
 30
0.0
 40
1.7
  1
DISEÑO ESTRUCTURAL - GRUPO 6
 72
1
 11
62.5
 21
20.0
 31
0.0
100
AcDbText
 73
2
  0
TEXT
  5
C69
330
A3F
100
AcDbEntity
 67
1
  8
TEXTO
 62
7
100
AcDbText
 10
184.0
 20
25.0
 30
0.0
 40
2.0
  1
EDIFICIO RESIDENCIAL SANTA MARTA
 72
1
 11
184.0
 21
25.0
 31
0.0
100
AcDbText
 73
2
  0
TEXT
  5
C6A
330
A3F
100
AcDbEntity
 67
1
  8
TEXTO
 62
7
100
AcDbText
 10
320.0
 20
25.0
 30
0.0
 40
2.5
  1
DESPIECE VIGA VC6
 72
1
 11
320.0
 21
25.0
 31
0.0
100
AcDbText
 73
2
  0
TEXT
  5
C6B
330
A3F
100
AcDbEntity
 67
1
  8
TEXTO
 62
7
100
AcDbText
 10
320.0
 20
16.0
 30
0.0
 40
1.7
  1
ELEVACIÓN, CORTES Y ANCLAJES
 72
1
 11
320.0
 21
16.0
 31
0.0
100
AcDbText
 73
2
  0
TEXT
  5
C6C
330
A3F
100
AcDbEntity
 67
1
  8
TEXTO
 62
7
100
AcDbText
 10
455.0
 20
26.0
 30
0.0
 40
1.8
  1
FORMATO ISO B2 707x500 mm
 72
1
 11
455.0
 21
26.0
 31
0.0
100
AcDbText
 73
2
  0
TEXT
  5
C6D
330
A3F
100
AcDbEntity
 67
1
  8
TEXTO
 62
7
100
AcDbText
 10
455.0
 20
17.0
 30
0.0
 40
1.55
  1
COTAS EN mm | ESCALAS INDICADAS
 72
1
 11
455.0
 21
17.0
 31
0.0
100
AcDbText
 73
2
  0
TEXT
  5
C6E
330
A3F
100
AcDbEntity
 67
1
  8
TEXTO
 62
1
100
AcDbText
 10
565.0
 20
26.0
 30
0.0
 40
1.8
  1
DETALLE ACADÉMICO
 72
1
 11
565.0
 21
26.0
 31
0.0
100
AcDbText
 73
2
  0
TEXT
  5
C6F
330
A3F
100
AcDbEntity
 67
1
  8
TEXTO
 62
1
100
AcDbText
 10
565.0
 20
17.0
 30
0.0
 40
1.55
  1
NO EMITIR PARA CONSTRUCCIÓN
 72
1
 11
565.0
 21
17.0
 31
0.0
100
AcDbText
 73
2
  0
TEXT
  5
C70
330
A3F
100
AcDbEntity
 67
1
  8
TEXTO
 62
7
100
AcDbText
 10
653.5
 20
26.0
 30
0.0
 40
2.1
  1
LÁMINA V-01-06
 72
1
 11
653.5
 21
26.0
 31
0.0
100
AcDbText
 73
2
  0
TEXT
  5
C71
330
A3F
100
AcDbEntity
 67
1
  8
TEXTO
 62
7
100
AcDbText
 10
653.5
 20
17.0
 30
0.0
 40
1.7
  1
18-07-2026
 72
1
 11
653.5
 21
17.0
 31
0.0
100
AcDbText
 73
2
  0
ENDBLK
  5
A41
330
A3F
100
AcDbEntity
  8
0
100
AcDbBlockEnd
  0
BLOCK
  5
C73
330
C72
100
AcDbEntity
  8
0
100
AcDbBlockBegin
  2
*Paper_Space5
 70
0
 10
0.0
 20
0.0
 30
0.0
  3
*Paper_Space5
  1

  0
VIEWPORT
  5
C76
330
C72
100
AcDbEntity
 67
1
  8
VIEWPORTS
100
AcDbViewport
 10
353.5
 20
250.0
 30
0.0
 40
777.7
 41
550.0
 68
1
 69
1
 12
353.5
 22
250.0
 13
0.0
 23
0.0
 14
10.0
 24
10.0
 15
10.0
 25
10.0
 16
0.0
 26
0.0
 36
1.0
 17
0.0
 27
0.0
 37
0.0
 42
50.0
 43
0.0
 44
0.0
 45
550.0
 50
0.0
 51
0.0
 72
100
 90
557088
  1

281
0
 71
0
 74
0
110
0.0
120
0.0
130
0.0
111
1.0
121
0.0
131
0.0
112
0.0
122
1.0
132
0.0
 79
0
146
0.0
282
0
  0
LWPOLYLINE
  5
C77
330
C72
100
AcDbEntity
 67
1
  8
MARCO
 62
7
370
30
100
AcDbPolyline
 90
4
 70
1
 10
7.0
 20
7.0
 10
700.0
 20
7.0
 10
700.0
 20
493.0
 10
7.0
 20
493.0
  0
TEXT
  5
C78
330
C72
100
AcDbEntity
 67
1
  8
TEXTO
 62
7
100
AcDbText
 10
353.5
 20
487.0
 30
0.0
 40
4.0
  1
DESPIECE DE VIGA COMPLETA VC7
 72
1
 11
353.5
 21
487.0
 31
0.0
100
AcDbText
 73
2
  0
TEXT
  5
C79
330
C72
100
AcDbEntity
 67
1
  8
TEXTO
 62
7
100
AcDbText
 10
353.5
 20
480.0
 30
0.0
 40
1.8
  1
Continuidad reconstruida de SAP | Niveles z=3.5, 6.5, 9.5, 12.5, 15.5 m | 40 frames
 72
1
 11
353.5
 21
480.0
 31
0.0
100
AcDbText
 73
2
  0
LWPOLYLINE
  5
C7A
330
C72
100
AcDbEntity
 67
1
  8
MARCO
 62
7
370
20
100
AcDbPolyline
 90
4
 70
1
 10
8.5
 20
306.0
 10
51.5
 20
306.0
 10
51.5
 20
350.0
 10
8.5
 20
350.0
  0
TEXT
  5
C7B
330
C72
100
AcDbEntity
 67
1
  8
TEXTO
 62
7
100
AcDbText
 10
30.0
 20
345.0
 30
0.0
 40
2.6
  1
VIGA VC7
 72
1
 11
30.0
 21
345.0
 31
0.0
100
AcDbText
 73
2
  0
TEXT
  5
C7C
330
C72
100
AcDbEntity
 67
1
  8
TEXTO
 62
7
100
AcDbText
 10
30.0
 20
339.0
 30
0.0
 40
2.2
  1
EJE 6
 72
1
 11
30.0
 21
339.0
 31
0.0
100
AcDbText
 73
2
  0
TEXT
  5
C7D
330
C72
100
AcDbEntity
 67
1
  8
TEXTO
 62
7
100
AcDbText
 10
30.0
 20
333.0
 30
0.0
 40
1.9
  1
450x550 mm
 72
1
 11
30.0
 21
333.0
 31
0.0
100
AcDbText
 73
2
  0
TEXT
  5
C7E
330
C72
100
AcDbEntity
 67
1
  8
TEXTO
100
AcDbText
 10
11.5
 20
326.0
 30
0.0
 40
1.7
  1
SUP 6#5
 11
11.5
 21
326.0
 31
0.0
100
AcDbText
  0
TEXT
  5
C7F
330
C72
100
AcDbEntity
 67
1
  8
TEXTO
100
AcDbText
 10
11.5
 20
321.0
 30
0.0
 40
1.7
  1
INF 6#5
 11
11.5
 21
321.0
 31
0.0
100
AcDbText
  0
TEXT
  5
C80
330
C72
100
AcDbEntity
 67
1
  8
TEXTO
100
AcDbText
 10
11.5
 20
316.0
 30
0.0
 40
1.7
  1
TOR 8#5
 11
11.5
 21
316.0
 31
0.0
100
AcDbText
  0
TEXT
  5
C81
330
C72
100
AcDbEntity
 67
1
  8
TEXTO
100
AcDbText
 10
11.5
 20
310.0
 30
0.0
 40
1.45
  1
NIVEL TIPO z=3.5 m
 11
11.5
 21
310.0
 31
0.0
100
AcDbText
  0
LWPOLYLINE
  5
C82
330
C72
100
AcDbEntity
 67
1
  8
CONTORNO
 62
7
370
25
100
AcDbPolyline
 90
4
 70
1
 10
57.0
 20
314.0
 10
677.0
 20
314.0
 10
677.0
 20
336.0
 10
57.0
 20
336.0
  0
LWPOLYLINE
  5
C83
330
C72
100
AcDbEntity
 67
1
  8
APOYOS
 62
9
370
15
100
AcDbPolyline
 90
4
 70
1
 10
47.0
 20
310.0
 10
67.0
 20
310.0
 10
67.0
 20
340.0
 10
47.0
 20
340.0
  0
LINE
  5
C84
330
C72
100
AcDbEntity
 67
1
  8
EJES
  6
DASHED
 62
1
370
9
100
AcDbLine
 10
57.0
 20
303.0
 30
0.0
 11
57.0
 21
353.0
 31
0.0
  0
CIRCLE
  5
C85
330
C72
100
AcDbEntity
 67
1
  8
EJES
 62
1
370
18
100
AcDbCircle
 10
57.0
 20
348.0
 30
0.0
 40
3.5
  0
TEXT
  5
C86
330
C72
100
AcDbEntity
 67
1
  8
EJES
 62
1
100
AcDbText
 10
57.0
 20
348.0
 30
0.0
 40
2.0
  1
a
 72
1
 11
57.0
 21
348.0
 31
0.0
100
AcDbText
 73
2
  0
LWPOLYLINE
  5
C87
330
C72
100
AcDbEntity
 67
1
  8
APOYOS
 62
9
370
15
100
AcDbPolyline
 90
4
 70
1
 10
153.0
 20
310.0
 10
173.0
 20
310.0
 10
173.0
 20
340.0
 10
153.0
 20
340.0
  0
LINE
  5
C88
330
C72
100
AcDbEntity
 67
1
  8
EJES
  6
DASHED
 62
1
370
9
100
AcDbLine
 10
163.0
 20
303.0
 30
0.0
 11
163.0
 21
353.0
 31
0.0
  0
CIRCLE
  5
C89
330
C72
100
AcDbEntity
 67
1
  8
EJES
 62
1
370
18
100
AcDbCircle
 10
163.0
 20
348.0
 30
0.0
 40
3.5
  0
TEXT
  5
C8A
330
C72
100
AcDbEntity
 67
1
  8
EJES
 62
1
100
AcDbText
 10
163.0
 20
348.0
 30
0.0
 40
2.0
  1
2.65
 72
1
 11
163.0
 21
348.0
 31
0.0
100
AcDbText
 73
2
  0
LWPOLYLINE
  5
C8B
330
C72
100
AcDbEntity
 67
1
  8
APOYOS
 62
9
370
15
100
AcDbPolyline
 90
4
 70
1
 10
357.0
 20
310.0
 10
377.0
 20
310.0
 10
377.0
 20
340.0
 10
357.0
 20
340.0
  0
LINE
  5
C8C
330
C72
100
AcDbEntity
 67
1
  8
EJES
  6
DASHED
 62
1
370
9
100
AcDbLine
 10
367.0
 20
303.0
 30
0.0
 11
367.0
 21
353.0
 31
0.0
  0
CIRCLE
  5
C8D
330
C72
100
AcDbEntity
 67
1
  8
EJES
 62
1
370
18
100
AcDbCircle
 10
367.0
 20
348.0
 30
0.0
 40
3.5
  0
TEXT
  5
C8E
330
C72
100
AcDbEntity
 67
1
  8
EJES
 62
1
100
AcDbText
 10
367.0
 20
348.0
 30
0.0
 40
2.0
  1
c
 72
1
 11
367.0
 21
348.0
 31
0.0
100
AcDbText
 73
2
  0
LWPOLYLINE
  5
C8F
330
C72
100
AcDbEntity
 67
1
  8
APOYOS
 62
9
370
15
100
AcDbPolyline
 90
4
 70
1
 10
561.0
 20
310.0
 10
581.0
 20
310.0
 10
581.0
 20
340.0
 10
561.0
 20
340.0
  0
LINE
  5
C90
330
C72
100
AcDbEntity
 67
1
  8
EJES
  6
DASHED
 62
1
370
9
100
AcDbLine
 10
571.0
 20
303.0
 30
0.0
 11
571.0
 21
353.0
 31
0.0
  0
CIRCLE
  5
C91
330
C72
100
AcDbEntity
 67
1
  8
EJES
 62
1
370
18
100
AcDbCircle
 10
571.0
 20
348.0
 30
0.0
 40
3.5
  0
TEXT
  5
C92
330
C72
100
AcDbEntity
 67
1
  8
EJES
 62
1
100
AcDbText
 10
571.0
 20
348.0
 30
0.0
 40
2.0
  1
12.85
 72
1
 11
571.0
 21
348.0
 31
0.0
100
AcDbText
 73
2
  0
LWPOLYLINE
  5
C93
330
C72
100
AcDbEntity
 67
1
  8
APOYOS
 62
9
370
15
100
AcDbPolyline
 90
4
 70
1
 10
667.0
 20
310.0
 10
687.0
 20
310.0
 10
687.0
 20
340.0
 10
667.0
 20
340.0
  0
LINE
  5
C94
330
C72
100
AcDbEntity
 67
1
  8
EJES
  6
DASHED
 62
1
370
9
100
AcDbLine
 10
677.0
 20
303.0
 30
0.0
 11
677.0
 21
353.0
 31
0.0
  0
CIRCLE
  5
C95
330
C72
100
AcDbEntity
 67
1
  8
EJES
 62
1
370
18
100
AcDbCircle
 10
677.0
 20
348.0
 30
0.0
 40
3.5
  0
TEXT
  5
C96
330
C72
100
AcDbEntity
 67
1
  8
EJES
 62
1
100
AcDbText
 10
677.0
 20
348.0
 30
0.0
 40
2.0
  1
e
 72
1
 11
677.0
 21
348.0
 31
0.0
100
AcDbText
 73
2
  0
LINE
  5
C97
330
C72
100
AcDbEntity
 67
1
  8
ESTRIBOS
 62
8
370
9
100
AcDbLine
 10
59.0
 20
315.0
 30
0.0
 11
59.0
 21
335.0
 31
0.0
  0
LINE
  5
C98
330
C72
100
AcDbEntity
 67
1
  8
ESTRIBOS
 62
8
370
9
100
AcDbLine
 10
63.8
 20
315.0
 30
0.0
 11
63.8
 21
335.0
 31
0.0
  0
LINE
  5
C99
330
C72
100
AcDbEntity
 67
1
  8
ESTRIBOS
 62
8
370
9
100
AcDbLine
 10
68.6
 20
315.0
 30
0.0
 11
68.6
 21
335.0
 31
0.0
  0
LINE
  5
C9A
330
C72
100
AcDbEntity
 67
1
  8
ESTRIBOS
 62
8
370
9
100
AcDbLine
 10
73.4
 20
315.0
 30
0.0
 11
73.4
 21
335.0
 31
0.0
  0
LINE
  5
C9B
330
C72
100
AcDbEntity
 67
1
  8
ESTRIBOS
 62
8
370
9
100
AcDbLine
 10
78.2
 20
315.0
 30
0.0
 11
78.2
 21
335.0
 31
0.0
  0
LINE
  5
C9C
330
C72
100
AcDbEntity
 67
1
  8
ESTRIBOS
 62
8
370
9
100
AcDbLine
 10
83.0
 20
315.0
 30
0.0
 11
83.0
 21
335.0
 31
0.0
  0
LINE
  5
C9D
330
C72
100
AcDbEntity
 67
1
  8
ESTRIBOS
 62
8
370
9
100
AcDbLine
 10
87.8
 20
315.0
 30
0.0
 11
87.8
 21
335.0
 31
0.0
  0
LINE
  5
C9E
330
C72
100
AcDbEntity
 67
1
  8
ESTRIBOS
 62
8
370
9
100
AcDbLine
 10
92.6
 20
315.0
 30
0.0
 11
92.6
 21
335.0
 31
0.0
  0
LINE
  5
C9F
330
C72
100
AcDbEntity
 67
1
  8
ESTRIBOS
 62
8
370
9
100
AcDbLine
 10
97.4
 20
315.0
 30
0.0
 11
97.4
 21
335.0
 31
0.0
  0
LINE
  5
CA0
330
C72
100
AcDbEntity
 67
1
  8
ESTRIBOS
 62
8
370
9
100
AcDbLine
 10
105.8
 20
315.0
 30
0.0
 11
105.8
 21
335.0
 31
0.0
  0
LINE
  5
CA1
330
C72
100
AcDbEntity
 67
1
  8
ESTRIBOS
 62
8
370
9
100
AcDbLine
 10
110.6
 20
315.0
 30
0.0
 11
110.6
 21
335.0
 31
0.0
  0
LINE
  5
CA2
330
C72
100
AcDbEntity
 67
1
  8
ESTRIBOS
 62
8
370
9
100
AcDbLine
 10
115.4
 20
315.0
 30
0.0
 11
115.4
 21
335.0
 31
0.0
  0
LINE
  5
CA3
330
C72
100
AcDbEntity
 67
1
  8
ESTRIBOS
 62
8
370
9
100
AcDbLine
 10
122.6
 20
315.0
 30
0.0
 11
122.6
 21
335.0
 31
0.0
  0
LINE
  5
CA4
330
C72
100
AcDbEntity
 67
1
  8
ESTRIBOS
 62
8
370
9
100
AcDbLine
 10
127.4
 20
315.0
 30
0.0
 11
127.4
 21
335.0
 31
0.0
  0
LINE
  5
CA5
330
C72
100
AcDbEntity
 67
1
  8
ESTRIBOS
 62
8
370
9
100
AcDbLine
 10
132.2
 20
315.0
 30
0.0
 11
132.2
 21
335.0
 31
0.0
  0
LINE
  5
CA6
330
C72
100
AcDbEntity
 67
1
  8
ESTRIBOS
 62
8
370
9
100
AcDbLine
 10
137.0
 20
315.0
 30
0.0
 11
137.0
 21
335.0
 31
0.0
  0
LINE
  5
CA7
330
C72
100
AcDbEntity
 67
1
  8
ESTRIBOS
 62
8
370
9
100
AcDbLine
 10
141.8
 20
315.0
 30
0.0
 11
141.8
 21
335.0
 31
0.0
  0
LINE
  5
CA8
330
C72
100
AcDbEntity
 67
1
  8
ESTRIBOS
 62
8
370
9
100
AcDbLine
 10
146.6
 20
315.0
 30
0.0
 11
146.6
 21
335.0
 31
0.0
  0
LINE
  5
CA9
330
C72
100
AcDbEntity
 67
1
  8
ESTRIBOS
 62
8
370
9
100
AcDbLine
 10
151.4
 20
315.0
 30
0.0
 11
151.4
 21
335.0
 31
0.0
  0
LINE
  5
CAA
330
C72
100
AcDbEntity
 67
1
  8
ESTRIBOS
 62
8
370
9
100
AcDbLine
 10
156.2
 20
315.0
 30
0.0
 11
156.2
 21
335.0
 31
0.0
  0
LINE
  5
CAB
330
C72
100
AcDbEntity
 67
1
  8
ESTRIBOS
 62
8
370
9
100
AcDbLine
 10
161.0
 20
315.0
 30
0.0
 11
161.0
 21
335.0
 31
0.0
  0
TEXT
  5
CAC
330
C72
100
AcDbEntity
 67
1
  8
ESTRIBOS
 62
8
100
AcDbText
 10
110.0
 20
324.2
 30
0.0
 40
1.25
  1
Nº4 4R @120 (2h) / @120 ctr
 72
1
 11
110.0
 21
324.2
 31
0.0
100
AcDbText
 73
2
  0
LINE
  5
CAD
330
C72
100
AcDbEntity
 67
1
  8
ESTRIBOS
 62
8
370
9
100
AcDbLine
 10
165.0
 20
315.0
 30
0.0
 11
165.0
 21
335.0
 31
0.0
  0
LINE
  5
CAE
330
C72
100
AcDbEntity
 67
1
  8
ESTRIBOS
 62
8
370
9
100
AcDbLine
 10
169.8
 20
315.0
 30
0.0
 11
169.8
 21
335.0
 31
0.0
  0
LINE
  5
CAF
330
C72
100
AcDbEntity
 67
1
  8
ESTRIBOS
 62
8
370
9
100
AcDbLine
 10
174.6
 20
315.0
 30
0.0
 11
174.6
 21
335.0
 31
0.0
  0
LINE
  5
CB0
330
C72
100
AcDbEntity
 67
1
  8
ESTRIBOS
 62
8
370
9
100
AcDbLine
 10
179.4
 20
315.0
 30
0.0
 11
179.4
 21
335.0
 31
0.0
  0
LINE
  5
CB1
330
C72
100
AcDbEntity
 67
1
  8
ESTRIBOS
 62
8
370
9
100
AcDbLine
 10
184.2
 20
315.0
 30
0.0
 11
184.2
 21
335.0
 31
0.0
  0
LINE
  5
CB2
330
C72
100
AcDbEntity
 67
1
  8
ESTRIBOS
 62
8
370
9
100
AcDbLine
 10
189.0
 20
315.0
 30
0.0
 11
189.0
 21
335.0
 31
0.0
  0
LINE
  5
CB3
330
C72
100
AcDbEntity
 67
1
  8
ESTRIBOS
 62
8
370
9
100
AcDbLine
 10
193.8
 20
315.0
 30
0.0
 11
193.8
 21
335.0
 31
0.0
  0
LINE
  5
CB4
330
C72
100
AcDbEntity
 67
1
  8
ESTRIBOS
 62
8
370
9
100
AcDbLine
 10
198.6
 20
315.0
 30
0.0
 11
198.6
 21
335.0
 31
0.0
  0
LINE
  5
CB5
330
C72
100
AcDbEntity
 67
1
  8
ESTRIBOS
 62
8
370
9
100
AcDbLine
 10
203.4
 20
315.0
 30
0.0
 11
203.4
 21
335.0
 31
0.0
  0
LINE
  5
CB6
330
C72
100
AcDbEntity
 67
1
  8
ESTRIBOS
 62
8
370
9
100
AcDbLine
 10
211.8
 20
315.0
 30
0.0
 11
211.8
 21
335.0
 31
0.0
  0
LINE
  5
CB7
330
C72
100
AcDbEntity
 67
1
  8
ESTRIBOS
 62
8
370
9
100
AcDbLine
 10
216.6
 20
315.0
 30
0.0
 11
216.6
 21
335.0
 31
0.0
  0
LINE
  5
CB8
330
C72
100
AcDbEntity
 67
1
  8
ESTRIBOS
 62
8
370
9
100
AcDbLine
 10
221.4
 20
315.0
 30
0.0
 11
221.4
 21
335.0
 31
0.0
  0
LINE
  5
CB9
330
C72
100
AcDbEntity
 67
1
  8
ESTRIBOS
 62
8
370
9
100
AcDbLine
 10
226.2
 20
315.0
 30
0.0
 11
226.2
 21
335.0
 31
0.0
  0
LINE
  5
CBA
330
C72
100
AcDbEntity
 67
1
  8
ESTRIBOS
 62
8
370
9
100
AcDbLine
 10
231.0
 20
315.0
 30
0.0
 11
231.0
 21
335.0
 31
0.0
  0
LINE
  5
CBB
330
C72
100
AcDbEntity
 67
1
  8
ESTRIBOS
 62
8
370
9
100
AcDbLine
 10
235.8
 20
315.0
 30
0.0
 11
235.8
 21
335.0
 31
0.0
  0
LINE
  5
CBC
330
C72
100
AcDbEntity
 67
1
  8
ESTRIBOS
 62
8
370
9
100
AcDbLine
 10
240.6
 20
315.0
 30
0.0
 11
240.6
 21
335.0
 31
0.0
  0
LINE
  5
CBD
330
C72
100
AcDbEntity
 67
1
  8
ESTRIBOS
 62
8
370
9
100
AcDbLine
 10
245.4
 20
315.0
 30
0.0
 11
245.4
 21
335.0
 31
0.0
  0
LINE
  5
CBE
330
C72
100
AcDbEntity
 67
1
  8
ESTRIBOS
 62
8
370
9
100
AcDbLine
 10
250.2
 20
315.0
 30
0.0
 11
250.2
 21
335.0
 31
0.0
  0
LINE
  5
CBF
330
C72
100
AcDbEntity
 67
1
  8
ESTRIBOS
 62
8
370
9
100
AcDbLine
 10
255.0
 20
315.0
 30
0.0
 11
255.0
 21
335.0
 31
0.0
  0
LINE
  5
CC0
330
C72
100
AcDbEntity
 67
1
  8
ESTRIBOS
 62
8
370
9
100
AcDbLine
 10
259.8
 20
315.0
 30
0.0
 11
259.8
 21
335.0
 31
0.0
  0
LINE
  5
CC1
330
C72
100
AcDbEntity
 67
1
  8
ESTRIBOS
 62
8
370
9
100
AcDbLine
 10
264.6
 20
315.0
 30
0.0
 11
264.6
 21
335.0
 31
0.0
  0
LINE
  5
CC2
330
C72
100
AcDbEntity
 67
1
  8
ESTRIBOS
 62
8
370
9
100
AcDbLine
 10
269.4
 20
315.0
 30
0.0
 11
269.4
 21
335.0
 31
0.0
  0
LINE
  5
CC3
330
C72
100
AcDbEntity
 67
1
  8
ESTRIBOS
 62
8
370
9
100
AcDbLine
 10
274.2
 20
315.0
 30
0.0
 11
274.2
 21
335.0
 31
0.0
  0
LINE
  5
CC4
330
C72
100
AcDbEntity
 67
1
  8
ESTRIBOS
 62
8
370
9
100
AcDbLine
 10
279.0
 20
315.0
 30
0.0
 11
279.0
 21
335.0
 31
0.0
  0
LINE
  5
CC5
330
C72
100
AcDbEntity
 67
1
  8
ESTRIBOS
 62
8
370
9
100
AcDbLine
 10
283.8
 20
315.0
 30
0.0
 11
283.8
 21
335.0
 31
0.0
  0
LINE
  5
CC6
330
C72
100
AcDbEntity
 67
1
  8
ESTRIBOS
 62
8
370
9
100
AcDbLine
 10
288.6
 20
315.0
 30
0.0
 11
288.6
 21
335.0
 31
0.0
  0
LINE
  5
CC7
330
C72
100
AcDbEntity
 67
1
  8
ESTRIBOS
 62
8
370
9
100
AcDbLine
 10
293.4
 20
315.0
 30
0.0
 11
293.4
 21
335.0
 31
0.0
  0
LINE
  5
CC8
330
C72
100
AcDbEntity
 67
1
  8
ESTRIBOS
 62
8
370
9
100
AcDbLine
 10
298.2
 20
315.0
 30
0.0
 11
298.2
 21
335.0
 31
0.0
  0
LINE
  5
CC9
330
C72
100
AcDbEntity
 67
1
  8
ESTRIBOS
 62
8
370
9
100
AcDbLine
 10
303.0
 20
315.0
 30
0.0
 11
303.0
 21
335.0
 31
0.0
  0
LINE
  5
CCA
330
C72
100
AcDbEntity
 67
1
  8
ESTRIBOS
 62
8
370
9
100
AcDbLine
 10
307.8
 20
315.0
 30
0.0
 11
307.8
 21
335.0
 31
0.0
  0
LINE
  5
CCB
330
C72
100
AcDbEntity
 67
1
  8
ESTRIBOS
 62
8
370
9
100
AcDbLine
 10
312.6
 20
315.0
 30
0.0
 11
312.6
 21
335.0
 31
0.0
  0
LINE
  5
CCC
330
C72
100
AcDbEntity
 67
1
  8
ESTRIBOS
 62
8
370
9
100
AcDbLine
 10
317.4
 20
315.0
 30
0.0
 11
317.4
 21
335.0
 31
0.0
  0
LINE
  5
CCD
330
C72
100
AcDbEntity
 67
1
  8
ESTRIBOS
 62
8
370
9
100
AcDbLine
 10
322.2
 20
315.0
 30
0.0
 11
322.2
 21
335.0
 31
0.0
  0
LINE
  5
CCE
330
C72
100
AcDbEntity
 67
1
  8
ESTRIBOS
 62
8
370
9
100
AcDbLine
 10
326.6
 20
315.0
 30
0.0
 11
326.6
 21
335.0
 31
0.0
  0
LINE
  5
CCF
330
C72
100
AcDbEntity
 67
1
  8
ESTRIBOS
 62
8
370
9
100
AcDbLine
 10
331.4
 20
315.0
 30
0.0
 11
331.4
 21
335.0
 31
0.0
  0
LINE
  5
CD0
330
C72
100
AcDbEntity
 67
1
  8
ESTRIBOS
 62
8
370
9
100
AcDbLine
 10
336.2
 20
315.0
 30
0.0
 11
336.2
 21
335.0
 31
0.0
  0
LINE
  5
CD1
330
C72
100
AcDbEntity
 67
1
  8
ESTRIBOS
 62
8
370
9
100
AcDbLine
 10
341.0
 20
315.0
 30
0.0
 11
341.0
 21
335.0
 31
0.0
  0
LINE
  5
CD2
330
C72
100
AcDbEntity
 67
1
  8
ESTRIBOS
 62
8
370
9
100
AcDbLine
 10
345.8
 20
315.0
 30
0.0
 11
345.8
 21
335.0
 31
0.0
  0
LINE
  5
CD3
330
C72
100
AcDbEntity
 67
1
  8
ESTRIBOS
 62
8
370
9
100
AcDbLine
 10
350.6
 20
315.0
 30
0.0
 11
350.6
 21
335.0
 31
0.0
  0
LINE
  5
CD4
330
C72
100
AcDbEntity
 67
1
  8
ESTRIBOS
 62
8
370
9
100
AcDbLine
 10
355.4
 20
315.0
 30
0.0
 11
355.4
 21
335.0
 31
0.0
  0
LINE
  5
CD5
330
C72
100
AcDbEntity
 67
1
  8
ESTRIBOS
 62
8
370
9
100
AcDbLine
 10
360.2
 20
315.0
 30
0.0
 11
360.2
 21
335.0
 31
0.0
  0
LINE
  5
CD6
330
C72
100
AcDbEntity
 67
1
  8
ESTRIBOS
 62
8
370
9
100
AcDbLine
 10
365.0
 20
315.0
 30
0.0
 11
365.0
 21
335.0
 31
0.0
  0
TEXT
  5
CD7
330
C72
100
AcDbEntity
 67
1
  8
ESTRIBOS
 62
8
100
AcDbText
 10
265.0
 20
324.2
 30
0.0
 40
1.25
  1
Nº4 4R @120 (2h) / @120 ctr
 72
1
 11
265.0
 21
324.2
 31
0.0
100
AcDbText
 73
2
  0
LINE
  5
CD8
330
C72
100
AcDbEntity
 67
1
  8
ESTRIBOS
 62
8
370
9
100
AcDbLine
 10
369.0
 20
315.0
 30
0.0
 11
369.0
 21
335.0
 31
0.0
  0
LINE
  5
CD9
330
C72
100
AcDbEntity
 67
1
  8
ESTRIBOS
 62
8
370
9
100
AcDbLine
 10
373.8
 20
315.0
 30
0.0
 11
373.8
 21
335.0
 31
0.0
  0
LINE
  5
CDA
330
C72
100
AcDbEntity
 67
1
  8
ESTRIBOS
 62
8
370
9
100
AcDbLine
 10
378.6
 20
315.0
 30
0.0
 11
378.6
 21
335.0
 31
0.0
  0
LINE
  5
CDB
330
C72
100
AcDbEntity
 67
1
  8
ESTRIBOS
 62
8
370
9
100
AcDbLine
 10
383.4
 20
315.0
 30
0.0
 11
383.4
 21
335.0
 31
0.0
  0
LINE
  5
CDC
330
C72
100
AcDbEntity
 67
1
  8
ESTRIBOS
 62
8
370
9
100
AcDbLine
 10
388.2
 20
315.0
 30
0.0
 11
388.2
 21
335.0
 31
0.0
  0
LINE
  5
CDD
330
C72
100
AcDbEntity
 67
1
  8
ESTRIBOS
 62
8
370
9
100
AcDbLine
 10
393.0
 20
315.0
 30
0.0
 11
393.0
 21
335.0
 31
0.0
  0
LINE
  5
CDE
330
C72
100
AcDbEntity
 67
1
  8
ESTRIBOS
 62
8
370
9
100
AcDbLine
 10
397.8
 20
315.0
 30
0.0
 11
397.8
 21
335.0
 31
0.0
  0
LINE
  5
CDF
330
C72
100
AcDbEntity
 67
1
  8
ESTRIBOS
 62
8
370
9
100
AcDbLine
 10
402.6
 20
315.0
 30
0.0
 11
402.6
 21
335.0
 31
0.0
  0
LINE
  5
CE0
330
C72
100
AcDbEntity
 67
1
  8
ESTRIBOS
 62
8
370
9
100
AcDbLine
 10
407.4
 20
315.0
 30
0.0
 11
407.4
 21
335.0
 31
0.0
  0
LINE
  5
CE1
330
C72
100
AcDbEntity
 67
1
  8
ESTRIBOS
 62
8
370
9
100
AcDbLine
 10
415.8
 20
315.0
 30
0.0
 11
415.8
 21
335.0
 31
0.0
  0
LINE
  5
CE2
330
C72
100
AcDbEntity
 67
1
  8
ESTRIBOS
 62
8
370
9
100
AcDbLine
 10
420.6
 20
315.0
 30
0.0
 11
420.6
 21
335.0
 31
0.0
  0
LINE
  5
CE3
330
C72
100
AcDbEntity
 67
1
  8
ESTRIBOS
 62
8
370
9
100
AcDbLine
 10
425.4
 20
315.0
 30
0.0
 11
425.4
 21
335.0
 31
0.0
  0
LINE
  5
CE4
330
C72
100
AcDbEntity
 67
1
  8
ESTRIBOS
 62
8
370
9
100
AcDbLine
 10
430.2
 20
315.0
 30
0.0
 11
430.2
 21
335.0
 31
0.0
  0
LINE
  5
CE5
330
C72
100
AcDbEntity
 67
1
  8
ESTRIBOS
 62
8
370
9
100
AcDbLine
 10
435.0
 20
315.0
 30
0.0
 11
435.0
 21
335.0
 31
0.0
  0
LINE
  5
CE6
330
C72
100
AcDbEntity
 67
1
  8
ESTRIBOS
 62
8
370
9
100
AcDbLine
 10
439.8
 20
315.0
 30
0.0
 11
439.8
 21
335.0
 31
0.0
  0
LINE
  5
CE7
330
C72
100
AcDbEntity
 67
1
  8
ESTRIBOS
 62
8
370
9
100
AcDbLine
 10
444.6
 20
315.0
 30
0.0
 11
444.6
 21
335.0
 31
0.0
  0
LINE
  5
CE8
330
C72
100
AcDbEntity
 67
1
  8
ESTRIBOS
 62
8
370
9
100
AcDbLine
 10
449.4
 20
315.0
 30
0.0
 11
449.4
 21
335.0
 31
0.0
  0
LINE
  5
CE9
330
C72
100
AcDbEntity
 67
1
  8
ESTRIBOS
 62
8
370
9
100
AcDbLine
 10
454.2
 20
315.0
 30
0.0
 11
454.2
 21
335.0
 31
0.0
  0
LINE
  5
CEA
330
C72
100
AcDbEntity
 67
1
  8
ESTRIBOS
 62
8
370
9
100
AcDbLine
 10
459.0
 20
315.0
 30
0.0
 11
459.0
 21
335.0
 31
0.0
  0
LINE
  5
CEB
330
C72
100
AcDbEntity
 67
1
  8
ESTRIBOS
 62
8
370
9
100
AcDbLine
 10
463.8
 20
315.0
 30
0.0
 11
463.8
 21
335.0
 31
0.0
  0
LINE
  5
CEC
330
C72
100
AcDbEntity
 67
1
  8
ESTRIBOS
 62
8
370
9
100
AcDbLine
 10
468.6
 20
315.0
 30
0.0
 11
468.6
 21
335.0
 31
0.0
  0
LINE
  5
CED
330
C72
100
AcDbEntity
 67
1
  8
ESTRIBOS
 62
8
370
9
100
AcDbLine
 10
473.4
 20
315.0
 30
0.0
 11
473.4
 21
335.0
 31
0.0
  0
LINE
  5
CEE
330
C72
100
AcDbEntity
 67
1
  8
ESTRIBOS
 62
8
370
9
100
AcDbLine
 10
478.2
 20
315.0
 30
0.0
 11
478.2
 21
335.0
 31
0.0
  0
LINE
  5
CEF
330
C72
100
AcDbEntity
 67
1
  8
ESTRIBOS
 62
8
370
9
100
AcDbLine
 10
483.0
 20
315.0
 30
0.0
 11
483.0
 21
335.0
 31
0.0
  0
LINE
  5
CF0
330
C72
100
AcDbEntity
 67
1
  8
ESTRIBOS
 62
8
370
9
100
AcDbLine
 10
487.8
 20
315.0
 30
0.0
 11
487.8
 21
335.0
 31
0.0
  0
LINE
  5
CF1
330
C72
100
AcDbEntity
 67
1
  8
ESTRIBOS
 62
8
370
9
100
AcDbLine
 10
492.6
 20
315.0
 30
0.0
 11
492.6
 21
335.0
 31
0.0
  0
LINE
  5
CF2
330
C72
100
AcDbEntity
 67
1
  8
ESTRIBOS
 62
8
370
9
100
AcDbLine
 10
497.4
 20
315.0
 30
0.0
 11
497.4
 21
335.0
 31
0.0
  0
LINE
  5
CF3
330
C72
100
AcDbEntity
 67
1
  8
ESTRIBOS
 62
8
370
9
100
AcDbLine
 10
502.2
 20
315.0
 30
0.0
 11
502.2
 21
335.0
 31
0.0
  0
LINE
  5
CF4
330
C72
100
AcDbEntity
 67
1
  8
ESTRIBOS
 62
8
370
9
100
AcDbLine
 10
507.0
 20
315.0
 30
0.0
 11
507.0
 21
335.0
 31
0.0
  0
LINE
  5
CF5
330
C72
100
AcDbEntity
 67
1
  8
ESTRIBOS
 62
8
370
9
100
AcDbLine
 10
511.8
 20
315.0
 30
0.0
 11
511.8
 21
335.0
 31
0.0
  0
LINE
  5
CF6
330
C72
100
AcDbEntity
 67
1
  8
ESTRIBOS
 62
8
370
9
100
AcDbLine
 10
516.6
 20
315.0
 30
0.0
 11
516.6
 21
335.0
 31
0.0
  0
LINE
  5
CF7
330
C72
100
AcDbEntity
 67
1
  8
ESTRIBOS
 62
8
370
9
100
AcDbLine
 10
521.4
 20
315.0
 30
0.0
 11
521.4
 21
335.0
 31
0.0
  0
LINE
  5
CF8
330
C72
100
AcDbEntity
 67
1
  8
ESTRIBOS
 62
8
370
9
100
AcDbLine
 10
526.2
 20
315.0
 30
0.0
 11
526.2
 21
335.0
 31
0.0
  0
LINE
  5
CF9
330
C72
100
AcDbEntity
 67
1
  8
ESTRIBOS
 62
8
370
9
100
AcDbLine
 10
530.6
 20
315.0
 30
0.0
 11
530.6
 21
335.0
 31
0.0
  0
LINE
  5
CFA
330
C72
100
AcDbEntity
 67
1
  8
ESTRIBOS
 62
8
370
9
100
AcDbLine
 10
535.4
 20
315.0
 30
0.0
 11
535.4
 21
335.0
 31
0.0
  0
LINE
  5
CFB
330
C72
100
AcDbEntity
 67
1
  8
ESTRIBOS
 62
8
370
9
100
AcDbLine
 10
540.2
 20
315.0
 30
0.0
 11
540.2
 21
335.0
 31
0.0
  0
LINE
  5
CFC
330
C72
100
AcDbEntity
 67
1
  8
ESTRIBOS
 62
8
370
9
100
AcDbLine
 10
545.0
 20
315.0
 30
0.0
 11
545.0
 21
335.0
 31
0.0
  0
LINE
  5
CFD
330
C72
100
AcDbEntity
 67
1
  8
ESTRIBOS
 62
8
370
9
100
AcDbLine
 10
549.8
 20
315.0
 30
0.0
 11
549.8
 21
335.0
 31
0.0
  0
LINE
  5
CFE
330
C72
100
AcDbEntity
 67
1
  8
ESTRIBOS
 62
8
370
9
100
AcDbLine
 10
554.6
 20
315.0
 30
0.0
 11
554.6
 21
335.0
 31
0.0
  0
LINE
  5
CFF
330
C72
100
AcDbEntity
 67
1
  8
ESTRIBOS
 62
8
370
9
100
AcDbLine
 10
559.4
 20
315.0
 30
0.0
 11
559.4
 21
335.0
 31
0.0
  0
LINE
  5
D00
330
C72
100
AcDbEntity
 67
1
  8
ESTRIBOS
 62
8
370
9
100
AcDbLine
 10
564.2
 20
315.0
 30
0.0
 11
564.2
 21
335.0
 31
0.0
  0
LINE
  5
D01
330
C72
100
AcDbEntity
 67
1
  8
ESTRIBOS
 62
8
370
9
100
AcDbLine
 10
569.0
 20
315.0
 30
0.0
 11
569.0
 21
335.0
 31
0.0
  0
TEXT
  5
D02
330
C72
100
AcDbEntity
 67
1
  8
ESTRIBOS
 62
8
100
AcDbText
 10
469.0
 20
324.2
 30
0.0
 40
1.25
  1
Nº4 4R @120 (2h) / @120 ctr
 72
1
 11
469.0
 21
324.2
 31
0.0
100
AcDbText
 73
2
  0
LINE
  5
D03
330
C72
100
AcDbEntity
 67
1
  8
ESTRIBOS
 62
8
370
9
100
AcDbLine
 10
573.0
 20
315.0
 30
0.0
 11
573.0
 21
335.0
 31
0.0
  0
LINE
  5
D04
330
C72
100
AcDbEntity
 67
1
  8
ESTRIBOS
 62
8
370
9
100
AcDbLine
 10
577.8
 20
315.0
 30
0.0
 11
577.8
 21
335.0
 31
0.0
  0
LINE
  5
D05
330
C72
100
AcDbEntity
 67
1
  8
ESTRIBOS
 62
8
370
9
100
AcDbLine
 10
582.6
 20
315.0
 30
0.0
 11
582.6
 21
335.0
 31
0.0
  0
LINE
  5
D06
330
C72
100
AcDbEntity
 67
1
  8
ESTRIBOS
 62
8
370
9
100
AcDbLine
 10
587.4
 20
315.0
 30
0.0
 11
587.4
 21
335.0
 31
0.0
  0
LINE
  5
D07
330
C72
100
AcDbEntity
 67
1
  8
ESTRIBOS
 62
8
370
9
100
AcDbLine
 10
592.2
 20
315.0
 30
0.0
 11
592.2
 21
335.0
 31
0.0
  0
LINE
  5
D08
330
C72
100
AcDbEntity
 67
1
  8
ESTRIBOS
 62
8
370
9
100
AcDbLine
 10
597.0
 20
315.0
 30
0.0
 11
597.0
 21
335.0
 31
0.0
  0
LINE
  5
D09
330
C72
100
AcDbEntity
 67
1
  8
ESTRIBOS
 62
8
370
9
100
AcDbLine
 10
601.8
 20
315.0
 30
0.0
 11
601.8
 21
335.0
 31
0.0
  0
LINE
  5
D0A
330
C72
100
AcDbEntity
 67
1
  8
ESTRIBOS
 62
8
370
9
100
AcDbLine
 10
606.6
 20
315.0
 30
0.0
 11
606.6
 21
335.0
 31
0.0
  0
LINE
  5
D0B
330
C72
100
AcDbEntity
 67
1
  8
ESTRIBOS
 62
8
370
9
100
AcDbLine
 10
611.4
 20
315.0
 30
0.0
 11
611.4
 21
335.0
 31
0.0
  0
LINE
  5
D0C
330
C72
100
AcDbEntity
 67
1
  8
ESTRIBOS
 62
8
370
9
100
AcDbLine
 10
619.8
 20
315.0
 30
0.0
 11
619.8
 21
335.0
 31
0.0
  0
LINE
  5
D0D
330
C72
100
AcDbEntity
 67
1
  8
ESTRIBOS
 62
8
370
9
100
AcDbLine
 10
624.6
 20
315.0
 30
0.0
 11
624.6
 21
335.0
 31
0.0
  0
LINE
  5
D0E
330
C72
100
AcDbEntity
 67
1
  8
ESTRIBOS
 62
8
370
9
100
AcDbLine
 10
629.4
 20
315.0
 30
0.0
 11
629.4
 21
335.0
 31
0.0
  0
LINE
  5
D0F
330
C72
100
AcDbEntity
 67
1
  8
ESTRIBOS
 62
8
370
9
100
AcDbLine
 10
636.6
 20
315.0
 30
0.0
 11
636.6
 21
335.0
 31
0.0
  0
LINE
  5
D10
330
C72
100
AcDbEntity
 67
1
  8
ESTRIBOS
 62
8
370
9
100
AcDbLine
 10
641.4
 20
315.0
 30
0.0
 11
641.4
 21
335.0
 31
0.0
  0
LINE
  5
D11
330
C72
100
AcDbEntity
 67
1
  8
ESTRIBOS
 62
8
370
9
100
AcDbLine
 10
646.2
 20
315.0
 30
0.0
 11
646.2
 21
335.0
 31
0.0
  0
LINE
  5
D12
330
C72
100
AcDbEntity
 67
1
  8
ESTRIBOS
 62
8
370
9
100
AcDbLine
 10
651.0
 20
315.0
 30
0.0
 11
651.0
 21
335.0
 31
0.0
  0
LINE
  5
D13
330
C72
100
AcDbEntity
 67
1
  8
ESTRIBOS
 62
8
370
9
100
AcDbLine
 10
655.8
 20
315.0
 30
0.0
 11
655.8
 21
335.0
 31
0.0
  0
LINE
  5
D14
330
C72
100
AcDbEntity
 67
1
  8
ESTRIBOS
 62
8
370
9
100
AcDbLine
 10
660.6
 20
315.0
 30
0.0
 11
660.6
 21
335.0
 31
0.0
  0
LINE
  5
D15
330
C72
100
AcDbEntity
 67
1
  8
ESTRIBOS
 62
8
370
9
100
AcDbLine
 10
665.4
 20
315.0
 30
0.0
 11
665.4
 21
335.0
 31
0.0
  0
LINE
  5
D16
330
C72
100
AcDbEntity
 67
1
  8
ESTRIBOS
 62
8
370
9
100
AcDbLine
 10
670.2
 20
315.0
 30
0.0
 11
670.2
 21
335.0
 31
0.0
  0
LINE
  5
D17
330
C72
100
AcDbEntity
 67
1
  8
ESTRIBOS
 62
8
370
9
100
AcDbLine
 10
675.0
 20
315.0
 30
0.0
 11
675.0
 21
335.0
 31
0.0
  0
TEXT
  5
D18
330
C72
100
AcDbEntity
 67
1
  8
ESTRIBOS
 62
8
100
AcDbText
 10
624.0
 20
324.2
 30
0.0
 40
1.25
  1
Nº4 4R @120 (2h) / @120 ctr
 72
1
 11
624.0
 21
324.2
 31
0.0
100
AcDbText
 73
2
  0
LWPOLYLINE
  5
D19
330
C72
100
AcDbEntity
 67
1
  8
ACERO_SUP_CONT
 62
4
370
35
100
AcDbPolyline
 90
4
 70
0
 10
57.0
 20
328.0
 10
57.0
 20
334.0
 10
677.0
 20
334.0
 10
677.0
 20
328.0
  0
TEXT
  5
D1A
330
C72
100
AcDbEntity
 67
1
  8
ACERO_SUP_CONT
 62
4
100
AcDbText
 10
367.0
 20
337.0
 30
0.0
 40
1.55
  1
M1  2#5 CONT.  Lc=15510 mm
 72
1
 11
367.0
 21
337.0
 31
0.0
100
AcDbText
 73
2
  0
LWPOLYLINE
  5
D1B
330
C72
100
AcDbEntity
 67
1
  8
ACERO_SUP_APOYO
 62
5
370
30
100
AcDbPolyline
 90
3
 70
0
 10
44.8
 20
326.5
 10
44.8
 20
331.5
 10
83.5
 20
331.5
  0
TEXT
  5
D1C
330
C72
100
AcDbEntity
 67
1
  8
ACERO_SUP_APOYO
 62
5
100
AcDbText
 10
57.0
 20
332.7
 30
0.0
 40
1.15
  1
M2 4#5 L=818
 72
1
 11
57.0
 21
332.7
 31
0.0
100
AcDbText
 73
2
  0
LWPOLYLINE
  5
D1D
330
C72
100
AcDbEntity
 67
1
  8
ACERO_SUP_APOYO
 62
5
370
30
100
AcDbPolyline
 90
2
 70
0
 10
136.5
 20
329.3
 10
214.0
 20
329.3
  0
TEXT
  5
D1E
330
C72
100
AcDbEntity
 67
1
  8
ACERO_SUP_APOYO
 62
5
100
AcDbText
 10
163.0
 20
330.5
 30
0.0
 40
1.15
  1
M2 4#5 L=2438
 72
1
 11
163.0
 21
330.5
 31
0.0
100
AcDbText
 73
2
  0
LWPOLYLINE
  5
D1F
330
C72
100
AcDbEntity
 67
1
  8
ACERO_SUP_APOYO
 62
5
370
30
100
AcDbPolyline
 90
2
 70
0
 10
316.0
 20
331.5
 10
418.0
 20
331.5
  0
TEXT
  5
D20
330
C72
100
AcDbEntity
 67
1
  8
ACERO_SUP_APOYO
 62
5
100
AcDbText
 10
367.0
 20
332.7
 30
0.0
 40
1.15
  1
M2 4#5 L=3050
 72
1
 11
367.0
 21
332.7
 31
0.0
100
AcDbText
 73
2
  0
LWPOLYLINE
  5
D21
330
C72
100
AcDbEntity
 67
1
  8
ACERO_SUP_APOYO
 62
5
370
30
100
AcDbPolyline
 90
2
 70
0
 10
520.0
 20
329.3
 10
597.5
 20
329.3
  0
TEXT
  5
D22
330
C72
100
AcDbEntity
 67
1
  8
ACERO_SUP_APOYO
 62
5
100
AcDbText
 10
571.0
 20
330.5
 30
0.0
 40
1.15
  1
M2 4#5 L=2438
 72
1
 11
571.0
 21
330.5
 31
0.0
100
AcDbText
 73
2
  0
LWPOLYLINE
  5
D23
330
C72
100
AcDbEntity
 67
1
  8
ACERO_SUP_APOYO
 62
5
370
30
100
AcDbPolyline
 90
3
 70
0
 10
650.5
 20
331.5
 10
689.2
 20
331.5
 10
689.2
 20
326.5
  0
TEXT
  5
D24
330
C72
100
AcDbEntity
 67
1
  8
ACERO_SUP_APOYO
 62
5
100
AcDbText
 10
677.0
 20
332.7
 30
0.0
 40
1.15
  1
M2 4#5 L=818
 72
1
 11
677.0
 21
332.7
 31
0.0
100
AcDbText
 73
2
  0
LWPOLYLINE
  5
D25
330
C72
100
AcDbEntity
 67
1
  8
ACERO_INF
 62
1
370
35
100
AcDbPolyline
 90
4
 70
0
 10
59.0
 20
321.0
 10
59.0
 20
316.0
 10
161.0
 20
316.0
 10
161.0
 20
321.0
  0
TEXT
  5
D26
330
C72
100
AcDbEntity
 67
1
  8
ACERO_INF
 62
1
100
AcDbText
 10
110.0
 20
313.9
 30
0.0
 40
1.2
  1
M3 6#5 L=2660
 72
1
 11
110.0
 21
313.9
 31
0.0
100
AcDbText
 73
2
  0
LWPOLYLINE
  5
D27
330
C72
100
AcDbEntity
 67
1
  8
ACERO_INF
 62
1
370
35
100
AcDbPolyline
 90
4
 70
0
 10
165.0
 20
322.8
 10
165.0
 20
317.8
 10
365.0
 20
317.8
 10
365.0
 20
322.8
  0
TEXT
  5
D28
330
C72
100
AcDbEntity
 67
1
  8
ACERO_INF
 62
1
100
AcDbText
 10
265.0
 20
315.7
 30
0.0
 40
1.2
  1
M3 6#5 L=5110
 72
1
 11
265.0
 21
315.7
 31
0.0
100
AcDbText
 73
2
  0
LWPOLYLINE
  5
D29
330
C72
100
AcDbEntity
 67
1
  8
ACERO_INF
 62
1
370
35
100
AcDbPolyline
 90
4
 70
0
 10
369.0
 20
321.0
 10
369.0
 20
316.0
 10
569.0
 20
316.0
 10
569.0
 20
321.0
  0
TEXT
  5
D2A
330
C72
100
AcDbEntity
 67
1
  8
ACERO_INF
 62
1
100
AcDbText
 10
469.0
 20
313.9
 30
0.0
 40
1.2
  1
M3 6#5 L=5110
 72
1
 11
469.0
 21
313.9
 31
0.0
100
AcDbText
 73
2
  0
LWPOLYLINE
  5
D2B
330
C72
100
AcDbEntity
 67
1
  8
ACERO_INF
 62
1
370
35
100
AcDbPolyline
 90
4
 70
0
 10
573.0
 20
322.8
 10
573.0
 20
317.8
 10
675.0
 20
317.8
 10
675.0
 20
322.8
  0
TEXT
  5
D2C
330
C72
100
AcDbEntity
 67
1
  8
ACERO_INF
 62
1
100
AcDbText
 10
624.0
 20
315.7
 30
0.0
 40
1.2
  1
M3 6#5 L=2660
 72
1
 11
624.0
 21
315.7
 31
0.0
100
AcDbText
 73
2
  0
LWPOLYLINE
  5
D2D
330
C72
100
AcDbEntity
 67
1
  8
ACERO_TORSION
 62
30
370
30
100
AcDbPolyline
 90
2
 70
0
 10
58.0
 20
327.4
 10
676.0
 20
327.4
  0
TEXT
  5
D2E
330
C72
100
AcDbEntity
 67
1
  8
ACERO_TORSION
 62
30
100
AcDbText
 10
367.0
 20
329.0
 30
0.0
 40
1.15
  1
M4 8#5 TORSIÓN DEDICADA
 72
1
 11
367.0
 21
329.0
 31
0.0
100
AcDbText
 73
2
  0
LINE
  5
D2F
330
C72
100
AcDbEntity
 67
1
  8
CORTE
 62
6
370
13
100
AcDbLine
 10
163.0
 20
311.5
 30
0.0
 11
163.0
 21
338.5
 31
0.0
  0
TEXT
  5
D30
330
C72
100
AcDbEntity
 67
1
  8
CORTE
 62
6
100
AcDbText
 10
163.0
 20
341.2
 30
0.0
 40
1.5
  1
A
 72
1
 11
163.0
 21
341.2
 31
0.0
100
AcDbText
 73
2
  0
LINE
  5
D31
330
C72
100
AcDbEntity
 67
1
  8
CORTE
 62
6
370
13
100
AcDbLine
 10
265.0
 20
311.5
 30
0.0
 11
265.0
 21
338.5
 31
0.0
  0
TEXT
  5
D32
330
C72
100
AcDbEntity
 67
1
  8
CORTE
 62
6
100
AcDbText
 10
265.0
 20
341.2
 30
0.0
 40
1.5
  1
B
 72
1
 11
265.0
 21
341.2
 31
0.0
100
AcDbText
 73
2
  0
LINE
  5
D33
330
C72
100
AcDbEntity
 67
1
  8
CORTE
 62
6
370
13
100
AcDbLine
 10
571.0
 20
311.5
 30
0.0
 11
571.0
 21
338.5
 31
0.0
  0
TEXT
  5
D34
330
C72
100
AcDbEntity
 67
1
  8
CORTE
 62
6
100
AcDbText
 10
571.0
 20
341.2
 30
0.0
 40
1.5
  1
C
 72
1
 11
571.0
 21
341.2
 31
0.0
100
AcDbText
 73
2
  0
LINE
  5
D35
330
C72
100
AcDbEntity
 67
1
  8
COTAS
 62
3
370
13
100
AcDbLine
 10
57.0
 20
304.0
 30
0.0
 11
163.0
 21
304.0
 31
0.0
  0
LINE
  5
D36
330
C72
100
AcDbEntity
 67
1
  8
COTAS
 62
3
370
13
100
AcDbLine
 10
57.0
 20
302.8
 30
0.0
 11
57.0
 21
305.2
 31
0.0
  0
LINE
  5
D37
330
C72
100
AcDbEntity
 67
1
  8
COTAS
 62
3
370
13
100
AcDbLine
 10
163.0
 20
302.8
 30
0.0
 11
163.0
 21
305.2
 31
0.0
  0
TEXT
  5
D38
330
C72
100
AcDbEntity
 67
1
  8
COTAS
 62
3
100
AcDbText
 10
110.0
 20
305.0
 30
0.0
 40
1.3
  1
2.650 m
 72
1
 11
110.0
 21
305.0
 31
0.0
100
AcDbText
 73
2
  0
TEXT
  5
D39
330
C72
100
AcDbEntity
 67
1
  8
TEXTO
 62
7
100
AcDbText
 10
110.0
 20
301.3
 30
0.0
 40
1.1
  1
F71
 72
1
 11
110.0
 21
301.3
 31
0.0
100
AcDbText
 73
2
  0
LINE
  5
D3A
330
C72
100
AcDbEntity
 67
1
  8
COTAS
 62
3
370
13
100
AcDbLine
 10
163.0
 20
304.0
 30
0.0
 11
367.0
 21
304.0
 31
0.0
  0
LINE
  5
D3B
330
C72
100
AcDbEntity
 67
1
  8
COTAS
 62
3
370
13
100
AcDbLine
 10
163.0
 20
302.8
 30
0.0
 11
163.0
 21
305.2
 31
0.0
  0
LINE
  5
D3C
330
C72
100
AcDbEntity
 67
1
  8
COTAS
 62
3
370
13
100
AcDbLine
 10
367.0
 20
302.8
 30
0.0
 11
367.0
 21
305.2
 31
0.0
  0
TEXT
  5
D3D
330
C72
100
AcDbEntity
 67
1
  8
COTAS
 62
3
100
AcDbText
 10
265.0
 20
305.0
 30
0.0
 40
1.3
  1
5.100 m
 72
1
 11
265.0
 21
305.0
 31
0.0
100
AcDbText
 73
2
  0
TEXT
  5
D3E
330
C72
100
AcDbEntity
 67
1
  8
TEXTO
 62
7
100
AcDbText
 10
265.0
 20
301.3
 30
0.0
 40
1.1
  1
F72
 72
1
 11
265.0
 21
301.3
 31
0.0
100
AcDbText
 73
2
  0
LINE
  5
D3F
330
C72
100
AcDbEntity
 67
1
  8
COTAS
 62
3
370
13
100
AcDbLine
 10
367.0
 20
304.0
 30
0.0
 11
571.0
 21
304.0
 31
0.0
  0
LINE
  5
D40
330
C72
100
AcDbEntity
 67
1
  8
COTAS
 62
3
370
13
100
AcDbLine
 10
367.0
 20
302.8
 30
0.0
 11
367.0
 21
305.2
 31
0.0
  0
LINE
  5
D41
330
C72
100
AcDbEntity
 67
1
  8
COTAS
 62
3
370
13
100
AcDbLine
 10
571.0
 20
302.8
 30
0.0
 11
571.0
 21
305.2
 31
0.0
  0
TEXT
  5
D42
330
C72
100
AcDbEntity
 67
1
  8
COTAS
 62
3
100
AcDbText
 10
469.0
 20
305.0
 30
0.0
 40
1.3
  1
5.100 m
 72
1
 11
469.0
 21
305.0
 31
0.0
100
AcDbText
 73
2
  0
TEXT
  5
D43
330
C72
100
AcDbEntity
 67
1
  8
TEXTO
 62
7
100
AcDbText
 10
469.0
 20
301.3
 30
0.0
 40
1.1
  1
F73
 72
1
 11
469.0
 21
301.3
 31
0.0
100
AcDbText
 73
2
  0
LINE
  5
D44
330
C72
100
AcDbEntity
 67
1
  8
COTAS
 62
3
370
13
100
AcDbLine
 10
571.0
 20
304.0
 30
0.0
 11
677.0
 21
304.0
 31
0.0
  0
LINE
  5
D45
330
C72
100
AcDbEntity
 67
1
  8
COTAS
 62
3
370
13
100
AcDbLine
 10
571.0
 20
302.8
 30
0.0
 11
571.0
 21
305.2
 31
0.0
  0
LINE
  5
D46
330
C72
100
AcDbEntity
 67
1
  8
COTAS
 62
3
370
13
100
AcDbLine
 10
677.0
 20
302.8
 30
0.0
 11
677.0
 21
305.2
 31
0.0
  0
TEXT
  5
D47
330
C72
100
AcDbEntity
 67
1
  8
COTAS
 62
3
100
AcDbText
 10
624.0
 20
305.0
 30
0.0
 40
1.3
  1
2.650 m
 72
1
 11
624.0
 21
305.0
 31
0.0
100
AcDbText
 73
2
  0
TEXT
  5
D48
330
C72
100
AcDbEntity
 67
1
  8
TEXTO
 62
7
100
AcDbText
 10
624.0
 20
301.3
 30
0.0
 40
1.1
  1
F74
 72
1
 11
624.0
 21
301.3
 31
0.0
100
AcDbText
 73
2
  0
LINE
  5
D49
330
C72
100
AcDbEntity
 67
1
  8
COTAS
 62
3
370
13
100
AcDbLine
 10
57.0
 20
298.0
 30
0.0
 11
677.0
 21
298.0
 31
0.0
  0
LINE
  5
D4A
330
C72
100
AcDbEntity
 67
1
  8
COTAS
 62
3
370
13
100
AcDbLine
 10
57.0
 20
296.8
 30
0.0
 11
57.0
 21
299.2
 31
0.0
  0
LINE
  5
D4B
330
C72
100
AcDbEntity
 67
1
  8
COTAS
 62
3
370
13
100
AcDbLine
 10
677.0
 20
296.8
 30
0.0
 11
677.0
 21
299.2
 31
0.0
  0
TEXT
  5
D4C
330
C72
100
AcDbEntity
 67
1
  8
COTAS
 62
3
100
AcDbText
 10
367.0
 20
299.0
 30
0.0
 40
1.5
  1
TOTAL SAP I-J = 15.500 m
 72
1
 11
367.0
 21
299.0
 31
0.0
100
AcDbText
 73
2
  0
TEXT
  5
D4D
330
C72
100
AcDbEntity
 67
1
  8
TEXTO
 62
7
100
AcDbText
 10
677.0
 20
288.0
 30
0.0
 40
1.35
  1
ESC. H 1:25 | V 1:25 | Ejes/tramos obtenidos de SAP
 72
2
 11
677.0
 21
288.0
 31
0.0
100
AcDbText
  0
LWPOLYLINE
  5
D4E
330
C72
100
AcDbEntity
 67
1
  8
MARCO
 62
7
370
20
100
AcDbPolyline
 90
4
 70
1
 10
8.5
 20
122.0
 10
51.5
 20
122.0
 10
51.5
 20
166.0
 10
8.5
 20
166.0
  0
TEXT
  5
D4F
330
C72
100
AcDbEntity
 67
1
  8
TEXTO
 62
7
100
AcDbText
 10
30.0
 20
161.0
 30
0.0
 40
2.6
  1
VIGA VC7
 72
1
 11
30.0
 21
161.0
 31
0.0
100
AcDbText
 73
2
  0
TEXT
  5
D50
330
C72
100
AcDbEntity
 67
1
  8
TEXTO
 62
7
100
AcDbText
 10
30.0
 20
155.0
 30
0.0
 40
2.2
  1
EJE 8
 72
1
 11
30.0
 21
155.0
 31
0.0
100
AcDbText
 73
2
  0
TEXT
  5
D51
330
C72
100
AcDbEntity
 67
1
  8
TEXTO
 62
7
100
AcDbText
 10
30.0
 20
149.0
 30
0.0
 40
1.9
  1
450x550 mm
 72
1
 11
30.0
 21
149.0
 31
0.0
100
AcDbText
 73
2
  0
TEXT
  5
D52
330
C72
100
AcDbEntity
 67
1
  8
TEXTO
100
AcDbText
 10
11.5
 20
142.0
 30
0.0
 40
1.7
  1
SUP 6#5
 11
11.5
 21
142.0
 31
0.0
100
AcDbText
  0
TEXT
  5
D53
330
C72
100
AcDbEntity
 67
1
  8
TEXTO
100
AcDbText
 10
11.5
 20
137.0
 30
0.0
 40
1.7
  1
INF 6#5
 11
11.5
 21
137.0
 31
0.0
100
AcDbText
  0
TEXT
  5
D54
330
C72
100
AcDbEntity
 67
1
  8
TEXTO
100
AcDbText
 10
11.5
 20
132.0
 30
0.0
 40
1.7
  1
TOR 8#5
 11
11.5
 21
132.0
 31
0.0
100
AcDbText
  0
TEXT
  5
D55
330
C72
100
AcDbEntity
 67
1
  8
TEXTO
100
AcDbText
 10
11.5
 20
126.0
 30
0.0
 40
1.45
  1
NIVEL TIPO z=3.5 m
 11
11.5
 21
126.0
 31
0.0
100
AcDbText
  0
LWPOLYLINE
  5
D56
330
C72
100
AcDbEntity
 67
1
  8
CONTORNO
 62
7
370
25
100
AcDbPolyline
 90
4
 70
1
 10
57.0
 20
130.0
 10
677.0
 20
130.0
 10
677.0
 20
152.0
 10
57.0
 20
152.0
  0
LWPOLYLINE
  5
D57
330
C72
100
AcDbEntity
 67
1
  8
APOYOS
 62
9
370
15
100
AcDbPolyline
 90
4
 70
1
 10
47.0
 20
126.0
 10
67.0
 20
126.0
 10
67.0
 20
156.0
 10
47.0
 20
156.0
  0
LINE
  5
D58
330
C72
100
AcDbEntity
 67
1
  8
EJES
  6
DASHED
 62
1
370
9
100
AcDbLine
 10
57.0
 20
119.0
 30
0.0
 11
57.0
 21
169.0
 31
0.0
  0
CIRCLE
  5
D59
330
C72
100
AcDbEntity
 67
1
  8
EJES
 62
1
370
18
100
AcDbCircle
 10
57.0
 20
164.0
 30
0.0
 40
3.5
  0
TEXT
  5
D5A
330
C72
100
AcDbEntity
 67
1
  8
EJES
 62
1
100
AcDbText
 10
57.0
 20
164.0
 30
0.0
 40
2.0
  1
a
 72
1
 11
57.0
 21
164.0
 31
0.0
100
AcDbText
 73
2
  0
LWPOLYLINE
  5
D5B
330
C72
100
AcDbEntity
 67
1
  8
APOYOS
 62
9
370
15
100
AcDbPolyline
 90
4
 70
1
 10
153.0
 20
126.0
 10
173.0
 20
126.0
 10
173.0
 20
156.0
 10
153.0
 20
156.0
  0
LINE
  5
D5C
330
C72
100
AcDbEntity
 67
1
  8
EJES
  6
DASHED
 62
1
370
9
100
AcDbLine
 10
163.0
 20
119.0
 30
0.0
 11
163.0
 21
169.0
 31
0.0
  0
CIRCLE
  5
D5D
330
C72
100
AcDbEntity
 67
1
  8
EJES
 62
1
370
18
100
AcDbCircle
 10
163.0
 20
164.0
 30
0.0
 40
3.5
  0
TEXT
  5
D5E
330
C72
100
AcDbEntity
 67
1
  8
EJES
 62
1
100
AcDbText
 10
163.0
 20
164.0
 30
0.0
 40
2.0
  1
2.65
 72
1
 11
163.0
 21
164.0
 31
0.0
100
AcDbText
 73
2
  0
LWPOLYLINE
  5
D5F
330
C72
100
AcDbEntity
 67
1
  8
APOYOS
 62
9
370
15
100
AcDbPolyline
 90
4
 70
1
 10
357.0
 20
126.0
 10
377.0
 20
126.0
 10
377.0
 20
156.0
 10
357.0
 20
156.0
  0
LINE
  5
D60
330
C72
100
AcDbEntity
 67
1
  8
EJES
  6
DASHED
 62
1
370
9
100
AcDbLine
 10
367.0
 20
119.0
 30
0.0
 11
367.0
 21
169.0
 31
0.0
  0
CIRCLE
  5
D61
330
C72
100
AcDbEntity
 67
1
  8
EJES
 62
1
370
18
100
AcDbCircle
 10
367.0
 20
164.0
 30
0.0
 40
3.5
  0
TEXT
  5
D62
330
C72
100
AcDbEntity
 67
1
  8
EJES
 62
1
100
AcDbText
 10
367.0
 20
164.0
 30
0.0
 40
2.0
  1
c
 72
1
 11
367.0
 21
164.0
 31
0.0
100
AcDbText
 73
2
  0
LWPOLYLINE
  5
D63
330
C72
100
AcDbEntity
 67
1
  8
APOYOS
 62
9
370
15
100
AcDbPolyline
 90
4
 70
1
 10
561.0
 20
126.0
 10
581.0
 20
126.0
 10
581.0
 20
156.0
 10
561.0
 20
156.0
  0
LINE
  5
D64
330
C72
100
AcDbEntity
 67
1
  8
EJES
  6
DASHED
 62
1
370
9
100
AcDbLine
 10
571.0
 20
119.0
 30
0.0
 11
571.0
 21
169.0
 31
0.0
  0
CIRCLE
  5
D65
330
C72
100
AcDbEntity
 67
1
  8
EJES
 62
1
370
18
100
AcDbCircle
 10
571.0
 20
164.0
 30
0.0
 40
3.5
  0
TEXT
  5
D66
330
C72
100
AcDbEntity
 67
1
  8
EJES
 62
1
100
AcDbText
 10
571.0
 20
164.0
 30
0.0
 40
2.0
  1
12.85
 72
1
 11
571.0
 21
164.0
 31
0.0
100
AcDbText
 73
2
  0
LWPOLYLINE
  5
D67
330
C72
100
AcDbEntity
 67
1
  8
APOYOS
 62
9
370
15
100
AcDbPolyline
 90
4
 70
1
 10
667.0
 20
126.0
 10
687.0
 20
126.0
 10
687.0
 20
156.0
 10
667.0
 20
156.0
  0
LINE
  5
D68
330
C72
100
AcDbEntity
 67
1
  8
EJES
  6
DASHED
 62
1
370
9
100
AcDbLine
 10
677.0
 20
119.0
 30
0.0
 11
677.0
 21
169.0
 31
0.0
  0
CIRCLE
  5
D69
330
C72
100
AcDbEntity
 67
1
  8
EJES
 62
1
370
18
100
AcDbCircle
 10
677.0
 20
164.0
 30
0.0
 40
3.5
  0
TEXT
  5
D6A
330
C72
100
AcDbEntity
 67
1
  8
EJES
 62
1
100
AcDbText
 10
677.0
 20
164.0
 30
0.0
 40
2.0
  1
e
 72
1
 11
677.0
 21
164.0
 31
0.0
100
AcDbText
 73
2
  0
LINE
  5
D6B
330
C72
100
AcDbEntity
 67
1
  8
ESTRIBOS
 62
8
370
9
100
AcDbLine
 10
59.0
 20
131.0
 30
0.0
 11
59.0
 21
151.0
 31
0.0
  0
LINE
  5
D6C
330
C72
100
AcDbEntity
 67
1
  8
ESTRIBOS
 62
8
370
9
100
AcDbLine
 10
63.8
 20
131.0
 30
0.0
 11
63.8
 21
151.0
 31
0.0
  0
LINE
  5
D6D
330
C72
100
AcDbEntity
 67
1
  8
ESTRIBOS
 62
8
370
9
100
AcDbLine
 10
68.6
 20
131.0
 30
0.0
 11
68.6
 21
151.0
 31
0.0
  0
LINE
  5
D6E
330
C72
100
AcDbEntity
 67
1
  8
ESTRIBOS
 62
8
370
9
100
AcDbLine
 10
73.4
 20
131.0
 30
0.0
 11
73.4
 21
151.0
 31
0.0
  0
LINE
  5
D6F
330
C72
100
AcDbEntity
 67
1
  8
ESTRIBOS
 62
8
370
9
100
AcDbLine
 10
78.2
 20
131.0
 30
0.0
 11
78.2
 21
151.0
 31
0.0
  0
LINE
  5
D70
330
C72
100
AcDbEntity
 67
1
  8
ESTRIBOS
 62
8
370
9
100
AcDbLine
 10
83.0
 20
131.0
 30
0.0
 11
83.0
 21
151.0
 31
0.0
  0
LINE
  5
D71
330
C72
100
AcDbEntity
 67
1
  8
ESTRIBOS
 62
8
370
9
100
AcDbLine
 10
87.8
 20
131.0
 30
0.0
 11
87.8
 21
151.0
 31
0.0
  0
LINE
  5
D72
330
C72
100
AcDbEntity
 67
1
  8
ESTRIBOS
 62
8
370
9
100
AcDbLine
 10
92.6
 20
131.0
 30
0.0
 11
92.6
 21
151.0
 31
0.0
  0
LINE
  5
D73
330
C72
100
AcDbEntity
 67
1
  8
ESTRIBOS
 62
8
370
9
100
AcDbLine
 10
97.4
 20
131.0
 30
0.0
 11
97.4
 21
151.0
 31
0.0
  0
LINE
  5
D74
330
C72
100
AcDbEntity
 67
1
  8
ESTRIBOS
 62
8
370
9
100
AcDbLine
 10
105.8
 20
131.0
 30
0.0
 11
105.8
 21
151.0
 31
0.0
  0
LINE
  5
D75
330
C72
100
AcDbEntity
 67
1
  8
ESTRIBOS
 62
8
370
9
100
AcDbLine
 10
110.6
 20
131.0
 30
0.0
 11
110.6
 21
151.0
 31
0.0
  0
LINE
  5
D76
330
C72
100
AcDbEntity
 67
1
  8
ESTRIBOS
 62
8
370
9
100
AcDbLine
 10
115.4
 20
131.0
 30
0.0
 11
115.4
 21
151.0
 31
0.0
  0
LINE
  5
D77
330
C72
100
AcDbEntity
 67
1
  8
ESTRIBOS
 62
8
370
9
100
AcDbLine
 10
122.6
 20
131.0
 30
0.0
 11
122.6
 21
151.0
 31
0.0
  0
LINE
  5
D78
330
C72
100
AcDbEntity
 67
1
  8
ESTRIBOS
 62
8
370
9
100
AcDbLine
 10
127.4
 20
131.0
 30
0.0
 11
127.4
 21
151.0
 31
0.0
  0
LINE
  5
D79
330
C72
100
AcDbEntity
 67
1
  8
ESTRIBOS
 62
8
370
9
100
AcDbLine
 10
132.2
 20
131.0
 30
0.0
 11
132.2
 21
151.0
 31
0.0
  0
LINE
  5
D7A
330
C72
100
AcDbEntity
 67
1
  8
ESTRIBOS
 62
8
370
9
100
AcDbLine
 10
137.0
 20
131.0
 30
0.0
 11
137.0
 21
151.0
 31
0.0
  0
LINE
  5
D7B
330
C72
100
AcDbEntity
 67
1
  8
ESTRIBOS
 62
8
370
9
100
AcDbLine
 10
141.8
 20
131.0
 30
0.0
 11
141.8
 21
151.0
 31
0.0
  0
LINE
  5
D7C
330
C72
100
AcDbEntity
 67
1
  8
ESTRIBOS
 62
8
370
9
100
AcDbLine
 10
146.6
 20
131.0
 30
0.0
 11
146.6
 21
151.0
 31
0.0
  0
LINE
  5
D7D
330
C72
100
AcDbEntity
 67
1
  8
ESTRIBOS
 62
8
370
9
100
AcDbLine
 10
151.4
 20
131.0
 30
0.0
 11
151.4
 21
151.0
 31
0.0
  0
LINE
  5
D7E
330
C72
100
AcDbEntity
 67
1
  8
ESTRIBOS
 62
8
370
9
100
AcDbLine
 10
156.2
 20
131.0
 30
0.0
 11
156.2
 21
151.0
 31
0.0
  0
LINE
  5
D7F
330
C72
100
AcDbEntity
 67
1
  8
ESTRIBOS
 62
8
370
9
100
AcDbLine
 10
161.0
 20
131.0
 30
0.0
 11
161.0
 21
151.0
 31
0.0
  0
TEXT
  5
D80
330
C72
100
AcDbEntity
 67
1
  8
ESTRIBOS
 62
8
100
AcDbText
 10
110.0
 20
140.2
 30
0.0
 40
1.25
  1
Nº4 4R @120 (2h) / @120 ctr
 72
1
 11
110.0
 21
140.2
 31
0.0
100
AcDbText
 73
2
  0
LINE
  5
D81
330
C72
100
AcDbEntity
 67
1
  8
ESTRIBOS
 62
8
370
9
100
AcDbLine
 10
165.0
 20
131.0
 30
0.0
 11
165.0
 21
151.0
 31
0.0
  0
LINE
  5
D82
330
C72
100
AcDbEntity
 67
1
  8
ESTRIBOS
 62
8
370
9
100
AcDbLine
 10
169.8
 20
131.0
 30
0.0
 11
169.8
 21
151.0
 31
0.0
  0
LINE
  5
D83
330
C72
100
AcDbEntity
 67
1
  8
ESTRIBOS
 62
8
370
9
100
AcDbLine
 10
174.6
 20
131.0
 30
0.0
 11
174.6
 21
151.0
 31
0.0
  0
LINE
  5
D84
330
C72
100
AcDbEntity
 67
1
  8
ESTRIBOS
 62
8
370
9
100
AcDbLine
 10
179.4
 20
131.0
 30
0.0
 11
179.4
 21
151.0
 31
0.0
  0
LINE
  5
D85
330
C72
100
AcDbEntity
 67
1
  8
ESTRIBOS
 62
8
370
9
100
AcDbLine
 10
184.2
 20
131.0
 30
0.0
 11
184.2
 21
151.0
 31
0.0
  0
LINE
  5
D86
330
C72
100
AcDbEntity
 67
1
  8
ESTRIBOS
 62
8
370
9
100
AcDbLine
 10
189.0
 20
131.0
 30
0.0
 11
189.0
 21
151.0
 31
0.0
  0
LINE
  5
D87
330
C72
100
AcDbEntity
 67
1
  8
ESTRIBOS
 62
8
370
9
100
AcDbLine
 10
193.8
 20
131.0
 30
0.0
 11
193.8
 21
151.0
 31
0.0
  0
LINE
  5
D88
330
C72
100
AcDbEntity
 67
1
  8
ESTRIBOS
 62
8
370
9
100
AcDbLine
 10
198.6
 20
131.0
 30
0.0
 11
198.6
 21
151.0
 31
0.0
  0
LINE
  5
D89
330
C72
100
AcDbEntity
 67
1
  8
ESTRIBOS
 62
8
370
9
100
AcDbLine
 10
203.4
 20
131.0
 30
0.0
 11
203.4
 21
151.0
 31
0.0
  0
LINE
  5
D8A
330
C72
100
AcDbEntity
 67
1
  8
ESTRIBOS
 62
8
370
9
100
AcDbLine
 10
211.8
 20
131.0
 30
0.0
 11
211.8
 21
151.0
 31
0.0
  0
LINE
  5
D8B
330
C72
100
AcDbEntity
 67
1
  8
ESTRIBOS
 62
8
370
9
100
AcDbLine
 10
216.6
 20
131.0
 30
0.0
 11
216.6
 21
151.0
 31
0.0
  0
LINE
  5
D8C
330
C72
100
AcDbEntity
 67
1
  8
ESTRIBOS
 62
8
370
9
100
AcDbLine
 10
221.4
 20
131.0
 30
0.0
 11
221.4
 21
151.0
 31
0.0
  0
LINE
  5
D8D
330
C72
100
AcDbEntity
 67
1
  8
ESTRIBOS
 62
8
370
9
100
AcDbLine
 10
226.2
 20
131.0
 30
0.0
 11
226.2
 21
151.0
 31
0.0
  0
LINE
  5
D8E
330
C72
100
AcDbEntity
 67
1
  8
ESTRIBOS
 62
8
370
9
100
AcDbLine
 10
231.0
 20
131.0
 30
0.0
 11
231.0
 21
151.0
 31
0.0
  0
LINE
  5
D8F
330
C72
100
AcDbEntity
 67
1
  8
ESTRIBOS
 62
8
370
9
100
AcDbLine
 10
235.8
 20
131.0
 30
0.0
 11
235.8
 21
151.0
 31
0.0
  0
LINE
  5
D90
330
C72
100
AcDbEntity
 67
1
  8
ESTRIBOS
 62
8
370
9
100
AcDbLine
 10
240.6
 20
131.0
 30
0.0
 11
240.6
 21
151.0
 31
0.0
  0
LINE
  5
D91
330
C72
100
AcDbEntity
 67
1
  8
ESTRIBOS
 62
8
370
9
100
AcDbLine
 10
245.4
 20
131.0
 30
0.0
 11
245.4
 21
151.0
 31
0.0
  0
LINE
  5
D92
330
C72
100
AcDbEntity
 67
1
  8
ESTRIBOS
 62
8
370
9
100
AcDbLine
 10
250.2
 20
131.0
 30
0.0
 11
250.2
 21
151.0
 31
0.0
  0
LINE
  5
D93
330
C72
100
AcDbEntity
 67
1
  8
ESTRIBOS
 62
8
370
9
100
AcDbLine
 10
255.0
 20
131.0
 30
0.0
 11
255.0
 21
151.0
 31
0.0
  0
LINE
  5
D94
330
C72
100
AcDbEntity
 67
1
  8
ESTRIBOS
 62
8
370
9
100
AcDbLine
 10
259.8
 20
131.0
 30
0.0
 11
259.8
 21
151.0
 31
0.0
  0
LINE
  5
D95
330
C72
100
AcDbEntity
 67
1
  8
ESTRIBOS
 62
8
370
9
100
AcDbLine
 10
264.6
 20
131.0
 30
0.0
 11
264.6
 21
151.0
 31
0.0
  0
LINE
  5
D96
330
C72
100
AcDbEntity
 67
1
  8
ESTRIBOS
 62
8
370
9
100
AcDbLine
 10
269.4
 20
131.0
 30
0.0
 11
269.4
 21
151.0
 31
0.0
  0
LINE
  5
D97
330
C72
100
AcDbEntity
 67
1
  8
ESTRIBOS
 62
8
370
9
100
AcDbLine
 10
274.2
 20
131.0
 30
0.0
 11
274.2
 21
151.0
 31
0.0
  0
LINE
  5
D98
330
C72
100
AcDbEntity
 67
1
  8
ESTRIBOS
 62
8
370
9
100
AcDbLine
 10
279.0
 20
131.0
 30
0.0
 11
279.0
 21
151.0
 31
0.0
  0
LINE
  5
D99
330
C72
100
AcDbEntity
 67
1
  8
ESTRIBOS
 62
8
370
9
100
AcDbLine
 10
283.8
 20
131.0
 30
0.0
 11
283.8
 21
151.0
 31
0.0
  0
LINE
  5
D9A
330
C72
100
AcDbEntity
 67
1
  8
ESTRIBOS
 62
8
370
9
100
AcDbLine
 10
288.6
 20
131.0
 30
0.0
 11
288.6
 21
151.0
 31
0.0
  0
LINE
  5
D9B
330
C72
100
AcDbEntity
 67
1
  8
ESTRIBOS
 62
8
370
9
100
AcDbLine
 10
293.4
 20
131.0
 30
0.0
 11
293.4
 21
151.0
 31
0.0
  0
LINE
  5
D9C
330
C72
100
AcDbEntity
 67
1
  8
ESTRIBOS
 62
8
370
9
100
AcDbLine
 10
298.2
 20
131.0
 30
0.0
 11
298.2
 21
151.0
 31
0.0
  0
LINE
  5
D9D
330
C72
100
AcDbEntity
 67
1
  8
ESTRIBOS
 62
8
370
9
100
AcDbLine
 10
303.0
 20
131.0
 30
0.0
 11
303.0
 21
151.0
 31
0.0
  0
LINE
  5
D9E
330
C72
100
AcDbEntity
 67
1
  8
ESTRIBOS
 62
8
370
9
100
AcDbLine
 10
307.8
 20
131.0
 30
0.0
 11
307.8
 21
151.0
 31
0.0
  0
LINE
  5
D9F
330
C72
100
AcDbEntity
 67
1
  8
ESTRIBOS
 62
8
370
9
100
AcDbLine
 10
312.6
 20
131.0
 30
0.0
 11
312.6
 21
151.0
 31
0.0
  0
LINE
  5
DA0
330
C72
100
AcDbEntity
 67
1
  8
ESTRIBOS
 62
8
370
9
100
AcDbLine
 10
317.4
 20
131.0
 30
0.0
 11
317.4
 21
151.0
 31
0.0
  0
LINE
  5
DA1
330
C72
100
AcDbEntity
 67
1
  8
ESTRIBOS
 62
8
370
9
100
AcDbLine
 10
322.2
 20
131.0
 30
0.0
 11
322.2
 21
151.0
 31
0.0
  0
LINE
  5
DA2
330
C72
100
AcDbEntity
 67
1
  8
ESTRIBOS
 62
8
370
9
100
AcDbLine
 10
326.6
 20
131.0
 30
0.0
 11
326.6
 21
151.0
 31
0.0
  0
LINE
  5
DA3
330
C72
100
AcDbEntity
 67
1
  8
ESTRIBOS
 62
8
370
9
100
AcDbLine
 10
331.4
 20
131.0
 30
0.0
 11
331.4
 21
151.0
 31
0.0
  0
LINE
  5
DA4
330
C72
100
AcDbEntity
 67
1
  8
ESTRIBOS
 62
8
370
9
100
AcDbLine
 10
336.2
 20
131.0
 30
0.0
 11
336.2
 21
151.0
 31
0.0
  0
LINE
  5
DA5
330
C72
100
AcDbEntity
 67
1
  8
ESTRIBOS
 62
8
370
9
100
AcDbLine
 10
341.0
 20
131.0
 30
0.0
 11
341.0
 21
151.0
 31
0.0
  0
LINE
  5
DA6
330
C72
100
AcDbEntity
 67
1
  8
ESTRIBOS
 62
8
370
9
100
AcDbLine
 10
345.8
 20
131.0
 30
0.0
 11
345.8
 21
151.0
 31
0.0
  0
LINE
  5
DA7
330
C72
100
AcDbEntity
 67
1
  8
ESTRIBOS
 62
8
370
9
100
AcDbLine
 10
350.6
 20
131.0
 30
0.0
 11
350.6
 21
151.0
 31
0.0
  0
LINE
  5
DA8
330
C72
100
AcDbEntity
 67
1
  8
ESTRIBOS
 62
8
370
9
100
AcDbLine
 10
355.4
 20
131.0
 30
0.0
 11
355.4
 21
151.0
 31
0.0
  0
LINE
  5
DA9
330
C72
100
AcDbEntity
 67
1
  8
ESTRIBOS
 62
8
370
9
100
AcDbLine
 10
360.2
 20
131.0
 30
0.0
 11
360.2
 21
151.0
 31
0.0
  0
LINE
  5
DAA
330
C72
100
AcDbEntity
 67
1
  8
ESTRIBOS
 62
8
370
9
100
AcDbLine
 10
365.0
 20
131.0
 30
0.0
 11
365.0
 21
151.0
 31
0.0
  0
TEXT
  5
DAB
330
C72
100
AcDbEntity
 67
1
  8
ESTRIBOS
 62
8
100
AcDbText
 10
265.0
 20
140.2
 30
0.0
 40
1.25
  1
Nº4 4R @120 (2h) / @120 ctr
 72
1
 11
265.0
 21
140.2
 31
0.0
100
AcDbText
 73
2
  0
LINE
  5
DAC
330
C72
100
AcDbEntity
 67
1
  8
ESTRIBOS
 62
8
370
9
100
AcDbLine
 10
369.0
 20
131.0
 30
0.0
 11
369.0
 21
151.0
 31
0.0
  0
LINE
  5
DAD
330
C72
100
AcDbEntity
 67
1
  8
ESTRIBOS
 62
8
370
9
100
AcDbLine
 10
373.8
 20
131.0
 30
0.0
 11
373.8
 21
151.0
 31
0.0
  0
LINE
  5
DAE
330
C72
100
AcDbEntity
 67
1
  8
ESTRIBOS
 62
8
370
9
100
AcDbLine
 10
378.6
 20
131.0
 30
0.0
 11
378.6
 21
151.0
 31
0.0
  0
LINE
  5
DAF
330
C72
100
AcDbEntity
 67
1
  8
ESTRIBOS
 62
8
370
9
100
AcDbLine
 10
383.4
 20
131.0
 30
0.0
 11
383.4
 21
151.0
 31
0.0
  0
LINE
  5
DB0
330
C72
100
AcDbEntity
 67
1
  8
ESTRIBOS
 62
8
370
9
100
AcDbLine
 10
388.2
 20
131.0
 30
0.0
 11
388.2
 21
151.0
 31
0.0
  0
LINE
  5
DB1
330
C72
100
AcDbEntity
 67
1
  8
ESTRIBOS
 62
8
370
9
100
AcDbLine
 10
393.0
 20
131.0
 30
0.0
 11
393.0
 21
151.0
 31
0.0
  0
LINE
  5
DB2
330
C72
100
AcDbEntity
 67
1
  8
ESTRIBOS
 62
8
370
9
100
AcDbLine
 10
397.8
 20
131.0
 30
0.0
 11
397.8
 21
151.0
 31
0.0
  0
LINE
  5
DB3
330
C72
100
AcDbEntity
 67
1
  8
ESTRIBOS
 62
8
370
9
100
AcDbLine
 10
402.6
 20
131.0
 30
0.0
 11
402.6
 21
151.0
 31
0.0
  0
LINE
  5
DB4
330
C72
100
AcDbEntity
 67
1
  8
ESTRIBOS
 62
8
370
9
100
AcDbLine
 10
407.4
 20
131.0
 30
0.0
 11
407.4
 21
151.0
 31
0.0
  0
LINE
  5
DB5
330
C72
100
AcDbEntity
 67
1
  8
ESTRIBOS
 62
8
370
9
100
AcDbLine
 10
415.8
 20
131.0
 30
0.0
 11
415.8
 21
151.0
 31
0.0
  0
LINE
  5
DB6
330
C72
100
AcDbEntity
 67
1
  8
ESTRIBOS
 62
8
370
9
100
AcDbLine
 10
420.6
 20
131.0
 30
0.0
 11
420.6
 21
151.0
 31
0.0
  0
LINE
  5
DB7
330
C72
100
AcDbEntity
 67
1
  8
ESTRIBOS
 62
8
370
9
100
AcDbLine
 10
425.4
 20
131.0
 30
0.0
 11
425.4
 21
151.0
 31
0.0
  0
LINE
  5
DB8
330
C72
100
AcDbEntity
 67
1
  8
ESTRIBOS
 62
8
370
9
100
AcDbLine
 10
430.2
 20
131.0
 30
0.0
 11
430.2
 21
151.0
 31
0.0
  0
LINE
  5
DB9
330
C72
100
AcDbEntity
 67
1
  8
ESTRIBOS
 62
8
370
9
100
AcDbLine
 10
435.0
 20
131.0
 30
0.0
 11
435.0
 21
151.0
 31
0.0
  0
LINE
  5
DBA
330
C72
100
AcDbEntity
 67
1
  8
ESTRIBOS
 62
8
370
9
100
AcDbLine
 10
439.8
 20
131.0
 30
0.0
 11
439.8
 21
151.0
 31
0.0
  0
LINE
  5
DBB
330
C72
100
AcDbEntity
 67
1
  8
ESTRIBOS
 62
8
370
9
100
AcDbLine
 10
444.6
 20
131.0
 30
0.0
 11
444.6
 21
151.0
 31
0.0
  0
LINE
  5
DBC
330
C72
100
AcDbEntity
 67
1
  8
ESTRIBOS
 62
8
370
9
100
AcDbLine
 10
449.4
 20
131.0
 30
0.0
 11
449.4
 21
151.0
 31
0.0
  0
LINE
  5
DBD
330
C72
100
AcDbEntity
 67
1
  8
ESTRIBOS
 62
8
370
9
100
AcDbLine
 10
454.2
 20
131.0
 30
0.0
 11
454.2
 21
151.0
 31
0.0
  0
LINE
  5
DBE
330
C72
100
AcDbEntity
 67
1
  8
ESTRIBOS
 62
8
370
9
100
AcDbLine
 10
459.0
 20
131.0
 30
0.0
 11
459.0
 21
151.0
 31
0.0
  0
LINE
  5
DBF
330
C72
100
AcDbEntity
 67
1
  8
ESTRIBOS
 62
8
370
9
100
AcDbLine
 10
463.8
 20
131.0
 30
0.0
 11
463.8
 21
151.0
 31
0.0
  0
LINE
  5
DC0
330
C72
100
AcDbEntity
 67
1
  8
ESTRIBOS
 62
8
370
9
100
AcDbLine
 10
468.6
 20
131.0
 30
0.0
 11
468.6
 21
151.0
 31
0.0
  0
LINE
  5
DC1
330
C72
100
AcDbEntity
 67
1
  8
ESTRIBOS
 62
8
370
9
100
AcDbLine
 10
473.4
 20
131.0
 30
0.0
 11
473.4
 21
151.0
 31
0.0
  0
LINE
  5
DC2
330
C72
100
AcDbEntity
 67
1
  8
ESTRIBOS
 62
8
370
9
100
AcDbLine
 10
478.2
 20
131.0
 30
0.0
 11
478.2
 21
151.0
 31
0.0
  0
LINE
  5
DC3
330
C72
100
AcDbEntity
 67
1
  8
ESTRIBOS
 62
8
370
9
100
AcDbLine
 10
483.0
 20
131.0
 30
0.0
 11
483.0
 21
151.0
 31
0.0
  0
LINE
  5
DC4
330
C72
100
AcDbEntity
 67
1
  8
ESTRIBOS
 62
8
370
9
100
AcDbLine
 10
487.8
 20
131.0
 30
0.0
 11
487.8
 21
151.0
 31
0.0
  0
LINE
  5
DC5
330
C72
100
AcDbEntity
 67
1
  8
ESTRIBOS
 62
8
370
9
100
AcDbLine
 10
492.6
 20
131.0
 30
0.0
 11
492.6
 21
151.0
 31
0.0
  0
LINE
  5
DC6
330
C72
100
AcDbEntity
 67
1
  8
ESTRIBOS
 62
8
370
9
100
AcDbLine
 10
497.4
 20
131.0
 30
0.0
 11
497.4
 21
151.0
 31
0.0
  0
LINE
  5
DC7
330
C72
100
AcDbEntity
 67
1
  8
ESTRIBOS
 62
8
370
9
100
AcDbLine
 10
502.2
 20
131.0
 30
0.0
 11
502.2
 21
151.0
 31
0.0
  0
LINE
  5
DC8
330
C72
100
AcDbEntity
 67
1
  8
ESTRIBOS
 62
8
370
9
100
AcDbLine
 10
507.0
 20
131.0
 30
0.0
 11
507.0
 21
151.0
 31
0.0
  0
LINE
  5
DC9
330
C72
100
AcDbEntity
 67
1
  8
ESTRIBOS
 62
8
370
9
100
AcDbLine
 10
511.8
 20
131.0
 30
0.0
 11
511.8
 21
151.0
 31
0.0
  0
LINE
  5
DCA
330
C72
100
AcDbEntity
 67
1
  8
ESTRIBOS
 62
8
370
9
100
AcDbLine
 10
516.6
 20
131.0
 30
0.0
 11
516.6
 21
151.0
 31
0.0
  0
LINE
  5
DCB
330
C72
100
AcDbEntity
 67
1
  8
ESTRIBOS
 62
8
370
9
100
AcDbLine
 10
521.4
 20
131.0
 30
0.0
 11
521.4
 21
151.0
 31
0.0
  0
LINE
  5
DCC
330
C72
100
AcDbEntity
 67
1
  8
ESTRIBOS
 62
8
370
9
100
AcDbLine
 10
526.2
 20
131.0
 30
0.0
 11
526.2
 21
151.0
 31
0.0
  0
LINE
  5
DCD
330
C72
100
AcDbEntity
 67
1
  8
ESTRIBOS
 62
8
370
9
100
AcDbLine
 10
530.6
 20
131.0
 30
0.0
 11
530.6
 21
151.0
 31
0.0
  0
LINE
  5
DCE
330
C72
100
AcDbEntity
 67
1
  8
ESTRIBOS
 62
8
370
9
100
AcDbLine
 10
535.4
 20
131.0
 30
0.0
 11
535.4
 21
151.0
 31
0.0
  0
LINE
  5
DCF
330
C72
100
AcDbEntity
 67
1
  8
ESTRIBOS
 62
8
370
9
100
AcDbLine
 10
540.2
 20
131.0
 30
0.0
 11
540.2
 21
151.0
 31
0.0
  0
LINE
  5
DD0
330
C72
100
AcDbEntity
 67
1
  8
ESTRIBOS
 62
8
370
9
100
AcDbLine
 10
545.0
 20
131.0
 30
0.0
 11
545.0
 21
151.0
 31
0.0
  0
LINE
  5
DD1
330
C72
100
AcDbEntity
 67
1
  8
ESTRIBOS
 62
8
370
9
100
AcDbLine
 10
549.8
 20
131.0
 30
0.0
 11
549.8
 21
151.0
 31
0.0
  0
LINE
  5
DD2
330
C72
100
AcDbEntity
 67
1
  8
ESTRIBOS
 62
8
370
9
100
AcDbLine
 10
554.6
 20
131.0
 30
0.0
 11
554.6
 21
151.0
 31
0.0
  0
LINE
  5
DD3
330
C72
100
AcDbEntity
 67
1
  8
ESTRIBOS
 62
8
370
9
100
AcDbLine
 10
559.4
 20
131.0
 30
0.0
 11
559.4
 21
151.0
 31
0.0
  0
LINE
  5
DD4
330
C72
100
AcDbEntity
 67
1
  8
ESTRIBOS
 62
8
370
9
100
AcDbLine
 10
564.2
 20
131.0
 30
0.0
 11
564.2
 21
151.0
 31
0.0
  0
LINE
  5
DD5
330
C72
100
AcDbEntity
 67
1
  8
ESTRIBOS
 62
8
370
9
100
AcDbLine
 10
569.0
 20
131.0
 30
0.0
 11
569.0
 21
151.0
 31
0.0
  0
TEXT
  5
DD6
330
C72
100
AcDbEntity
 67
1
  8
ESTRIBOS
 62
8
100
AcDbText
 10
469.0
 20
140.2
 30
0.0
 40
1.25
  1
Nº4 4R @120 (2h) / @120 ctr
 72
1
 11
469.0
 21
140.2
 31
0.0
100
AcDbText
 73
2
  0
LINE
  5
DD7
330
C72
100
AcDbEntity
 67
1
  8
ESTRIBOS
 62
8
370
9
100
AcDbLine
 10
573.0
 20
131.0
 30
0.0
 11
573.0
 21
151.0
 31
0.0
  0
LINE
  5
DD8
330
C72
100
AcDbEntity
 67
1
  8
ESTRIBOS
 62
8
370
9
100
AcDbLine
 10
577.8
 20
131.0
 30
0.0
 11
577.8
 21
151.0
 31
0.0
  0
LINE
  5
DD9
330
C72
100
AcDbEntity
 67
1
  8
ESTRIBOS
 62
8
370
9
100
AcDbLine
 10
582.6
 20
131.0
 30
0.0
 11
582.6
 21
151.0
 31
0.0
  0
LINE
  5
DDA
330
C72
100
AcDbEntity
 67
1
  8
ESTRIBOS
 62
8
370
9
100
AcDbLine
 10
587.4
 20
131.0
 30
0.0
 11
587.4
 21
151.0
 31
0.0
  0
LINE
  5
DDB
330
C72
100
AcDbEntity
 67
1
  8
ESTRIBOS
 62
8
370
9
100
AcDbLine
 10
592.2
 20
131.0
 30
0.0
 11
592.2
 21
151.0
 31
0.0
  0
LINE
  5
DDC
330
C72
100
AcDbEntity
 67
1
  8
ESTRIBOS
 62
8
370
9
100
AcDbLine
 10
597.0
 20
131.0
 30
0.0
 11
597.0
 21
151.0
 31
0.0
  0
LINE
  5
DDD
330
C72
100
AcDbEntity
 67
1
  8
ESTRIBOS
 62
8
370
9
100
AcDbLine
 10
601.8
 20
131.0
 30
0.0
 11
601.8
 21
151.0
 31
0.0
  0
LINE
  5
DDE
330
C72
100
AcDbEntity
 67
1
  8
ESTRIBOS
 62
8
370
9
100
AcDbLine
 10
606.6
 20
131.0
 30
0.0
 11
606.6
 21
151.0
 31
0.0
  0
LINE
  5
DDF
330
C72
100
AcDbEntity
 67
1
  8
ESTRIBOS
 62
8
370
9
100
AcDbLine
 10
611.4
 20
131.0
 30
0.0
 11
611.4
 21
151.0
 31
0.0
  0
LINE
  5
DE0
330
C72
100
AcDbEntity
 67
1
  8
ESTRIBOS
 62
8
370
9
100
AcDbLine
 10
619.8
 20
131.0
 30
0.0
 11
619.8
 21
151.0
 31
0.0
  0
LINE
  5
DE1
330
C72
100
AcDbEntity
 67
1
  8
ESTRIBOS
 62
8
370
9
100
AcDbLine
 10
624.6
 20
131.0
 30
0.0
 11
624.6
 21
151.0
 31
0.0
  0
LINE
  5
DE2
330
C72
100
AcDbEntity
 67
1
  8
ESTRIBOS
 62
8
370
9
100
AcDbLine
 10
629.4
 20
131.0
 30
0.0
 11
629.4
 21
151.0
 31
0.0
  0
LINE
  5
DE3
330
C72
100
AcDbEntity
 67
1
  8
ESTRIBOS
 62
8
370
9
100
AcDbLine
 10
636.6
 20
131.0
 30
0.0
 11
636.6
 21
151.0
 31
0.0
  0
LINE
  5
DE4
330
C72
100
AcDbEntity
 67
1
  8
ESTRIBOS
 62
8
370
9
100
AcDbLine
 10
641.4
 20
131.0
 30
0.0
 11
641.4
 21
151.0
 31
0.0
  0
LINE
  5
DE5
330
C72
100
AcDbEntity
 67
1
  8
ESTRIBOS
 62
8
370
9
100
AcDbLine
 10
646.2
 20
131.0
 30
0.0
 11
646.2
 21
151.0
 31
0.0
  0
LINE
  5
DE6
330
C72
100
AcDbEntity
 67
1
  8
ESTRIBOS
 62
8
370
9
100
AcDbLine
 10
651.0
 20
131.0
 30
0.0
 11
651.0
 21
151.0
 31
0.0
  0
LINE
  5
DE7
330
C72
100
AcDbEntity
 67
1
  8
ESTRIBOS
 62
8
370
9
100
AcDbLine
 10
655.8
 20
131.0
 30
0.0
 11
655.8
 21
151.0
 31
0.0
  0
LINE
  5
DE8
330
C72
100
AcDbEntity
 67
1
  8
ESTRIBOS
 62
8
370
9
100
AcDbLine
 10
660.6
 20
131.0
 30
0.0
 11
660.6
 21
151.0
 31
0.0
  0
LINE
  5
DE9
330
C72
100
AcDbEntity
 67
1
  8
ESTRIBOS
 62
8
370
9
100
AcDbLine
 10
665.4
 20
131.0
 30
0.0
 11
665.4
 21
151.0
 31
0.0
  0
LINE
  5
DEA
330
C72
100
AcDbEntity
 67
1
  8
ESTRIBOS
 62
8
370
9
100
AcDbLine
 10
670.2
 20
131.0
 30
0.0
 11
670.2
 21
151.0
 31
0.0
  0
LINE
  5
DEB
330
C72
100
AcDbEntity
 67
1
  8
ESTRIBOS
 62
8
370
9
100
AcDbLine
 10
675.0
 20
131.0
 30
0.0
 11
675.0
 21
151.0
 31
0.0
  0
TEXT
  5
DEC
330
C72
100
AcDbEntity
 67
1
  8
ESTRIBOS
 62
8
100
AcDbText
 10
624.0
 20
140.2
 30
0.0
 40
1.25
  1
Nº4 4R @120 (2h) / @120 ctr
 72
1
 11
624.0
 21
140.2
 31
0.0
100
AcDbText
 73
2
  0
LWPOLYLINE
  5
DED
330
C72
100
AcDbEntity
 67
1
  8
ACERO_SUP_CONT
 62
4
370
35
100
AcDbPolyline
 90
4
 70
0
 10
57.0
 20
144.0
 10
57.0
 20
150.0
 10
677.0
 20
150.0
 10
677.0
 20
144.0
  0
TEXT
  5
DEE
330
C72
100
AcDbEntity
 67
1
  8
ACERO_SUP_CONT
 62
4
100
AcDbText
 10
367.0
 20
153.0
 30
0.0
 40
1.55
  1
M1  2#5 CONT.  Lc=15510 mm
 72
1
 11
367.0
 21
153.0
 31
0.0
100
AcDbText
 73
2
  0
LWPOLYLINE
  5
DEF
330
C72
100
AcDbEntity
 67
1
  8
ACERO_SUP_APOYO
 62
5
370
30
100
AcDbPolyline
 90
3
 70
0
 10
44.8
 20
142.5
 10
44.8
 20
147.5
 10
83.5
 20
147.5
  0
TEXT
  5
DF0
330
C72
100
AcDbEntity
 67
1
  8
ACERO_SUP_APOYO
 62
5
100
AcDbText
 10
57.0
 20
148.7
 30
0.0
 40
1.15
  1
M2 4#5 L=818
 72
1
 11
57.0
 21
148.7
 31
0.0
100
AcDbText
 73
2
  0
LWPOLYLINE
  5
DF1
330
C72
100
AcDbEntity
 67
1
  8
ACERO_SUP_APOYO
 62
5
370
30
100
AcDbPolyline
 90
2
 70
0
 10
136.5
 20
145.3
 10
214.0
 20
145.3
  0
TEXT
  5
DF2
330
C72
100
AcDbEntity
 67
1
  8
ACERO_SUP_APOYO
 62
5
100
AcDbText
 10
163.0
 20
146.5
 30
0.0
 40
1.15
  1
M2 4#5 L=2438
 72
1
 11
163.0
 21
146.5
 31
0.0
100
AcDbText
 73
2
  0
LWPOLYLINE
  5
DF3
330
C72
100
AcDbEntity
 67
1
  8
ACERO_SUP_APOYO
 62
5
370
30
100
AcDbPolyline
 90
2
 70
0
 10
316.0
 20
147.5
 10
418.0
 20
147.5
  0
TEXT
  5
DF4
330
C72
100
AcDbEntity
 67
1
  8
ACERO_SUP_APOYO
 62
5
100
AcDbText
 10
367.0
 20
148.7
 30
0.0
 40
1.15
  1
M2 4#5 L=3050
 72
1
 11
367.0
 21
148.7
 31
0.0
100
AcDbText
 73
2
  0
LWPOLYLINE
  5
DF5
330
C72
100
AcDbEntity
 67
1
  8
ACERO_SUP_APOYO
 62
5
370
30
100
AcDbPolyline
 90
2
 70
0
 10
520.0
 20
145.3
 10
597.5
 20
145.3
  0
TEXT
  5
DF6
330
C72
100
AcDbEntity
 67
1
  8
ACERO_SUP_APOYO
 62
5
100
AcDbText
 10
571.0
 20
146.5
 30
0.0
 40
1.15
  1
M2 4#5 L=2438
 72
1
 11
571.0
 21
146.5
 31
0.0
100
AcDbText
 73
2
  0
LWPOLYLINE
  5
DF7
330
C72
100
AcDbEntity
 67
1
  8
ACERO_SUP_APOYO
 62
5
370
30
100
AcDbPolyline
 90
3
 70
0
 10
650.5
 20
147.5
 10
689.2
 20
147.5
 10
689.2
 20
142.5
  0
TEXT
  5
DF8
330
C72
100
AcDbEntity
 67
1
  8
ACERO_SUP_APOYO
 62
5
100
AcDbText
 10
677.0
 20
148.7
 30
0.0
 40
1.15
  1
M2 4#5 L=818
 72
1
 11
677.0
 21
148.7
 31
0.0
100
AcDbText
 73
2
  0
LWPOLYLINE
  5
DF9
330
C72
100
AcDbEntity
 67
1
  8
ACERO_INF
 62
1
370
35
100
AcDbPolyline
 90
4
 70
0
 10
59.0
 20
137.0
 10
59.0
 20
132.0
 10
161.0
 20
132.0
 10
161.0
 20
137.0
  0
TEXT
  5
DFA
330
C72
100
AcDbEntity
 67
1
  8
ACERO_INF
 62
1
100
AcDbText
 10
110.0
 20
129.9
 30
0.0
 40
1.2
  1
M3 6#5 L=2660
 72
1
 11
110.0
 21
129.9
 31
0.0
100
AcDbText
 73
2
  0
LWPOLYLINE
  5
DFB
330
C72
100
AcDbEntity
 67
1
  8
ACERO_INF
 62
1
370
35
100
AcDbPolyline
 90
4
 70
0
 10
165.0
 20
138.8
 10
165.0
 20
133.8
 10
365.0
 20
133.8
 10
365.0
 20
138.8
  0
TEXT
  5
DFC
330
C72
100
AcDbEntity
 67
1
  8
ACERO_INF
 62
1
100
AcDbText
 10
265.0
 20
131.70000000000002
 30
0.0
 40
1.2
  1
M3 6#5 L=5110
 72
1
 11
265.0
 21
131.70000000000002
 31
0.0
100
AcDbText
 73
2
  0
LWPOLYLINE
  5
DFD
330
C72
100
AcDbEntity
 67
1
  8
ACERO_INF
 62
1
370
35
100
AcDbPolyline
 90
4
 70
0
 10
369.0
 20
137.0
 10
369.0
 20
132.0
 10
569.0
 20
132.0
 10
569.0
 20
137.0
  0
TEXT
  5
DFE
330
C72
100
AcDbEntity
 67
1
  8
ACERO_INF
 62
1
100
AcDbText
 10
469.0
 20
129.9
 30
0.0
 40
1.2
  1
M3 6#5 L=5110
 72
1
 11
469.0
 21
129.9
 31
0.0
100
AcDbText
 73
2
  0
LWPOLYLINE
  5
DFF
330
C72
100
AcDbEntity
 67
1
  8
ACERO_INF
 62
1
370
35
100
AcDbPolyline
 90
4
 70
0
 10
573.0
 20
138.8
 10
573.0
 20
133.8
 10
675.0
 20
133.8
 10
675.0
 20
138.8
  0
TEXT
  5
E00
330
C72
100
AcDbEntity
 67
1
  8
ACERO_INF
 62
1
100
AcDbText
 10
624.0
 20
131.70000000000002
 30
0.0
 40
1.2
  1
M3 6#5 L=2660
 72
1
 11
624.0
 21
131.70000000000002
 31
0.0
100
AcDbText
 73
2
  0
LWPOLYLINE
  5
E01
330
C72
100
AcDbEntity
 67
1
  8
ACERO_TORSION
 62
30
370
30
100
AcDbPolyline
 90
2
 70
0
 10
58.0
 20
143.4
 10
676.0
 20
143.4
  0
TEXT
  5
E02
330
C72
100
AcDbEntity
 67
1
  8
ACERO_TORSION
 62
30
100
AcDbText
 10
367.0
 20
145.0
 30
0.0
 40
1.15
  1
M4 8#5 TORSIÓN DEDICADA
 72
1
 11
367.0
 21
145.0
 31
0.0
100
AcDbText
 73
2
  0
LINE
  5
E03
330
C72
100
AcDbEntity
 67
1
  8
CORTE
 62
6
370
13
100
AcDbLine
 10
163.0
 20
127.5
 30
0.0
 11
163.0
 21
154.5
 31
0.0
  0
TEXT
  5
E04
330
C72
100
AcDbEntity
 67
1
  8
CORTE
 62
6
100
AcDbText
 10
163.0
 20
157.2
 30
0.0
 40
1.5
  1
A
 72
1
 11
163.0
 21
157.2
 31
0.0
100
AcDbText
 73
2
  0
LINE
  5
E05
330
C72
100
AcDbEntity
 67
1
  8
CORTE
 62
6
370
13
100
AcDbLine
 10
265.0
 20
127.5
 30
0.0
 11
265.0
 21
154.5
 31
0.0
  0
TEXT
  5
E06
330
C72
100
AcDbEntity
 67
1
  8
CORTE
 62
6
100
AcDbText
 10
265.0
 20
157.2
 30
0.0
 40
1.5
  1
B
 72
1
 11
265.0
 21
157.2
 31
0.0
100
AcDbText
 73
2
  0
LINE
  5
E07
330
C72
100
AcDbEntity
 67
1
  8
CORTE
 62
6
370
13
100
AcDbLine
 10
571.0
 20
127.5
 30
0.0
 11
571.0
 21
154.5
 31
0.0
  0
TEXT
  5
E08
330
C72
100
AcDbEntity
 67
1
  8
CORTE
 62
6
100
AcDbText
 10
571.0
 20
157.2
 30
0.0
 40
1.5
  1
C
 72
1
 11
571.0
 21
157.2
 31
0.0
100
AcDbText
 73
2
  0
LINE
  5
E09
330
C72
100
AcDbEntity
 67
1
  8
COTAS
 62
3
370
13
100
AcDbLine
 10
57.0
 20
120.0
 30
0.0
 11
163.0
 21
120.0
 31
0.0
  0
LINE
  5
E0A
330
C72
100
AcDbEntity
 67
1
  8
COTAS
 62
3
370
13
100
AcDbLine
 10
57.0
 20
118.8
 30
0.0
 11
57.0
 21
121.2
 31
0.0
  0
LINE
  5
E0B
330
C72
100
AcDbEntity
 67
1
  8
COTAS
 62
3
370
13
100
AcDbLine
 10
163.0
 20
118.8
 30
0.0
 11
163.0
 21
121.2
 31
0.0
  0
TEXT
  5
E0C
330
C72
100
AcDbEntity
 67
1
  8
COTAS
 62
3
100
AcDbText
 10
110.0
 20
121.0
 30
0.0
 40
1.3
  1
2.650 m
 72
1
 11
110.0
 21
121.0
 31
0.0
100
AcDbText
 73
2
  0
TEXT
  5
E0D
330
C72
100
AcDbEntity
 67
1
  8
TEXTO
 62
7
100
AcDbText
 10
110.0
 20
117.3
 30
0.0
 40
1.1
  1
F75
 72
1
 11
110.0
 21
117.3
 31
0.0
100
AcDbText
 73
2
  0
LINE
  5
E0E
330
C72
100
AcDbEntity
 67
1
  8
COTAS
 62
3
370
13
100
AcDbLine
 10
163.0
 20
120.0
 30
0.0
 11
367.0
 21
120.0
 31
0.0
  0
LINE
  5
E0F
330
C72
100
AcDbEntity
 67
1
  8
COTAS
 62
3
370
13
100
AcDbLine
 10
163.0
 20
118.8
 30
0.0
 11
163.0
 21
121.2
 31
0.0
  0
LINE
  5
E10
330
C72
100
AcDbEntity
 67
1
  8
COTAS
 62
3
370
13
100
AcDbLine
 10
367.0
 20
118.8
 30
0.0
 11
367.0
 21
121.2
 31
0.0
  0
TEXT
  5
E11
330
C72
100
AcDbEntity
 67
1
  8
COTAS
 62
3
100
AcDbText
 10
265.0
 20
121.0
 30
0.0
 40
1.3
  1
5.100 m
 72
1
 11
265.0
 21
121.0
 31
0.0
100
AcDbText
 73
2
  0
TEXT
  5
E12
330
C72
100
AcDbEntity
 67
1
  8
TEXTO
 62
7
100
AcDbText
 10
265.0
 20
117.3
 30
0.0
 40
1.1
  1
F76
 72
1
 11
265.0
 21
117.3
 31
0.0
100
AcDbText
 73
2
  0
LINE
  5
E13
330
C72
100
AcDbEntity
 67
1
  8
COTAS
 62
3
370
13
100
AcDbLine
 10
367.0
 20
120.0
 30
0.0
 11
571.0
 21
120.0
 31
0.0
  0
LINE
  5
E14
330
C72
100
AcDbEntity
 67
1
  8
COTAS
 62
3
370
13
100
AcDbLine
 10
367.0
 20
118.8
 30
0.0
 11
367.0
 21
121.2
 31
0.0
  0
LINE
  5
E15
330
C72
100
AcDbEntity
 67
1
  8
COTAS
 62
3
370
13
100
AcDbLine
 10
571.0
 20
118.8
 30
0.0
 11
571.0
 21
121.2
 31
0.0
  0
TEXT
  5
E16
330
C72
100
AcDbEntity
 67
1
  8
COTAS
 62
3
100
AcDbText
 10
469.0
 20
121.0
 30
0.0
 40
1.3
  1
5.100 m
 72
1
 11
469.0
 21
121.0
 31
0.0
100
AcDbText
 73
2
  0
TEXT
  5
E17
330
C72
100
AcDbEntity
 67
1
  8
TEXTO
 62
7
100
AcDbText
 10
469.0
 20
117.3
 30
0.0
 40
1.1
  1
F77
 72
1
 11
469.0
 21
117.3
 31
0.0
100
AcDbText
 73
2
  0
LINE
  5
E18
330
C72
100
AcDbEntity
 67
1
  8
COTAS
 62
3
370
13
100
AcDbLine
 10
571.0
 20
120.0
 30
0.0
 11
677.0
 21
120.0
 31
0.0
  0
LINE
  5
E19
330
C72
100
AcDbEntity
 67
1
  8
COTAS
 62
3
370
13
100
AcDbLine
 10
571.0
 20
118.8
 30
0.0
 11
571.0
 21
121.2
 31
0.0
  0
LINE
  5
E1A
330
C72
100
AcDbEntity
 67
1
  8
COTAS
 62
3
370
13
100
AcDbLine
 10
677.0
 20
118.8
 30
0.0
 11
677.0
 21
121.2
 31
0.0
  0
TEXT
  5
E1B
330
C72
100
AcDbEntity
 67
1
  8
COTAS
 62
3
100
AcDbText
 10
624.0
 20
121.0
 30
0.0
 40
1.3
  1
2.650 m
 72
1
 11
624.0
 21
121.0
 31
0.0
100
AcDbText
 73
2
  0
TEXT
  5
E1C
330
C72
100
AcDbEntity
 67
1
  8
TEXTO
 62
7
100
AcDbText
 10
624.0
 20
117.3
 30
0.0
 40
1.1
  1
F78
 72
1
 11
624.0
 21
117.3
 31
0.0
100
AcDbText
 73
2
  0
LINE
  5
E1D
330
C72
100
AcDbEntity
 67
1
  8
COTAS
 62
3
370
13
100
AcDbLine
 10
57.0
 20
114.0
 30
0.0
 11
677.0
 21
114.0
 31
0.0
  0
LINE
  5
E1E
330
C72
100
AcDbEntity
 67
1
  8
COTAS
 62
3
370
13
100
AcDbLine
 10
57.0
 20
112.8
 30
0.0
 11
57.0
 21
115.2
 31
0.0
  0
LINE
  5
E1F
330
C72
100
AcDbEntity
 67
1
  8
COTAS
 62
3
370
13
100
AcDbLine
 10
677.0
 20
112.8
 30
0.0
 11
677.0
 21
115.2
 31
0.0
  0
TEXT
  5
E20
330
C72
100
AcDbEntity
 67
1
  8
COTAS
 62
3
100
AcDbText
 10
367.0
 20
115.0
 30
0.0
 40
1.5
  1
TOTAL SAP I-J = 15.500 m
 72
1
 11
367.0
 21
115.0
 31
0.0
100
AcDbText
 73
2
  0
TEXT
  5
E21
330
C72
100
AcDbEntity
 67
1
  8
TEXTO
 62
7
100
AcDbText
 10
677.0
 20
104.0
 30
0.0
 40
1.35
  1
ESC. H 1:25 | V 1:25 | Ejes/tramos obtenidos de SAP
 72
2
 11
677.0
 21
104.0
 31
0.0
100
AcDbText
  0
LWPOLYLINE
  5
E22
330
C72
100
AcDbEntity
 67
1
  8
CONTORNO
 62
7
370
20
100
AcDbPolyline
 90
4
 70
1
 10
193.75
 20
49.25
 10
216.25
 20
49.25
 10
216.25
 20
76.75
 10
193.75
 20
76.75
  0
LWPOLYLINE
  5
E23
330
C72
100
AcDbEntity
 67
1
  8
ESTRIBOS
 62
8
370
18
100
AcDbPolyline
 90
4
 70
1
 10
195.75
 20
51.25
 10
214.25
 20
51.25
 10
214.25
 20
74.75
 10
195.75
 20
74.75
  0
LINE
  5
E24
330
C72
100
AcDbEntity
 67
1
  8
ESTRIBOS
 62
8
370
13
100
AcDbLine
 10
201.25
 20
51.25
 30
0.0
 11
201.25
 21
74.75
 31
0.0
  0
LINE
  5
E25
330
C72
100
AcDbEntity
 67
1
  8
ESTRIBOS
 62
8
370
13
100
AcDbLine
 10
208.75
 20
51.25
 30
0.0
 11
208.75
 21
74.75
 31
0.0
  0
CIRCLE
  5
E26
330
C72
100
AcDbEntity
 67
1
  8
ACERO_SUP_CONT
 62
4
100
AcDbCircle
 10
197.0
 20
73.7175
 30
0.0
 40
0.55
  0
CIRCLE
  5
E27
330
C72
100
AcDbEntity
 67
1
  8
ACERO_SUP_CONT
 62
4
100
AcDbCircle
 10
200.2
 20
73.7175
 30
0.0
 40
0.55
  0
CIRCLE
  5
E28
330
C72
100
AcDbEntity
 67
1
  8
ACERO_SUP_CONT
 62
4
100
AcDbCircle
 10
203.4
 20
73.7175
 30
0.0
 40
0.55
  0
CIRCLE
  5
E29
330
C72
100
AcDbEntity
 67
1
  8
ACERO_SUP_CONT
 62
4
100
AcDbCircle
 10
206.6
 20
73.7175
 30
0.0
 40
0.55
  0
CIRCLE
  5
E2A
330
C72
100
AcDbEntity
 67
1
  8
ACERO_SUP_CONT
 62
4
100
AcDbCircle
 10
209.8
 20
73.7175
 30
0.0
 40
0.55
  0
CIRCLE
  5
E2B
330
C72
100
AcDbEntity
 67
1
  8
ACERO_SUP_CONT
 62
4
100
AcDbCircle
 10
213.0
 20
73.7175
 30
0.0
 40
0.55
  0
CIRCLE
  5
E2C
330
C72
100
AcDbEntity
 67
1
  8
ACERO_INF
 62
1
100
AcDbCircle
 10
197.0
 20
52.2825
 30
0.0
 40
0.55
  0
CIRCLE
  5
E2D
330
C72
100
AcDbEntity
 67
1
  8
ACERO_INF
 62
1
100
AcDbCircle
 10
200.2
 20
52.2825
 30
0.0
 40
0.55
  0
CIRCLE
  5
E2E
330
C72
100
AcDbEntity
 67
1
  8
ACERO_INF
 62
1
100
AcDbCircle
 10
203.4
 20
52.2825
 30
0.0
 40
0.55
  0
CIRCLE
  5
E2F
330
C72
100
AcDbEntity
 67
1
  8
ACERO_INF
 62
1
100
AcDbCircle
 10
206.6
 20
52.2825
 30
0.0
 40
0.55
  0
CIRCLE
  5
E30
330
C72
100
AcDbEntity
 67
1
  8
ACERO_INF
 62
1
100
AcDbCircle
 10
209.8
 20
52.2825
 30
0.0
 40
0.55
  0
CIRCLE
  5
E31
330
C72
100
AcDbEntity
 67
1
  8
ACERO_INF
 62
1
100
AcDbCircle
 10
213.0
 20
52.2825
 30
0.0
 40
0.55
  0
CIRCLE
  5
E32
330
C72
100
AcDbEntity
 67
1
  8
ACERO_TORSION
 62
30
100
AcDbCircle
 10
202.75
 20
54.75
 30
0.0
 40
0.48
  0
CIRCLE
  5
E33
330
C72
100
AcDbEntity
 67
1
  8
ACERO_TORSION
 62
30
100
AcDbCircle
 10
202.75
 20
71.25
 30
0.0
 40
0.48
  0
CIRCLE
  5
E34
330
C72
100
AcDbEntity
 67
1
  8
ACERO_TORSION
 62
30
100
AcDbCircle
 10
207.25
 20
54.75
 30
0.0
 40
0.48
  0
CIRCLE
  5
E35
330
C72
100
AcDbEntity
 67
1
  8
ACERO_TORSION
 62
30
100
AcDbCircle
 10
207.25
 20
71.25
 30
0.0
 40
0.48
  0
CIRCLE
  5
E36
330
C72
100
AcDbEntity
 67
1
  8
ACERO_TORSION
 62
30
100
AcDbCircle
 10
198.25
 20
60.25
 30
0.0
 40
0.48
  0
CIRCLE
  5
E37
330
C72
100
AcDbEntity
 67
1
  8
ACERO_TORSION
 62
30
100
AcDbCircle
 10
211.75
 20
60.25
 30
0.0
 40
0.48
  0
CIRCLE
  5
E38
330
C72
100
AcDbEntity
 67
1
  8
ACERO_TORSION
 62
30
100
AcDbCircle
 10
198.25
 20
65.75
 30
0.0
 40
0.48
  0
CIRCLE
  5
E39
330
C72
100
AcDbEntity
 67
1
  8
ACERO_TORSION
 62
30
100
AcDbCircle
 10
211.75
 20
65.75
 30
0.0
 40
0.48
  0
TEXT
  5
E3A
330
C72
100
AcDbEntity
 67
1
  8
TEXTO
 62
7
100
AcDbText
 10
205.0
 20
46.15
 30
0.0
 40
1.55
  1
A-A APOYO
 72
1
 11
205.0
 21
46.15
 31
0.0
100
AcDbText
 73
2
  0
TEXT
  5
E3B
330
C72
100
AcDbEntity
 67
1
  8
TEXTO
 62
7
100
AcDbText
 10
205.0
 20
43.65
 30
0.0
 40
1.25
  1
450x550 | 1:20
 72
1
 11
205.0
 21
43.65
 31
0.0
100
AcDbText
 73
2
  0
LWPOLYLINE
  5
E3C
330
C72
100
AcDbEntity
 67
1
  8
CONTORNO
 62
7
370
20
100
AcDbPolyline
 90
4
 70
1
 10
268.75
 20
49.25
 10
291.25
 20
49.25
 10
291.25
 20
76.75
 10
268.75
 20
76.75
  0
LWPOLYLINE
  5
E3D
330
C72
100
AcDbEntity
 67
1
  8
ESTRIBOS
 62
8
370
18
100
AcDbPolyline
 90
4
 70
1
 10
270.75
 20
51.25
 10
289.25
 20
51.25
 10
289.25
 20
74.75
 10
270.75
 20
74.75
  0
LINE
  5
E3E
330
C72
100
AcDbEntity
 67
1
  8
ESTRIBOS
 62
8
370
13
100
AcDbLine
 10
276.25
 20
51.25
 30
0.0
 11
276.25
 21
74.75
 31
0.0
  0
LINE
  5
E3F
330
C72
100
AcDbEntity
 67
1
  8
ESTRIBOS
 62
8
370
13
100
AcDbLine
 10
283.75
 20
51.25
 30
0.0
 11
283.75
 21
74.75
 31
0.0
  0
CIRCLE
  5
E40
330
C72
100
AcDbEntity
 67
1
  8
ACERO_SUP_CONT
 62
4
100
AcDbCircle
 10
272.0
 20
73.7175
 30
0.0
 40
0.55
  0
CIRCLE
  5
E41
330
C72
100
AcDbEntity
 67
1
  8
ACERO_SUP_CONT
 62
4
100
AcDbCircle
 10
288.0
 20
73.7175
 30
0.0
 40
0.55
  0
CIRCLE
  5
E42
330
C72
100
AcDbEntity
 67
1
  8
ACERO_INF
 62
1
100
AcDbCircle
 10
272.0
 20
52.2825
 30
0.0
 40
0.55
  0
CIRCLE
  5
E43
330
C72
100
AcDbEntity
 67
1
  8
ACERO_INF
 62
1
100
AcDbCircle
 10
275.2
 20
52.2825
 30
0.0
 40
0.55
  0
CIRCLE
  5
E44
330
C72
100
AcDbEntity
 67
1
  8
ACERO_INF
 62
1
100
AcDbCircle
 10
278.4
 20
52.2825
 30
0.0
 40
0.55
  0
CIRCLE
  5
E45
330
C72
100
AcDbEntity
 67
1
  8
ACERO_INF
 62
1
100
AcDbCircle
 10
281.6
 20
52.2825
 30
0.0
 40
0.55
  0
CIRCLE
  5
E46
330
C72
100
AcDbEntity
 67
1
  8
ACERO_INF
 62
1
100
AcDbCircle
 10
284.8
 20
52.2825
 30
0.0
 40
0.55
  0
CIRCLE
  5
E47
330
C72
100
AcDbEntity
 67
1
  8
ACERO_INF
 62
1
100
AcDbCircle
 10
288.0
 20
52.2825
 30
0.0
 40
0.55
  0
CIRCLE
  5
E48
330
C72
100
AcDbEntity
 67
1
  8
ACERO_TORSION
 62
30
100
AcDbCircle
 10
277.75
 20
54.75
 30
0.0
 40
0.48
  0
CIRCLE
  5
E49
330
C72
100
AcDbEntity
 67
1
  8
ACERO_TORSION
 62
30
100
AcDbCircle
 10
277.75
 20
71.25
 30
0.0
 40
0.48
  0
CIRCLE
  5
E4A
330
C72
100
AcDbEntity
 67
1
  8
ACERO_TORSION
 62
30
100
AcDbCircle
 10
282.25
 20
54.75
 30
0.0
 40
0.48
  0
CIRCLE
  5
E4B
330
C72
100
AcDbEntity
 67
1
  8
ACERO_TORSION
 62
30
100
AcDbCircle
 10
282.25
 20
71.25
 30
0.0
 40
0.48
  0
CIRCLE
  5
E4C
330
C72
100
AcDbEntity
 67
1
  8
ACERO_TORSION
 62
30
100
AcDbCircle
 10
273.25
 20
60.25
 30
0.0
 40
0.48
  0
CIRCLE
  5
E4D
330
C72
100
AcDbEntity
 67
1
  8
ACERO_TORSION
 62
30
100
AcDbCircle
 10
286.75
 20
60.25
 30
0.0
 40
0.48
  0
CIRCLE
  5
E4E
330
C72
100
AcDbEntity
 67
1
  8
ACERO_TORSION
 62
30
100
AcDbCircle
 10
273.25
 20
65.75
 30
0.0
 40
0.48
  0
CIRCLE
  5
E4F
330
C72
100
AcDbEntity
 67
1
  8
ACERO_TORSION
 62
30
100
AcDbCircle
 10
286.75
 20
65.75
 30
0.0
 40
0.48
  0
TEXT
  5
E50
330
C72
100
AcDbEntity
 67
1
  8
TEXTO
 62
7
100
AcDbText
 10
280.0
 20
46.15
 30
0.0
 40
1.55
  1
B-B CENTRO
 72
1
 11
280.0
 21
46.15
 31
0.0
100
AcDbText
 73
2
  0
TEXT
  5
E51
330
C72
100
AcDbEntity
 67
1
  8
TEXTO
 62
7
100
AcDbText
 10
280.0
 20
43.65
 30
0.0
 40
1.25
  1
450x550 | 1:20
 72
1
 11
280.0
 21
43.65
 31
0.0
100
AcDbText
 73
2
  0
LWPOLYLINE
  5
E52
330
C72
100
AcDbEntity
 67
1
  8
CONTORNO
 62
7
370
20
100
AcDbPolyline
 90
4
 70
1
 10
343.75
 20
49.25
 10
366.25
 20
49.25
 10
366.25
 20
76.75
 10
343.75
 20
76.75
  0
LWPOLYLINE
  5
E53
330
C72
100
AcDbEntity
 67
1
  8
ESTRIBOS
 62
8
370
18
100
AcDbPolyline
 90
4
 70
1
 10
345.75
 20
51.25
 10
364.25
 20
51.25
 10
364.25
 20
74.75
 10
345.75
 20
74.75
  0
LINE
  5
E54
330
C72
100
AcDbEntity
 67
1
  8
ESTRIBOS
 62
8
370
13
100
AcDbLine
 10
351.25
 20
51.25
 30
0.0
 11
351.25
 21
74.75
 31
0.0
  0
LINE
  5
E55
330
C72
100
AcDbEntity
 67
1
  8
ESTRIBOS
 62
8
370
13
100
AcDbLine
 10
358.75
 20
51.25
 30
0.0
 11
358.75
 21
74.75
 31
0.0
  0
CIRCLE
  5
E56
330
C72
100
AcDbEntity
 67
1
  8
ACERO_SUP_CONT
 62
4
100
AcDbCircle
 10
347.0
 20
73.7175
 30
0.0
 40
0.55
  0
CIRCLE
  5
E57
330
C72
100
AcDbEntity
 67
1
  8
ACERO_SUP_CONT
 62
4
100
AcDbCircle
 10
350.2
 20
73.7175
 30
0.0
 40
0.55
  0
CIRCLE
  5
E58
330
C72
100
AcDbEntity
 67
1
  8
ACERO_SUP_CONT
 62
4
100
AcDbCircle
 10
353.4
 20
73.7175
 30
0.0
 40
0.55
  0
CIRCLE
  5
E59
330
C72
100
AcDbEntity
 67
1
  8
ACERO_SUP_CONT
 62
4
100
AcDbCircle
 10
356.6
 20
73.7175
 30
0.0
 40
0.55
  0
CIRCLE
  5
E5A
330
C72
100
AcDbEntity
 67
1
  8
ACERO_SUP_CONT
 62
4
100
AcDbCircle
 10
359.8
 20
73.7175
 30
0.0
 40
0.55
  0
CIRCLE
  5
E5B
330
C72
100
AcDbEntity
 67
1
  8
ACERO_SUP_CONT
 62
4
100
AcDbCircle
 10
363.0
 20
73.7175
 30
0.0
 40
0.55
  0
CIRCLE
  5
E5C
330
C72
100
AcDbEntity
 67
1
  8
ACERO_INF
 62
1
100
AcDbCircle
 10
347.0
 20
52.2825
 30
0.0
 40
0.55
  0
CIRCLE
  5
E5D
330
C72
100
AcDbEntity
 67
1
  8
ACERO_INF
 62
1
100
AcDbCircle
 10
350.2
 20
52.2825
 30
0.0
 40
0.55
  0
CIRCLE
  5
E5E
330
C72
100
AcDbEntity
 67
1
  8
ACERO_INF
 62
1
100
AcDbCircle
 10
353.4
 20
52.2825
 30
0.0
 40
0.55
  0
CIRCLE
  5
E5F
330
C72
100
AcDbEntity
 67
1
  8
ACERO_INF
 62
1
100
AcDbCircle
 10
356.6
 20
52.2825
 30
0.0
 40
0.55
  0
CIRCLE
  5
E60
330
C72
100
AcDbEntity
 67
1
  8
ACERO_INF
 62
1
100
AcDbCircle
 10
359.8
 20
52.2825
 30
0.0
 40
0.55
  0
CIRCLE
  5
E61
330
C72
100
AcDbEntity
 67
1
  8
ACERO_INF
 62
1
100
AcDbCircle
 10
363.0
 20
52.2825
 30
0.0
 40
0.55
  0
CIRCLE
  5
E62
330
C72
100
AcDbEntity
 67
1
  8
ACERO_TORSION
 62
30
100
AcDbCircle
 10
352.75
 20
54.75
 30
0.0
 40
0.48
  0
CIRCLE
  5
E63
330
C72
100
AcDbEntity
 67
1
  8
ACERO_TORSION
 62
30
100
AcDbCircle
 10
352.75
 20
71.25
 30
0.0
 40
0.48
  0
CIRCLE
  5
E64
330
C72
100
AcDbEntity
 67
1
  8
ACERO_TORSION
 62
30
100
AcDbCircle
 10
357.25
 20
54.75
 30
0.0
 40
0.48
  0
CIRCLE
  5
E65
330
C72
100
AcDbEntity
 67
1
  8
ACERO_TORSION
 62
30
100
AcDbCircle
 10
357.25
 20
71.25
 30
0.0
 40
0.48
  0
CIRCLE
  5
E66
330
C72
100
AcDbEntity
 67
1
  8
ACERO_TORSION
 62
30
100
AcDbCircle
 10
348.25
 20
60.25
 30
0.0
 40
0.48
  0
CIRCLE
  5
E67
330
C72
100
AcDbEntity
 67
1
  8
ACERO_TORSION
 62
30
100
AcDbCircle
 10
361.75
 20
60.25
 30
0.0
 40
0.48
  0
CIRCLE
  5
E68
330
C72
100
AcDbEntity
 67
1
  8
ACERO_TORSION
 62
30
100
AcDbCircle
 10
348.25
 20
65.75
 30
0.0
 40
0.48
  0
CIRCLE
  5
E69
330
C72
100
AcDbEntity
 67
1
  8
ACERO_TORSION
 62
30
100
AcDbCircle
 10
361.75
 20
65.75
 30
0.0
 40
0.48
  0
TEXT
  5
E6A
330
C72
100
AcDbEntity
 67
1
  8
TEXTO
 62
7
100
AcDbText
 10
355.0
 20
46.15
 30
0.0
 40
1.55
  1
C-C APOYO
 72
1
 11
355.0
 21
46.15
 31
0.0
100
AcDbText
 73
2
  0
TEXT
  5
E6B
330
C72
100
AcDbEntity
 67
1
  8
TEXTO
 62
7
100
AcDbText
 10
355.0
 20
43.65
 30
0.0
 40
1.25
  1
450x550 | 1:20
 72
1
 11
355.0
 21
43.65
 31
0.0
100
AcDbText
 73
2
  0
LWPOLYLINE
  5
E6C
330
C72
100
AcDbEntity
 67
1
  8
ACERO_SUP_APOYO
 62
5
370
35
100
AcDbPolyline
 90
3
 70
0
 10
430.0
 20
45.5
 10
430.0
 20
65.0
 10
460.5
 20
65.0
  0
LINE
  5
E6D
330
C72
100
AcDbEntity
 67
1
  8
COTAS
 62
3
370
13
100
AcDbLine
 10
430.0
 20
70.0
 30
0.0
 11
460.5
 21
70.0
 31
0.0
  0
LINE
  5
E6E
330
C72
100
AcDbEntity
 67
1
  8
COTAS
 62
3
370
13
100
AcDbLine
 10
430.0
 20
68.8
 30
0.0
 11
430.0
 21
71.2
 31
0.0
  0
LINE
  5
E6F
330
C72
100
AcDbEntity
 67
1
  8
COTAS
 62
3
370
13
100
AcDbLine
 10
460.5
 20
68.8
 30
0.0
 11
460.5
 21
71.2
 31
0.0
  0
TEXT
  5
E70
330
C72
100
AcDbEntity
 67
1
  8
COTAS
 62
3
100
AcDbText
 10
445.25
 20
71.0
 30
0.0
 40
1.25
  1
ldh=305 mm
 72
1
 11
445.25
 21
71.0
 31
0.0
100
AcDbText
 73
2
  0
TEXT
  5
E71
330
C72
100
AcDbEntity
 67
1
  8
ACERO_SUP_APOYO
 62
5
100
AcDbText
 10
427.0
 20
42.5
 30
0.0
 40
1.3
  1
cola 90°=195 mm
 11
427.0
 21
42.5
 31
0.0
100
AcDbText
  0
TEXT
  5
E72
330
C72
100
AcDbEntity
 67
1
  8
TEXTO
100
AcDbText
 10
466.0
 20
63.0
 30
0.0
 40
1.3
  1
Dint>=100 mm | ESC. 1:10
 11
466.0
 21
63.0
 31
0.0
100
AcDbText
  0
TEXT
  5
E73
330
C72
100
AcDbEntity
 67
1
  8
TEXTO
100
AcDbText
 10
430.0
 20
44.0
 30
0.0
 40
1.45
  1
ld recto #5: superior=480 mm | inferior=370 mm
 11
430.0
 21
44.0
 31
0.0
100
AcDbText
  0
TEXT
  5
E74
330
C72
100
AcDbEntity
 67
1
  8
TEXTO
100
AcDbText
 10
430.0
 20
40.0
 30
0.0
 40
1.25
  1
Si no cabe ld recto en apoyo, usar gancho estándar 90° con ldh indicado.
 11
430.0
 21
40.0
 31
0.0
100
AcDbText
  0
LWPOLYLINE
  5
E75
330
C72
100
AcDbEntity
 67
1
  8
MARCO
 62
7
370
25
100
AcDbPolyline
 90
4
 70
1
 10
7.0
 20
7.0
 10
697.0
 20
7.0
 10
697.0
 20
37.0
 10
7.0
 20
37.0
  0
LINE
  5
E76
330
C72
100
AcDbEntity
 67
1
  8
MARCO
 62
7
370
18
100
AcDbLine
 10
118.0
 20
7.0
 30
0.0
 11
118.0
 21
37.0
 31
0.0
  0
LINE
  5
E77
330
C72
100
AcDbEntity
 67
1
  8
MARCO
 62
7
370
18
100
AcDbLine
 10
250.0
 20
7.0
 30
0.0
 11
250.0
 21
37.0
 31
0.0
  0
LINE
  5
E78
330
C72
100
AcDbEntity
 67
1
  8
MARCO
 62
7
370
18
100
AcDbLine
 10
390.0
 20
7.0
 30
0.0
 11
390.0
 21
37.0
 31
0.0
  0
LINE
  5
E79
330
C72
100
AcDbEntity
 67
1
  8
MARCO
 62
7
370
18
100
AcDbLine
 10
520.0
 20
7.0
 30
0.0
 11
520.0
 21
37.0
 31
0.0
  0
LINE
  5
E7A
330
C72
100
AcDbEntity
 67
1
  8
MARCO
 62
7
370
18
100
AcDbLine
 10
610.0
 20
7.0
 30
0.0
 11
610.0
 21
37.0
 31
0.0
  0
TEXT
  5
E7B
330
C72
100
AcDbEntity
 67
1
  8
TEXTO
 62
7
100
AcDbText
 10
62.5
 20
28.0
 30
0.0
 40
2.0
  1
UNIVERSIDAD NACIONAL DE COLOMBIA
 72
1
 11
62.5
 21
28.0
 31
0.0
100
AcDbText
 73
2
  0
TEXT
  5
E7C
330
C72
100
AcDbEntity
 67
1
  8
TEXTO
 62
7
100
AcDbText
 10
62.5
 20
20.0
 30
0.0
 40
1.7
  1
DISEÑO ESTRUCTURAL - GRUPO 6
 72
1
 11
62.5
 21
20.0
 31
0.0
100
AcDbText
 73
2
  0
TEXT
  5
E7D
330
C72
100
AcDbEntity
 67
1
  8
TEXTO
 62
7
100
AcDbText
 10
184.0
 20
25.0
 30
0.0
 40
2.0
  1
EDIFICIO RESIDENCIAL SANTA MARTA
 72
1
 11
184.0
 21
25.0
 31
0.0
100
AcDbText
 73
2
  0
TEXT
  5
E7E
330
C72
100
AcDbEntity
 67
1
  8
TEXTO
 62
7
100
AcDbText
 10
320.0
 20
25.0
 30
0.0
 40
2.5
  1
DESPIECE VIGA VC7
 72
1
 11
320.0
 21
25.0
 31
0.0
100
AcDbText
 73
2
  0
TEXT
  5
E7F
330
C72
100
AcDbEntity
 67
1
  8
TEXTO
 62
7
100
AcDbText
 10
320.0
 20
16.0
 30
0.0
 40
1.7
  1
ELEVACIÓN, CORTES Y ANCLAJES
 72
1
 11
320.0
 21
16.0
 31
0.0
100
AcDbText
 73
2
  0
TEXT
  5
E80
330
C72
100
AcDbEntity
 67
1
  8
TEXTO
 62
7
100
AcDbText
 10
455.0
 20
26.0
 30
0.0
 40
1.8
  1
FORMATO ISO B2 707x500 mm
 72
1
 11
455.0
 21
26.0
 31
0.0
100
AcDbText
 73
2
  0
TEXT
  5
E81
330
C72
100
AcDbEntity
 67
1
  8
TEXTO
 62
7
100
AcDbText
 10
455.0
 20
17.0
 30
0.0
 40
1.55
  1
COTAS EN mm | ESCALAS INDICADAS
 72
1
 11
455.0
 21
17.0
 31
0.0
100
AcDbText
 73
2
  0
TEXT
  5
E82
330
C72
100
AcDbEntity
 67
1
  8
TEXTO
 62
1
100
AcDbText
 10
565.0
 20
26.0
 30
0.0
 40
1.8
  1
DETALLE ACADÉMICO
 72
1
 11
565.0
 21
26.0
 31
0.0
100
AcDbText
 73
2
  0
TEXT
  5
E83
330
C72
100
AcDbEntity
 67
1
  8
TEXTO
 62
1
100
AcDbText
 10
565.0
 20
17.0
 30
0.0
 40
1.55
  1
NO EMITIR PARA CONSTRUCCIÓN
 72
1
 11
565.0
 21
17.0
 31
0.0
100
AcDbText
 73
2
  0
TEXT
  5
E84
330
C72
100
AcDbEntity
 67
1
  8
TEXTO
 62
7
100
AcDbText
 10
653.5
 20
26.0
 30
0.0
 40
2.1
  1
LÁMINA V-01-07
 72
1
 11
653.5
 21
26.0
 31
0.0
100
AcDbText
 73
2
  0
TEXT
  5
E85
330
C72
100
AcDbEntity
 67
1
  8
TEXTO
 62
7
100
AcDbText
 10
653.5
 20
17.0
 30
0.0
 40
1.7
  1
18-07-2026
 72
1
 11
653.5
 21
17.0
 31
0.0
100
AcDbText
 73
2
  0
ENDBLK
  5
C74
330
C72
100
AcDbEntity
  8
0
100
AcDbBlockEnd
  0
ENDSEC
  0
SECTION
  2
ENTITIES
  0
VIEWPORT
  5
97
330
1B
100
AcDbEntity
 67
1
  8
VIEWPORTS
100
AcDbViewport
 10
353.5
 20
250.0
 30
0.0
 40
777.7
 41
550.0
 68
1
 69
1
 12
353.5
 22
250.0
 13
0.0
 23
0.0
 14
10.0
 24
10.0
 15
10.0
 25
10.0
 16
0.0
 26
0.0
 36
1.0
 17
0.0
 27
0.0
 37
0.0
 42
50.0
 43
0.0
 44
0.0
 45
550.0
 50
0.0
 51
0.0
 72
100
 90
557088
  1

281
0
 71
0
 74
0
110
0.0
120
0.0
130
0.0
111
1.0
121
0.0
131
0.0
112
0.0
122
1.0
132
0.0
 79
0
146
0.0
282
0
  0
LWPOLYLINE
  5
98
330
1B
100
AcDbEntity
 67
1
  8
MARCO
 62
7
370
30
100
AcDbPolyline
 90
4
 70
1
 10
7.0
 20
7.0
 10
700.0
 20
7.0
 10
700.0
 20
493.0
 10
7.0
 20
493.0
  0
TEXT
  5
99
330
1B
100
AcDbEntity
 67
1
  8
TEXTO
 62
7
100
AcDbText
 10
353.5
 20
487.0
 30
0.0
 40
4.0
  1
DESPIECE DE VIGA COMPLETA VC1
 72
1
 11
353.5
 21
487.0
 31
0.0
100
AcDbText
 73
2
  0
TEXT
  5
9A
330
1B
100
AcDbEntity
 67
1
  8
TEXTO
 62
7
100
AcDbText
 10
353.5
 20
480.0
 30
0.0
 40
1.8
  1
Continuidad reconstruida de SAP | Niveles z=3.5, 6.5, 9.5, 12.5, 15.5 m | 20 frames
 72
1
 11
353.5
 21
480.0
 31
0.0
100
AcDbText
 73
2
  0
LWPOLYLINE
  5
9B
330
1B
100
AcDbEntity
 67
1
  8
MARCO
 62
7
370
20
100
AcDbPolyline
 90
4
 70
1
 10
8.5
 20
306.0
 10
51.5
 20
306.0
 10
51.5
 20
350.0
 10
8.5
 20
350.0
  0
TEXT
  5
9C
330
1B
100
AcDbEntity
 67
1
  8
TEXTO
 62
7
100
AcDbText
 10
30.0
 20
345.0
 30
0.0
 40
2.6
  1
VIGA VC1
 72
1
 11
30.0
 21
345.0
 31
0.0
100
AcDbText
 73
2
  0
TEXT
  5
9D
330
1B
100
AcDbEntity
 67
1
  8
TEXTO
 62
7
100
AcDbText
 10
30.0
 20
339.0
 30
0.0
 40
2.2
  1
EJE 14
 72
1
 11
30.0
 21
339.0
 31
0.0
100
AcDbText
 73
2
  0
TEXT
  5
9E
330
1B
100
AcDbEntity
 67
1
  8
TEXTO
 62
7
100
AcDbText
 10
30.0
 20
333.0
 30
0.0
 40
1.9
  1
450x550 mm
 72
1
 11
30.0
 21
333.0
 31
0.0
100
AcDbText
 73
2
  0
TEXT
  5
9F
330
1B
100
AcDbEntity
 67
1
  8
TEXTO
100
AcDbText
 10
11.5
 20
326.0
 30
0.0
 40
1.7
  1
SUP 4#5
 11
11.5
 21
326.0
 31
0.0
100
AcDbText
  0
TEXT
  5
A0
330
1B
100
AcDbEntity
 67
1
  8
TEXTO
100
AcDbText
 10
11.5
 20
321.0
 30
0.0
 40
1.7
  1
INF 4#5
 11
11.5
 21
321.0
 31
0.0
100
AcDbText
  0
TEXT
  5
A1
330
1B
100
AcDbEntity
 67
1
  8
TEXTO
100
AcDbText
 10
11.5
 20
316.0
 30
0.0
 40
1.7
  1
TOR 8#5
 11
11.5
 21
316.0
 31
0.0
100
AcDbText
  0
TEXT
  5
A2
330
1B
100
AcDbEntity
 67
1
  8
TEXTO
100
AcDbText
 10
11.5
 20
310.0
 30
0.0
 40
1.45
  1
NIVEL TIPO z=3.5 m
 11
11.5
 21
310.0
 31
0.0
100
AcDbText
  0
LWPOLYLINE
  5
A3
330
1B
100
AcDbEntity
 67
1
  8
CONTORNO
 62
7
370
25
100
AcDbPolyline
 90
4
 70
1
 10
57.0
 20
314.0
 10
432.0
 20
314.0
 10
432.0
 20
336.0
 10
57.0
 20
336.0
  0
LWPOLYLINE
  5
A4
330
1B
100
AcDbEntity
 67
1
  8
APOYOS
 62
9
370
15
100
AcDbPolyline
 90
4
 70
1
 10
44.5
 20
310.0
 10
69.5
 20
310.0
 10
69.5
 20
340.0
 10
44.5
 20
340.0
  0
LINE
  5
A5
330
1B
100
AcDbEntity
 67
1
  8
EJES
  6
DASHED
 62
1
370
9
100
AcDbLine
 10
57.0
 20
303.0
 30
0.0
 11
57.0
 21
353.0
 31
0.0
  0
CIRCLE
  5
A6
330
1B
100
AcDbEntity
 67
1
  8
EJES
 62
1
370
18
100
AcDbCircle
 10
57.0
 20
348.0
 30
0.0
 40
3.5
  0
TEXT
  5
A7
330
1B
100
AcDbEntity
 67
1
  8
EJES
 62
1
100
AcDbText
 10
57.0
 20
348.0
 30
0.0
 40
2.0
  1
b
 72
1
 11
57.0
 21
348.0
 31
0.0
100
AcDbText
 73
2
  0
LWPOLYLINE
  5
A8
330
1B
100
AcDbEntity
 67
1
  8
APOYOS
 62
9
370
15
100
AcDbPolyline
 90
4
 70
1
 10
232.0
 20
310.0
 10
257.0
 20
310.0
 10
257.0
 20
340.0
 10
232.0
 20
340.0
  0
LINE
  5
A9
330
1B
100
AcDbEntity
 67
1
  8
EJES
  6
DASHED
 62
1
370
9
100
AcDbLine
 10
244.5
 20
303.0
 30
0.0
 11
244.5
 21
353.0
 31
0.0
  0
CIRCLE
  5
AA
330
1B
100
AcDbEntity
 67
1
  8
EJES
 62
1
370
18
100
AcDbCircle
 10
244.5
 20
348.0
 30
0.0
 40
3.5
  0
TEXT
  5
AB
330
1B
100
AcDbEntity
 67
1
  8
EJES
 62
1
100
AcDbText
 10
244.5
 20
348.0
 30
0.0
 40
2.0
  1
c
 72
1
 11
244.5
 21
348.0
 31
0.0
100
AcDbText
 73
2
  0
LWPOLYLINE
  5
AC
330
1B
100
AcDbEntity
 67
1
  8
APOYOS
 62
9
370
15
100
AcDbPolyline
 90
4
 70
1
 10
419.5
 20
310.0
 10
444.5
 20
310.0
 10
444.5
 20
340.0
 10
419.5
 20
340.0
  0
LINE
  5
AD
330
1B
100
AcDbEntity
 67
1
  8
EJES
  6
DASHED
 62
1
370
9
100
AcDbLine
 10
432.0
 20
303.0
 30
0.0
 11
432.0
 21
353.0
 31
0.0
  0
CIRCLE
  5
AE
330
1B
100
AcDbEntity
 67
1
  8
EJES
 62
1
370
18
100
AcDbCircle
 10
432.0
 20
348.0
 30
0.0
 40
3.5
  0
TEXT
  5
AF
330
1B
100
AcDbEntity
 67
1
  8
EJES
 62
1
100
AcDbText
 10
432.0
 20
348.0
 30
0.0
 40
2.0
  1
d
 72
1
 11
432.0
 21
348.0
 31
0.0
100
AcDbText
 73
2
  0
LINE
  5
B0
330
1B
100
AcDbEntity
 67
1
  8
ESTRIBOS
 62
8
370
9
100
AcDbLine
 10
59.5
 20
315.0
 30
0.0
 11
59.5
 21
335.0
 31
0.0
  0
LINE
  5
B1
330
1B
100
AcDbEntity
 67
1
  8
ESTRIBOS
 62
8
370
9
100
AcDbLine
 10
65.5
 20
315.0
 30
0.0
 11
65.5
 21
335.0
 31
0.0
  0
LINE
  5
B2
330
1B
100
AcDbEntity
 67
1
  8
ESTRIBOS
 62
8
370
9
100
AcDbLine
 10
71.5
 20
315.0
 30
0.0
 11
71.5
 21
335.0
 31
0.0
  0
LINE
  5
B3
330
1B
100
AcDbEntity
 67
1
  8
ESTRIBOS
 62
8
370
9
100
AcDbLine
 10
77.5
 20
315.0
 30
0.0
 11
77.5
 21
335.0
 31
0.0
  0
LINE
  5
B4
330
1B
100
AcDbEntity
 67
1
  8
ESTRIBOS
 62
8
370
9
100
AcDbLine
 10
83.5
 20
315.0
 30
0.0
 11
83.5
 21
335.0
 31
0.0
  0
LINE
  5
B5
330
1B
100
AcDbEntity
 67
1
  8
ESTRIBOS
 62
8
370
9
100
AcDbLine
 10
89.5
 20
315.0
 30
0.0
 11
89.5
 21
335.0
 31
0.0
  0
LINE
  5
B6
330
1B
100
AcDbEntity
 67
1
  8
ESTRIBOS
 62
8
370
9
100
AcDbLine
 10
95.5
 20
315.0
 30
0.0
 11
95.5
 21
335.0
 31
0.0
  0
LINE
  5
B7
330
1B
100
AcDbEntity
 67
1
  8
ESTRIBOS
 62
8
370
9
100
AcDbLine
 10
101.5
 20
315.0
 30
0.0
 11
101.5
 21
335.0
 31
0.0
  0
LINE
  5
B8
330
1B
100
AcDbEntity
 67
1
  8
ESTRIBOS
 62
8
370
9
100
AcDbLine
 10
107.5
 20
315.0
 30
0.0
 11
107.5
 21
335.0
 31
0.0
  0
LINE
  5
B9
330
1B
100
AcDbEntity
 67
1
  8
ESTRIBOS
 62
8
370
9
100
AcDbLine
 10
122.0
 20
315.0
 30
0.0
 11
122.0
 21
335.0
 31
0.0
  0
LINE
  5
BA
330
1B
100
AcDbEntity
 67
1
  8
ESTRIBOS
 62
8
370
9
100
AcDbLine
 10
132.0
 20
315.0
 30
0.0
 11
132.0
 21
335.0
 31
0.0
  0
LINE
  5
BB
330
1B
100
AcDbEntity
 67
1
  8
ESTRIBOS
 62
8
370
9
100
AcDbLine
 10
142.0
 20
315.0
 30
0.0
 11
142.0
 21
335.0
 31
0.0
  0
LINE
  5
BC
330
1B
100
AcDbEntity
 67
1
  8
ESTRIBOS
 62
8
370
9
100
AcDbLine
 10
152.0
 20
315.0
 30
0.0
 11
152.0
 21
335.0
 31
0.0
  0
LINE
  5
BD
330
1B
100
AcDbEntity
 67
1
  8
ESTRIBOS
 62
8
370
9
100
AcDbLine
 10
162.0
 20
315.0
 30
0.0
 11
162.0
 21
335.0
 31
0.0
  0
LINE
  5
BE
330
1B
100
AcDbEntity
 67
1
  8
ESTRIBOS
 62
8
370
9
100
AcDbLine
 10
172.0
 20
315.0
 30
0.0
 11
172.0
 21
335.0
 31
0.0
  0
LINE
  5
BF
330
1B
100
AcDbEntity
 67
1
  8
ESTRIBOS
 62
8
370
9
100
AcDbLine
 10
182.0
 20
315.0
 30
0.0
 11
182.0
 21
335.0
 31
0.0
  0
LINE
  5
C0
330
1B
100
AcDbEntity
 67
1
  8
ESTRIBOS
 62
8
370
9
100
AcDbLine
 10
194.0
 20
315.0
 30
0.0
 11
194.0
 21
335.0
 31
0.0
  0
LINE
  5
C1
330
1B
100
AcDbEntity
 67
1
  8
ESTRIBOS
 62
8
370
9
100
AcDbLine
 10
200.0
 20
315.0
 30
0.0
 11
200.0
 21
335.0
 31
0.0
  0
LINE
  5
C2
330
1B
100
AcDbEntity
 67
1
  8
ESTRIBOS
 62
8
370
9
100
AcDbLine
 10
206.0
 20
315.0
 30
0.0
 11
206.0
 21
335.0
 31
0.0
  0
LINE
  5
C3
330
1B
100
AcDbEntity
 67
1
  8
ESTRIBOS
 62
8
370
9
100
AcDbLine
 10
212.0
 20
315.0
 30
0.0
 11
212.0
 21
335.0
 31
0.0
  0
LINE
  5
C4
330
1B
100
AcDbEntity
 67
1
  8
ESTRIBOS
 62
8
370
9
100
AcDbLine
 10
218.0
 20
315.0
 30
0.0
 11
218.0
 21
335.0
 31
0.0
  0
LINE
  5
C5
330
1B
100
AcDbEntity
 67
1
  8
ESTRIBOS
 62
8
370
9
100
AcDbLine
 10
224.0
 20
315.0
 30
0.0
 11
224.0
 21
335.0
 31
0.0
  0
LINE
  5
C6
330
1B
100
AcDbEntity
 67
1
  8
ESTRIBOS
 62
8
370
9
100
AcDbLine
 10
230.0
 20
315.0
 30
0.0
 11
230.0
 21
335.0
 31
0.0
  0
LINE
  5
C7
330
1B
100
AcDbEntity
 67
1
  8
ESTRIBOS
 62
8
370
9
100
AcDbLine
 10
236.0
 20
315.0
 30
0.0
 11
236.0
 21
335.0
 31
0.0
  0
LINE
  5
C8
330
1B
100
AcDbEntity
 67
1
  8
ESTRIBOS
 62
8
370
9
100
AcDbLine
 10
242.0
 20
315.0
 30
0.0
 11
242.0
 21
335.0
 31
0.0
  0
TEXT
  5
C9
330
1B
100
AcDbEntity
 67
1
  8
ESTRIBOS
 62
8
100
AcDbText
 10
150.75
 20
324.2
 30
0.0
 40
1.25
  1
Nº3 2R @120 (2h) / @200 ctr
 72
1
 11
150.75
 21
324.2
 31
0.0
100
AcDbText
 73
2
  0
LINE
  5
CA
330
1B
100
AcDbEntity
 67
1
  8
ESTRIBOS
 62
8
370
9
100
AcDbLine
 10
247.0
 20
315.0
 30
0.0
 11
247.0
 21
335.0
 31
0.0
  0
LINE
  5
CB
330
1B
100
AcDbEntity
 67
1
  8
ESTRIBOS
 62
8
370
9
100
AcDbLine
 10
253.0
 20
315.0
 30
0.0
 11
253.0
 21
335.0
 31
0.0
  0
LINE
  5
CC
330
1B
100
AcDbEntity
 67
1
  8
ESTRIBOS
 62
8
370
9
100
AcDbLine
 10
259.0
 20
315.0
 30
0.0
 11
259.0
 21
335.0
 31
0.0
  0
LINE
  5
CD
330
1B
100
AcDbEntity
 67
1
  8
ESTRIBOS
 62
8
370
9
100
AcDbLine
 10
265.0
 20
315.0
 30
0.0
 11
265.0
 21
335.0
 31
0.0
  0
LINE
  5
CE
330
1B
100
AcDbEntity
 67
1
  8
ESTRIBOS
 62
8
370
9
100
AcDbLine
 10
271.0
 20
315.0
 30
0.0
 11
271.0
 21
335.0
 31
0.0
  0
LINE
  5
CF
330
1B
100
AcDbEntity
 67
1
  8
ESTRIBOS
 62
8
370
9
100
AcDbLine
 10
277.0
 20
315.0
 30
0.0
 11
277.0
 21
335.0
 31
0.0
  0
LINE
  5
D0
330
1B
100
AcDbEntity
 67
1
  8
ESTRIBOS
 62
8
370
9
100
AcDbLine
 10
283.0
 20
315.0
 30
0.0
 11
283.0
 21
335.0
 31
0.0
  0
LINE
  5
D1
330
1B
100
AcDbEntity
 67
1
  8
ESTRIBOS
 62
8
370
9
100
AcDbLine
 10
289.0
 20
315.0
 30
0.0
 11
289.0
 21
335.0
 31
0.0
  0
LINE
  5
D2
330
1B
100
AcDbEntity
 67
1
  8
ESTRIBOS
 62
8
370
9
100
AcDbLine
 10
295.0
 20
315.0
 30
0.0
 11
295.0
 21
335.0
 31
0.0
  0
LINE
  5
D3
330
1B
100
AcDbEntity
 67
1
  8
ESTRIBOS
 62
8
370
9
100
AcDbLine
 10
309.5
 20
315.0
 30
0.0
 11
309.5
 21
335.0
 31
0.0
  0
LINE
  5
D4
330
1B
100
AcDbEntity
 67
1
  8
ESTRIBOS
 62
8
370
9
100
AcDbLine
 10
319.5
 20
315.0
 30
0.0
 11
319.5
 21
335.0
 31
0.0
  0
LINE
  5
D5
330
1B
100
AcDbEntity
 67
1
  8
ESTRIBOS
 62
8
370
9
100
AcDbLine
 10
329.5
 20
315.0
 30
0.0
 11
329.5
 21
335.0
 31
0.0
  0
LINE
  5
D6
330
1B
100
AcDbEntity
 67
1
  8
ESTRIBOS
 62
8
370
9
100
AcDbLine
 10
339.5
 20
315.0
 30
0.0
 11
339.5
 21
335.0
 31
0.0
  0
LINE
  5
D7
330
1B
100
AcDbEntity
 67
1
  8
ESTRIBOS
 62
8
370
9
100
AcDbLine
 10
349.5
 20
315.0
 30
0.0
 11
349.5
 21
335.0
 31
0.0
  0
LINE
  5
D8
330
1B
100
AcDbEntity
 67
1
  8
ESTRIBOS
 62
8
370
9
100
AcDbLine
 10
359.5
 20
315.0
 30
0.0
 11
359.5
 21
335.0
 31
0.0
  0
LINE
  5
D9
330
1B
100
AcDbEntity
 67
1
  8
ESTRIBOS
 62
8
370
9
100
AcDbLine
 10
369.5
 20
315.0
 30
0.0
 11
369.5
 21
335.0
 31
0.0
  0
LINE
  5
DA
330
1B
100
AcDbEntity
 67
1
  8
ESTRIBOS
 62
8
370
9
100
AcDbLine
 10
381.5
 20
315.0
 30
0.0
 11
381.5
 21
335.0
 31
0.0
  0
LINE
  5
DB
330
1B
100
AcDbEntity
 67
1
  8
ESTRIBOS
 62
8
370
9
100
AcDbLine
 10
387.5
 20
315.0
 30
0.0
 11
387.5
 21
335.0
 31
0.0
  0
LINE
  5
DC
330
1B
100
AcDbEntity
 67
1
  8
ESTRIBOS
 62
8
370
9
100
AcDbLine
 10
393.5
 20
315.0
 30
0.0
 11
393.5
 21
335.0
 31
0.0
  0
LINE
  5
DD
330
1B
100
AcDbEntity
 67
1
  8
ESTRIBOS
 62
8
370
9
100
AcDbLine
 10
399.5
 20
315.0
 30
0.0
 11
399.5
 21
335.0
 31
0.0
  0
LINE
  5
DE
330
1B
100
AcDbEntity
 67
1
  8
ESTRIBOS
 62
8
370
9
100
AcDbLine
 10
405.5
 20
315.0
 30
0.0
 11
405.5
 21
335.0
 31
0.0
  0
LINE
  5
DF
330
1B
100
AcDbEntity
 67
1
  8
ESTRIBOS
 62
8
370
9
100
AcDbLine
 10
411.5
 20
315.0
 30
0.0
 11
411.5
 21
335.0
 31
0.0
  0
LINE
  5
E0
330
1B
100
AcDbEntity
 67
1
  8
ESTRIBOS
 62
8
370
9
100
AcDbLine
 10
417.5
 20
315.0
 30
0.0
 11
417.5
 21
335.0
 31
0.0
  0
LINE
  5
E1
330
1B
100
AcDbEntity
 67
1
  8
ESTRIBOS
 62
8
370
9
100
AcDbLine
 10
423.5
 20
315.0
 30
0.0
 11
423.5
 21
335.0
 31
0.0
  0
LINE
  5
E2
330
1B
100
AcDbEntity
 67
1
  8
ESTRIBOS
 62
8
370
9
100
AcDbLine
 10
429.5
 20
315.0
 30
0.0
 11
429.5
 21
335.0
 31
0.0
  0
TEXT
  5
E3
330
1B
100
AcDbEntity
 67
1
  8
ESTRIBOS
 62
8
100
AcDbText
 10
338.25
 20
324.2
 30
0.0
 40
1.25
  1
Nº3 2R @120 (2h) / @200 ctr
 72
1
 11
338.25
 21
324.2
 31
0.0
100
AcDbText
 73
2
  0
LWPOLYLINE
  5
E4
330
1B
100
AcDbEntity
 67
1
  8
ACERO_SUP_CONT
 62
4
370
35
100
AcDbPolyline
 90
4
 70
0
 10
57.0
 20
328.0
 10
57.0
 20
334.0
 10
432.0
 20
334.0
 10
432.0
 20
328.0
  0
TEXT
  5
E5
330
1B
100
AcDbEntity
 67
1
  8
ACERO_SUP_CONT
 62
4
100
AcDbText
 10
244.5
 20
337.0
 30
0.0
 40
1.55
  1
M1  2#5 CONT.  Lc=7510 mm
 72
1
 11
244.5
 21
337.0
 31
0.0
100
AcDbText
 73
2
  0
LWPOLYLINE
  5
E6
330
1B
100
AcDbEntity
 67
1
  8
ACERO_SUP_APOYO
 62
5
370
30
100
AcDbPolyline
 90
3
 70
0
 10
41.75
 20
326.5
 10
41.75
 20
331.5
 10
103.875
 20
331.5
  0
TEXT
  5
E7
330
1B
100
AcDbEntity
 67
1
  8
ACERO_SUP_APOYO
 62
5
100
AcDbText
 10
57.0
 20
332.7
 30
0.0
 40
1.15
  1
M2 2#5 L=1092
 72
1
 11
57.0
 21
332.7
 31
0.0
100
AcDbText
 73
2
  0
LWPOLYLINE
  5
E8
330
1B
100
AcDbEntity
 67
1
  8
ACERO_SUP_APOYO
 62
5
370
30
100
AcDbPolyline
 90
2
 70
0
 10
197.625
 20
329.3
 10
291.375
 20
329.3
  0
TEXT
  5
E9
330
1B
100
AcDbEntity
 67
1
  8
ACERO_SUP_APOYO
 62
5
100
AcDbText
 10
244.5
 20
330.5
 30
0.0
 40
1.15
  1
M2 2#5 L=2375
 72
1
 11
244.5
 21
330.5
 31
0.0
100
AcDbText
 73
2
  0
LWPOLYLINE
  5
EA
330
1B
100
AcDbEntity
 67
1
  8
ACERO_SUP_APOYO
 62
5
370
30
100
AcDbPolyline
 90
3
 70
0
 10
385.125
 20
331.5
 10
447.25
 20
331.5
 10
447.25
 20
326.5
  0
TEXT
  5
EB
330
1B
100
AcDbEntity
 67
1
  8
ACERO_SUP_APOYO
 62
5
100
AcDbText
 10
432.0
 20
332.7
 30
0.0
 40
1.15
  1
M2 2#5 L=1092
 72
1
 11
432.0
 21
332.7
 31
0.0
100
AcDbText
 73
2
  0
LWPOLYLINE
  5
EC
330
1B
100
AcDbEntity
 67
1
  8
ACERO_INF
 62
1
370
35
100
AcDbPolyline
 90
4
 70
0
 10
59.0
 20
321.0
 10
59.0
 20
316.0
 10
242.5
 20
316.0
 10
242.5
 20
321.0
  0
TEXT
  5
ED
330
1B
100
AcDbEntity
 67
1
  8
ACERO_INF
 62
1
100
AcDbText
 10
150.75
 20
313.9
 30
0.0
 40
1.2
  1
M3 4#5 L=3760
 72
1
 11
150.75
 21
313.9
 31
0.0
100
AcDbText
 73
2
  0
LWPOLYLINE
  5
EE
330
1B
100
AcDbEntity
 67
1
  8
ACERO_INF
 62
1
370
35
100
AcDbPolyline
 90
4
 70
0
 10
246.5
 20
322.8
 10
246.5
 20
317.8
 10
430.0
 20
317.8
 10
430.0
 20
322.8
  0
TEXT
  5
EF
330
1B
100
AcDbEntity
 67
1
  8
ACERO_INF
 62
1
100
AcDbText
 10
338.25
 20
315.7
 30
0.0
 40
1.2
  1
M3 4#5 L=3760
 72
1
 11
338.25
 21
315.7
 31
0.0
100
AcDbText
 73
2
  0
LWPOLYLINE
  5
F0
330
1B
100
AcDbEntity
 67
1
  8
ACERO_TORSION
 62
30
370
30
100
AcDbPolyline
 90
2
 70
0
 10
58.0
 20
327.4
 10
431.0
 20
327.4
  0
TEXT
  5
F1
330
1B
100
AcDbEntity
 67
1
  8
ACERO_TORSION
 62
30
100
AcDbText
 10
244.5
 20
329.0
 30
0.0
 40
1.15
  1
M4 8#5 TORSIÓN DEDICADA
 72
1
 11
244.5
 21
329.0
 31
0.0
100
AcDbText
 73
2
  0
LINE
  5
F2
330
1B
100
AcDbEntity
 67
1
  8
CORTE
 62
6
370
13
100
AcDbLine
 10
244.5
 20
311.5
 30
0.0
 11
244.5
 21
338.5
 31
0.0
  0
TEXT
  5
F3
330
1B
100
AcDbEntity
 67
1
  8
CORTE
 62
6
100
AcDbText
 10
244.5
 20
341.2
 30
0.0
 40
1.5
  1
A
 72
1
 11
244.5
 21
341.2
 31
0.0
100
AcDbText
 73
2
  0
LINE
  5
F4
330
1B
100
AcDbEntity
 67
1
  8
CORTE
 62
6
370
13
100
AcDbLine
 10
338.25
 20
311.5
 30
0.0
 11
338.25
 21
338.5
 31
0.0
  0
TEXT
  5
F5
330
1B
100
AcDbEntity
 67
1
  8
CORTE
 62
6
100
AcDbText
 10
338.25
 20
341.2
 30
0.0
 40
1.5
  1
B
 72
1
 11
338.25
 21
341.2
 31
0.0
100
AcDbText
 73
2
  0
LINE
  5
F6
330
1B
100
AcDbEntity
 67
1
  8
CORTE
 62
6
370
13
100
AcDbLine
 10
244.5
 20
311.5
 30
0.0
 11
244.5
 21
338.5
 31
0.0
  0
TEXT
  5
F7
330
1B
100
AcDbEntity
 67
1
  8
CORTE
 62
6
100
AcDbText
 10
244.5
 20
341.2
 30
0.0
 40
1.5
  1
C
 72
1
 11
244.5
 21
341.2
 31
0.0
100
AcDbText
 73
2
  0
LINE
  5
F8
330
1B
100
AcDbEntity
 67
1
  8
COTAS
 62
3
370
13
100
AcDbLine
 10
57.0
 20
304.0
 30
0.0
 11
244.5
 21
304.0
 31
0.0
  0
LINE
  5
F9
330
1B
100
AcDbEntity
 67
1
  8
COTAS
 62
3
370
13
100
AcDbLine
 10
57.0
 20
302.8
 30
0.0
 11
57.0
 21
305.2
 31
0.0
  0
LINE
  5
FA
330
1B
100
AcDbEntity
 67
1
  8
COTAS
 62
3
370
13
100
AcDbLine
 10
244.5
 20
302.8
 30
0.0
 11
244.5
 21
305.2
 31
0.0
  0
TEXT
  5
FB
330
1B
100
AcDbEntity
 67
1
  8
COTAS
 62
3
100
AcDbText
 10
150.75
 20
305.0
 30
0.0
 40
1.3
  1
3.750 m
 72
1
 11
150.75
 21
305.0
 31
0.0
100
AcDbText
 73
2
  0
TEXT
  5
FC
330
1B
100
AcDbEntity
 67
1
  8
TEXTO
 62
7
100
AcDbText
 10
150.75
 20
301.3
 30
0.0
 40
1.1
  1
F153
 72
1
 11
150.75
 21
301.3
 31
0.0
100
AcDbText
 73
2
  0
LINE
  5
FD
330
1B
100
AcDbEntity
 67
1
  8
COTAS
 62
3
370
13
100
AcDbLine
 10
244.5
 20
304.0
 30
0.0
 11
432.0
 21
304.0
 31
0.0
  0
LINE
  5
FE
330
1B
100
AcDbEntity
 67
1
  8
COTAS
 62
3
370
13
100
AcDbLine
 10
244.5
 20
302.8
 30
0.0
 11
244.5
 21
305.2
 31
0.0
  0
LINE
  5
FF
330
1B
100
AcDbEntity
 67
1
  8
COTAS
 62
3
370
13
100
AcDbLine
 10
432.0
 20
302.8
 30
0.0
 11
432.0
 21
305.2
 31
0.0
  0
TEXT
  5
100
330
1B
100
AcDbEntity
 67
1
  8
COTAS
 62
3
100
AcDbText
 10
338.25
 20
305.0
 30
0.0
 40
1.3
  1
3.750 m
 72
1
 11
338.25
 21
305.0
 31
0.0
100
AcDbText
 73
2
  0
TEXT
  5
101
330
1B
100
AcDbEntity
 67
1
  8
TEXTO
 62
7
100
AcDbText
 10
338.25
 20
301.3
 30
0.0
 40
1.1
  1
F154
 72
1
 11
338.25
 21
301.3
 31
0.0
100
AcDbText
 73
2
  0
LINE
  5
102
330
1B
100
AcDbEntity
 67
1
  8
COTAS
 62
3
370
13
100
AcDbLine
 10
57.0
 20
298.0
 30
0.0
 11
432.0
 21
298.0
 31
0.0
  0
LINE
  5
103
330
1B
100
AcDbEntity
 67
1
  8
COTAS
 62
3
370
13
100
AcDbLine
 10
57.0
 20
296.8
 30
0.0
 11
57.0
 21
299.2
 31
0.0
  0
LINE
  5
104
330
1B
100
AcDbEntity
 67
1
  8
COTAS
 62
3
370
13
100
AcDbLine
 10
432.0
 20
296.8
 30
0.0
 11
432.0
 21
299.2
 31
0.0
  0
TEXT
  5
105
330
1B
100
AcDbEntity
 67
1
  8
COTAS
 62
3
100
AcDbText
 10
244.5
 20
299.0
 30
0.0
 40
1.5
  1
TOTAL SAP I-J = 7.500 m
 72
1
 11
244.5
 21
299.0
 31
0.0
100
AcDbText
 73
2
  0
TEXT
  5
106
330
1B
100
AcDbEntity
 67
1
  8
TEXTO
 62
7
100
AcDbText
 10
432.0
 20
288.0
 30
0.0
 40
1.35
  1
ESC. H 1:20 | V 1:25 | Ejes/tramos obtenidos de SAP
 72
2
 11
432.0
 21
288.0
 31
0.0
100
AcDbText
  0
LWPOLYLINE
  5
107
330
1B
100
AcDbEntity
 67
1
  8
MARCO
 62
7
370
20
100
AcDbPolyline
 90
4
 70
1
 10
8.5
 20
122.0
 10
51.5
 20
122.0
 10
51.5
 20
166.0
 10
8.5
 20
166.0
  0
TEXT
  5
108
330
1B
100
AcDbEntity
 67
1
  8
TEXTO
 62
7
100
AcDbText
 10
30.0
 20
161.0
 30
0.0
 40
2.6
  1
VIGA VC1
 72
1
 11
30.0
 21
161.0
 31
0.0
100
AcDbText
 73
2
  0
TEXT
  5
109
330
1B
100
AcDbEntity
 67
1
  8
TEXTO
 62
7
100
AcDbText
 10
30.0
 20
155.0
 30
0.0
 40
2.2
  1
EJE 15
 72
1
 11
30.0
 21
155.0
 31
0.0
100
AcDbText
 73
2
  0
TEXT
  5
10A
330
1B
100
AcDbEntity
 67
1
  8
TEXTO
 62
7
100
AcDbText
 10
30.0
 20
149.0
 30
0.0
 40
1.9
  1
450x550 mm
 72
1
 11
30.0
 21
149.0
 31
0.0
100
AcDbText
 73
2
  0
TEXT
  5
10B
330
1B
100
AcDbEntity
 67
1
  8
TEXTO
100
AcDbText
 10
11.5
 20
142.0
 30
0.0
 40
1.7
  1
SUP 4#5
 11
11.5
 21
142.0
 31
0.0
100
AcDbText
  0
TEXT
  5
10C
330
1B
100
AcDbEntity
 67
1
  8
TEXTO
100
AcDbText
 10
11.5
 20
137.0
 30
0.0
 40
1.7
  1
INF 4#5
 11
11.5
 21
137.0
 31
0.0
100
AcDbText
  0
TEXT
  5
10D
330
1B
100
AcDbEntity
 67
1
  8
TEXTO
100
AcDbText
 10
11.5
 20
132.0
 30
0.0
 40
1.7
  1
TOR 8#5
 11
11.5
 21
132.0
 31
0.0
100
AcDbText
  0
TEXT
  5
10E
330
1B
100
AcDbEntity
 67
1
  8
TEXTO
100
AcDbText
 10
11.5
 20
126.0
 30
0.0
 40
1.45
  1
NIVEL TIPO z=3.5 m
 11
11.5
 21
126.0
 31
0.0
100
AcDbText
  0
LWPOLYLINE
  5
10F
330
1B
100
AcDbEntity
 67
1
  8
CONTORNO
 62
7
370
25
100
AcDbPolyline
 90
4
 70
1
 10
57.0
 20
130.0
 10
432.0
 20
130.0
 10
432.0
 20
152.0
 10
57.0
 20
152.0
  0
LWPOLYLINE
  5
110
330
1B
100
AcDbEntity
 67
1
  8
APOYOS
 62
9
370
15
100
AcDbPolyline
 90
4
 70
1
 10
44.5
 20
126.0
 10
69.5
 20
126.0
 10
69.5
 20
156.0
 10
44.5
 20
156.0
  0
LINE
  5
111
330
1B
100
AcDbEntity
 67
1
  8
EJES
  6
DASHED
 62
1
370
9
100
AcDbLine
 10
57.0
 20
119.0
 30
0.0
 11
57.0
 21
169.0
 31
0.0
  0
CIRCLE
  5
112
330
1B
100
AcDbEntity
 67
1
  8
EJES
 62
1
370
18
100
AcDbCircle
 10
57.0
 20
164.0
 30
0.0
 40
3.5
  0
TEXT
  5
113
330
1B
100
AcDbEntity
 67
1
  8
EJES
 62
1
100
AcDbText
 10
57.0
 20
164.0
 30
0.0
 40
2.0
  1
b
 72
1
 11
57.0
 21
164.0
 31
0.0
100
AcDbText
 73
2
  0
LWPOLYLINE
  5
114
330
1B
100
AcDbEntity
 67
1
  8
APOYOS
 62
9
370
15
100
AcDbPolyline
 90
4
 70
1
 10
232.0
 20
126.0
 10
257.0
 20
126.0
 10
257.0
 20
156.0
 10
232.0
 20
156.0
  0
LINE
  5
115
330
1B
100
AcDbEntity
 67
1
  8
EJES
  6
DASHED
 62
1
370
9
100
AcDbLine
 10
244.5
 20
119.0
 30
0.0
 11
244.5
 21
169.0
 31
0.0
  0
CIRCLE
  5
116
330
1B
100
AcDbEntity
 67
1
  8
EJES
 62
1
370
18
100
AcDbCircle
 10
244.5
 20
164.0
 30
0.0
 40
3.5
  0
TEXT
  5
117
330
1B
100
AcDbEntity
 67
1
  8
EJES
 62
1
100
AcDbText
 10
244.5
 20
164.0
 30
0.0
 40
2.0
  1
c
 72
1
 11
244.5
 21
164.0
 31
0.0
100
AcDbText
 73
2
  0
LWPOLYLINE
  5
118
330
1B
100
AcDbEntity
 67
1
  8
APOYOS
 62
9
370
15
100
AcDbPolyline
 90
4
 70
1
 10
419.5
 20
126.0
 10
444.5
 20
126.0
 10
444.5
 20
156.0
 10
419.5
 20
156.0
  0
LINE
  5
119
330
1B
100
AcDbEntity
 67
1
  8
EJES
  6
DASHED
 62
1
370
9
100
AcDbLine
 10
432.0
 20
119.0
 30
0.0
 11
432.0
 21
169.0
 31
0.0
  0
CIRCLE
  5
11A
330
1B
100
AcDbEntity
 67
1
  8
EJES
 62
1
370
18
100
AcDbCircle
 10
432.0
 20
164.0
 30
0.0
 40
3.5
  0
TEXT
  5
11B
330
1B
100
AcDbEntity
 67
1
  8
EJES
 62
1
100
AcDbText
 10
432.0
 20
164.0
 30
0.0
 40
2.0
  1
d
 72
1
 11
432.0
 21
164.0
 31
0.0
100
AcDbText
 73
2
  0
LINE
  5
11C
330
1B
100
AcDbEntity
 67
1
  8
ESTRIBOS
 62
8
370
9
100
AcDbLine
 10
59.5
 20
131.0
 30
0.0
 11
59.5
 21
151.0
 31
0.0
  0
LINE
  5
11D
330
1B
100
AcDbEntity
 67
1
  8
ESTRIBOS
 62
8
370
9
100
AcDbLine
 10
65.5
 20
131.0
 30
0.0
 11
65.5
 21
151.0
 31
0.0
  0
LINE
  5
11E
330
1B
100
AcDbEntity
 67
1
  8
ESTRIBOS
 62
8
370
9
100
AcDbLine
 10
71.5
 20
131.0
 30
0.0
 11
71.5
 21
151.0
 31
0.0
  0
LINE
  5
11F
330
1B
100
AcDbEntity
 67
1
  8
ESTRIBOS
 62
8
370
9
100
AcDbLine
 10
77.5
 20
131.0
 30
0.0
 11
77.5
 21
151.0
 31
0.0
  0
LINE
  5
120
330
1B
100
AcDbEntity
 67
1
  8
ESTRIBOS
 62
8
370
9
100
AcDbLine
 10
83.5
 20
131.0
 30
0.0
 11
83.5
 21
151.0
 31
0.0
  0
LINE
  5
121
330
1B
100
AcDbEntity
 67
1
  8
ESTRIBOS
 62
8
370
9
100
AcDbLine
 10
89.5
 20
131.0
 30
0.0
 11
89.5
 21
151.0
 31
0.0
  0
LINE
  5
122
330
1B
100
AcDbEntity
 67
1
  8
ESTRIBOS
 62
8
370
9
100
AcDbLine
 10
95.5
 20
131.0
 30
0.0
 11
95.5
 21
151.0
 31
0.0
  0
LINE
  5
123
330
1B
100
AcDbEntity
 67
1
  8
ESTRIBOS
 62
8
370
9
100
AcDbLine
 10
101.5
 20
131.0
 30
0.0
 11
101.5
 21
151.0
 31
0.0
  0
LINE
  5
124
330
1B
100
AcDbEntity
 67
1
  8
ESTRIBOS
 62
8
370
9
100
AcDbLine
 10
107.5
 20
131.0
 30
0.0
 11
107.5
 21
151.0
 31
0.0
  0
LINE
  5
125
330
1B
100
AcDbEntity
 67
1
  8
ESTRIBOS
 62
8
370
9
100
AcDbLine
 10
122.0
 20
131.0
 30
0.0
 11
122.0
 21
151.0
 31
0.0
  0
LINE
  5
126
330
1B
100
AcDbEntity
 67
1
  8
ESTRIBOS
 62
8
370
9
100
AcDbLine
 10
132.0
 20
131.0
 30
0.0
 11
132.0
 21
151.0
 31
0.0
  0
LINE
  5
127
330
1B
100
AcDbEntity
 67
1
  8
ESTRIBOS
 62
8
370
9
100
AcDbLine
 10
142.0
 20
131.0
 30
0.0
 11
142.0
 21
151.0
 31
0.0
  0
LINE
  5
128
330
1B
100
AcDbEntity
 67
1
  8
ESTRIBOS
 62
8
370
9
100
AcDbLine
 10
152.0
 20
131.0
 30
0.0
 11
152.0
 21
151.0
 31
0.0
  0
LINE
  5
129
330
1B
100
AcDbEntity
 67
1
  8
ESTRIBOS
 62
8
370
9
100
AcDbLine
 10
162.0
 20
131.0
 30
0.0
 11
162.0
 21
151.0
 31
0.0
  0
LINE
  5
12A
330
1B
100
AcDbEntity
 67
1
  8
ESTRIBOS
 62
8
370
9
100
AcDbLine
 10
172.0
 20
131.0
 30
0.0
 11
172.0
 21
151.0
 31
0.0
  0
LINE
  5
12B
330
1B
100
AcDbEntity
 67
1
  8
ESTRIBOS
 62
8
370
9
100
AcDbLine
 10
182.0
 20
131.0
 30
0.0
 11
182.0
 21
151.0
 31
0.0
  0
LINE
  5
12C
330
1B
100
AcDbEntity
 67
1
  8
ESTRIBOS
 62
8
370
9
100
AcDbLine
 10
194.0
 20
131.0
 30
0.0
 11
194.0
 21
151.0
 31
0.0
  0
LINE
  5
12D
330
1B
100
AcDbEntity
 67
1
  8
ESTRIBOS
 62
8
370
9
100
AcDbLine
 10
200.0
 20
131.0
 30
0.0
 11
200.0
 21
151.0
 31
0.0
  0
LINE
  5
12E
330
1B
100
AcDbEntity
 67
1
  8
ESTRIBOS
 62
8
370
9
100
AcDbLine
 10
206.0
 20
131.0
 30
0.0
 11
206.0
 21
151.0
 31
0.0
  0
LINE
  5
12F
330
1B
100
AcDbEntity
 67
1
  8
ESTRIBOS
 62
8
370
9
100
AcDbLine
 10
212.0
 20
131.0
 30
0.0
 11
212.0
 21
151.0
 31
0.0
  0
LINE
  5
130
330
1B
100
AcDbEntity
 67
1
  8
ESTRIBOS
 62
8
370
9
100
AcDbLine
 10
218.0
 20
131.0
 30
0.0
 11
218.0
 21
151.0
 31
0.0
  0
LINE
  5
131
330
1B
100
AcDbEntity
 67
1
  8
ESTRIBOS
 62
8
370
9
100
AcDbLine
 10
224.0
 20
131.0
 30
0.0
 11
224.0
 21
151.0
 31
0.0
  0
LINE
  5
132
330
1B
100
AcDbEntity
 67
1
  8
ESTRIBOS
 62
8
370
9
100
AcDbLine
 10
230.0
 20
131.0
 30
0.0
 11
230.0
 21
151.0
 31
0.0
  0
LINE
  5
133
330
1B
100
AcDbEntity
 67
1
  8
ESTRIBOS
 62
8
370
9
100
AcDbLine
 10
236.0
 20
131.0
 30
0.0
 11
236.0
 21
151.0
 31
0.0
  0
LINE
  5
134
330
1B
100
AcDbEntity
 67
1
  8
ESTRIBOS
 62
8
370
9
100
AcDbLine
 10
242.0
 20
131.0
 30
0.0
 11
242.0
 21
151.0
 31
0.0
  0
TEXT
  5
135
330
1B
100
AcDbEntity
 67
1
  8
ESTRIBOS
 62
8
100
AcDbText
 10
150.75
 20
140.2
 30
0.0
 40
1.25
  1
Nº3 2R @120 (2h) / @200 ctr
 72
1
 11
150.75
 21
140.2
 31
0.0
100
AcDbText
 73
2
  0
LINE
  5
136
330
1B
100
AcDbEntity
 67
1
  8
ESTRIBOS
 62
8
370
9
100
AcDbLine
 10
247.0
 20
131.0
 30
0.0
 11
247.0
 21
151.0
 31
0.0
  0
LINE
  5
137
330
1B
100
AcDbEntity
 67
1
  8
ESTRIBOS
 62
8
370
9
100
AcDbLine
 10
253.0
 20
131.0
 30
0.0
 11
253.0
 21
151.0
 31
0.0
  0
LINE
  5
138
330
1B
100
AcDbEntity
 67
1
  8
ESTRIBOS
 62
8
370
9
100
AcDbLine
 10
259.0
 20
131.0
 30
0.0
 11
259.0
 21
151.0
 31
0.0
  0
LINE
  5
139
330
1B
100
AcDbEntity
 67
1
  8
ESTRIBOS
 62
8
370
9
100
AcDbLine
 10
265.0
 20
131.0
 30
0.0
 11
265.0
 21
151.0
 31
0.0
  0
LINE
  5
13A
330
1B
100
AcDbEntity
 67
1
  8
ESTRIBOS
 62
8
370
9
100
AcDbLine
 10
271.0
 20
131.0
 30
0.0
 11
271.0
 21
151.0
 31
0.0
  0
LINE
  5
13B
330
1B
100
AcDbEntity
 67
1
  8
ESTRIBOS
 62
8
370
9
100
AcDbLine
 10
277.0
 20
131.0
 30
0.0
 11
277.0
 21
151.0
 31
0.0
  0
LINE
  5
13C
330
1B
100
AcDbEntity
 67
1
  8
ESTRIBOS
 62
8
370
9
100
AcDbLine
 10
283.0
 20
131.0
 30
0.0
 11
283.0
 21
151.0
 31
0.0
  0
LINE
  5
13D
330
1B
100
AcDbEntity
 67
1
  8
ESTRIBOS
 62
8
370
9
100
AcDbLine
 10
289.0
 20
131.0
 30
0.0
 11
289.0
 21
151.0
 31
0.0
  0
LINE
  5
13E
330
1B
100
AcDbEntity
 67
1
  8
ESTRIBOS
 62
8
370
9
100
AcDbLine
 10
295.0
 20
131.0
 30
0.0
 11
295.0
 21
151.0
 31
0.0
  0
LINE
  5
13F
330
1B
100
AcDbEntity
 67
1
  8
ESTRIBOS
 62
8
370
9
100
AcDbLine
 10
309.5
 20
131.0
 30
0.0
 11
309.5
 21
151.0
 31
0.0
  0
LINE
  5
140
330
1B
100
AcDbEntity
 67
1
  8
ESTRIBOS
 62
8
370
9
100
AcDbLine
 10
319.5
 20
131.0
 30
0.0
 11
319.5
 21
151.0
 31
0.0
  0
LINE
  5
141
330
1B
100
AcDbEntity
 67
1
  8
ESTRIBOS
 62
8
370
9
100
AcDbLine
 10
329.5
 20
131.0
 30
0.0
 11
329.5
 21
151.0
 31
0.0
  0
LINE
  5
142
330
1B
100
AcDbEntity
 67
1
  8
ESTRIBOS
 62
8
370
9
100
AcDbLine
 10
339.5
 20
131.0
 30
0.0
 11
339.5
 21
151.0
 31
0.0
  0
LINE
  5
143
330
1B
100
AcDbEntity
 67
1
  8
ESTRIBOS
 62
8
370
9
100
AcDbLine
 10
349.5
 20
131.0
 30
0.0
 11
349.5
 21
151.0
 31
0.0
  0
LINE
  5
144
330
1B
100
AcDbEntity
 67
1
  8
ESTRIBOS
 62
8
370
9
100
AcDbLine
 10
359.5
 20
131.0
 30
0.0
 11
359.5
 21
151.0
 31
0.0
  0
LINE
  5
145
330
1B
100
AcDbEntity
 67
1
  8
ESTRIBOS
 62
8
370
9
100
AcDbLine
 10
369.5
 20
131.0
 30
0.0
 11
369.5
 21
151.0
 31
0.0
  0
LINE
  5
146
330
1B
100
AcDbEntity
 67
1
  8
ESTRIBOS
 62
8
370
9
100
AcDbLine
 10
381.5
 20
131.0
 30
0.0
 11
381.5
 21
151.0
 31
0.0
  0
LINE
  5
147
330
1B
100
AcDbEntity
 67
1
  8
ESTRIBOS
 62
8
370
9
100
AcDbLine
 10
387.5
 20
131.0
 30
0.0
 11
387.5
 21
151.0
 31
0.0
  0
LINE
  5
148
330
1B
100
AcDbEntity
 67
1
  8
ESTRIBOS
 62
8
370
9
100
AcDbLine
 10
393.5
 20
131.0
 30
0.0
 11
393.5
 21
151.0
 31
0.0
  0
LINE
  5
149
330
1B
100
AcDbEntity
 67
1
  8
ESTRIBOS
 62
8
370
9
100
AcDbLine
 10
399.5
 20
131.0
 30
0.0
 11
399.5
 21
151.0
 31
0.0
  0
LINE
  5
14A
330
1B
100
AcDbEntity
 67
1
  8
ESTRIBOS
 62
8
370
9
100
AcDbLine
 10
405.5
 20
131.0
 30
0.0
 11
405.5
 21
151.0
 31
0.0
  0
LINE
  5
14B
330
1B
100
AcDbEntity
 67
1
  8
ESTRIBOS
 62
8
370
9
100
AcDbLine
 10
411.5
 20
131.0
 30
0.0
 11
411.5
 21
151.0
 31
0.0
  0
LINE
  5
14C
330
1B
100
AcDbEntity
 67
1
  8
ESTRIBOS
 62
8
370
9
100
AcDbLine
 10
417.5
 20
131.0
 30
0.0
 11
417.5
 21
151.0
 31
0.0
  0
LINE
  5
14D
330
1B
100
AcDbEntity
 67
1
  8
ESTRIBOS
 62
8
370
9
100
AcDbLine
 10
423.5
 20
131.0
 30
0.0
 11
423.5
 21
151.0
 31
0.0
  0
LINE
  5
14E
330
1B
100
AcDbEntity
 67
1
  8
ESTRIBOS
 62
8
370
9
100
AcDbLine
 10
429.5
 20
131.0
 30
0.0
 11
429.5
 21
151.0
 31
0.0
  0
TEXT
  5
14F
330
1B
100
AcDbEntity
 67
1
  8
ESTRIBOS
 62
8
100
AcDbText
 10
338.25
 20
140.2
 30
0.0
 40
1.25
  1
Nº3 2R @120 (2h) / @200 ctr
 72
1
 11
338.25
 21
140.2
 31
0.0
100
AcDbText
 73
2
  0
LWPOLYLINE
  5
150
330
1B
100
AcDbEntity
 67
1
  8
ACERO_SUP_CONT
 62
4
370
35
100
AcDbPolyline
 90
4
 70
0
 10
57.0
 20
144.0
 10
57.0
 20
150.0
 10
432.0
 20
150.0
 10
432.0
 20
144.0
  0
TEXT
  5
151
330
1B
100
AcDbEntity
 67
1
  8
ACERO_SUP_CONT
 62
4
100
AcDbText
 10
244.5
 20
153.0
 30
0.0
 40
1.55
  1
M1  2#5 CONT.  Lc=7510 mm
 72
1
 11
244.5
 21
153.0
 31
0.0
100
AcDbText
 73
2
  0
LWPOLYLINE
  5
152
330
1B
100
AcDbEntity
 67
1
  8
ACERO_SUP_APOYO
 62
5
370
30
100
AcDbPolyline
 90
3
 70
0
 10
41.75
 20
142.5
 10
41.75
 20
147.5
 10
103.875
 20
147.5
  0
TEXT
  5
153
330
1B
100
AcDbEntity
 67
1
  8
ACERO_SUP_APOYO
 62
5
100
AcDbText
 10
57.0
 20
148.7
 30
0.0
 40
1.15
  1
M2 2#5 L=1092
 72
1
 11
57.0
 21
148.7
 31
0.0
100
AcDbText
 73
2
  0
LWPOLYLINE
  5
154
330
1B
100
AcDbEntity
 67
1
  8
ACERO_SUP_APOYO
 62
5
370
30
100
AcDbPolyline
 90
2
 70
0
 10
197.625
 20
145.3
 10
291.375
 20
145.3
  0
TEXT
  5
155
330
1B
100
AcDbEntity
 67
1
  8
ACERO_SUP_APOYO
 62
5
100
AcDbText
 10
244.5
 20
146.5
 30
0.0
 40
1.15
  1
M2 2#5 L=2375
 72
1
 11
244.5
 21
146.5
 31
0.0
100
AcDbText
 73
2
  0
LWPOLYLINE
  5
156
330
1B
100
AcDbEntity
 67
1
  8
ACERO_SUP_APOYO
 62
5
370
30
100
AcDbPolyline
 90
3
 70
0
 10
385.125
 20
147.5
 10
447.25
 20
147.5
 10
447.25
 20
142.5
  0
TEXT
  5
157
330
1B
100
AcDbEntity
 67
1
  8
ACERO_SUP_APOYO
 62
5
100
AcDbText
 10
432.0
 20
148.7
 30
0.0
 40
1.15
  1
M2 2#5 L=1092
 72
1
 11
432.0
 21
148.7
 31
0.0
100
AcDbText
 73
2
  0
LWPOLYLINE
  5
158
330
1B
100
AcDbEntity
 67
1
  8
ACERO_INF
 62
1
370
35
100
AcDbPolyline
 90
4
 70
0
 10
59.0
 20
137.0
 10
59.0
 20
132.0
 10
242.5
 20
132.0
 10
242.5
 20
137.0
  0
TEXT
  5
159
330
1B
100
AcDbEntity
 67
1
  8
ACERO_INF
 62
1
100
AcDbText
 10
150.75
 20
129.9
 30
0.0
 40
1.2
  1
M3 4#5 L=3760
 72
1
 11
150.75
 21
129.9
 31
0.0
100
AcDbText
 73
2
  0
LWPOLYLINE
  5
15A
330
1B
100
AcDbEntity
 67
1
  8
ACERO_INF
 62
1
370
35
100
AcDbPolyline
 90
4
 70
0
 10
246.5
 20
138.8
 10
246.5
 20
133.8
 10
430.0
 20
133.8
 10
430.0
 20
138.8
  0
TEXT
  5
15B
330
1B
100
AcDbEntity
 67
1
  8
ACERO_INF
 62
1
100
AcDbText
 10
338.25
 20
131.70000000000002
 30
0.0
 40
1.2
  1
M3 4#5 L=3760
 72
1
 11
338.25
 21
131.70000000000002
 31
0.0
100
AcDbText
 73
2
  0
LWPOLYLINE
  5
15C
330
1B
100
AcDbEntity
 67
1
  8
ACERO_TORSION
 62
30
370
30
100
AcDbPolyline
 90
2
 70
0
 10
58.0
 20
143.4
 10
431.0
 20
143.4
  0
TEXT
  5
15D
330
1B
100
AcDbEntity
 67
1
  8
ACERO_TORSION
 62
30
100
AcDbText
 10
244.5
 20
145.0
 30
0.0
 40
1.15
  1
M4 8#5 TORSIÓN DEDICADA
 72
1
 11
244.5
 21
145.0
 31
0.0
100
AcDbText
 73
2
  0
LINE
  5
15E
330
1B
100
AcDbEntity
 67
1
  8
CORTE
 62
6
370
13
100
AcDbLine
 10
244.5
 20
127.5
 30
0.0
 11
244.5
 21
154.5
 31
0.0
  0
TEXT
  5
15F
330
1B
100
AcDbEntity
 67
1
  8
CORTE
 62
6
100
AcDbText
 10
244.5
 20
157.2
 30
0.0
 40
1.5
  1
A
 72
1
 11
244.5
 21
157.2
 31
0.0
100
AcDbText
 73
2
  0
LINE
  5
160
330
1B
100
AcDbEntity
 67
1
  8
CORTE
 62
6
370
13
100
AcDbLine
 10
338.25
 20
127.5
 30
0.0
 11
338.25
 21
154.5
 31
0.0
  0
TEXT
  5
161
330
1B
100
AcDbEntity
 67
1
  8
CORTE
 62
6
100
AcDbText
 10
338.25
 20
157.2
 30
0.0
 40
1.5
  1
B
 72
1
 11
338.25
 21
157.2
 31
0.0
100
AcDbText
 73
2
  0
LINE
  5
162
330
1B
100
AcDbEntity
 67
1
  8
CORTE
 62
6
370
13
100
AcDbLine
 10
244.5
 20
127.5
 30
0.0
 11
244.5
 21
154.5
 31
0.0
  0
TEXT
  5
163
330
1B
100
AcDbEntity
 67
1
  8
CORTE
 62
6
100
AcDbText
 10
244.5
 20
157.2
 30
0.0
 40
1.5
  1
C
 72
1
 11
244.5
 21
157.2
 31
0.0
100
AcDbText
 73
2
  0
LINE
  5
164
330
1B
100
AcDbEntity
 67
1
  8
COTAS
 62
3
370
13
100
AcDbLine
 10
57.0
 20
120.0
 30
0.0
 11
244.5
 21
120.0
 31
0.0
  0
LINE
  5
165
330
1B
100
AcDbEntity
 67
1
  8
COTAS
 62
3
370
13
100
AcDbLine
 10
57.0
 20
118.8
 30
0.0
 11
57.0
 21
121.2
 31
0.0
  0
LINE
  5
166
330
1B
100
AcDbEntity
 67
1
  8
COTAS
 62
3
370
13
100
AcDbLine
 10
244.5
 20
118.8
 30
0.0
 11
244.5
 21
121.2
 31
0.0
  0
TEXT
  5
167
330
1B
100
AcDbEntity
 67
1
  8
COTAS
 62
3
100
AcDbText
 10
150.75
 20
121.0
 30
0.0
 40
1.3
  1
3.750 m
 72
1
 11
150.75
 21
121.0
 31
0.0
100
AcDbText
 73
2
  0
TEXT
  5
168
330
1B
100
AcDbEntity
 67
1
  8
TEXTO
 62
7
100
AcDbText
 10
150.75
 20
117.3
 30
0.0
 40
1.1
  1
F148
 72
1
 11
150.75
 21
117.3
 31
0.0
100
AcDbText
 73
2
  0
LINE
  5
169
330
1B
100
AcDbEntity
 67
1
  8
COTAS
 62
3
370
13
100
AcDbLine
 10
244.5
 20
120.0
 30
0.0
 11
432.0
 21
120.0
 31
0.0
  0
LINE
  5
16A
330
1B
100
AcDbEntity
 67
1
  8
COTAS
 62
3
370
13
100
AcDbLine
 10
244.5
 20
118.8
 30
0.0
 11
244.5
 21
121.2
 31
0.0
  0
LINE
  5
16B
330
1B
100
AcDbEntity
 67
1
  8
COTAS
 62
3
370
13
100
AcDbLine
 10
432.0
 20
118.8
 30
0.0
 11
432.0
 21
121.2
 31
0.0
  0
TEXT
  5
16C
330
1B
100
AcDbEntity
 67
1
  8
COTAS
 62
3
100
AcDbText
 10
338.25
 20
121.0
 30
0.0
 40
1.3
  1
3.750 m
 72
1
 11
338.25
 21
121.0
 31
0.0
100
AcDbText
 73
2
  0
TEXT
  5
16D
330
1B
100
AcDbEntity
 67
1
  8
TEXTO
 62
7
100
AcDbText
 10
338.25
 20
117.3
 30
0.0
 40
1.1
  1
F149
 72
1
 11
338.25
 21
117.3
 31
0.0
100
AcDbText
 73
2
  0
LINE
  5
16E
330
1B
100
AcDbEntity
 67
1
  8
COTAS
 62
3
370
13
100
AcDbLine
 10
57.0
 20
114.0
 30
0.0
 11
432.0
 21
114.0
 31
0.0
  0
LINE
  5
16F
330
1B
100
AcDbEntity
 67
1
  8
COTAS
 62
3
370
13
100
AcDbLine
 10
57.0
 20
112.8
 30
0.0
 11
57.0
 21
115.2
 31
0.0
  0
LINE
  5
170
330
1B
100
AcDbEntity
 67
1
  8
COTAS
 62
3
370
13
100
AcDbLine
 10
432.0
 20
112.8
 30
0.0
 11
432.0
 21
115.2
 31
0.0
  0
TEXT
  5
171
330
1B
100
AcDbEntity
 67
1
  8
COTAS
 62
3
100
AcDbText
 10
244.5
 20
115.0
 30
0.0
 40
1.5
  1
TOTAL SAP I-J = 7.500 m
 72
1
 11
244.5
 21
115.0
 31
0.0
100
AcDbText
 73
2
  0
TEXT
  5
172
330
1B
100
AcDbEntity
 67
1
  8
TEXTO
 62
7
100
AcDbText
 10
432.0
 20
104.0
 30
0.0
 40
1.35
  1
ESC. H 1:20 | V 1:25 | Ejes/tramos obtenidos de SAP
 72
2
 11
432.0
 21
104.0
 31
0.0
100
AcDbText
  0
LWPOLYLINE
  5
173
330
1B
100
AcDbEntity
 67
1
  8
CONTORNO
 62
7
370
20
100
AcDbPolyline
 90
4
 70
1
 10
193.75
 20
49.25
 10
216.25
 20
49.25
 10
216.25
 20
76.75
 10
193.75
 20
76.75
  0
LWPOLYLINE
  5
174
330
1B
100
AcDbEntity
 67
1
  8
ESTRIBOS
 62
8
370
18
100
AcDbPolyline
 90
4
 70
1
 10
195.75
 20
51.25
 10
214.25
 20
51.25
 10
214.25
 20
74.75
 10
195.75
 20
74.75
  0
CIRCLE
  5
175
330
1B
100
AcDbEntity
 67
1
  8
ACERO_SUP_CONT
 62
4
100
AcDbCircle
 10
197.0
 20
73.7175
 30
0.0
 40
0.55
  0
CIRCLE
  5
176
330
1B
100
AcDbEntity
 67
1
  8
ACERO_SUP_CONT
 62
4
100
AcDbCircle
 10
202.33333333333334
 20
73.7175
 30
0.0
 40
0.55
  0
CIRCLE
  5
177
330
1B
100
AcDbEntity
 67
1
  8
ACERO_SUP_CONT
 62
4
100
AcDbCircle
 10
207.66666666666666
 20
73.7175
 30
0.0
 40
0.55
  0
CIRCLE
  5
178
330
1B
100
AcDbEntity
 67
1
  8
ACERO_SUP_CONT
 62
4
100
AcDbCircle
 10
213.0
 20
73.7175
 30
0.0
 40
0.55
  0
CIRCLE
  5
179
330
1B
100
AcDbEntity
 67
1
  8
ACERO_INF
 62
1
100
AcDbCircle
 10
197.0
 20
52.2825
 30
0.0
 40
0.55
  0
CIRCLE
  5
17A
330
1B
100
AcDbEntity
 67
1
  8
ACERO_INF
 62
1
100
AcDbCircle
 10
202.33333333333334
 20
52.2825
 30
0.0
 40
0.55
  0
CIRCLE
  5
17B
330
1B
100
AcDbEntity
 67
1
  8
ACERO_INF
 62
1
100
AcDbCircle
 10
207.66666666666666
 20
52.2825
 30
0.0
 40
0.55
  0
CIRCLE
  5
17C
330
1B
100
AcDbEntity
 67
1
  8
ACERO_INF
 62
1
100
AcDbCircle
 10
213.0
 20
52.2825
 30
0.0
 40
0.55
  0
CIRCLE
  5
17D
330
1B
100
AcDbEntity
 67
1
  8
ACERO_TORSION
 62
30
100
AcDbCircle
 10
202.75
 20
54.75
 30
0.0
 40
0.48
  0
CIRCLE
  5
17E
330
1B
100
AcDbEntity
 67
1
  8
ACERO_TORSION
 62
30
100
AcDbCircle
 10
202.75
 20
71.25
 30
0.0
 40
0.48
  0
CIRCLE
  5
17F
330
1B
100
AcDbEntity
 67
1
  8
ACERO_TORSION
 62
30
100
AcDbCircle
 10
207.25
 20
54.75
 30
0.0
 40
0.48
  0
CIRCLE
  5
180
330
1B
100
AcDbEntity
 67
1
  8
ACERO_TORSION
 62
30
100
AcDbCircle
 10
207.25
 20
71.25
 30
0.0
 40
0.48
  0
CIRCLE
  5
181
330
1B
100
AcDbEntity
 67
1
  8
ACERO_TORSION
 62
30
100
AcDbCircle
 10
198.25
 20
60.25
 30
0.0
 40
0.48
  0
CIRCLE
  5
182
330
1B
100
AcDbEntity
 67
1
  8
ACERO_TORSION
 62
30
100
AcDbCircle
 10
211.75
 20
60.25
 30
0.0
 40
0.48
  0
CIRCLE
  5
183
330
1B
100
AcDbEntity
 67
1
  8
ACERO_TORSION
 62
30
100
AcDbCircle
 10
198.25
 20
65.75
 30
0.0
 40
0.48
  0
CIRCLE
  5
184
330
1B
100
AcDbEntity
 67
1
  8
ACERO_TORSION
 62
30
100
AcDbCircle
 10
211.75
 20
65.75
 30
0.0
 40
0.48
  0
TEXT
  5
185
330
1B
100
AcDbEntity
 67
1
  8
TEXTO
 62
7
100
AcDbText
 10
205.0
 20
46.15
 30
0.0
 40
1.55
  1
A-A APOYO
 72
1
 11
205.0
 21
46.15
 31
0.0
100
AcDbText
 73
2
  0
TEXT
  5
186
330
1B
100
AcDbEntity
 67
1
  8
TEXTO
 62
7
100
AcDbText
 10
205.0
 20
43.65
 30
0.0
 40
1.25
  1
450x550 | 1:20
 72
1
 11
205.0
 21
43.65
 31
0.0
100
AcDbText
 73
2
  0
LWPOLYLINE
  5
187
330
1B
100
AcDbEntity
 67
1
  8
CONTORNO
 62
7
370
20
100
AcDbPolyline
 90
4
 70
1
 10
268.75
 20
49.25
 10
291.25
 20
49.25
 10
291.25
 20
76.75
 10
268.75
 20
76.75
  0
LWPOLYLINE
  5
188
330
1B
100
AcDbEntity
 67
1
  8
ESTRIBOS
 62
8
370
18
100
AcDbPolyline
 90
4
 70
1
 10
270.75
 20
51.25
 10
289.25
 20
51.25
 10
289.25
 20
74.75
 10
270.75
 20
74.75
  0
CIRCLE
  5
189
330
1B
100
AcDbEntity
 67
1
  8
ACERO_SUP_CONT
 62
4
100
AcDbCircle
 10
272.0
 20
73.7175
 30
0.0
 40
0.55
  0
CIRCLE
  5
18A
330
1B
100
AcDbEntity
 67
1
  8
ACERO_SUP_CONT
 62
4
100
AcDbCircle
 10
288.0
 20
73.7175
 30
0.0
 40
0.55
  0
CIRCLE
  5
18B
330
1B
100
AcDbEntity
 67
1
  8
ACERO_INF
 62
1
100
AcDbCircle
 10
272.0
 20
52.2825
 30
0.0
 40
0.55
  0
CIRCLE
  5
18C
330
1B
100
AcDbEntity
 67
1
  8
ACERO_INF
 62
1
100
AcDbCircle
 10
277.3333333333333
 20
52.2825
 30
0.0
 40
0.55
  0
CIRCLE
  5
18D
330
1B
100
AcDbEntity
 67
1
  8
ACERO_INF
 62
1
100
AcDbCircle
 10
282.6666666666667
 20
52.2825
 30
0.0
 40
0.55
  0
CIRCLE
  5
18E
330
1B
100
AcDbEntity
 67
1
  8
ACERO_INF
 62
1
100
AcDbCircle
 10
288.0
 20
52.2825
 30
0.0
 40
0.55
  0
CIRCLE
  5
18F
330
1B
100
AcDbEntity
 67
1
  8
ACERO_TORSION
 62
30
100
AcDbCircle
 10
277.75
 20
54.75
 30
0.0
 40
0.48
  0
CIRCLE
  5
190
330
1B
100
AcDbEntity
 67
1
  8
ACERO_TORSION
 62
30
100
AcDbCircle
 10
277.75
 20
71.25
 30
0.0
 40
0.48
  0
CIRCLE
  5
191
330
1B
100
AcDbEntity
 67
1
  8
ACERO_TORSION
 62
30
100
AcDbCircle
 10
282.25
 20
54.75
 30
0.0
 40
0.48
  0
CIRCLE
  5
192
330
1B
100
AcDbEntity
 67
1
  8
ACERO_TORSION
 62
30
100
AcDbCircle
 10
282.25
 20
71.25
 30
0.0
 40
0.48
  0
CIRCLE
  5
193
330
1B
100
AcDbEntity
 67
1
  8
ACERO_TORSION
 62
30
100
AcDbCircle
 10
273.25
 20
60.25
 30
0.0
 40
0.48
  0
CIRCLE
  5
194
330
1B
100
AcDbEntity
 67
1
  8
ACERO_TORSION
 62
30
100
AcDbCircle
 10
286.75
 20
60.25
 30
0.0
 40
0.48
  0
CIRCLE
  5
195
330
1B
100
AcDbEntity
 67
1
  8
ACERO_TORSION
 62
30
100
AcDbCircle
 10
273.25
 20
65.75
 30
0.0
 40
0.48
  0
CIRCLE
  5
196
330
1B
100
AcDbEntity
 67
1
  8
ACERO_TORSION
 62
30
100
AcDbCircle
 10
286.75
 20
65.75
 30
0.0
 40
0.48
  0
TEXT
  5
197
330
1B
100
AcDbEntity
 67
1
  8
TEXTO
 62
7
100
AcDbText
 10
280.0
 20
46.15
 30
0.0
 40
1.55
  1
B-B CENTRO
 72
1
 11
280.0
 21
46.15
 31
0.0
100
AcDbText
 73
2
  0
TEXT
  5
198
330
1B
100
AcDbEntity
 67
1
  8
TEXTO
 62
7
100
AcDbText
 10
280.0
 20
43.65
 30
0.0
 40
1.25
  1
450x550 | 1:20
 72
1
 11
280.0
 21
43.65
 31
0.0
100
AcDbText
 73
2
  0
LWPOLYLINE
  5
199
330
1B
100
AcDbEntity
 67
1
  8
CONTORNO
 62
7
370
20
100
AcDbPolyline
 90
4
 70
1
 10
343.75
 20
49.25
 10
366.25
 20
49.25
 10
366.25
 20
76.75
 10
343.75
 20
76.75
  0
LWPOLYLINE
  5
19A
330
1B
100
AcDbEntity
 67
1
  8
ESTRIBOS
 62
8
370
18
100
AcDbPolyline
 90
4
 70
1
 10
345.75
 20
51.25
 10
364.25
 20
51.25
 10
364.25
 20
74.75
 10
345.75
 20
74.75
  0
CIRCLE
  5
19B
330
1B
100
AcDbEntity
 67
1
  8
ACERO_SUP_CONT
 62
4
100
AcDbCircle
 10
347.0
 20
73.7175
 30
0.0
 40
0.55
  0
CIRCLE
  5
19C
330
1B
100
AcDbEntity
 67
1
  8
ACERO_SUP_CONT
 62
4
100
AcDbCircle
 10
352.3333333333333
 20
73.7175
 30
0.0
 40
0.55
  0
CIRCLE
  5
19D
330
1B
100
AcDbEntity
 67
1
  8
ACERO_SUP_CONT
 62
4
100
AcDbCircle
 10
357.6666666666667
 20
73.7175
 30
0.0
 40
0.55
  0
CIRCLE
  5
19E
330
1B
100
AcDbEntity
 67
1
  8
ACERO_SUP_CONT
 62
4
100
AcDbCircle
 10
363.0
 20
73.7175
 30
0.0
 40
0.55
  0
CIRCLE
  5
19F
330
1B
100
AcDbEntity
 67
1
  8
ACERO_INF
 62
1
100
AcDbCircle
 10
347.0
 20
52.2825
 30
0.0
 40
0.55
  0
CIRCLE
  5
1A0
330
1B
100
AcDbEntity
 67
1
  8
ACERO_INF
 62
1
100
AcDbCircle
 10
352.3333333333333
 20
52.2825
 30
0.0
 40
0.55
  0
CIRCLE
  5
1A1
330
1B
100
AcDbEntity
 67
1
  8
ACERO_INF
 62
1
100
AcDbCircle
 10
357.6666666666667
 20
52.2825
 30
0.0
 40
0.55
  0
CIRCLE
  5
1A2
330
1B
100
AcDbEntity
 67
1
  8
ACERO_INF
 62
1
100
AcDbCircle
 10
363.0
 20
52.2825
 30
0.0
 40
0.55
  0
CIRCLE
  5
1A3
330
1B
100
AcDbEntity
 67
1
  8
ACERO_TORSION
 62
30
100
AcDbCircle
 10
352.75
 20
54.75
 30
0.0
 40
0.48
  0
CIRCLE
  5
1A4
330
1B
100
AcDbEntity
 67
1
  8
ACERO_TORSION
 62
30
100
AcDbCircle
 10
352.75
 20
71.25
 30
0.0
 40
0.48
  0
CIRCLE
  5
1A5
330
1B
100
AcDbEntity
 67
1
  8
ACERO_TORSION
 62
30
100
AcDbCircle
 10
357.25
 20
54.75
 30
0.0
 40
0.48
  0
CIRCLE
  5
1A6
330
1B
100
AcDbEntity
 67
1
  8
ACERO_TORSION
 62
30
100
AcDbCircle
 10
357.25
 20
71.25
 30
0.0
 40
0.48
  0
CIRCLE
  5
1A7
330
1B
100
AcDbEntity
 67
1
  8
ACERO_TORSION
 62
30
100
AcDbCircle
 10
348.25
 20
60.25
 30
0.0
 40
0.48
  0
CIRCLE
  5
1A8
330
1B
100
AcDbEntity
 67
1
  8
ACERO_TORSION
 62
30
100
AcDbCircle
 10
361.75
 20
60.25
 30
0.0
 40
0.48
  0
CIRCLE
  5
1A9
330
1B
100
AcDbEntity
 67
1
  8
ACERO_TORSION
 62
30
100
AcDbCircle
 10
348.25
 20
65.75
 30
0.0
 40
0.48
  0
CIRCLE
  5
1AA
330
1B
100
AcDbEntity
 67
1
  8
ACERO_TORSION
 62
30
100
AcDbCircle
 10
361.75
 20
65.75
 30
0.0
 40
0.48
  0
TEXT
  5
1AB
330
1B
100
AcDbEntity
 67
1
  8
TEXTO
 62
7
100
AcDbText
 10
355.0
 20
46.15
 30
0.0
 40
1.55
  1
C-C APOYO
 72
1
 11
355.0
 21
46.15
 31
0.0
100
AcDbText
 73
2
  0
TEXT
  5
1AC
330
1B
100
AcDbEntity
 67
1
  8
TEXTO
 62
7
100
AcDbText
 10
355.0
 20
43.65
 30
0.0
 40
1.25
  1
450x550 | 1:20
 72
1
 11
355.0
 21
43.65
 31
0.0
100
AcDbText
 73
2
  0
LWPOLYLINE
  5
1AD
330
1B
100
AcDbEntity
 67
1
  8
ACERO_SUP_APOYO
 62
5
370
35
100
AcDbPolyline
 90
3
 70
0
 10
430.0
 20
45.5
 10
430.0
 20
65.0
 10
460.5
 20
65.0
  0
LINE
  5
1AE
330
1B
100
AcDbEntity
 67
1
  8
COTAS
 62
3
370
13
100
AcDbLine
 10
430.0
 20
70.0
 30
0.0
 11
460.5
 21
70.0
 31
0.0
  0
LINE
  5
1AF
330
1B
100
AcDbEntity
 67
1
  8
COTAS
 62
3
370
13
100
AcDbLine
 10
430.0
 20
68.8
 30
0.0
 11
430.0
 21
71.2
 31
0.0
  0
LINE
  5
1B0
330
1B
100
AcDbEntity
 67
1
  8
COTAS
 62
3
370
13
100
AcDbLine
 10
460.5
 20
68.8
 30
0.0
 11
460.5
 21
71.2
 31
0.0
  0
TEXT
  5
1B1
330
1B
100
AcDbEntity
 67
1
  8
COTAS
 62
3
100
AcDbText
 10
445.25
 20
71.0
 30
0.0
 40
1.25
  1
ldh=305 mm
 72
1
 11
445.25
 21
71.0
 31
0.0
100
AcDbText
 73
2
  0
TEXT
  5
1B2
330
1B
100
AcDbEntity
 67
1
  8
ACERO_SUP_APOYO
 62
5
100
AcDbText
 10
427.0
 20
42.5
 30
0.0
 40
1.3
  1
cola 90°=195 mm
 11
427.0
 21
42.5
 31
0.0
100
AcDbText
  0
TEXT
  5
1B3
330
1B
100
AcDbEntity
 67
1
  8
TEXTO
100
AcDbText
 10
466.0
 20
63.0
 30
0.0
 40
1.3
  1
Dint>=100 mm | ESC. 1:10
 11
466.0
 21
63.0
 31
0.0
100
AcDbText
  0
TEXT
  5
1B4
330
1B
100
AcDbEntity
 67
1
  8
TEXTO
100
AcDbText
 10
430.0
 20
44.0
 30
0.0
 40
1.45
  1
ld recto #5: superior=480 mm | inferior=370 mm
 11
430.0
 21
44.0
 31
0.0
100
AcDbText
  0
TEXT
  5
1B5
330
1B
100
AcDbEntity
 67
1
  8
TEXTO
100
AcDbText
 10
430.0
 20
40.0
 30
0.0
 40
1.25
  1
Si no cabe ld recto en apoyo, usar gancho estándar 90° con ldh indicado.
 11
430.0
 21
40.0
 31
0.0
100
AcDbText
  0
LWPOLYLINE
  5
1B6
330
1B
100
AcDbEntity
 67
1
  8
MARCO
 62
7
370
25
100
AcDbPolyline
 90
4
 70
1
 10
7.0
 20
7.0
 10
697.0
 20
7.0
 10
697.0
 20
37.0
 10
7.0
 20
37.0
  0
LINE
  5
1B7
330
1B
100
AcDbEntity
 67
1
  8
MARCO
 62
7
370
18
100
AcDbLine
 10
118.0
 20
7.0
 30
0.0
 11
118.0
 21
37.0
 31
0.0
  0
LINE
  5
1B8
330
1B
100
AcDbEntity
 67
1
  8
MARCO
 62
7
370
18
100
AcDbLine
 10
250.0
 20
7.0
 30
0.0
 11
250.0
 21
37.0
 31
0.0
  0
LINE
  5
1B9
330
1B
100
AcDbEntity
 67
1
  8
MARCO
 62
7
370
18
100
AcDbLine
 10
390.0
 20
7.0
 30
0.0
 11
390.0
 21
37.0
 31
0.0
  0
LINE
  5
1BA
330
1B
100
AcDbEntity
 67
1
  8
MARCO
 62
7
370
18
100
AcDbLine
 10
520.0
 20
7.0
 30
0.0
 11
520.0
 21
37.0
 31
0.0
  0
LINE
  5
1BB
330
1B
100
AcDbEntity
 67
1
  8
MARCO
 62
7
370
18
100
AcDbLine
 10
610.0
 20
7.0
 30
0.0
 11
610.0
 21
37.0
 31
0.0
  0
TEXT
  5
1BC
330
1B
100
AcDbEntity
 67
1
  8
TEXTO
 62
7
100
AcDbText
 10
62.5
 20
28.0
 30
0.0
 40
2.0
  1
UNIVERSIDAD NACIONAL DE COLOMBIA
 72
1
 11
62.5
 21
28.0
 31
0.0
100
AcDbText
 73
2
  0
TEXT
  5
1BD
330
1B
100
AcDbEntity
 67
1
  8
TEXTO
 62
7
100
AcDbText
 10
62.5
 20
20.0
 30
0.0
 40
1.7
  1
DISEÑO ESTRUCTURAL - GRUPO 6
 72
1
 11
62.5
 21
20.0
 31
0.0
100
AcDbText
 73
2
  0
TEXT
  5
1BE
330
1B
100
AcDbEntity
 67
1
  8
TEXTO
 62
7
100
AcDbText
 10
184.0
 20
25.0
 30
0.0
 40
2.0
  1
EDIFICIO RESIDENCIAL SANTA MARTA
 72
1
 11
184.0
 21
25.0
 31
0.0
100
AcDbText
 73
2
  0
TEXT
  5
1BF
330
1B
100
AcDbEntity
 67
1
  8
TEXTO
 62
7
100
AcDbText
 10
320.0
 20
25.0
 30
0.0
 40
2.5
  1
DESPIECE VIGA VC1
 72
1
 11
320.0
 21
25.0
 31
0.0
100
AcDbText
 73
2
  0
TEXT
  5
1C0
330
1B
100
AcDbEntity
 67
1
  8
TEXTO
 62
7
100
AcDbText
 10
320.0
 20
16.0
 30
0.0
 40
1.7
  1
ELEVACIÓN, CORTES Y ANCLAJES
 72
1
 11
320.0
 21
16.0
 31
0.0
100
AcDbText
 73
2
  0
TEXT
  5
1C1
330
1B
100
AcDbEntity
 67
1
  8
TEXTO
 62
7
100
AcDbText
 10
455.0
 20
26.0
 30
0.0
 40
1.8
  1
FORMATO ISO B2 707x500 mm
 72
1
 11
455.0
 21
26.0
 31
0.0
100
AcDbText
 73
2
  0
TEXT
  5
1C2
330
1B
100
AcDbEntity
 67
1
  8
TEXTO
 62
7
100
AcDbText
 10
455.0
 20
17.0
 30
0.0
 40
1.55
  1
COTAS EN mm | ESCALAS INDICADAS
 72
1
 11
455.0
 21
17.0
 31
0.0
100
AcDbText
 73
2
  0
TEXT
  5
1C3
330
1B
100
AcDbEntity
 67
1
  8
TEXTO
 62
1
100
AcDbText
 10
565.0
 20
26.0
 30
0.0
 40
1.8
  1
DETALLE ACADÉMICO
 72
1
 11
565.0
 21
26.0
 31
0.0
100
AcDbText
 73
2
  0
TEXT
  5
1C4
330
1B
100
AcDbEntity
 67
1
  8
TEXTO
 62
1
100
AcDbText
 10
565.0
 20
17.0
 30
0.0
 40
1.55
  1
NO EMITIR PARA CONSTRUCCIÓN
 72
1
 11
565.0
 21
17.0
 31
0.0
100
AcDbText
 73
2
  0
TEXT
  5
1C5
330
1B
100
AcDbEntity
 67
1
  8
TEXTO
 62
7
100
AcDbText
 10
653.5
 20
26.0
 30
0.0
 40
2.1
  1
LÁMINA V-01-01
 72
1
 11
653.5
 21
26.0
 31
0.0
100
AcDbText
 73
2
  0
TEXT
  5
1C6
330
1B
100
AcDbEntity
 67
1
  8
TEXTO
 62
7
100
AcDbText
 10
653.5
 20
17.0
 30
0.0
 40
1.7
  1
18-07-2026
 72
1
 11
653.5
 21
17.0
 31
0.0
100
AcDbText
 73
2
  0
ENDSEC
  0
SECTION
  2
OBJECTS
  0
DICTIONARY
  5
A
330
0
100
AcDbDictionary
281
1
  3
ACAD_COLOR
350
B
  3
ACAD_GROUP
350
C
  3
ACAD_LAYOUT
350
D
  3
ACAD_MATERIAL
350
E
  3
ACAD_MLEADERSTYLE
350
F
  3
ACAD_MLINESTYLE
350
10
  3
ACAD_PLOTSETTINGS
350
11
  3
ACAD_PLOTSTYLENAME
350
12
  3
ACAD_SCALELIST
350
14
  3
ACAD_TABLESTYLE
350
15
  3
ACAD_VISUALSTYLE
350
16
  3
EZDXF_META
350
2D
  0
DICTIONARY
  5
B
330
A
100
AcDbDictionary
281
1
  0
DICTIONARY
  5
C
330
A
100
AcDbDictionary
281
1
  0
DICTIONARY
  5
D
330
A
100
AcDbDictionary
281
1
  3
Model
350
1A
  3
VC1
350
1E
  3
VC2
350
1CA
  3
VC3
350
3E6
  3
VC4
350
65F
  3
VC5
350
7F4
  3
VC6
350
A42
  3
VC7
350
C75
  0
DICTIONARY
  5
E
330
A
100
AcDbDictionary
281
1
  3
ByBlock
350
1F
  3
ByLayer
350
20
  3
Global
350
21
  0
DICTIONARY
  5
F
330
A
100
AcDbDictionary
281
1
  3
Standard
350
2C
  0
DICTIONARY
  5
10
330
A
100
AcDbDictionary
281
1
  3
Standard
350
22
  0
DICTIONARY
  5
11
330
A
100
AcDbDictionary
281
1
  0
ACDBDICTIONARYWDFLT
  5
12
330
A
100
AcDbDictionary
281
1
  3
Normal
350
13
100
AcDbDictionaryWithDefault
340
13
  0
ACDBPLACEHOLDER
  5
13
330
12
  0
DICTIONARY
  5
14
330
A
100
AcDbDictionary
281
1
  0
DICTIONARY
  5
15
330
A
100
AcDbDictionary
281
1
  0
DICTIONARY
  5
16
330
A
100
AcDbDictionary
281
1
  3
2dWireframe
350
5A
  3
Basic
350
5B
  3
Brighten
350
5C
  3
ColorChange
350
5D
  3
Conceptual
350
5E
  3
Dim
350
5F
  3
EdgeColorOff
350
60
  3
Facepattern
350
61
  3
Flat
350
62
  3
FlatWithEdges
350
63
  3
Gouraud
350
64
  3
GouraudWithEdges
350
65
  3
Hidden
350
66
  3
JitterOff
350
67
  3
Linepattern
350
68
  3
Modeling
350
69
  3
OverhangOff
350
6A
  3
Realistic
350
6B
  3
Shaded
350
6C
  3
Shaded with edges
350
6D
  3
Shades of Gray
350
6E
  3
Sketchy
350
6F
  3
Thicken
350
70
  3
Wireframe
350
71
  3
X-Ray
350
72
  0
LAYOUT
  5
1A
330
D
100
AcDbPlotSettings
  1

  4
A3
  6

 40
7.5
 41
20.0
 42
7.5
 43
20.0
 44
420.0
 45
297.0
 46
0.0
 47
0.0
 48
0.0
 49
0.0
140
0.0
141
0.0
142
1.0
143
1.0
 70
1024
 72
1
 73
0
 74
5
  7

 75
16
 76
0
 77
2
 78
300
147
1.0
148
0.0
149
0.0
100
AcDbLayout
  1
Model
 70
1
 71
0
 10
0.0
 20
0.0
 11
420.0
 21
297.0
 12
0.0
 22
0.0
 32
0.0
 14
1e+20
 24
1e+20
 34
1e+20
 15
-1e+20
 25
-1e+20
 35
-1e+20
146
0.0
 13
0.0
 23
0.0
 33
0.0
 16
1.0
 26
0.0
 36
0.0
 17
0.0
 27
1.0
 37
0.0
 76
1
330
17
  0
LAYOUT
  5
1E
330
D
100
AcDbPlotSettings
  1

  2
DWG To PDF.pc3
  4
ISO B2 707x500 mm 1:1_(707.00_x_500.00_MM)
  6

 40
0.0
 41
0.0
 42
0.0
 43
0.0
 44
707.0
 45
500.0
 46
0.0
 47
0.0
 48
0.0
 49
0.0
140
0.0
141
0.0
142
1.0
143
1.0
 70
0
 72
1
 73
0
 74
5
  7

 75
16
 76
0
 77
2
 78
300
147
1.0
148
0.0
149
0.0
100
AcDbLayout
  1
VC1
 70
1
 71
1
 10
-0.0
 20
-0.0
 11
707.0
 21
500.0
 12
0.0
 22
0.0
 32
0.0
 14
1e+20
 24
1e+20
 34
1e+20
 15
-1e+20
 25
-1e+20
 35
-1e+20
146
0.0
 13
0.0
 23
0.0
 33
0.0
 16
1.0
 26
0.0
 36
0.0
 17
0.0
 27
1.0
 37
0.0
 76
1
330
1B
331
97
  0
MATERIAL
  5
1F
102
{ACAD_REACTORS
330
E
102
}
330
E
100
AcDbMaterial
  1
ByBlock
  2

 70
0
 40
1.0
 71
1
 41
1.0
 91
-1023410177
 42
1.0
 72
1
  3

 73
1
 74
1
 75
1
 44
0.5
 73
0
 45
1.0
 46
1.0
 77
1
  4

 78
1
 79
1
170
1
 48
1.0
171
1
  6

172
1
173
1
174
1
140
1.0
141
1.0
175
1
  7

176
1
177
1
178
1
143
1.0
179
1
  8

270
1
271
1
272
1
145
1.0
146
1.0
273
1
  9

274
1
275
1
276
1
 42
1.0
 72
1
  3

 73
1
 74
1
 75
1
 94
63
  0
MATERIAL
  5
20
102
{ACAD_REACTORS
330
E
102
}
330
E
100
AcDbMaterial
  1
ByLayer
  2

 70
0
 40
1.0
 71
1
 41
1.0
 91
-1023410177
 42
1.0
 72
1
  3

 73
1
 74
1
 75
1
 44
0.5
 73
0
 45
1.0
 46
1.0
 77
1
  4

 78
1
 79
1
170
1
 48
1.0
171
1
  6

172
1
173
1
174
1
140
1.0
141
1.0
175
1
  7

176
1
177
1
178
1
143
1.0
179
1
  8

270
1
271
1
272
1
145
1.0
146
1.0
273
1
  9

274
1
275
1
276
1
 42
1.0
 72
1
  3

 73
1
 74
1
 75
1
 94
63
  0
MATERIAL
  5
21
102
{ACAD_REACTORS
330
E
102
}
330
E
100
AcDbMaterial
  1
Global
  2

 70
0
 40
1.0
 71
1
 41
1.0
 91
-1023410177
 42
1.0
 72
1
  3

 73
1
 74
1
 75
1
 44
0.5
 73
0
 45
1.0
 46
1.0
 77
1
  4

 78
1
 79
1
170
1
 48
1.0
171
1
  6

172
1
173
1
174
1
140
1.0
141
1.0
175
1
  7

176
1
177
1
178
1
143
1.0
179
1
  8

270
1
271
1
272
1
145
1.0
146
1.0
273
1
  9

274
1
275
1
276
1
 42
1.0
 72
1
  3

 73
1
 74
1
 75
1
 94
63
  0
MLINESTYLE
  5
22
102
{ACAD_REACTORS
330
10
102
}
330
10
100
AcDbMlineStyle
  2
Standard
 70
0
  3

 62
256
 51
90.0
 52
90.0
 71
2
 49
0.5
 62
256
  6
BYLAYER
 49
-0.5
 62
256
  6
BYLAYER
  0
MLEADERSTYLE
  5
2C
102
{ACAD_REACTORS
330
F
102
}
330
F
100
AcDbMLeaderStyle
179
2
170
2
171
1
172
0
 90
2
 40
0.0
 41
0.0
173
1
 91
-1056964608
 92
-2
290
1
 42
2.0
291
1
 43
8.0
  3
Standard
 44
4.0
300

342
29
174
1
175
1
176
0
178
1
 93
-1056964608
 45
4.0
292
0
297
0
 46
4.0
 94
-1056964608
 47
1.0
 49
1.0
140
1.0
294
1
141
0.0
177
0
142
1.0
295
0
296
0
143
3.75
271
0
272
9
273
9
  0
DICTIONARY
  5
2D
330
A
100
AcDbDictionary
280
1
281
1
  3
CREATED_BY_EZDXF
350
2E
  3
WRITTEN_BY_EZDXF
350
E88
  0
DICTIONARYVAR
  5
2E
330
2D
100
DictionaryVariables
280
0
  1
1.4.4 @ 2026-07-18T06:30:08.640614+00:00
  0
VISUALSTYLE
  5
5A
102
{ACAD_REACTORS
330
16
102
}
330
16
100
AcDbVisualStyle
  2
2dWireframe
 70
4
177
3
291
0
 70
58
 90
2
176
1
 90
2
176
1
 90
0
176
1
 90
0
176
1
 40
0.6
176
1
 40
30.0
176
1
 62
7
420
16777215
176
1
 90
1
176
1
 90
4
176
1
 62
7
176
1
 62
257
176
1
 90
1
176
1
 90
1
176
1
 40
1.0
176
1
 90
8
176
1
 62
7
176
1
 40
1.0
176
1
 90
1
176
1
 90
6
176
1
 90
2
176
1
 62
7
176
1
 90
5
176
1
 90
0
176
1
 90
0
176
1
290
0
176
1
 90
1
176
1
 40
0.0
176
1
 90
0
176
1
290
1
176
1
290
1
176
1
290
0
176
1
290
0
176
1
290
0
176
1
290
0
176
1
290
0
176
1
290
0
176
1
290
0
176
1
 90
50
176
1
 40
0.0
176
1
 40
1.0
176
1
 90
0
176
1
 62
18
420
0
176
1
 90
50
176
1
 90
3
176
1
 62
5
420
255
176
1
290
0
176
1
 90
50
176
1
 90
50
176
1
 90
50
176
1
290
0
176
1
 90
50
176
1
 62
256
176
0
 40
1.0
176
0
 90
2
176
1
  1
strokes_ogs.tif
176
1
290
0
176
1
 40
1.0
176
1
 40
1.0
176
1
  0
VISUALSTYLE
  5
5B
102
{ACAD_REACTORS
330
16
102
}
330
16
100
AcDbVisualStyle
  2
Basic
 70
7
177
3
291
1
 70
58
 90
2
176
1
 90
2
176
1
 90
0
176
1
 90
1
176
1
 40
0.6
176
1
 40
30.0
176
1
 62
7
420
16777215
176
1
 90
1
176
1
 90
4
176
1
 62
7
176
1
 62
257
176
1
 90
1
176
1
 90
1
176
1
 40
1.0
176
1
 90
8
176
1
 62
7
176
1
 40
1.0
176
1
 90
1
176
1
 90
6
176
1
 90
2
176
1
 62
7
176
1
 90
5
176
1
 90
0
176
1
 90
0
176
1
290
0
176
1
 90
1
176
1
 40
0.0
176
1
 90
0
176
1
290
0
176
1
290
1
176
1
290
1
176
1
290
0
176
1
290
0
176
1
290
0
176
1
290
0
176
1
290
0
176
1
290
0
176
1
 90
50
176
1
 40
0.0
176
1
 40
1.0
176
1
 90
0
176
1
 62
18
420
0
176
1
 90
50
176
1
 90
3
176
1
 62
5
420
255
176
1
290
0
176
1
 90
50
176
1
 90
50
176
1
 90
50
176
1
290
0
176
1
 90
50
176
1
 62
256
176
0
 40
1.0
176
0
 90
2
176
1
  1
strokes_ogs.tif
176
1
290
0
176
1
 40
1.0
176
1
 40
1.0
176
1
  0
VISUALSTYLE
  5
5C
102
{ACAD_REACTORS
330
16
102
}
330
16
100
AcDbVisualStyle
  2
Brighten
 70
12
177
3
291
1
 70
58
 90
2
176
1
 90
2
176
1
 90
0
176
1
 90
2
176
1
 40
0.6
176
1
 40
30.0
176
1
 62
7
420
16777215
176
1
 90
1
176
1
 90
4
176
1
 62
7
176
1
 62
257
176
1
 90
1
176
1
 90
1
176
1
 40
1.0
176
1
 90
8
176
1
 62
7
176
1
 40
1.0
176
1
 90
1
176
1
 90
6
176
1
 90
2
176
1
 62
7
176
1
 90
5
176
1
 90
0
176
1
 90
0
176
1
290
0
176
1
 90
1
176
1
 40
0.0
176
1
 90
0
176
1
290
0
176
1
290
1
176
1
290
1
176
1
290
0
176
1
290
0
176
1
290
0
176
1
290
0
176
1
290
0
176
1
290
0
176
1
 90
50
176
1
 40
0.0
176
1
 40
1.0
176
1
 90
0
176
1
 62
18
420
0
176
1
 90
50
176
1
 90
3
176
1
 62
5
420
255
176
1
290
0
176
1
 90
50
176
1
 90
50
176
1
 90
50
176
1
290
0
176
1
 90
50
176
1
 62
256
176
0
 40
1.0
176
0
 90
2
176
1
  1
strokes_ogs.tif
176
1
290
0
176
1
 40
1.0
176
1
 40
1.0
176
1
  0
VISUALSTYLE
  5
5D
102
{ACAD_REACTORS
330
16
102
}
330
16
100
AcDbVisualStyle
  2
ColorChange
 70
16
177
3
291
1
 70
58
 90
2
176
1
 90
2
176
1
 90
0
176
1
 90
2
176
1
 40
0.6
176
1
 40
30.0
176
1
 62
7
420
16777215
176
1
 90
1
176
1
 90
4
176
1
 62
7
176
1
 62
257
176
1
 90
1
176
1
 90
1
176
1
 40
1.0
176
1
 90
8
176
1
 62
7
176
1
 40
1.0
176
1
 90
1
176
1
 90
6
176
1
 90
2
176
1
 62
7
176
1
 90
5
176
1
 90
0
176
1
 90
0
176
1
290
0
176
1
 90
1
176
1
 40
0.0
176
1
 90
0
176
1
290
0
176
1
290
1
176
1
290
1
176
1
290
0
176
1
290
0
176
1
290
0
176
1
290
0
176
1
290
0
176
1
290
0
176
1
 90
50
176
1
 40
0.0
176
1
 40
1.0
176
1
 90
0
176
1
 62
18
420
0
176
1
 90
50
176
1
 90
3
176
1
 62
5
420
255
176
1
290
0
176
1
 90
50
176
1
 90
50
176
1
 90
50
176
1
290
0
176
1
 90
50
176
1
 62
256
176
0
 40
1.0
176
0
 90
2
176
1
  1
strokes_ogs.tif
176
1
290
0
176
1
 40
1.0
176
1
 40
1.0
176
1
  0
VISUALSTYLE
  5
5E
102
{ACAD_REACTORS
330
16
102
}
330
16
100
AcDbVisualStyle
  2
Conceptual
 70
9
177
3
291
0
 70
58
 90
2
176
1
 90
2
176
1
 90
0
176
1
 90
3
176
1
 40
0.6
176
1
 40
30.0
176
1
 62
7
420
16777215
176
1
 90
1
176
1
 90
4
176
1
 62
7
176
1
 62
257
176
1
 90
1
176
1
 90
1
176
1
 40
1.0
176
1
 90
8
176
1
 62
7
176
1
 40
1.0
176
1
 90
1
176
1
 90
6
176
1
 90
2
176
1
 62
7
176
1
 90
5
176
1
 90
0
176
1
 90
0
176
1
290
0
176
1
 90
1
176
1
 40
0.0
176
1
 90
0
176
1
290
0
176
1
290
1
176
1
290
1
176
1
290
0
176
1
290
0
176
1
290
0
176
1
290
0
176
1
290
0
176
1
290
0
176
1
 90
50
176
1
 40
0.0
176
1
 40
1.0
176
1
 90
0
176
1
 62
18
420
0
176
1
 90
50
176
1
 90
3
176
1
 62
5
420
255
176
1
290
0
176
1
 90
50
176
1
 90
50
176
1
 90
50
176
1
290
0
176
1
 90
50
176
1
 62
256
176
0
 40
1.0
176
0
 90
2
176
1
  1
strokes_ogs.tif
176
1
290
0
176
1
 40
1.0
176
1
 40
1.0
176
1
  0
VISUALSTYLE
  5
5F
102
{ACAD_REACTORS
330
16
102
}
330
16
100
AcDbVisualStyle
  2
Dim
 70
11
177
3
291
1
 70
58
 90
2
176
1
 90
2
176
1
 90
0
176
1
 90
2
176
1
 40
0.6
176
1
 40
30.0
176
1
 62
7
420
16777215
176
1
 90
1
176
1
 90
4
176
1
 62
7
176
1
 62
257
176
1
 90
1
176
1
 90
1
176
1
 40
1.0
176
1
 90
8
176
1
 62
7
176
1
 40
1.0
176
1
 90
1
176
1
 90
6
176
1
 90
2
176
1
 62
7
176
1
 90
5
176
1
 90
0
176
1
 90
0
176
1
290
0
176
1
 90
1
176
1
 40
0.0
176
1
 90
0
176
1
290
0
176
1
290
1
176
1
290
1
176
1
290
0
176
1
290
0
176
1
290
0
176
1
290
0
176
1
290
0
176
1
290
0
176
1
 90
50
176
1
 40
0.0
176
1
 40
1.0
176
1
 90
0
176
1
 62
18
420
0
176
1
 90
50
176
1
 90
3
176
1
 62
5
420
255
176
1
290
0
176
1
 90
50
176
1
 90
50
176
1
 90
50
176
1
290
0
176
1
 90
50
176
1
 62
256
176
0
 40
1.0
176
0
 90
2
176
1
  1
strokes_ogs.tif
176
1
290
0
176
1
 40
1.0
176
1
 40
1.0
176
1
  0
VISUALSTYLE
  5
60
102
{ACAD_REACTORS
330
16
102
}
330
16
100
AcDbVisualStyle
  2
EdgeColorOff
 70
22
177
3
291
1
 70
58
 90
2
176
1
 90
2
176
1
 90
0
176
1
 90
2
176
1
 40
0.6
176
1
 40
30.0
176
1
 62
7
420
16777215
176
1
 90
1
176
1
 90
4
176
1
 62
7
176
1
 62
257
176
1
 90
1
176
1
 90
1
176
1
 40
1.0
176
1
 90
8
176
1
 62
7
176
1
 40
1.0
176
1
 90
1
176
1
 90
6
176
1
 90
2
176
1
 62
7
176
1
 90
5
176
1
 90
0
176
1
 90
0
176
1
290
0
176
1
 90
1
176
1
 40
0.0
176
1
 90
0
176
1
290
0
176
1
290
1
176
1
290
1
176
1
290
0
176
1
290
0
176
1
290
0
176
1
290
0
176
1
290
0
176
1
290
0
176
1
 90
50
176
1
 40
0.0
176
1
 40
1.0
176
1
 90
0
176
1
 62
18
420
0
176
1
 90
50
176
1
 90
3
176
1
 62
5
420
255
176
1
290
0
176
1
 90
50
176
1
 90
50
176
1
 90
50
176
1
290
0
176
1
 90
50
176
1
 62
256
176
0
 40
1.0
176
0
 90
2
176
1
  1
strokes_ogs.tif
176
1
290
0
176
1
 40
1.0
176
1
 40
1.0
176
1
  0
VISUALSTYLE
  5
61
102
{ACAD_REACTORS
330
16
102
}
330
16
100
AcDbVisualStyle
  2
Facepattern
 70
15
177
3
291
1
 70
58
 90
2
176
1
 90
2
176
1
 90
0
176
1
 90
2
176
1
 40
0.6
176
1
 40
30.0
176
1
 62
7
420
16777215
176
1
 90
1
176
1
 90
4
176
1
 62
7
176
1
 62
257
176
1
 90
1
176
1
 90
1
176
1
 40
1.0
176
1
 90
8
176
1
 62
7
176
1
 40
1.0
176
1
 90
1
176
1
 90
6
176
1
 90
2
176
1
 62
7
176
1
 90
5
176
1
 90
0
176
1
 90
0
176
1
290
0
176
1
 90
1
176
1
 40
0.0
176
1
 90
0
176
1
290
0
176
1
290
1
176
1
290
1
176
1
290
0
176
1
290
0
176
1
290
0
176
1
290
0
176
1
290
0
176
1
290
0
176
1
 90
50
176
1
 40
0.0
176
1
 40
1.0
176
1
 90
0
176
1
 62
18
420
0
176
1
 90
50
176
1
 90
3
176
1
 62
5
420
255
176
1
290
0
176
1
 90
50
176
1
 90
50
176
1
 90
50
176
1
290
0
176
1
 90
50
176
1
 62
256
176
0
 40
1.0
176
0
 90
2
176
1
  1
strokes_ogs.tif
176
1
290
0
176
1
 40
1.0
176
1
 40
1.0
176
1
  0
VISUALSTYLE
  5
62
102
{ACAD_REACTORS
330
16
102
}
330
16
100
AcDbVisualStyle
  2
Flat
 70
0
177
3
291
1
 70
58
 90
2
176
1
 90
2
176
1
 90
0
176
1
 90
2
176
1
 40
0.6
176
1
 40
30.0
176
1
 62
7
420
16777215
176
1
 90
1
176
1
 90
4
176
1
 62
7
176
1
 62
257
176
1
 90
1
176
1
 90
1
176
1
 40
1.0
176
1
 90
8
176
1
 62
7
176
1
 40
1.0
176
1
 90
1
176
1
 90
6
176
1
 90
2
176
1
 62
7
176
1
 90
5
176
1
 90
0
176
1
 90
0
176
1
290
0
176
1
 90
1
176
1
 40
0.0
176
1
 90
0
176
1
290
0
176
1
290
1
176
1
290
1
176
1
290
0
176
1
290
0
176
1
290
0
176
1
290
0
176
1
290
0
176
1
290
0
176
1
 90
50
176
1
 40
0.0
176
1
 40
1.0
176
1
 90
0
176
1
 62
18
420
0
176
1
 90
50
176
1
 90
3
176
1
 62
5
420
255
176
1
290
0
176
1
 90
50
176
1
 90
50
176
1
 90
50
176
1
290
0
176
1
 90
50
176
1
 62
256
176
0
 40
1.0
176
0
 90
2
176
1
  1
strokes_ogs.tif
176
1
290
0
176
1
 40
1.0
176
1
 40
1.0
176
1
  0
VISUALSTYLE
  5
63
102
{ACAD_REACTORS
330
16
102
}
330
16
100
AcDbVisualStyle
  2
FlatWithEdges
 70
1
177
3
291
1
 70
58
 90
2
176
1
 90
2
176
1
 90
0
176
1
 90
2
176
1
 40
0.6
176
1
 40
30.0
176
1
 62
7
420
16777215
176
1
 90
1
176
1
 90
4
176
1
 62
7
176
1
 62
257
176
1
 90
1
176
1
 90
1
176
1
 40
1.0
176
1
 90
8
176
1
 62
7
176
1
 40
1.0
176
1
 90
1
176
1
 90
6
176
1
 90
2
176
1
 62
7
176
1
 90
5
176
1
 90
0
176
1
 90
0
176
1
290
0
176
1
 90
1
176
1
 40
0.0
176
1
 90
0
176
1
290
0
176
1
290
1
176
1
290
1
176
1
290
0
176
1
290
0
176
1
290
0
176
1
290
0
176
1
290
0
176
1
290
0
176
1
 90
50
176
1
 40
0.0
176
1
 40
1.0
176
1
 90
0
176
1
 62
18
420
0
176
1
 90
50
176
1
 90
3
176
1
 62
5
420
255
176
1
290
0
176
1
 90
50
176
1
 90
50
176
1
 90
50
176
1
290
0
176
1
 90
50
176
1
 62
256
176
0
 40
1.0
176
0
 90
2
176
1
  1
strokes_ogs.tif
176
1
290
0
176
1
 40
1.0
176
1
 40
1.0
176
1
  0
VISUALSTYLE
  5
64
102
{ACAD_REACTORS
330
16
102
}
330
16
100
AcDbVisualStyle
  2
Gouraud
 70
2
177
3
291
1
 70
58
 90
2
176
1
 90
2
176
1
 90
0
176
1
 90
2
176
1
 40
0.6
176
1
 40
30.0
176
1
 62
7
420
16777215
176
1
 90
1
176
1
 90
4
176
1
 62
7
176
1
 62
257
176
1
 90
1
176
1
 90
1
176
1
 40
1.0
176
1
 90
8
176
1
 62
7
176
1
 40
1.0
176
1
 90
1
176
1
 90
6
176
1
 90
2
176
1
 62
7
176
1
 90
5
176
1
 90
0
176
1
 90
0
176
1
290
0
176
1
 90
1
176
1
 40
0.0
176
1
 90
0
176
1
290
0
176
1
290
1
176
1
290
1
176
1
290
0
176
1
290
0
176
1
290
0
176
1
290
0
176
1
290
0
176
1
290
0
176
1
 90
50
176
1
 40
0.0
176
1
 40
1.0
176
1
 90
0
176
1
 62
18
420
0
176
1
 90
50
176
1
 90
3
176
1
 62
5
420
255
176
1
290
0
176
1
 90
50
176
1
 90
50
176
1
 90
50
176
1
290
0
176
1
 90
50
176
1
 62
256
176
0
 40
1.0
176
0
 90
2
176
1
  1
strokes_ogs.tif
176
1
290
0
176
1
 40
1.0
176
1
 40
1.0
176
1
  0
VISUALSTYLE
  5
65
102
{ACAD_REACTORS
330
16
102
}
330
16
100
AcDbVisualStyle
  2
GouraudWithEdges
 70
3
177
3
291
1
 70
58
 90
2
176
1
 90
2
176
1
 90
0
176
1
 90
2
176
1
 40
0.6
176
1
 40
30.0
176
1
 62
7
420
16777215
176
1
 90
1
176
1
 90
4
176
1
 62
7
176
1
 62
257
176
1
 90
1
176
1
 90
1
176
1
 40
1.0
176
1
 90
8
176
1
 62
7
176
1
 40
1.0
176
1
 90
1
176
1
 90
6
176
1
 90
2
176
1
 62
7
176
1
 90
5
176
1
 90
0
176
1
 90
0
176
1
290
0
176
1
 90
1
176
1
 40
0.0
176
1
 90
0
176
1
290
0
176
1
290
1
176
1
290
1
176
1
290
0
176
1
290
0
176
1
290
0
176
1
290
0
176
1
290
0
176
1
290
0
176
1
 90
50
176
1
 40
0.0
176
1
 40
1.0
176
1
 90
0
176
1
 62
18
420
0
176
1
 90
50
176
1
 90
3
176
1
 62
5
420
255
176
1
290
0
176
1
 90
50
176
1
 90
50
176
1
 90
50
176
1
290
0
176
1
 90
50
176
1
 62
256
176
0
 40
1.0
176
0
 90
2
176
1
  1
strokes_ogs.tif
176
1
290
0
176
1
 40
1.0
176
1
 40
1.0
176
1
  0
VISUALSTYLE
  5
66
102
{ACAD_REACTORS
330
16
102
}
330
16
100
AcDbVisualStyle
  2
Hidden
 70
6
177
3
291
0
 70
58
 90
2
176
1
 90
2
176
1
 90
0
176
1
 90
1
176
1
 40
0.6
176
1
 40
30.0
176
1
 62
7
420
16777215
176
1
 90
1
176
1
 90
4
176
1
 62
7
176
1
 62
257
176
1
 90
1
176
1
 90
1
176
1
 40
1.0
176
1
 90
8
176
1
 62
7
176
1
 40
1.0
176
1
 90
1
176
1
 90
6
176
1
 90
2
176
1
 62
7
176
1
 90
5
176
1
 90
0
176
1
 90
0
176
1
290
0
176
1
 90
1
176
1
 40
0.0
176
1
 90
0
176
1
290
0
176
1
290
1
176
1
290
1
176
1
290
0
176
1
290
0
176
1
290
0
176
1
290
0
176
1
290
0
176
1
290
0
176
1
 90
50
176
1
 40
0.0
176
1
 40
1.0
176
1
 90
0
176
1
 62
18
420
0
176
1
 90
50
176
1
 90
3
176
1
 62
5
420
255
176
1
290
0
176
1
 90
50
176
1
 90
50
176
1
 90
50
176
1
290
0
176
1
 90
50
176
1
 62
256
176
0
 40
1.0
176
0
 90
2
176
1
  1
strokes_ogs.tif
176
1
290
0
176
1
 40
1.0
176
1
 40
1.0
176
1
  0
VISUALSTYLE
  5
67
102
{ACAD_REACTORS
330
16
102
}
330
16
100
AcDbVisualStyle
  2
JitterOff
 70
20
177
3
291
1
 70
58
 90
2
176
1
 90
2
176
1
 90
0
176
1
 90
2
176
1
 40
0.6
176
1
 40
30.0
176
1
 62
7
420
16777215
176
1
 90
1
176
1
 90
4
176
1
 62
7
176
1
 62
257
176
1
 90
1
176
1
 90
1
176
1
 40
1.0
176
1
 90
8
176
1
 62
7
176
1
 40
1.0
176
1
 90
1
176
1
 90
6
176
1
 90
2
176
1
 62
7
176
1
 90
5
176
1
 90
0
176
1
 90
0
176
1
290
0
176
1
 90
1
176
1
 40
0.0
176
1
 90
0
176
1
290
0
176
1
290
1
176
1
290
1
176
1
290
0
176
1
290
0
176
1
290
0
176
1
290
0
176
1
290
0
176
1
290
0
176
1
 90
50
176
1
 40
0.0
176
1
 40
1.0
176
1
 90
0
176
1
 62
18
420
0
176
1
 90
50
176
1
 90
3
176
1
 62
5
420
255
176
1
290
0
176
1
 90
50
176
1
 90
50
176
1
 90
50
176
1
290
0
176
1
 90
50
176
1
 62
256
176
0
 40
1.0
176
0
 90
2
176
1
  1
strokes_ogs.tif
176
1
290
0
176
1
 40
1.0
176
1
 40
1.0
176
1
  0
VISUALSTYLE
  5
68
102
{ACAD_REACTORS
330
16
102
}
330
16
100
AcDbVisualStyle
  2
Linepattern
 70
14
177
3
291
1
 70
58
 90
2
176
1
 90
2
176
1
 90
0
176
1
 90
2
176
1
 40
0.6
176
1
 40
30.0
176
1
 62
7
420
16777215
176
1
 90
1
176
1
 90
4
176
1
 62
7
176
1
 62
257
176
1
 90
1
176
1
 90
1
176
1
 40
1.0
176
1
 90
8
176
1
 62
7
176
1
 40
1.0
176
1
 90
1
176
1
 90
6
176
1
 90
2
176
1
 62
7
176
1
 90
5
176
1
 90
0
176
1
 90
0
176
1
290
0
176
1
 90
1
176
1
 40
0.0
176
1
 90
0
176
1
290
0
176
1
290
1
176
1
290
1
176
1
290
0
176
1
290
0
176
1
290
0
176
1
290
0
176
1
290
0
176
1
290
0
176
1
 90
50
176
1
 40
0.0
176
1
 40
1.0
176
1
 90
0
176
1
 62
18
420
0
176
1
 90
50
176
1
 90
3
176
1
 62
5
420
255
176
1
290
0
176
1
 90
50
176
1
 90
50
176
1
 90
50
176
1
290
0
176
1
 90
50
176
1
 62
256
176
0
 40
1.0
176
0
 90
2
176
1
  1
strokes_ogs.tif
176
1
290
0
176
1
 40
1.0
176
1
 40
1.0
176
1
  0
VISUALSTYLE
  5
69
102
{ACAD_REACTORS
330
16
102
}
330
16
100
AcDbVisualStyle
  2
Modeling
 70
10
177
3
291
0
 70
58
 90
2
176
1
 90
2
176
1
 90
0
176
1
 90
2
176
1
 40
0.6
176
1
 40
30.0
176
1
 62
7
420
16777215
176
1
 90
1
176
1
 90
4
176
1
 62
7
176
1
 62
257
176
1
 90
1
176
1
 90
1
176
1
 40
1.0
176
1
 90
8
176
1
 62
7
176
1
 40
1.0
176
1
 90
1
176
1
 90
6
176
1
 90
2
176
1
 62
7
176
1
 90
5
176
1
 90
0
176
1
 90
0
176
1
290
0
176
1
 90
1
176
1
 40
0.0
176
1
 90
0
176
1
290
0
176
1
290
1
176
1
290
1
176
1
290
0
176
1
290
0
176
1
290
0
176
1
290
0
176
1
290
0
176
1
290
0
176
1
 90
50
176
1
 40
0.0
176
1
 40
1.0
176
1
 90
0
176
1
 62
18
420
0
176
1
 90
50
176
1
 90
3
176
1
 62
5
420
255
176
1
290
0
176
1
 90
50
176
1
 90
50
176
1
 90
50
176
1
290
0
176
1
 90
50
176
1
 62
256
176
0
 40
1.0
176
0
 90
2
176
1
  1
strokes_ogs.tif
176
1
290
0
176
1
 40
1.0
176
1
 40
1.0
176
1
  0
VISUALSTYLE
  5
6A
102
{ACAD_REACTORS
330
16
102
}
330
16
100
AcDbVisualStyle
  2
OverhangOff
 70
21
177
3
291
1
 70
58
 90
2
176
1
 90
2
176
1
 90
0
176
1
 90
2
176
1
 40
0.6
176
1
 40
30.0
176
1
 62
7
420
16777215
176
1
 90
1
176
1
 90
4
176
1
 62
7
176
1
 62
257
176
1
 90
1
176
1
 90
1
176
1
 40
1.0
176
1
 90
8
176
1
 62
7
176
1
 40
1.0
176
1
 90
1
176
1
 90
6
176
1
 90
2
176
1
 62
7
176
1
 90
5
176
1
 90
0
176
1
 90
0
176
1
290
0
176
1
 90
1
176
1
 40
0.0
176
1
 90
0
176
1
290
0
176
1
290
1
176
1
290
1
176
1
290
0
176
1
290
0
176
1
290
0
176
1
290
0
176
1
290
0
176
1
290
0
176
1
 90
50
176
1
 40
0.0
176
1
 40
1.0
176
1
 90
0
176
1
 62
18
420
0
176
1
 90
50
176
1
 90
3
176
1
 62
5
420
255
176
1
290
0
176
1
 90
50
176
1
 90
50
176
1
 90
50
176
1
290
0
176
1
 90
50
176
1
 62
256
176
0
 40
1.0
176
0
 90
2
176
1
  1
strokes_ogs.tif
176
1
290
0
176
1
 40
1.0
176
1
 40
1.0
176
1
  0
VISUALSTYLE
  5
6B
102
{ACAD_REACTORS
330
16
102
}
330
16
100
AcDbVisualStyle
  2
Realistic
 70
8
177
3
291
0
 70
58
 90
2
176
1
 90
2
176
1
 90
0
176
1
 90
2
176
1
 40
0.6
176
1
 40
30.0
176
1
 62
7
420
16777215
176
1
 90
1
176
1
 90
4
176
1
 62
7
176
1
 62
257
176
1
 90
1
176
1
 90
1
176
1
 40
1.0
176
1
 90
8
176
1
 62
7
176
1
 40
1.0
176
1
 90
1
176
1
 90
6
176
1
 90
2
176
1
 62
7
176
1
 90
5
176
1
 90
0
176
1
 90
0
176
1
290
0
176
1
 90
1
176
1
 40
0.0
176
1
 90
0
176
1
290
0
176
1
290
1
176
1
290
1
176
1
290
0
176
1
290
0
176
1
290
0
176
1
290
0
176
1
290
0
176
1
290
0
176
1
 90
50
176
1
 40
0.0
176
1
 40
1.0
176
1
 90
0
176
1
 62
18
420
0
176
1
 90
50
176
1
 90
3
176
1
 62
5
420
255
176
1
290
0
176
1
 90
50
176
1
 90
50
176
1
 90
50
176
1
290
0
176
1
 90
50
176
1
 62
256
176
0
 40
1.0
176
0
 90
2
176
1
  1
strokes_ogs.tif
176
1
290
0
176
1
 40
1.0
176
1
 40
1.0
176
1
  0
VISUALSTYLE
  5
6C
102
{ACAD_REACTORS
330
16
102
}
330
16
100
AcDbVisualStyle
  2
Shaded
 70
27
177
3
291
0
 70
58
 90
2
176
1
 90
2
176
1
 90
0
176
1
 90
2
176
1
 40
0.6
176
1
 40
30.0
176
1
 62
7
420
16777215
176
1
 90
1
176
1
 90
4
176
1
 62
7
176
1
 62
257
176
1
 90
1
176
1
 90
1
176
1
 40
1.0
176
1
 90
8
176
1
 62
7
176
1
 40
1.0
176
1
 90
1
176
1
 90
6
176
1
 90
2
176
1
 62
7
176
1
 90
5
176
1
 90
0
176
1
 90
0
176
1
290
0
176
1
 90
1
176
1
 40
0.0
176
1
 90
0
176
1
290
0
176
1
290
1
176
1
290
1
176
1
290
0
176
1
290
0
176
1
290
0
176
1
290
0
176
1
290
0
176
1
290
0
176
1
 90
50
176
1
 40
0.0
176
1
 40
1.0
176
1
 90
0
176
1
 62
18
420
0
176
1
 90
50
176
1
 90
3
176
1
 62
5
420
255
176
1
290
0
176
1
 90
50
176
1
 90
50
176
1
 90
50
176
1
290
0
176
1
 90
50
176
1
 62
256
176
0
 40
1.0
176
0
 90
2
176
1
  1
strokes_ogs.tif
176
1
290
0
176
1
 40
1.0
176
1
 40
1.0
176
1
  0
VISUALSTYLE
  5
6D
102
{ACAD_REACTORS
330
16
102
}
330
16
100
AcDbVisualStyle
  2
Shaded with edges
 70
26
177
3
291
0
 70
58
 90
2
176
1
 90
2
176
1
 90
0
176
1
 90
2
176
1
 40
0.6
176
1
 40
30.0
176
1
 62
7
420
16777215
176
1
 90
1
176
1
 90
4
176
1
 62
7
176
1
 62
257
176
1
 90
1
176
1
 90
1
176
1
 40
1.0
176
1
 90
8
176
1
 62
7
176
1
 40
1.0
176
1
 90
1
176
1
 90
6
176
1
 90
2
176
1
 62
7
176
1
 90
5
176
1
 90
0
176
1
 90
0
176
1
290
0
176
1
 90
1
176
1
 40
0.0
176
1
 90
0
176
1
290
0
176
1
290
1
176
1
290
1
176
1
290
0
176
1
290
0
176
1
290
0
176
1
290
0
176
1
290
0
176
1
290
0
176
1
 90
50
176
1
 40
0.0
176
1
 40
1.0
176
1
 90
0
176
1
 62
18
420
0
176
1
 90
50
176
1
 90
3
176
1
 62
5
420
255
176
1
290
0
176
1
 90
50
176
1
 90
50
176
1
 90
50
176
1
290
0
176
1
 90
50
176
1
 62
256
176
0
 40
1.0
176
0
 90
2
176
1
  1
strokes_ogs.tif
176
1
290
0
176
1
 40
1.0
176
1
 40
1.0
176
1
  0
VISUALSTYLE
  5
6E
102
{ACAD_REACTORS
330
16
102
}
330
16
100
AcDbVisualStyle
  2
Shades of Gray
 70
23
177
3
291
0
 70
58
 90
2
176
1
 90
2
176
1
 90
0
176
1
 90
2
176
1
 40
0.6
176
1
 40
30.0
176
1
 62
7
420
16777215
176
1
 90
1
176
1
 90
4
176
1
 62
7
176
1
 62
257
176
1
 90
1
176
1
 90
1
176
1
 40
1.0
176
1
 90
8
176
1
 62
7
176
1
 40
1.0
176
1
 90
1
176
1
 90
6
176
1
 90
2
176
1
 62
7
176
1
 90
5
176
1
 90
0
176
1
 90
0
176
1
290
0
176
1
 90
1
176
1
 40
0.0
176
1
 90
0
176
1
290
0
176
1
290
1
176
1
290
1
176
1
290
0
176
1
290
0
176
1
290
0
176
1
290
0
176
1
290
0
176
1
290
0
176
1
 90
50
176
1
 40
0.0
176
1
 40
1.0
176
1
 90
0
176
1
 62
18
420
0
176
1
 90
50
176
1
 90
3
176
1
 62
5
420
255
176
1
290
0
176
1
 90
50
176
1
 90
50
176
1
 90
50
176
1
290
0
176
1
 90
50
176
1
 62
256
176
0
 40
1.0
176
0
 90
2
176
1
  1
strokes_ogs.tif
176
1
290
0
176
1
 40
1.0
176
1
 40
1.0
176
1
  0
VISUALSTYLE
  5
6F
102
{ACAD_REACTORS
330
16
102
}
330
16
100
AcDbVisualStyle
  2
Sketchy
 70
24
177
3
291
0
 70
58
 90
2
176
1
 90
2
176
1
 90
0
176
1
 90
1
176
1
 40
0.6
176
1
 40
30.0
176
1
 62
7
420
16777215
176
1
 90
1
176
1
 90
4
176
1
 62
7
176
1
 62
257
176
1
 90
1
176
1
 90
1
176
1
 40
1.0
176
1
 90
8
176
1
 62
7
176
1
 40
1.0
176
1
 90
1
176
1
 90
6
176
1
 90
2
176
1
 62
7
176
1
 90
5
176
1
 90
0
176
1
 90
0
176
1
290
0
176
1
 90
1
176
1
 40
0.0
176
1
 90
0
176
1
290
0
176
1
290
1
176
1
290
1
176
1
290
0
176
1
290
0
176
1
290
0
176
1
290
0
176
1
290
0
176
1
290
0
176
1
 90
50
176
1
 40
0.0
176
1
 40
1.0
176
1
 90
0
176
1
 62
18
420
0
176
1
 90
50
176
1
 90
3
176
1
 62
5
420
255
176
1
290
0
176
1
 90
50
176
1
 90
50
176
1
 90
50
176
1
290
0
176
1
 90
50
176
1
 62
256
176
0
 40
1.0
176
0
 90
2
176
1
  1
strokes_ogs.tif
176
1
290
0
176
1
 40
1.0
176
1
 40
1.0
176
1
  0
VISUALSTYLE
  5
70
102
{ACAD_REACTORS
330
16
102
}
330
16
100
AcDbVisualStyle
  2
Thicken
 70
13
177
3
291
1
 70
58
 90
2
176
1
 90
2
176
1
 90
0
176
1
 90
2
176
1
 40
0.6
176
1
 40
30.0
176
1
 62
7
420
16777215
176
1
 90
1
176
1
 90
4
176
1
 62
7
176
1
 62
257
176
1
 90
1
176
1
 90
1
176
1
 40
1.0
176
1
 90
8
176
1
 62
7
176
1
 40
1.0
176
1
 90
1
176
1
 90
6
176
1
 90
2
176
1
 62
7
176
1
 90
5
176
1
 90
0
176
1
 90
0
176
1
290
0
176
1
 90
1
176
1
 40
0.0
176
1
 90
0
176
1
290
0
176
1
290
1
176
1
290
1
176
1
290
0
176
1
290
0
176
1
290
0
176
1
290
0
176
1
290
0
176
1
290
0
176
1
 90
50
176
1
 40
0.0
176
1
 40
1.0
176
1
 90
0
176
1
 62
18
420
0
176
1
 90
50
176
1
 90
3
176
1
 62
5
420
255
176
1
290
0
176
1
 90
50
176
1
 90
50
176
1
 90
50
176
1
290
0
176
1
 90
50
176
1
 62
256
176
0
 40
1.0
176
0
 90
2
176
1
  1
strokes_ogs.tif
176
1
290
0
176
1
 40
1.0
176
1
 40
1.0
176
1
  0
VISUALSTYLE
  5
71
102
{ACAD_REACTORS
330
16
102
}
330
16
100
AcDbVisualStyle
  2
Wireframe
 70
5
177
3
291
0
 70
58
 90
2
176
1
 90
2
176
1
 90
0
176
1
 90
0
176
1
 40
0.6
176
1
 40
30.0
176
1
 62
7
420
16777215
176
1
 90
1
176
1
 90
4
176
1
 62
7
176
1
 62
257
176
1
 90
1
176
1
 90
1
176
1
 40
1.0
176
1
 90
8
176
1
 62
7
176
1
 40
1.0
176
1
 90
1
176
1
 90
6
176
1
 90
2
176
1
 62
7
176
1
 90
5
176
1
 90
0
176
1
 90
0
176
1
290
0
176
1
 90
1
176
1
 40
0.0
176
1
 90
0
176
1
290
0
176
1
290
1
176
1
290
1
176
1
290
0
176
1
290
0
176
1
290
0
176
1
290
0
176
1
290
0
176
1
290
0
176
1
 90
50
176
1
 40
0.0
176
1
 40
1.0
176
1
 90
0
176
1
 62
18
420
0
176
1
 90
50
176
1
 90
3
176
1
 62
5
420
255
176
1
290
0
176
1
 90
50
176
1
 90
50
176
1
 90
50
176
1
290
0
176
1
 90
50
176
1
 62
256
176
0
 40
1.0
176
0
 90
2
176
1
  1
strokes_ogs.tif
176
1
290
0
176
1
 40
1.0
176
1
 40
1.0
176
1
  0
VISUALSTYLE
  5
72
102
{ACAD_REACTORS
330
16
102
}
330
16
100
AcDbVisualStyle
  2
X-Ray
 70
25
177
3
291
0
 70
58
 90
2
176
1
 90
2
176
1
 90
0
176
1
 90
2
176
1
 40
0.5
176
1
 40
30.0
176
1
 62
7
420
16777215
176
1
 90
1
176
1
 90
4
176
1
 62
7
176
1
 62
257
176
1
 90
1
176
1
 90
1
176
1
 40
1.0
176
1
 90
8
176
1
 62
7
176
1
 40
1.0
176
1
 90
1
176
1
 90
6
176
1
 90
2
176
1
 62
7
176
1
 90
5
176
1
 90
0
176
1
 90
0
176
1
290
0
176
1
 90
1
176
1
 40
0.0
176
1
 90
0
176
1
290
0
176
1
290
1
176
1
290
1
176
1
290
0
176
1
290
0
176
1
290
0
176
1
290
0
176
1
290
0
176
1
290
0
176
1
 90
50
176
1
 40
0.0
176
1
 40
1.0
176
1
 90
0
176
1
 62
18
420
0
176
1
 90
50
176
1
 90
3
176
1
 62
5
420
255
176
1
290
0
176
1
 90
50
176
1
 90
50
176
1
 90
50
176
1
290
0
176
1
 90
50
176
1
 62
256
176
0
 40
1.0
176
0
 90
2
176
1
  1
strokes_ogs.tif
176
1
290
0
176
1
 40
1.0
176
1
 40
1.0
176
1
  0
LAYOUT
  5
1CA
330
D
100
AcDbPlotSettings
  1

  2
DWG To PDF.pc3
  4
ISO B2 707x500 mm 1:1_(707.00_x_500.00_MM)
  6

 40
0.0
 41
0.0
 42
0.0
 43
0.0
 44
707.0
 45
500.0
 46
0.0
 47
0.0
 48
0.0
 49
0.0
140
0.0
141
0.0
142
1.0
143
1.0
 70
0
 72
1
 73
0
 74
5
  7

 75
16
 76
0
 77
2
 78
300
147
1.0
148
0.0
149
0.0
100
AcDbLayout
  1
VC2
 70
1
 71
3
 10
-0.0
 20
-0.0
 11
707.0
 21
500.0
 12
0.0
 22
0.0
 32
0.0
 14
1e+20
 24
1e+20
 34
1e+20
 15
-1e+20
 25
-1e+20
 35
-1e+20
146
0.0
 13
0.0
 23
0.0
 33
0.0
 16
1.0
 26
0.0
 36
0.0
 17
0.0
 27
1.0
 37
0.0
 76
1
330
1C7
331
1CB
  0
LAYOUT
  5
3E6
330
D
100
AcDbPlotSettings
  1

  2
DWG To PDF.pc3
  4
ISO B2 707x500 mm 1:1_(707.00_x_500.00_MM)
  6

 40
0.0
 41
0.0
 42
0.0
 43
0.0
 44
707.0
 45
500.0
 46
0.0
 47
0.0
 48
0.0
 49
0.0
140
0.0
141
0.0
142
1.0
143
1.0
 70
0
 72
1
 73
0
 74
5
  7

 75
16
 76
0
 77
2
 78
300
147
1.0
148
0.0
149
0.0
100
AcDbLayout
  1
VC3
 70
1
 71
4
 10
-0.0
 20
-0.0
 11
707.0
 21
500.0
 12
0.0
 22
0.0
 32
0.0
 14
1e+20
 24
1e+20
 34
1e+20
 15
-1e+20
 25
-1e+20
 35
-1e+20
146
0.0
 13
0.0
 23
0.0
 33
0.0
 16
1.0
 26
0.0
 36
0.0
 17
0.0
 27
1.0
 37
0.0
 76
1
330
3E3
331
3E7
  0
LAYOUT
  5
65F
330
D
100
AcDbPlotSettings
  1

  2
DWG To PDF.pc3
  4
ISO B2 707x500 mm 1:1_(707.00_x_500.00_MM)
  6

 40
0.0
 41
0.0
 42
0.0
 43
0.0
 44
707.0
 45
500.0
 46
0.0
 47
0.0
 48
0.0
 49
0.0
140
0.0
141
0.0
142
1.0
143
1.0
 70
0
 72
1
 73
0
 74
5
  7

 75
16
 76
0
 77
2
 78
300
147
1.0
148
0.0
149
0.0
100
AcDbLayout
  1
VC4
 70
1
 71
5
 10
-0.0
 20
-0.0
 11
707.0
 21
500.0
 12
0.0
 22
0.0
 32
0.0
 14
1e+20
 24
1e+20
 34
1e+20
 15
-1e+20
 25
-1e+20
 35
-1e+20
146
0.0
 13
0.0
 23
0.0
 33
0.0
 16
1.0
 26
0.0
 36
0.0
 17
0.0
 27
1.0
 37
0.0
 76
1
330
65C
331
660
  0
LAYOUT
  5
7F4
330
D
100
AcDbPlotSettings
  1

  2
DWG To PDF.pc3
  4
ISO B2 707x500 mm 1:1_(707.00_x_500.00_MM)
  6

 40
0.0
 41
0.0
 42
0.0
 43
0.0
 44
707.0
 45
500.0
 46
0.0
 47
0.0
 48
0.0
 49
0.0
140
0.0
141
0.0
142
1.0
143
1.0
 70
0
 72
1
 73
0
 74
5
  7

 75
16
 76
0
 77
2
 78
300
147
1.0
148
0.0
149
0.0
100
AcDbLayout
  1
VC5
 70
1
 71
6
 10
-0.0
 20
-0.0
 11
707.0
 21
500.0
 12
0.0
 22
0.0
 32
0.0
 14
1e+20
 24
1e+20
 34
1e+20
 15
-1e+20
 25
-1e+20
 35
-1e+20
146
0.0
 13
0.0
 23
0.0
 33
0.0
 16
1.0
 26
0.0
 36
0.0
 17
0.0
 27
1.0
 37
0.0
 76
1
330
7F1
331
7F5
  0
LAYOUT
  5
A42
330
D
100
AcDbPlotSettings
  1

  2
DWG To PDF.pc3
  4
ISO B2 707x500 mm 1:1_(707.00_x_500.00_MM)
  6

 40
0.0
 41
0.0
 42
0.0
 43
0.0
 44
707.0
 45
500.0
 46
0.0
 47
0.0
 48
0.0
 49
0.0
140
0.0
141
0.0
142
1.0
143
1.0
 70
0
 72
1
 73
0
 74
5
  7

 75
16
 76
0
 77
2
 78
300
147
1.0
148
0.0
149
0.0
100
AcDbLayout
  1
VC6
 70
1
 71
7
 10
-0.0
 20
-0.0
 11
707.0
 21
500.0
 12
0.0
 22
0.0
 32
0.0
 14
1e+20
 24
1e+20
 34
1e+20
 15
-1e+20
 25
-1e+20
 35
-1e+20
146
0.0
 13
0.0
 23
0.0
 33
0.0
 16
1.0
 26
0.0
 36
0.0
 17
0.0
 27
1.0
 37
0.0
 76
1
330
A3F
331
A43
  0
LAYOUT
  5
C75
330
D
100
AcDbPlotSettings
  1

  2
DWG To PDF.pc3
  4
ISO B2 707x500 mm 1:1_(707.00_x_500.00_MM)
  6

 40
0.0
 41
0.0
 42
0.0
 43
0.0
 44
707.0
 45
500.0
 46
0.0
 47
0.0
 48
0.0
 49
0.0
140
0.0
141
0.0
142
1.0
143
1.0
 70
0
 72
1
 73
0
 74
5
  7

 75
16
 76
0
 77
2
 78
300
147
1.0
148
0.0
149
0.0
100
AcDbLayout
  1
VC7
 70
1
 71
8
 10
-0.0
 20
-0.0
 11
707.0
 21
500.0
 12
0.0
 22
0.0
 32
0.0
 14
1e+20
 24
1e+20
 34
1e+20
 15
-1e+20
 25
-1e+20
 35
-1e+20
146
0.0
 13
0.0
 23
0.0
 33
0.0
 16
1.0
 26
0.0
 36
0.0
 17
0.0
 27
1.0
 37
0.0
 76
1
330
C72
331
C76
  0
DICTIONARYVAR
  5
E88
330
2D
100
DictionaryVariables
280
0
  1
1.4.4 @ 2026-07-18T06:30:08.722108+00:00
  0
ENDSEC
  0
EOF
