  0
SECTION
  2
HEADER
  9
$ACADVER
  1
AC1032
  9
$ACADMAINTVER
 90
4
  9
$DWGCODEPAGE
  3
ANSI_1252
  9
$LASTSAVEDBY
  1
ezdxf
  9
$REQUIREDVERSIONS
160
0
  9
$INSBASE
 10
0.0
 20
0.0
 30
0.0
  9
$EXTMIN
 10
1e+20
 20
1e+20
 30
1e+20
  9
$EXTMAX
 10
-1e+20
 20
-1e+20
 30
-1e+20
  9
$LIMMIN
 10
0.0
 20
0.0
  9
$LIMMAX
 10
420.0
 20
297.0
  9
$ORTHOMODE
 70
0
  9
$REGENMODE
 70
1
  9
$FILLMODE
 70
1
  9
$QTEXTMODE
 70
0
  9
$MIRRTEXT
 70
1
  9
$LTSCALE
 40
1.0
  9
$ATTMODE
 70
1
  9
$TEXTSIZE
 40
2.5
  9
$TRACEWID
 40
1.0
  9
$TEXTSTYLE
  7
OpenSans
  9
$CLAYER
  8
0
  9
$CELTYPE
  6
ByLayer
  9
$CECOLOR
 62
256
  9
$CELTSCALE
 40
1.0
  9
$DISPSILH
 70
0
  9
$DIMSCALE
 40
1.0
  9
$DIMASZ
 40
0.175
  9
$DIMEXO
 40
0.125
  9
$DIMDLI
 40
3.75
  9
$DIMRND
 40
0.0
  9
$DIMDLE
 40
0.0
  9
$DIMEXE
 40
0.375
  9
$DIMTP
 40
0.0
  9
$DIMTM
 40
0.0
  9
$DIMTXT
 40
0.25
  9
$DIMCEN
 40
2.5
  9
$DIMTSZ
 40
0.0
  9
$DIMTOL
 70
0
  9
$DIMLIM
 70
0
  9
$DIMTIH
 70
0
  9
$DIMTOH
 70
0
  9
$DIMSE1
 70
0
  9
$DIMSE2
 70
0
  9
$DIMTAD
 70
1
  9
$DIMZIN
 70
12
  9
$DIMBLK
  1
ARCHTICK
  9
$DIMASO
 70
1
  9
$DIMSHO
 70
1
  9
$DIMPOST
  1

  9
$DIMAPOST
  1

  9
$DIMALT
 70
0
  9
$DIMALTD
 70
3
  9
$DIMALTF
 40
0.03937007874
  9
$DIMLFAC
 40
100.0
  9
$DIMTOFL
 70
1
  9
$DIMTVP
 40
0.0
  9
$DIMTIX
 70
0
  9
$DIMSOXD
 70
0
  9
$DIMSAH
 70
0
  9
$DIMBLK1
  1

  9
$DIMBLK2
  1

  9
$DIMSTYLE
  2
EZDXF
  9
$DIMCLRD
 70
0
  9
$DIMCLRE
 70
0
  9
$DIMCLRT
 70
0
  9
$DIMTFAC
 40
0.5
  9
$DIMGAP
 40
0.1
  9
$DIMJUST
 70
0
  9
$DIMSD1
 70
0
  9
$DIMSD2
 70
0
  9
$DIMTOLJ
 70
0
  9
$DIMTZIN
 70
8
  9
$DIMALTZ
 70
0
  9
$DIMALTTZ
 70
0
  9
$DIMUPT
 70
1
  9
$DIMDEC
 70
2
  9
$DIMTDEC
 70
2
  9
$DIMALTU
 70
2
  9
$DIMALTTD
 70
3
  9
$DIMTXSTY
  7
OpenSansCondensed-Light
  9
$DIMAUNIT
 70
0
  9
$DIMADEC
 70
2
  9
$DIMALTRND
 40
0.0
  9
$DIMAZIN
 70
3
  9
$DIMDSEP
 70
46
  9
$DIMATFIT
 70
3
  9
$DIMFRAC
 70
0
  9
$DIMLDRBLK
  1

  9
$DIMLUNIT
 70
2
  9
$DIMLWD
 70
-2
  9
$DIMLWE
 70
-2
  9
$DIMTMOVE
 70
2
  9
$DIMFXL
 40
1.0
  9
$DIMFXLON
 70
0
  9
$DIMJOGANG
 40
0.785398163397
  9
$DIMTFILL
 70
0
  9
$DIMTFILLCLR
 70
0
  9
$DIMARCSYM
 70
0
  9
$DIMLTYPE
  6

  9
$DIMLTEX1
  6

  9
$DIMLTEX2
  6

  9
$DIMTXTDIRECTION
 70
0
  9
$LUNITS
 70
2
  9
$LUPREC
 70
4
  9
$SKETCHINC
 40
1.0
  9
$FILLETRAD
 40
10.0
  9
$AUNITS
 70
0
  9
$AUPREC
 70
2
  9
$MENU
  1
.
  9
$ELEVATION
 40
0.0
  9
$PELEVATION
 40
0.0
  9
$THICKNESS
 40
0.0
  9
$LIMCHECK
 70
0
  9
$CHAMFERA
 40
0.0
  9
$CHAMFERB
 40
0.0
  9
$CHAMFERC
 40
0.0
  9
$CHAMFERD
 40
0.0
  9
$SKPOLY
 70
0
  9
$TDCREATE
 40
2461240.2991203703
  9
$TDUCREATE
 40
2458532.153996898
  9
$TDUPDATE
 40
2461240.2991203703
  9
$TDUUPDATE
 40
2458532.1544311
  9
$TDINDWG
 40
0.0
  9
$TDUSRTIMER
 40
0.0
  9
$USRTIMER
 70
1
  9
$ANGBASE
 50
0.0
  9
$ANGDIR
 70
0
  9
$PDMODE
 70
0
  9
$PDSIZE
 40
0.0
  9
$PLINEWID
 40
0.0
  9
$SPLFRAME
 70
0
  9
$SPLINETYPE
 70
6
  9
$SPLINESEGS
 70
8
  9
$HANDSEED
  5
1430
  9
$SURFTAB1
 70
6
  9
$SURFTAB2
 70
6
  9
$SURFTYPE
 70
6
  9
$SURFU
 70
6
  9
$SURFV
 70
6
  9
$UCSBASE
  2

  9
$UCSNAME
  2

  9
$UCSORG
 10
0.0
 20
0.0
 30
0.0
  9
$UCSXDIR
 10
1.0
 20
0.0
 30
0.0
  9
$UCSYDIR
 10
0.0
 20
1.0
 30
0.0
  9
$UCSORTHOREF
  2

  9
$UCSORTHOVIEW
 70
0
  9
$UCSORGTOP
 10
0.0
 20
0.0
 30
0.0
  9
$UCSORGBOTTOM
 10
0.0
 20
0.0
 30
0.0
  9
$UCSORGLEFT
 10
0.0
 20
0.0
 30
0.0
  9
$UCSORGRIGHT
 10
0.0
 20
0.0
 30
0.0
  9
$UCSORGFRONT
 10
0.0
 20
0.0
 30
0.0
  9
$UCSORGBACK
 10
0.0
 20
0.0
 30
0.0
  9
$PUCSBASE
  2

  9
$PUCSNAME
  2

  9
$PUCSORG
 10
0.0
 20
0.0
 30
0.0
  9
$PUCSXDIR
 10
1.0
 20
0.0
 30
0.0
  9
$PUCSYDIR
 10
0.0
 20
1.0
 30
0.0
  9
$PUCSORTHOREF
  2

  9
$PUCSORTHOVIEW
 70
0
  9
$PUCSORGTOP
 10
0.0
 20
0.0
 30
0.0
  9
$PUCSORGBOTTOM
 10
0.0
 20
0.0
 30
0.0
  9
$PUCSORGLEFT
 10
0.0
 20
0.0
 30
0.0
  9
$PUCSORGRIGHT
 10
0.0
 20
0.0
 30
0.0
  9
$PUCSORGFRONT
 10
0.0
 20
0.0
 30
0.0
  9
$PUCSORGBACK
 10
0.0
 20
0.0
 30
0.0
  9
$USERI1
 70
0
  9
$USERI2
 70
0
  9
$USERI3
 70
0
  9
$USERI4
 70
0
  9
$USERI5
 70
0
  9
$USERR1
 40
0.0
  9
$USERR2
 40
0.0
  9
$USERR3
 40
0.0
  9
$USERR4
 40
0.0
  9
$USERR5
 40
0.0
  9
$WORLDVIEW
 70
1
  9
$SHADEDGE
 70
3
  9
$SHADEDIF
 70
70
  9
$TILEMODE
 70
0
  9
$MAXACTVP
 70
64
  9
$PINSBASE
 10
0.0
 20
0.0
 30
0.0
  9
$PLIMCHECK
 70
0
  9
$PEXTMIN
 10
1e+20
 20
1e+20
 30
1e+20
  9
$PEXTMAX
 10
-1e+20
 20
-1e+20
 30
-1e+20
  9
$PLIMMIN
 10
-0.0
 20
-0.0
  9
$PLIMMAX
 10
707.0
 20
500.0
  9
$UNITMODE
 70
0
  9
$VISRETAIN
 70
1
  9
$PLINEGEN
 70
0
  9
$PSLTSCALE
 70
1
  9
$TREEDEPTH
 70
3020
  9
$CMLSTYLE
  2
Standard
  9
$CMLJUST
 70
0
  9
$CMLSCALE
 40
20.0
  9
$PROXYGRAPHICS
 70
1
  9
$MEASUREMENT
 70
1
  9
$CELWEIGHT
370
-1
  9
$ENDCAPS
280
0
  9
$JOINSTYLE
280
0
  9
$LWDISPLAY
290
0
  9
$INSUNITS
 70
4
  9
$HYPERLINKBASE
  1

  9
$STYLESHEET
  1

  9
$XEDIT
290
1
  9
$CEPSNTYPE
380
0
  9
$PSTYLEMODE
290
1
  9
$FINGERPRINTGUID
  2
{8575CB1F-E348-42C2-A29F-15BFB9E83186}
  9
$VERSIONGUID
  2
{37591236-F73A-4F7F-ADE8-69628D9FD282}
  9
$EXTNAMES
290
1
  9
$PSVPSCALE
 40
0.0
  9
$OLESTARTUP
290
0
  9
$SORTENTS
280
127
  9
$INDEXCTL
280
0
  9
$HIDETEXT
280
1
  9
$XCLIPFRAME
280
1
  9
$HALOGAP
280
0
  9
$OBSCOLOR
 70
257
  9
$OBSLTYPE
280
0
  9
$INTERSECTIONDISPLAY
280
0
  9
$INTERSECTIONCOLOR
 70
257
  9
$DIMASSOC
280
2
  9
$PROJECTNAME
  1

  9
$CAMERADISPLAY
290
0
  9
$LENSLENGTH
 40
50.0
  9
$CAMERAHEIGHT
 40
0.0
  9
$STEPSPERSEC
 40
24.0
  9
$STEPSIZE
 40
100.0
  9
$3DDWFPREC
 40
2.0
  9
$PSOLWIDTH
 40
0.005
  9
$PSOLHEIGHT
 40
0.08
  9
$LOFTANG1
 40
1.570796326795
  9
$LOFTANG2
 40
1.570796326795
  9
$LOFTMAG1
 40
0.0
  9
$LOFTMAG2
 40
0.0
  9
$LOFTPARAM
 70
7
  9
$LOFTNORMALS
280
1
  9
$LATITUDE
 40
37.795
  9
$LONGITUDE
 40
-122.394
  9
$NORTHDIRECTION
 40
0.0
  9
$TIMEZONE
 70
-8000
  9
$LIGHTGLYPHDISPLAY
280
1
  9
$TILEMODELIGHTSYNCH
280
1
  9
$CMATERIAL
347
20
  9
$SOLIDHIST
280
0
  9
$SHOWHIST
280
1
  9
$DWFFRAME
280
2
  9
$DGNFRAME
280
2
  9
$REALWORLDSCALE
290
1
  9
$INTERFERECOLOR
 62
256
  9
$CSHADOW
280
0
  9
$SHADOWPLANELOCATION
 40
0.0
  0
ENDSEC
  0
SECTION
  2
CLASSES
  0
CLASS
  1
ACDBDICTIONARYWDFLT
  2
AcDbDictionaryWithDefault
  3
ObjectDBX Classes
 90
0
 91
0
280
0
281
0
  0
CLASS
  1
SUN
  2
AcDbSun
  3
SCENEOE
 90
1153
 91
0
280
0
281
0
  0
CLASS
  1
VISUALSTYLE
  2
AcDbVisualStyle
  3
ObjectDBX Classes
 90
4095
 91
0
280
0
281
0
  0
CLASS
  1
MATERIAL
  2
AcDbMaterial
  3
ObjectDBX Classes
 90
1153
 91
0
280
0
281
0
  0
CLASS
  1
SCALE
  2
AcDbScale
  3
ObjectDBX Classes
 90
1153
 91
0
280
0
281
0
  0
CLASS
  1
TABLESTYLE
  2
AcDbTableStyle
  3
ObjectDBX Classes
 90
4095
 91
0
280
0
281
0
  0
CLASS
  1
MLEADERSTYLE
  2
AcDbMLeaderStyle
  3
ACDB_MLEADERSTYLE_CLASS
 90
4095
 91
0
280
0
281
0
  0
CLASS
  1
DICTIONARYVAR
  2
AcDbDictionaryVar
  3
ObjectDBX Classes
 90
0
 91
0
280
0
281
0
  0
CLASS
  1
CELLSTYLEMAP
  2
AcDbCellStyleMap
  3
ObjectDBX Classes
 90
1152
 91
0
280
0
281
0
  0
CLASS
  1
MENTALRAYRENDERSETTINGS
  2
AcDbMentalRayRenderSettings
  3
SCENEOE
 90
1024
 91
0
280
0
281
0
  0
CLASS
  1
ACDBDETAILVIEWSTYLE
  2
AcDbDetailViewStyle
  3
ObjectDBX Classes
 90
1025
 91
0
280
0
281
0
  0
CLASS
  1
ACDBSECTIONVIEWSTYLE
  2
AcDbSectionViewStyle
  3
ObjectDBX Classes
 90
1025
 91
0
280
0
281
0
  0
CLASS
  1
RASTERVARIABLES
  2
AcDbRasterVariables
  3
ISM
 90
0
 91
0
280
0
281
0
  0
CLASS
  1
LAYOUT
  2
AcDbLayout
  3
ObjectDBX Classes
 90
0
 91
0
280
0
281
0
  0
CLASS
  1
ACDBPLACEHOLDER
  2
AcDbPlaceHolder
  3
ObjectDBX Classes
 90
0
 91
0
280
0
281
0
  0
ENDSEC
  0
SECTION
  2
TABLES
  0
TABLE
  2
VPORT
  5
8
330
0
100
AcDbSymbolTable
 70
1
  0
VPORT
  5
23
330
8
100
AcDbSymbolTableRecord
100
AcDbViewportTableRecord
  2
*Active
 70
0
 10
0.0
 20
0.0
 11
1.0
 21
1.0
 12
0.0
 22
0.0
 13
0.0
 23
0.0
 14
0.5
 24
0.5
 15
0.5
 25
0.5
 16
0.0
 26
0.0
 36
1.0
 17
0.0
 27
0.0
 37
0.0
 40
1000.0
 41
1.34
 42
50.0
 43
0.0
 44
0.0
 50
0.0
 51
0.0
 71
0
 72
1000
 73
1
 74
3
 75
0
 76
0
 77
0
 78
0
281
0
 65
0
146
0.0
  0
ENDTAB
  0
TABLE
  2
LTYPE
  5
2
330
0
100
AcDbSymbolTable
 70
21
  0
LTYPE
  5
24
330
2
100
AcDbSymbolTableRecord
100
AcDbLinetypeTableRecord
  2
ByBlock
 70
0
  3

 72
65
 73
0
 40
0.0
  0
LTYPE
  5
25
330
2
100
AcDbSymbolTableRecord
100
AcDbLinetypeTableRecord
  2
ByLayer
 70
0
  3

 72
65
 73
0
 40
0.0
  0
LTYPE
  5
26
330
2
100
AcDbSymbolTableRecord
100
AcDbLinetypeTableRecord
  2
Continuous
 70
0
  3

 72
65
 73
0
 40
0.0
  0
LTYPE
  5
2F
330
2
100
AcDbSymbolTableRecord
100
AcDbLinetypeTableRecord
  2
CENTER
 70
0
  3
Center ____ _ ____ _ ____ _ ____ _ ____ _ ____
 72
65
 73
4
 40
5.08
 49
3.175
 74
0
 49
-0.635
 74
0
 49
0.635
 74
0
 49
-0.635
 74
0
  0
LTYPE
  5
30
330
2
100
AcDbSymbolTableRecord
100
AcDbLinetypeTableRecord
  2
CENTERX2
 70
0
  3
Center (2x) ________  __  ________  __  ________
 72
65
 73
4
 40
8.89
 49
6.35
 74
0
 49
-0.635
 74
0
 49
1.27
 74
0
 49
-0.635
 74
0
  0
LTYPE
  5
31
330
2
100
AcDbSymbolTableRecord
100
AcDbLinetypeTableRecord
  2
CENTER2
 70
0
  3
Center (.5x) ____ _ ____ _ ____ _ ____ _ ____
 72
65
 73
4
 40
2.54
 49
1.587
 74
0
 49
-0.318
 74
0
 49
0.318
 74
0
 49
-0.318
 74
0
  0
LTYPE
  5
32
330
2
100
AcDbSymbolTableRecord
100
AcDbLinetypeTableRecord
  2
DASHED
 70
0
  3
Dashed __ __ __ __ __ __ __ __ __ __ __ __ __ _
 72
65
 73
2
 40
1.524
 49
1.27
 74
0
 49
-0.254
 74
0
  0
LTYPE
  5
33
330
2
100
AcDbSymbolTableRecord
100
AcDbLinetypeTableRecord
  2
DASHEDX2
 70
0
  3
Dashed (2x) ____  ____  ____  ____  ____  ____
 72
65
 73
2
 40
3.048
 49
2.54
 74
0
 49
-0.508
 74
0
  0
LTYPE
  5
34
330
2
100
AcDbSymbolTableRecord
100
AcDbLinetypeTableRecord
  2
DASHED2
 70
0
  3
Dashed (.5x) _ _ _ _ _ _ _ _ _ _ _ _ _ _
 72
65
 73
2
 40
0.762
 49
0.635
 74
0
 49
-0.127
 74
0
  0
LTYPE
  5
35
330
2
100
AcDbSymbolTableRecord
100
AcDbLinetypeTableRecord
  2
PHANTOM
 70
0
  3
Phantom ______  __  __  ______  __  __  ______
 72
65
 73
6
 40
6.35
 49
3.175
 74
0
 49
-0.635
 74
0
 49
0.635
 74
0
 49
-0.635
 74
0
 49
0.635
 74
0
 49
-0.635
 74
0
  0
LTYPE
  5
36
330
2
100
AcDbSymbolTableRecord
100
AcDbLinetypeTableRecord
  2
PHANTOMX2
 70
0
  3
Phantom (2x)____________    ____    ____    ____________
 72
65
 73
6
 40
10.795
 49
6.35
 74
0
 49
-0.635
 74
0
 49
1.27
 74
0
 49
-0.635
 74
0
 49
1.27
 74
0
 49
-0.635
 74
0
  0
LTYPE
  5
37
330
2
100
AcDbSymbolTableRecord
100
AcDbLinetypeTableRecord
  2
PHANTOM2
 70
0
  3
Phantom (.5x) ___ _ _ ___ _ _ ___ _ _ ___ _ _ ___
 72
65
 73
6
 40
3.175
 49
1.587
 74
0
 49
-0.318
 74
0
 49
0.318
 74
0
 49
-0.318
 74
0
 49
0.318
 74
0
 49
-0.318
 74
0
  0
LTYPE
  5
38
330
2
100
AcDbSymbolTableRecord
100
AcDbLinetypeTableRecord
  2
DASHDOT
 70
0
  3
Dash dot __ . __ . __ . __ . __ . __ . __ . __
 72
65
 73
4
 40
3.556
 49
2.54
 74
0
 49
-0.508
 74
0
 49
0.0
 74
0
 49
-0.508
 74
0
  0
LTYPE
  5
39
330
2
100
AcDbSymbolTableRecord
100
AcDbLinetypeTableRecord
  2
DASHDOTX2
 70
0
  3
Dash dot (2x) ____  .  ____  .  ____  .  ____
 72
65
 73
4
 40
6.096
 49
5.08
 74
0
 49
-0.508
 74
0
 49
0.0
 74
0
 49
-0.508
 74
0
  0
LTYPE
  5
3A
330
2
100
AcDbSymbolTableRecord
100
AcDbLinetypeTableRecord
  2
DASHDOT2
 70
0
  3
Dash dot (.5x) _ . _ . _ . _ . _ . _ . _ . _
 72
65
 73
4
 40
1.778
 49
1.27
 74
0
 49
-0.254
 74
0
 49
0.0
 74
0
 49
-0.254
 74
0
  0
LTYPE
  5
3B
330
2
100
AcDbSymbolTableRecord
100
AcDbLinetypeTableRecord
  2
DOT
 70
0
  3
Dot .  .  .  .  .  .  .  .  .  .  .  .  .  .  .  .
 72
65
 73
2
 40
0.508
 49
0.0
 74
0
 49
-0.508
 74
0
  0
LTYPE
  5
3C
330
2
100
AcDbSymbolTableRecord
100
AcDbLinetypeTableRecord
  2
DOTX2
 70
0
  3
Dot (2x) .    .    .    .    .    .    .    . 
 72
65
 73
2
 40
1.016
 49
0.0
 74
0
 49
-1.016
 74
0
  0
LTYPE
  5
3D
330
2
100
AcDbSymbolTableRecord
100
AcDbLinetypeTableRecord
  2
DOT2
 70
0
  3
Dot (.5) . . . . . . . . . . . . . . . . . . . 
 72
65
 73
2
 40
0.254
 49
0.0
 74
0
 49
-0.254
 74
0
  0
LTYPE
  5
3E
330
2
100
AcDbSymbolTableRecord
100
AcDbLinetypeTableRecord
  2
DIVIDE
 70
0
  3
Divide __ . . __ . . __ . . __ . . __ . . __
 72
65
 73
6
 40
4.064
 49
2.54
 74
0
 49
-0.508
 74
0
 49
0.0
 74
0
 49
-0.508
 74
0
 49
0.0
 74
0
 49
-0.508
 74
0
  0
LTYPE
  5
3F
330
2
100
AcDbSymbolTableRecord
100
AcDbLinetypeTableRecord
  2
DIVIDEX2
 70
0
  3
Divide (2x) ____  . .  ____  . .  ____  . .  ____
 72
65
 73
6
 40
6.604
 49
5.08
 74
0
 49
-0.508
 74
0
 49
0.0
 74
0
 49
-0.508
 74
0
 49
0.0
 74
0
 49
-0.508
 74
0
  0
LTYPE
  5
40
330
2
100
AcDbSymbolTableRecord
100
AcDbLinetypeTableRecord
  2
DIVIDE2
 70
0
  3
Divide(.5x) _ . _ . _ . _ . _ . _ . _ . _
 72
65
 73
6
 40
2.032
 49
1.27
 74
0
 49
-0.254
 74
0
 49
0.0
 74
0
 49
-0.254
 74
0
 49
0.0
 74
0
 49
-0.254
 74
0
  0
ENDTAB
  0
TABLE
  2
LAYER
  5
1
330
0
100
AcDbSymbolTable
 70
15
  0
LAYER
  5
27
330
1
100
AcDbSymbolTableRecord
100
AcDbLayerTableRecord
  2
0
 70
0
 62
7
  6
Continuous
370
-3
390
13
347
21
  0
LAYER
  5
28
330
1
100
AcDbSymbolTableRecord
100
AcDbLayerTableRecord
  2
Defpoints
 70
0
 62
7
  6
Continuous
290
0
370
-3
390
13
347
21
  0
LAYER
  5
8A
330
1
100
AcDbSymbolTableRecord
100
AcDbLayerTableRecord
  2
MARCO
 70
0
 62
7
  6
Continuous
370
-3
390
13
347
21
  0
LAYER
  5
8B
330
1
100
AcDbSymbolTableRecord
100
AcDbLayerTableRecord
  2
CONTORNO
 70
0
 62
7
  6
Continuous
370
-3
390
13
347
21
  0
LAYER
  5
8C
330
1
100
AcDbSymbolTableRecord
100
AcDbLayerTableRecord
  2
TEXTO
 70
0
 62
7
  6
Continuous
370
-3
390
13
347
21
  0
LAYER
  5
8D
330
1
100
AcDbSymbolTableRecord
100
AcDbLayerTableRecord
  2
EJES
 70
0
 62
1
  6
Continuous
370
-3
390
13
347
21
  0
LAYER
  5
8E
330
1
100
AcDbSymbolTableRecord
100
AcDbLayerTableRecord
  2
APOYOS
 70
0
 62
9
  6
Continuous
370
-3
390
13
347
21
  0
LAYER
  5
8F
330
1
100
AcDbSymbolTableRecord
100
AcDbLayerTableRecord
  2
ACERO_SUP_CONT
 70
0
 62
4
  6
Continuous
370
-3
390
13
347
21
  0
LAYER
  5
90
330
1
100
AcDbSymbolTableRecord
100
AcDbLayerTableRecord
  2
ACERO_SUP_APOYO
 70
0
 62
5
  6
Continuous
370
-3
390
13
347
21
  0
LAYER
  5
91
330
1
100
AcDbSymbolTableRecord
100
AcDbLayerTableRecord
  2
ACERO_INF
 70
0
 62
1
  6
Continuous
370
-3
390
13
347
21
  0
LAYER
  5
92
330
1
100
AcDbSymbolTableRecord
100
AcDbLayerTableRecord
  2
ACERO_TORSION
 70
0
 62
30
  6
Continuous
370
-3
390
13
347
21
  0
LAYER
  5
93
330
1
100
AcDbSymbolTableRecord
100
AcDbLayerTableRecord
  2
ESTRIBOS
 70
0
 62
8
  6
Continuous
370
-3
390
13
347
21
  0
LAYER
  5
94
330
1
100
AcDbSymbolTableRecord
100
AcDbLayerTableRecord
  2
COTAS
 70
0
 62
3
  6
Continuous
370
-3
390
13
347
21
  0
LAYER
  5
95
330
1
100
AcDbSymbolTableRecord
100
AcDbLayerTableRecord
  2
CORTE
 70
0
 62
6
  6
Continuous
370
-3
390
13
347
21
  0
LAYER
  5
96
330
1
100
AcDbSymbolTableRecord
100
AcDbLayerTableRecord
  2
NOTAS
 70
0
 62
7
  6
Continuous
370
-3
390
13
347
21
  0
ENDTAB
  0
TABLE
  2
STYLE
  5
5
330
0
100
AcDbSymbolTable
 70
26
  0
STYLE
  5
29
330
5
100
AcDbSymbolTableRecord
100
AcDbTextStyleTableRecord
  2
Standard
 70
0
 40
0.0
 41
1.0
 50
0.0
 71
0
 42
2.5
  3
txt
  4

  0
STYLE
  5
41
330
5
100
AcDbSymbolTableRecord
100
AcDbTextStyleTableRecord
  2
OpenSans-Light
 70
0
 40
0.0
 41
1.0
 50
0.0
 71
0
 42
2.5
  3
OpenSans-Light.ttf
  4

  0
STYLE
  5
42
330
5
100
AcDbSymbolTableRecord
100
AcDbTextStyleTableRecord
  2
OpenSans-Light-Italic
 70
0
 40
0.0
 41
1.0
 50
0.0
 71
0
 42
2.5
  3
OpenSans-LightItalic.ttf
  4

  0
STYLE
  5
43
330
5
100
AcDbSymbolTableRecord
100
AcDbTextStyleTableRecord
  2
OpenSans
 70
0
 40
0.0
 41
1.0
 50
0.0
 71
0
 42
2.5
  3
OpenSans-Regular.ttf
  4

  0
STYLE
  5
44
330
5
100
AcDbSymbolTableRecord
100
AcDbTextStyleTableRecord
  2
OpenSans-Italic
 70
0
 40
0.0
 41
1.0
 50
0.0
 71
0
 42
2.5
  3
OpenSans-Italic.ttf
  4

  0
STYLE
  5
45
330
5
100
AcDbSymbolTableRecord
100
AcDbTextStyleTableRecord
  2
OpenSans-SemiBold
 70
0
 40
0.0
 41
1.0
 50
0.0
 71
0
 42
2.5
  3
OpenSans-SemiBold.ttf
  4

  0
STYLE
  5
46
330
5
100
AcDbSymbolTableRecord
100
AcDbTextStyleTableRecord
  2
OpenSans-SemiBoldItalic
 70
0
 40
0.0
 41
1.0
 50
0.0
 71
0
 42
2.5
  3
OpenSans-SemiBoldItalic.ttf
  4

  0
STYLE
  5
47
330
5
100
AcDbSymbolTableRecord
100
AcDbTextStyleTableRecord
  2
OpenSans-Bold
 70
0
 40
0.0
 41
1.0
 50
0.0
 71
0
 42
2.5
  3
OpenSans-Bold.ttf
  4

  0
STYLE
  5
48
330
5
100
AcDbSymbolTableRecord
100
AcDbTextStyleTableRecord
  2
OpenSans-BoldItalic
 70
0
 40
0.0
 41
1.0
 50
0.0
 71
0
 42
2.5
  3
OpenSans-BoldItalic.ttf
  4

  0
STYLE
  5
49
330
5
100
AcDbSymbolTableRecord
100
AcDbTextStyleTableRecord
  2
OpenSans-ExtraBold
 70
0
 40
0.0
 41
1.0
 50
0.0
 71
0
 42
2.5
  3
OpenSans-ExtraBold.ttf
  4

  0
STYLE
  5
4A
330
5
100
AcDbSymbolTableRecord
100
AcDbTextStyleTableRecord
  2
OpenSans-ExtraBoldItalic
 70
0
 40
0.0
 41
1.0
 50
0.0
 71
0
 42
2.5
  3
OpenSans-ExtraBoldItalic.ttf
  4

  0
STYLE
  5
4B
330
5
100
AcDbSymbolTableRecord
100
AcDbTextStyleTableRecord
  2
OpenSansCondensed-Bold
 70
0
 40
0.0
 41
1.0
 50
0.0
 71
0
 42
2.5
  3
OpenSansCondensed-Bold.ttf
  4

  0
STYLE
  5
4C
330
5
100
AcDbSymbolTableRecord
100
AcDbTextStyleTableRecord
  2
OpenSansCondensed-Light
 70
0
 40
0.0
 41
1.0
 50
0.0
 71
0
 42
2.5
  3
OpenSansCondensed-Light.ttf
  4

  0
STYLE
  5
4D
330
5
100
AcDbSymbolTableRecord
100
AcDbTextStyleTableRecord
  2
OpenSansCondensed-Italic
 70
0
 40
0.0
 41
1.0
 50
0.0
 71
0
 42
2.5
  3
OpenSansCondensed-LightItalic.ttf
  4

  0
STYLE
  5
4E
330
5
100
AcDbSymbolTableRecord
100
AcDbTextStyleTableRecord
  2
LiberationSans
 70
0
 40
0.0
 41
1.0
 50
0.0
 71
0
 42
2.5
  3
LiberationSans-Regular.ttf
  4

  0
STYLE
  5
4F
330
5
100
AcDbSymbolTableRecord
100
AcDbTextStyleTableRecord
  2
LiberationSans-Bold
 70
0
 40
0.0
 41
1.0
 50
0.0
 71
0
 42
2.5
  3
LiberationSans-Bold.ttf
  4

  0
STYLE
  5
50
330
5
100
AcDbSymbolTableRecord
100
AcDbTextStyleTableRecord
  2
LiberationSans-BoldItalic
 70
0
 40
0.0
 41
1.0
 50
0.0
 71
0
 42
2.5
  3
LiberationSans-BoldItalic.ttf
  4

  0
STYLE
  5
51
330
5
100
AcDbSymbolTableRecord
100
AcDbTextStyleTableRecord
  2
LiberationSans-Italic
 70
0
 40
0.0
 41
1.0
 50
0.0
 71
0
 42
2.5
  3
LiberationSans-Italic.ttf
  4

  0
STYLE
  5
52
330
5
100
AcDbSymbolTableRecord
100
AcDbTextStyleTableRecord
  2
LiberationSerif
 70
0
 40
0.0
 41
1.0
 50
0.0
 71
0
 42
2.5
  3
LiberationSerif-Regular.ttf
  4

  0
STYLE
  5
53
330
5
100
AcDbSymbolTableRecord
100
AcDbTextStyleTableRecord
  2
LiberationSerif-Bold
 70
0
 40
0.0
 41
1.0
 50
0.0
 71
0
 42
2.5
  3
LiberationSerif-Bold.ttf
  4

  0
STYLE
  5
54
330
5
100
AcDbSymbolTableRecord
100
AcDbTextStyleTableRecord
  2
LiberationSerif-BoldItalic
 70
0
 40
0.0
 41
1.0
 50
0.0
 71
0
 42
2.5
  3
LiberationSerif-BoldItalic.ttf
  4

  0
STYLE
  5
55
330
5
100
AcDbSymbolTableRecord
100
AcDbTextStyleTableRecord
  2
LiberationSerif-Italic
 70
0
 40
0.0
 41
1.0
 50
0.0
 71
0
 42
2.5
  3
LiberationSerif-Italic.ttf
  4

  0
STYLE
  5
56
330
5
100
AcDbSymbolTableRecord
100
AcDbTextStyleTableRecord
  2
LiberationMono
 70
0
 40
0.0
 41
1.0
 50
0.0
 71
0
 42
2.5
  3
LiberationMono-Regular.ttf
  4

  0
STYLE
  5
57
330
5
100
AcDbSymbolTableRecord
100
AcDbTextStyleTableRecord
  2
LiberationMono-Bold
 70
0
 40
0.0
 41
1.0
 50
0.0
 71
0
 42
2.5
  3
LiberationMono-Bold.ttf
  4

  0
STYLE
  5
58
330
5
100
AcDbSymbolTableRecord
100
AcDbTextStyleTableRecord
  2
LiberationMono-BoldItalic
 70
0
 40
0.0
 41
1.0
 50
0.0
 71
0
 42
2.5
  3
LiberationMono-BoldItalic.ttf
  4

  0
STYLE
  5
59
330
5
100
AcDbSymbolTableRecord
100
AcDbTextStyleTableRecord
  2
LiberationMono-Italic
 70
0
 40
0.0
 41
1.0
 50
0.0
 71
0
 42
2.5
  3
LiberationMono-Italic.ttf
  4

  0
ENDTAB
  0
TABLE
  2
VIEW
  5
7
330
0
100
AcDbSymbolTable
 70
0
  0
ENDTAB
  0
TABLE
  2
UCS
  5
6
330
0
100
AcDbSymbolTable
 70
0
  0
ENDTAB
  0
TABLE
  2
APPID
  5
3
330
0
100
AcDbSymbolTable
 70
3
  0
APPID
  5
2A
330
3
100
AcDbSymbolTableRecord
100
AcDbRegAppTableRecord
  2
ACAD
 70
0
  0
APPID
  5
142D
330
3
100
AcDbSymbolTableRecord
100
AcDbRegAppTableRecord
  2
HATCHBACKGROUNDCOLOR
 70
0
  0
APPID
  5
142E
330
3
100
AcDbSymbolTableRecord
100
AcDbRegAppTableRecord
  2
EZDXF
 70
0
  0
ENDTAB
  0
TABLE
  2
DIMSTYLE
  5
4
330
0
100
AcDbSymbolTable
 70
12
100
AcDbDimStyleTable
  0
DIMSTYLE
105
2B
330
4
100
AcDbSymbolTableRecord
100
AcDbDimStyleTableRecord
  2
Standard
 70
0
 40
1.0
 41
2.5
 42
0.625
 43
3.75
 44
1.25
 45
0.0
 46
0.0
 47
0.0
 48
0.0
 49
2.5
140
2.5
141
2.5
142
0.0
143
0.03937007874
144
1.0
145
0.0
146
1.0
147
0.625
148
0.0
 69
0
 70
0
 71
0
 72
0
 73
0
 74
0
 75
0
 76
0
 77
1
 78
8
 79
3
170
0
171
3
172
1
173
0
174
0
175
0
176
0
177
0
178
0
179
2
271
2
272
2
273
2
274
3
275
0
276
0
277
2
278
44
279
0
280
0
281
0
282
0
283
0
284
8
285
0
286
0
288
0
289
3
290
0
371
-2
372
-2
  0
DIMSTYLE
105
73
330
4
100
AcDbSymbolTableRecord
100
AcDbDimStyleTableRecord
  2
EZDXF
 70
0
 40
1.0
 41
0.175
 42
0.125
 43
3.75
 44
0.375
 45
0.0
 46
0.0
 47
0.0
 48
0.0
 49
2.5
140
0.25
141
2.5
142
0.0
143
0.03937007874
144
100.0
145
0.0
146
0.5
147
0.1
148
0.0
 69
0
 70
0
 71
0
 72
0
 73
0
 74
0
 75
0
 76
0
 77
1
 78
12
 79
3
170
0
171
3
172
1
173
0
174
0
175
0
176
0
177
0
178
0
179
2
271
2
272
2
273
2
274
3
275
0
276
0
277
2
278
46
279
2
280
0
281
0
282
0
283
0
284
8
285
0
286
0
288
1
289
3
290
0
340
4C
342
74
371
-2
372
-2
  0
DIMSTYLE
105
7C
330
4
100
AcDbSymbolTableRecord
100
AcDbDimStyleTableRecord
  2
EZ_M_100_H25_CM
 70
0
 40
1.0
 41
0.25
 42
0.125
 43
3.75
 44
0.375
 45
0.0
 46
0.0
 47
0.0
 48
0.0
 49
2.5
140
0.25
141
2.5
142
0.125
143
0.03937007874
144
100.0
145
0.0
146
0.5
147
0.1
148
0.0
 69
0
 70
0
 71
0
 72
0
 73
0
 74
0
 75
0
 76
0
 77
1
 78
12
 79
3
170
0
171
3
172
1
173
0
174
0
175
0
176
0
177
0
178
0
179
2
271
2
272
2
273
2
274
3
275
0
276
0
277
2
278
46
279
2
280
0
281
0
282
0
283
0
284
8
285
0
286
0
288
1
289
3
290
0
340
4C
371
-2
372
-2
  0
DIMSTYLE
105
7D
330
4
100
AcDbSymbolTableRecord
100
AcDbDimStyleTableRecord
  2
EZ_M_50_H25_CM
 70
0
 40
1.0
 41
0.125
 42
0.0625
 43
3.75
 44
0.1875
 45
0.0
 46
0.0
 47
0.0
 48
0.0
 49
2.5
140
0.125
141
2.5
142
0.0625
143
0.03937007874
144
100.0
145
0.0
146
0.5
147
0.05
148
0.0
 69
0
 70
0
 71
0
 72
0
 73
0
 74
0
 75
0
 76
0
 77
1
 78
12
 79
3
170
0
171
3
172
1
173
0
174
0
175
0
176
0
177
0
178
0
179
2
271
2
272
2
273
2
274
3
275
0
276
0
277
2
278
46
279
2
280
0
281
0
282
0
283
0
284
8
285
0
286
0
288
1
289
3
290
0
340
4C
371
-2
372
-2
  0
DIMSTYLE
105
7E
330
4
100
AcDbSymbolTableRecord
100
AcDbDimStyleTableRecord
  2
EZ_M_25_H25_CM
 70
0
 40
1.0
 41
0.0625
 42
0.03125
 43
3.75
 44
0.09375
 45
0.0
 46
0.0
 47
0.0
 48
0.0
 49
2.5
140
0.0625
141
2.5
142
0.03125
143
0.03937007874
144
100.0
145
0.0
146
0.5
147
0.025
148
0.0
 69
0
 70
0
 71
0
 72
0
 73
0
 74
0
 75
0
 76
0
 77
1
 78
12
 79
3
170
0
171
3
172
1
173
0
174
0
175
0
176
0
177
0
178
0
179
2
271
2
272
2
273
2
274
3
275
0
276
0
277
2
278
46
279
2
280
0
281
0
282
0
283
0
284
8
285
0
286
0
288
1
289
3
290
0
340
4C
371
-2
372
-2
  0
DIMSTYLE
105
7F
330
4
100
AcDbSymbolTableRecord
100
AcDbDimStyleTableRecord
  2
EZ_M_20_H25_CM
 70
0
 40
1.0
 41
0.05
 42
0.025
 43
3.75
 44
0.07500000000000001
 45
0.0
 46
0.0
 47
0.0
 48
0.0
 49
2.5
140
0.05
141
2.5
142
0.025
143
0.03937007874
144
100.0
145
0.0
146
0.5
147
0.020000000000000004
148
0.0
 69
0
 70
0
 71
0
 72
0
 73
0
 74
0
 75
0
 76
0
 77
1
 78
12
 79
3
170
0
171
3
172
1
173
0
174
0
175
0
176
0
177
0
178
0
179
2
271
2
272
2
273
2
274
3
275
0
276
0
277
2
278
46
279
2
280
0
281
0
282
0
283
0
284
8
285
0
286
0
288
1
289
3
290
0
340
4C
371
-2
372
-2
  0
DIMSTYLE
105
80
330
4
100
AcDbSymbolTableRecord
100
AcDbDimStyleTableRecord
  2
EZ_M_10_H25_CM
 70
0
 40
1.0
 41
0.025
 42
0.0125
 43
3.75
 44
0.037500000000000006
 45
0.0
 46
0.0
 47
0.0
 48
0.0
 49
2.5
140
0.025
141
2.5
142
0.0125
143
0.03937007874
144
100.0
145
0.0
146
0.5
147
0.010000000000000002
148
0.0
 69
0
 70
0
 71
0
 72
0
 73
0
 74
0
 75
0
 76
0
 77
1
 78
12
 79
3
170
0
171
3
172
1
173
0
174
0
175
0
176
0
177
0
178
0
179
2
271
2
272
2
273
2
274
3
275
0
276
0
277
2
278
46
279
2
280
0
281
0
282
0
283
0
284
8
285
0
286
0
288
1
289
3
290
0
340
4C
371
-2
372
-2
  0
DIMSTYLE
105
81
330
4
100
AcDbSymbolTableRecord
100
AcDbDimStyleTableRecord
  2
EZ_M_5_H25_CM
 70
0
 40
1.0
 41
0.0125
 42
0.00625
 43
3.75
 44
0.018750000000000003
 45
0.0
 46
0.0
 47
0.0
 48
0.0
 49
2.5
140
0.0125
141
2.5
142
0.00625
143
0.03937007874
144
100.0
145
0.0
146
0.5
147
0.005000000000000001
148
0.0
 69
0
 70
0
 71
0
 72
0
 73
0
 74
0
 75
0
 76
0
 77
1
 78
12
 79
3
170
0
171
3
172
1
173
0
174
0
175
0
176
0
177
0
178
0
179
2
271
2
272
2
273
2
274
3
275
0
276
0
277
2
278
46
279
2
280
0
281
0
282
0
283
0
284
8
285
0
286
0
288
1
289
3
290
0
340
4C
371
-2
372
-2
  0
DIMSTYLE
105
82
330
4
100
AcDbSymbolTableRecord
100
AcDbDimStyleTableRecord
  2
EZ_M_1_H25_CM
 70
0
 40
1.0
 41
0.0025
 42
0.00125
 43
3.75
 44
0.00375
 45
0.0
 46
0.0
 47
0.0
 48
0.0
 49
2.5
140
0.0025
141
2.5
142
0.00125
143
0.03937007874
144
100.0
145
0.0
146
0.5
147
0.001
148
0.0
 69
0
 70
0
 71
0
 72
0
 73
0
 74
0
 75
0
 76
0
 77
1
 78
12
 79
3
170
0
171
3
172
1
173
0
174
0
175
0
176
0
177
0
178
0
179
2
271
2
272
2
273
2
274
3
275
0
276
0
277
2
278
46
279
2
280
0
281
0
282
0
283
0
284
8
285
0
286
0
288
1
289
3
290
0
340
4C
371
-2
372
-2
  0
DIMSTYLE
105
83
330
4
100
AcDbSymbolTableRecord
100
AcDbDimStyleTableRecord
  2
EZ_RADIUS
 70
0
 40
1.0
 41
0.25
 42
0.125
 43
3.75
 44
0.375
 45
0.0
 46
0.0
 47
0.0
 48
0.0
 49
2.5
140
0.25
141
0.0
142
0.0
143
0.03937007874
144
100.0
145
0.0
146
0.5
147
0.1
148
0.0
 69
0
 70
0
 71
0
 72
0
 73
0
 74
0
 75
0
 76
0
 77
1
 78
12
 79
3
170
0
171
3
172
0
173
0
174
0
175
0
176
0
177
0
178
0
179
2
271
2
272
2
273
2
274
3
275
0
276
0
277
2
278
46
279
1
280
0
281
0
282
0
283
0
284
8
285
0
286
0
288
1
289
3
290
0
340
4C
342
84
371
-2
372
-2
  0
DIMSTYLE
105
88
330
4
100
AcDbSymbolTableRecord
100
AcDbDimStyleTableRecord
  2
EZ_RADIUS_INSIDE
 70
0
 40
1.0
 41
0.25
 42
0.125
 43
3.75
 44
0.375
 45
0.0
 46
0.0
 47
0.0
 48
0.0
 49
2.5
140
0.25
141
0.0
142
0.0
143
0.03937007874
144
100.0
145
0.0
146
0.5
147
0.1
148
0.0
 69
0
 70
0
 71
0
 72
0
 73
0
 74
0
 75
0
 76
0
 77
0
 78
12
 79
3
170
0
171
3
172
0
173
0
174
1
175
0
176
0
177
0
178
0
179
2
271
2
272
2
273
2
274
3
275
0
276
0
277
2
278
46
279
0
280
0
281
0
282
0
283
0
284
8
285
0
286
0
288
1
289
0
290
0
340
4C
342
84
371
-2
372
-2
  0
DIMSTYLE
105
89
330
4
100
AcDbSymbolTableRecord
100
AcDbDimStyleTableRecord
  2
EZ_CURVED
 70
0
 40
1.0
 41
0.25
 42
0.125
 43
3.75
 44
0.375
 45
0.0
 46
0.0
 47
0.0
 48
0.0
 49
2.5
140
0.25
141
2.5
142
0.0
143
0.03937007874
144
100.0
145
0.0
146
0.5
147
0.1
148
0.0
 69
0
 70
0
 71
0
 72
0
 73
0
 74
0
 75
0
 76
0
 77
1
 78
12
 79
2
 90
2
170
0
171
3
172
1
173
0
174
0
175
0
176
0
177
0
178
0
179
2
271
2
272
2
273
2
274
3
275
0
276
0
277
2
278
46
279
2
280
0
281
0
282
0
283
0
284
8
285
0
286
0
288
1
289
3
290
0
340
4C
371
-2
372
-2
  0
ENDTAB
  0
TABLE
  2
BLOCK_RECORD
  5
9
330
0
100
AcDbSymbolTable
 70
6
  0
BLOCK_RECORD
  5
17
330
9
100
AcDbSymbolTableRecord
100
AcDbBlockTableRecord
  2
*Model_Space
340
1A
 70
0
280
1
281
0
  0
BLOCK_RECORD
  5
1B
330
9
100
AcDbSymbolTableRecord
100
AcDbBlockTableRecord
  2
*Paper_Space
340
1E
 70
0
280
1
281
0
  0
BLOCK_RECORD
  5
74
330
9
100
AcDbSymbolTableRecord
100
AcDbBlockTableRecord
  2
_ARCHTICK
340
0
 70
0
280
1
281
0
  0
BLOCK_RECORD
  5
78
330
9
100
AcDbSymbolTableRecord
100
AcDbBlockTableRecord
  2
_CLOSEDFILLED
340
0
 70
0
280
1
281
0
  0
BLOCK_RECORD
  5
84
330
9
100
AcDbSymbolTableRecord
100
AcDbBlockTableRecord
  2
_CLOSEDBLANK
340
0
 70
0
280
1
281
0
  0
BLOCK_RECORD
  5
708
330
9
100
AcDbSymbolTableRecord
100
AcDbBlockTableRecord
  2
*Paper_Space0
340
70B
 70
0
280
1
281
0
  0
ENDTAB
  0
ENDSEC
  0
SECTION
  2
BLOCKS
  0
BLOCK
  5
18
330
17
100
AcDbEntity
  8
0
100
AcDbBlockBegin
  2
*Model_Space
 70
0
 10
0.0
 20
0.0
 30
0.0
  3
*Model_Space
  1

  0
ENDBLK
  5
19
330
17
100
AcDbEntity
  8
0
100
AcDbBlockEnd
  0
BLOCK
  5
1C
330
1B
100
AcDbEntity
  8
0
100
AcDbBlockBegin
  2
*Paper_Space
 70
0
 10
0.0
 20
0.0
 30
0.0
  3
*Paper_Space
  1

  0
ENDBLK
  5
1D
330
1B
100
AcDbEntity
  8
0
100
AcDbBlockEnd
  0
BLOCK
  5
75
330
74
100
AcDbEntity
  8
0
100
AcDbBlockBegin
  2
_ARCHTICK
 70
0
 10
0.0
 20
0.0
 30
0.0
  3
_ARCHTICK
  1

  0
LWPOLYLINE
  5
77
330
74
100
AcDbEntity
  8
0
  6
BYBLOCK
 62
0
100
AcDbPolyline
 90
2
 70
0
 43
0.15
 10
-0.5
 20
-0.5
 10
0.5
 20
0.5
  0
ENDBLK
  5
76
330
74
100
AcDbEntity
  8
0
100
AcDbBlockEnd
  0
BLOCK
  5
79
330
78
100
AcDbEntity
  8
0
100
AcDbBlockBegin
  2
_CLOSEDFILLED
 70
0
 10
0.0
 20
0.0
 30
0.0
  3
_CLOSEDFILLED
  1

  0
SOLID
  5
7B
330
78
100
AcDbEntity
  8
0
  6
BYBLOCK
 62
0
100
AcDbTrace
 10
-1.0
 20
0.16439898372402537
 30
0.0
 11
0.0
 21
0.0
 31
0.0
 12
-1.0
 22
-0.16439898372402537
 32
0.0
 13
-1.0
 23
-0.16439898372402537
 33
0.0
  0
ENDBLK
  5
7A
330
78
100
AcDbEntity
  8
0
100
AcDbBlockEnd
  0
BLOCK
  5
85
330
84
100
AcDbEntity
  8
0
100
AcDbBlockBegin
  2
_CLOSEDBLANK
 70
0
 10
0.0
 20
0.0
 30
0.0
  3
_CLOSEDBLANK
  1

  0
LWPOLYLINE
  5
87
330
84
100
AcDbEntity
  8
0
  6
BYBLOCK
 62
0
100
AcDbPolyline
 90
3
 70
1
 10
-1.0
 20
0.16439898372402537
 10
0.0
 20
0.0
 10
-1.0
 20
-0.16439898372402537
  0
ENDBLK
  5
86
330
84
100
AcDbEntity
  8
0
100
AcDbBlockEnd
  0
BLOCK
  5
709
330
708
100
AcDbEntity
  8
0
100
AcDbBlockBegin
  2
*Paper_Space0
 70
0
 10
0.0
 20
0.0
 30
0.0
  3
*Paper_Space0
  1

  0
VIEWPORT
  5
70C
330
708
100
AcDbEntity
 67
1
  8
VIEWPORTS
100
AcDbViewport
 10
353.5
 20
250.0
 30
0.0
 40
777.7
 41
550.0
 68
1
 69
1
 12
353.5
 22
250.0
 13
0.0
 23
0.0
 14
10.0
 24
10.0
 15
10.0
 25
10.0
 16
0.0
 26
0.0
 36
1.0
 17
0.0
 27
0.0
 37
0.0
 42
50.0
 43
0.0
 44
0.0
 45
550.0
 50
0.0
 51
0.0
 72
100
 90
557088
  1

281
0
 71
0
 74
0
110
0.0
120
0.0
130
0.0
111
1.0
121
0.0
131
0.0
112
0.0
122
1.0
132
0.0
 79
0
146
0.0
282
0
  0
LWPOLYLINE
  5
70D
330
708
100
AcDbEntity
 67
1
  8
MARCO
 62
7
370
30
100
AcDbPolyline
 90
4
 70
1
 10
7.0
 20
7.0
 10
700.0
 20
7.0
 10
700.0
 20
493.0
 10
7.0
 20
493.0
  0
TEXT
  5
70E
330
708
100
AcDbEntity
 67
1
  8
TEXTO
 62
7
100
AcDbText
 10
353.5
 20
488.0
 30
0.0
 40
5.0
  1
DESPIECE DE VIGAS DE RIGIDEZ — RIGIDEZ-02
 72
1
 11
353.5
 21
488.0
 31
0.0
100
AcDbText
 73
2
  0
TEXT
  5
70F
330
708
100
AcDbEntity
 67
1
  8
TEXTO
 62
7
100
AcDbText
 10
353.5
 20
478.0
 30
0.0
 40
2.5
  1
UNA VIGA TIPO POR GRUPO | ARMADURAS TOMADAS DEL EXCEL DE DISEÑO
 72
1
 11
353.5
 21
478.0
 31
0.0
100
AcDbText
 73
2
  0
LINE
  5
710
330
708
100
AcDbEntity
 67
1
  8
MARCO
 62
7
370
25
100
AcDbLine
 10
10.0
 20
470.0
 30
0.0
 11
697.0
 21
470.0
 31
0.0
  0
LWPOLYLINE
  5
711
330
708
100
AcDbEntity
 67
1
  8
MARCO
 62
7
370
25
100
AcDbPolyline
 90
4
 70
1
 10
10.0
 20
336.7
 10
50.0
 20
336.7
 10
50.0
 20
386.7
 10
10.0
 20
386.7
  0
TEXT
  5
712
330
708
100
AcDbEntity
 67
1
  8
TEXTO
 62
7
100
AcDbText
 10
30.0
 20
380.7
 30
0.0
 40
2.8
  1
VIGA VR3
 72
1
 11
30.0
 21
380.7
 31
0.0
100
AcDbText
 73
2
  0
TEXT
  5
713
330
708
100
AcDbEntity
 67
1
  8
TEXTO
 62
7
100
AcDbText
 10
30.0
 20
373.7
 30
0.0
 40
2.5
  1
EJE c
 72
1
 11
30.0
 21
373.7
 31
0.0
100
AcDbText
 73
2
  0
TEXT
  5
714
330
708
100
AcDbEntity
 67
1
  8
TEXTO
 62
7
100
AcDbText
 10
30.0
 20
366.7
 30
0.0
 40
2.2
  1
500x550 mm
 72
1
 11
30.0
 21
366.7
 31
0.0
100
AcDbText
 73
2
  0
TEXT
  5
715
330
708
100
AcDbEntity
 67
1
  8
TEXTO
100
AcDbText
 10
13.0
 20
358.7
 30
0.0
 40
2.0
  1
SUP 5#5
 11
13.0
 21
358.7
 31
0.0
100
AcDbText
  0
TEXT
  5
716
330
708
100
AcDbEntity
 67
1
  8
TEXTO
100
AcDbText
 10
13.0
 20
352.7
 30
0.0
 40
2.0
  1
INF 5#5
 11
13.0
 21
352.7
 31
0.0
100
AcDbText
  0
TEXT
  5
717
330
708
100
AcDbEntity
 67
1
  8
TEXTO
100
AcDbText
 10
13.0
 20
346.7
 30
0.0
 40
2.0
  1
TOR 16#5
 11
13.0
 21
346.7
 31
0.0
100
AcDbText
  0
TEXT
  5
718
330
708
100
AcDbEntity
 67
1
  8
TEXTO
100
AcDbText
 10
13.0
 20
340.7
 30
0.0
 40
1.8
  1
z=3.5 m
 11
13.0
 21
340.7
 31
0.0
100
AcDbText
  0
LWPOLYLINE
  5
719
330
708
100
AcDbEntity
 67
1
  8
CONTORNO
 62
7
370
25
100
AcDbPolyline
 90
4
 70
1
 10
57.05
 20
351.7
 10
449.05
 20
351.7
 10
449.05
 20
382.25555555555553
 10
57.05
 20
382.25555555555553
  0
LWPOLYLINE
  5
71A
330
708
100
AcDbEntity
 67
1
  8
APOYOS
 62
9
370
15
100
AcDbPolyline
 90
4
 70
1
 10
54.55
 20
347.7
 10
59.55
 20
347.7
 10
59.55
 20
386.25555555555553
 10
54.55
 20
386.25555555555553
  0
LINE
  5
71B
330
708
100
AcDbEntity
 67
1
  8
EJES
  6
DASHED
 62
1
370
9
100
AcDbLine
 10
57.05
 20
340.7
 30
0.0
 11
57.05
 21
398.25555555555553
 31
0.0
  0
CIRCLE
  5
71C
330
708
100
AcDbEntity
 67
1
  8
EJES
 62
1
370
18
100
AcDbCircle
 10
57.05
 20
394.25555555555553
 30
0.0
 40
3.5
  0
TEXT
  5
71D
330
708
100
AcDbEntity
 67
1
  8
EJES
 62
1
100
AcDbText
 10
57.05
 20
394.25555555555553
 30
0.0
 40
2.5
  1
14
 72
1
 11
57.05
 21
394.25555555555553
 31
0.0
100
AcDbText
 73
2
  0
LWPOLYLINE
  5
71E
330
708
100
AcDbEntity
 67
1
  8
APOYOS
 62
9
370
15
100
AcDbPolyline
 90
4
 70
1
 10
69.55
 20
347.7
 10
74.55
 20
347.7
 10
74.55
 20
386.25555555555553
 10
69.55
 20
386.25555555555553
  0
LINE
  5
71F
330
708
100
AcDbEntity
 67
1
  8
EJES
  6
DASHED
 62
1
370
9
100
AcDbLine
 10
72.05
 20
340.7
 30
0.0
 11
72.05
 21
406.25555555555553
 31
0.0
  0
CIRCLE
  5
720
330
708
100
AcDbEntity
 67
1
  8
EJES
 62
1
370
18
100
AcDbCircle
 10
72.05
 20
402.25555555555553
 30
0.0
 40
3.5
  0
TEXT
  5
721
330
708
100
AcDbEntity
 67
1
  8
EJES
 62
1
100
AcDbText
 10
72.05
 20
402.25555555555553
 30
0.0
 40
2.5
  1
1
 72
1
 11
72.05
 21
402.25555555555553
 31
0.0
100
AcDbText
 73
2
  0
LWPOLYLINE
  5
722
330
708
100
AcDbEntity
 67
1
  8
APOYOS
 62
9
370
15
100
AcDbPolyline
 90
4
 70
1
 10
102.55
 20
347.7
 10
107.55
 20
347.7
 10
107.55
 20
386.25555555555553
 10
102.55
 20
386.25555555555553
  0
LINE
  5
723
330
708
100
AcDbEntity
 67
1
  8
EJES
  6
DASHED
 62
1
370
9
100
AcDbLine
 10
105.05
 20
340.7
 30
0.0
 11
105.05
 21
398.25555555555553
 31
0.0
  0
CIRCLE
  5
724
330
708
100
AcDbEntity
 67
1
  8
EJES
 62
1
370
18
100
AcDbCircle
 10
105.05
 20
394.25555555555553
 30
0.0
 40
3.5
  0
TEXT
  5
725
330
708
100
AcDbEntity
 67
1
  8
EJES
 62
1
100
AcDbText
 10
105.05
 20
394.25555555555553
 30
0.0
 40
2.5
  1
3.30
 72
1
 11
105.05
 21
394.25555555555553
 31
0.0
100
AcDbText
 73
2
  0
LWPOLYLINE
  5
726
330
708
100
AcDbEntity
 67
1
  8
APOYOS
 62
9
370
15
100
AcDbPolyline
 90
4
 70
1
 10
132.05
 20
347.7
 10
137.05
 20
347.7
 10
137.05
 20
386.25555555555553
 10
132.05
 20
386.25555555555553
  0
LINE
  5
727
330
708
100
AcDbEntity
 67
1
  8
EJES
  6
DASHED
 62
1
370
9
100
AcDbLine
 10
134.55
 20
340.7
 30
0.0
 11
134.55
 21
406.25555555555553
 31
0.0
  0
CIRCLE
  5
728
330
708
100
AcDbEntity
 67
1
  8
EJES
 62
1
370
18
100
AcDbCircle
 10
134.55
 20
402.25555555555553
 30
0.0
 40
3.5
  0
TEXT
  5
729
330
708
100
AcDbEntity
 67
1
  8
EJES
 62
1
100
AcDbText
 10
134.55
 20
402.25555555555553
 30
0.0
 40
2.5
  1
3
 72
1
 11
134.55
 21
402.25555555555553
 31
0.0
100
AcDbText
 73
2
  0
LWPOLYLINE
  5
72A
330
708
100
AcDbEntity
 67
1
  8
APOYOS
 62
9
370
15
100
AcDbPolyline
 90
4
 70
1
 10
158.05
 20
347.7
 10
163.05
 20
347.7
 10
163.05
 20
386.25555555555553
 10
158.05
 20
386.25555555555553
  0
LINE
  5
72B
330
708
100
AcDbEntity
 67
1
  8
EJES
  6
DASHED
 62
1
370
9
100
AcDbLine
 10
160.55
 20
340.7
 30
0.0
 11
160.55
 21
398.25555555555553
 31
0.0
  0
CIRCLE
  5
72C
330
708
100
AcDbEntity
 67
1
  8
EJES
 62
1
370
18
100
AcDbCircle
 10
160.55
 20
394.25555555555553
 30
0.0
 40
3.5
  0
TEXT
  5
72D
330
708
100
AcDbEntity
 67
1
  8
EJES
 62
1
100
AcDbText
 10
160.55
 20
394.25555555555553
 30
0.0
 40
2.5
  1
4
 72
1
 11
160.55
 21
394.25555555555553
 31
0.0
100
AcDbText
 73
2
  0
LWPOLYLINE
  5
72E
330
708
100
AcDbEntity
 67
1
  8
APOYOS
 62
9
370
15
100
AcDbPolyline
 90
4
 70
1
 10
183.05
 20
347.7
 10
188.05
 20
347.7
 10
188.05
 20
386.25555555555553
 10
183.05
 20
386.25555555555553
  0
LINE
  5
72F
330
708
100
AcDbEntity
 67
1
  8
EJES
  6
DASHED
 62
1
370
9
100
AcDbLine
 10
185.55
 20
340.7
 30
0.0
 11
185.55
 21
406.25555555555553
 31
0.0
  0
CIRCLE
  5
730
330
708
100
AcDbEntity
 67
1
  8
EJES
 62
1
370
18
100
AcDbCircle
 10
185.55
 20
402.25555555555553
 30
0.0
 40
3.5
  0
TEXT
  5
731
330
708
100
AcDbEntity
 67
1
  8
EJES
 62
1
100
AcDbText
 10
185.55
 20
402.25555555555553
 30
0.0
 40
2.5
  1
5
 72
1
 11
185.55
 21
402.25555555555553
 31
0.0
100
AcDbText
 73
2
  0
LWPOLYLINE
  5
732
330
708
100
AcDbEntity
 67
1
  8
APOYOS
 62
9
370
15
100
AcDbPolyline
 90
4
 70
1
 10
223.05
 20
347.7
 10
228.05
 20
347.7
 10
228.05
 20
386.25555555555553
 10
223.05
 20
386.25555555555553
  0
LINE
  5
733
330
708
100
AcDbEntity
 67
1
  8
EJES
  6
DASHED
 62
1
370
9
100
AcDbLine
 10
225.55
 20
340.7
 30
0.0
 11
225.55
 21
398.25555555555553
 31
0.0
  0
CIRCLE
  5
734
330
708
100
AcDbEntity
 67
1
  8
EJES
 62
1
370
18
100
AcDbCircle
 10
225.55
 20
394.25555555555553
 30
0.0
 40
3.5
  0
TEXT
  5
735
330
708
100
AcDbEntity
 67
1
  8
EJES
 62
1
100
AcDbText
 10
225.55
 20
394.25555555555553
 30
0.0
 40
2.5
  1
6
 72
1
 11
225.55
 21
394.25555555555553
 31
0.0
100
AcDbText
 73
2
  0
LWPOLYLINE
  5
736
330
708
100
AcDbEntity
 67
1
  8
APOYOS
 62
9
370
15
100
AcDbPolyline
 90
4
 70
1
 10
251.05
 20
347.7
 10
256.05
 20
347.7
 10
256.05
 20
386.25555555555553
 10
251.05
 20
386.25555555555553
  0
LINE
  5
737
330
708
100
AcDbEntity
 67
1
  8
EJES
  6
DASHED
 62
1
370
9
100
AcDbLine
 10
253.55
 20
340.7
 30
0.0
 11
253.55
 21
406.25555555555553
 31
0.0
  0
CIRCLE
  5
738
330
708
100
AcDbEntity
 67
1
  8
EJES
 62
1
370
18
100
AcDbCircle
 10
253.55
 20
402.25555555555553
 30
0.0
 40
3.5
  0
TEXT
  5
739
330
708
100
AcDbEntity
 67
1
  8
EJES
 62
1
100
AcDbText
 10
253.55
 20
402.25555555555553
 30
0.0
 40
2.5
  1
7
 72
1
 11
253.55
 21
402.25555555555553
 31
0.0
100
AcDbText
 73
2
  0
LWPOLYLINE
  5
73A
330
708
100
AcDbEntity
 67
1
  8
APOYOS
 62
9
370
15
100
AcDbPolyline
 90
4
 70
1
 10
278.05
 20
347.7
 10
283.05
 20
347.7
 10
283.05
 20
386.25555555555553
 10
278.05
 20
386.25555555555553
  0
LINE
  5
73B
330
708
100
AcDbEntity
 67
1
  8
EJES
  6
DASHED
 62
1
370
9
100
AcDbLine
 10
280.55
 20
340.7
 30
0.0
 11
280.55
 21
398.25555555555553
 31
0.0
  0
CIRCLE
  5
73C
330
708
100
AcDbEntity
 67
1
  8
EJES
 62
1
370
18
100
AcDbCircle
 10
280.55
 20
394.25555555555553
 30
0.0
 40
3.5
  0
TEXT
  5
73D
330
708
100
AcDbEntity
 67
1
  8
EJES
 62
1
100
AcDbText
 10
280.55
 20
394.25555555555553
 30
0.0
 40
2.5
  1
8
 72
1
 11
280.55
 21
394.25555555555553
 31
0.0
100
AcDbText
 73
2
  0
LWPOLYLINE
  5
73E
330
708
100
AcDbEntity
 67
1
  8
APOYOS
 62
9
370
15
100
AcDbPolyline
 90
4
 70
1
 10
318.05
 20
347.7
 10
323.05
 20
347.7
 10
323.05
 20
386.25555555555553
 10
318.05
 20
386.25555555555553
  0
LINE
  5
73F
330
708
100
AcDbEntity
 67
1
  8
EJES
  6
DASHED
 62
1
370
9
100
AcDbLine
 10
320.55
 20
340.7
 30
0.0
 11
320.55
 21
406.25555555555553
 31
0.0
  0
CIRCLE
  5
740
330
708
100
AcDbEntity
 67
1
  8
EJES
 62
1
370
18
100
AcDbCircle
 10
320.55
 20
402.25555555555553
 30
0.0
 40
3.5
  0
TEXT
  5
741
330
708
100
AcDbEntity
 67
1
  8
EJES
 62
1
100
AcDbText
 10
320.55
 20
402.25555555555553
 30
0.0
 40
2.5
  1
9
 72
1
 11
320.55
 21
402.25555555555553
 31
0.0
100
AcDbText
 73
2
  0
LWPOLYLINE
  5
742
330
708
100
AcDbEntity
 67
1
  8
APOYOS
 62
9
370
15
100
AcDbPolyline
 90
4
 70
1
 10
343.05
 20
347.7
 10
348.05
 20
347.7
 10
348.05
 20
386.25555555555553
 10
343.05
 20
386.25555555555553
  0
LINE
  5
743
330
708
100
AcDbEntity
 67
1
  8
EJES
  6
DASHED
 62
1
370
9
100
AcDbLine
 10
345.55
 20
340.7
 30
0.0
 11
345.55
 21
398.25555555555553
 31
0.0
  0
CIRCLE
  5
744
330
708
100
AcDbEntity
 67
1
  8
EJES
 62
1
370
18
100
AcDbCircle
 10
345.55
 20
394.25555555555553
 30
0.0
 40
3.5
  0
TEXT
  5
745
330
708
100
AcDbEntity
 67
1
  8
EJES
 62
1
100
AcDbText
 10
345.55
 20
394.25555555555553
 30
0.0
 40
2.5
  1
10
 72
1
 11
345.55
 21
394.25555555555553
 31
0.0
100
AcDbText
 73
2
  0
LWPOLYLINE
  5
746
330
708
100
AcDbEntity
 67
1
  8
APOYOS
 62
9
370
15
100
AcDbPolyline
 90
4
 70
1
 10
369.05
 20
347.7
 10
374.05
 20
347.7
 10
374.05
 20
386.25555555555553
 10
369.05
 20
386.25555555555553
  0
LINE
  5
747
330
708
100
AcDbEntity
 67
1
  8
EJES
  6
DASHED
 62
1
370
9
100
AcDbLine
 10
371.55
 20
340.7
 30
0.0
 11
371.55
 21
406.25555555555553
 31
0.0
  0
CIRCLE
  5
748
330
708
100
AcDbEntity
 67
1
  8
EJES
 62
1
370
18
100
AcDbCircle
 10
371.55
 20
402.25555555555553
 30
0.0
 40
3.5
  0
TEXT
  5
749
330
708
100
AcDbEntity
 67
1
  8
EJES
 62
1
100
AcDbText
 10
371.55
 20
402.25555555555553
 30
0.0
 40
2.5
  1
11
 72
1
 11
371.55
 21
402.25555555555553
 31
0.0
100
AcDbText
 73
2
  0
LWPOLYLINE
  5
74A
330
708
100
AcDbEntity
 67
1
  8
APOYOS
 62
9
370
15
100
AcDbPolyline
 90
4
 70
1
 10
398.55
 20
347.7
 10
403.55
 20
347.7
 10
403.55
 20
386.25555555555553
 10
398.55
 20
386.25555555555553
  0
LINE
  5
74B
330
708
100
AcDbEntity
 67
1
  8
EJES
  6
DASHED
 62
1
370
9
100
AcDbLine
 10
401.05
 20
340.7
 30
0.0
 11
401.05
 21
398.25555555555553
 31
0.0
  0
CIRCLE
  5
74C
330
708
100
AcDbEntity
 67
1
  8
EJES
 62
1
370
18
100
AcDbCircle
 10
401.05
 20
394.25555555555553
 30
0.0
 40
3.5
  0
TEXT
  5
74D
330
708
100
AcDbEntity
 67
1
  8
EJES
 62
1
100
AcDbText
 10
401.05
 20
394.25555555555553
 30
0.0
 40
2.5
  1
32.90
 72
1
 11
401.05
 21
394.25555555555553
 31
0.0
100
AcDbText
 73
2
  0
LWPOLYLINE
  5
74E
330
708
100
AcDbEntity
 67
1
  8
APOYOS
 62
9
370
15
100
AcDbPolyline
 90
4
 70
1
 10
431.55
 20
347.7
 10
436.55
 20
347.7
 10
436.55
 20
386.25555555555553
 10
431.55
 20
386.25555555555553
  0
LINE
  5
74F
330
708
100
AcDbEntity
 67
1
  8
EJES
  6
DASHED
 62
1
370
9
100
AcDbLine
 10
434.05
 20
340.7
 30
0.0
 11
434.05
 21
406.25555555555553
 31
0.0
  0
CIRCLE
  5
750
330
708
100
AcDbEntity
 67
1
  8
EJES
 62
1
370
18
100
AcDbCircle
 10
434.05
 20
402.25555555555553
 30
0.0
 40
3.5
  0
TEXT
  5
751
330
708
100
AcDbEntity
 67
1
  8
EJES
 62
1
100
AcDbText
 10
434.05
 20
402.25555555555553
 30
0.0
 40
2.5
  1
13
 72
1
 11
434.05
 21
402.25555555555553
 31
0.0
100
AcDbText
 73
2
  0
LWPOLYLINE
  5
752
330
708
100
AcDbEntity
 67
1
  8
APOYOS
 62
9
370
15
100
AcDbPolyline
 90
4
 70
1
 10
446.55
 20
347.7
 10
451.55
 20
347.7
 10
451.55
 20
386.25555555555553
 10
446.55
 20
386.25555555555553
  0
LINE
  5
753
330
708
100
AcDbEntity
 67
1
  8
EJES
  6
DASHED
 62
1
370
9
100
AcDbLine
 10
449.05
 20
340.7
 30
0.0
 11
449.05
 21
398.25555555555553
 31
0.0
  0
CIRCLE
  5
754
330
708
100
AcDbEntity
 67
1
  8
EJES
 62
1
370
18
100
AcDbCircle
 10
449.05
 20
394.25555555555553
 30
0.0
 40
3.5
  0
TEXT
  5
755
330
708
100
AcDbEntity
 67
1
  8
EJES
 62
1
100
AcDbText
 10
449.05
 20
394.25555555555553
 30
0.0
 40
2.5
  1
15
 72
1
 11
449.05
 21
394.25555555555553
 31
0.0
100
AcDbText
 73
2
  0
LINE
  5
756
330
708
100
AcDbEntity
 67
1
  8
ESTRIBOS
 62
8
370
9
100
AcDbLine
 10
57.55
 20
352.7
 30
0.0
 11
57.55
 21
381.25555555555553
 31
0.0
  0
LINE
  5
757
330
708
100
AcDbEntity
 67
1
  8
ESTRIBOS
 62
8
370
9
100
AcDbLine
 10
58.35
 20
352.7
 30
0.0
 11
58.35
 21
381.25555555555553
 31
0.0
  0
LINE
  5
758
330
708
100
AcDbEntity
 67
1
  8
ESTRIBOS
 62
8
370
9
100
AcDbLine
 10
59.15
 20
352.7
 30
0.0
 11
59.15
 21
381.25555555555553
 31
0.0
  0
LINE
  5
759
330
708
100
AcDbEntity
 67
1
  8
ESTRIBOS
 62
8
370
9
100
AcDbLine
 10
59.95
 20
352.7
 30
0.0
 11
59.95
 21
381.25555555555553
 31
0.0
  0
LINE
  5
75A
330
708
100
AcDbEntity
 67
1
  8
ESTRIBOS
 62
8
370
9
100
AcDbLine
 10
60.75
 20
352.7
 30
0.0
 11
60.75
 21
381.25555555555553
 31
0.0
  0
LINE
  5
75B
330
708
100
AcDbEntity
 67
1
  8
ESTRIBOS
 62
8
370
9
100
AcDbLine
 10
61.55
 20
352.7
 30
0.0
 11
61.55
 21
381.25555555555553
 31
0.0
  0
LINE
  5
75C
330
708
100
AcDbEntity
 67
1
  8
ESTRIBOS
 62
8
370
9
100
AcDbLine
 10
62.35
 20
352.7
 30
0.0
 11
62.35
 21
381.25555555555553
 31
0.0
  0
LINE
  5
75D
330
708
100
AcDbEntity
 67
1
  8
ESTRIBOS
 62
8
370
9
100
AcDbLine
 10
63.15
 20
352.7
 30
0.0
 11
63.15
 21
381.25555555555553
 31
0.0
  0
LINE
  5
75E
330
708
100
AcDbEntity
 67
1
  8
ESTRIBOS
 62
8
370
9
100
AcDbLine
 10
63.95
 20
352.7
 30
0.0
 11
63.95
 21
381.25555555555553
 31
0.0
  0
LINE
  5
75F
330
708
100
AcDbEntity
 67
1
  8
ESTRIBOS
 62
8
370
9
100
AcDbLine
 10
65.15
 20
352.7
 30
0.0
 11
65.15
 21
381.25555555555553
 31
0.0
  0
LINE
  5
760
330
708
100
AcDbEntity
 67
1
  8
ESTRIBOS
 62
8
370
9
100
AcDbLine
 10
65.95
 20
352.7
 30
0.0
 11
65.95
 21
381.25555555555553
 31
0.0
  0
LINE
  5
761
330
708
100
AcDbEntity
 67
1
  8
ESTRIBOS
 62
8
370
9
100
AcDbLine
 10
66.75
 20
352.7
 30
0.0
 11
66.75
 21
381.25555555555553
 31
0.0
  0
LINE
  5
762
330
708
100
AcDbEntity
 67
1
  8
ESTRIBOS
 62
8
370
9
100
AcDbLine
 10
67.55
 20
352.7
 30
0.0
 11
67.55
 21
381.25555555555553
 31
0.0
  0
LINE
  5
763
330
708
100
AcDbEntity
 67
1
  8
ESTRIBOS
 62
8
370
9
100
AcDbLine
 10
68.35
 20
352.7
 30
0.0
 11
68.35
 21
381.25555555555553
 31
0.0
  0
LINE
  5
764
330
708
100
AcDbEntity
 67
1
  8
ESTRIBOS
 62
8
370
9
100
AcDbLine
 10
69.15
 20
352.7
 30
0.0
 11
69.15
 21
381.25555555555553
 31
0.0
  0
LINE
  5
765
330
708
100
AcDbEntity
 67
1
  8
ESTRIBOS
 62
8
370
9
100
AcDbLine
 10
69.95
 20
352.7
 30
0.0
 11
69.95
 21
381.25555555555553
 31
0.0
  0
LINE
  5
766
330
708
100
AcDbEntity
 67
1
  8
ESTRIBOS
 62
8
370
9
100
AcDbLine
 10
70.75
 20
352.7
 30
0.0
 11
70.75
 21
381.25555555555553
 31
0.0
  0
LINE
  5
767
330
708
100
AcDbEntity
 67
1
  8
ESTRIBOS
 62
8
370
9
100
AcDbLine
 10
71.55
 20
352.7
 30
0.0
 11
71.55
 21
381.25555555555553
 31
0.0
  0
TEXT
  5
768
330
708
100
AcDbEntity
 67
1
  8
ESTRIBOS
 62
8
100
AcDbText
 10
64.55
 20
366.17777777777775
 30
0.0
 40
1.6
  1
Nº4 4R @80/@80
 72
1
 11
64.55
 21
366.17777777777775
 31
0.0
100
AcDbText
 73
2
  0
LINE
  5
769
330
708
100
AcDbEntity
 67
1
  8
ESTRIBOS
 62
8
370
9
100
AcDbLine
 10
72.55
 20
352.7
 30
0.0
 11
72.55
 21
381.25555555555553
 31
0.0
  0
LINE
  5
76A
330
708
100
AcDbEntity
 67
1
  8
ESTRIBOS
 62
8
370
9
100
AcDbLine
 10
73.35
 20
352.7
 30
0.0
 11
73.35
 21
381.25555555555553
 31
0.0
  0
LINE
  5
76B
330
708
100
AcDbEntity
 67
1
  8
ESTRIBOS
 62
8
370
9
100
AcDbLine
 10
74.15
 20
352.7
 30
0.0
 11
74.15
 21
381.25555555555553
 31
0.0
  0
LINE
  5
76C
330
708
100
AcDbEntity
 67
1
  8
ESTRIBOS
 62
8
370
9
100
AcDbLine
 10
74.95
 20
352.7
 30
0.0
 11
74.95
 21
381.25555555555553
 31
0.0
  0
LINE
  5
76D
330
708
100
AcDbEntity
 67
1
  8
ESTRIBOS
 62
8
370
9
100
AcDbLine
 10
75.75
 20
352.7
 30
0.0
 11
75.75
 21
381.25555555555553
 31
0.0
  0
LINE
  5
76E
330
708
100
AcDbEntity
 67
1
  8
ESTRIBOS
 62
8
370
9
100
AcDbLine
 10
76.55
 20
352.7
 30
0.0
 11
76.55
 21
381.25555555555553
 31
0.0
  0
LINE
  5
76F
330
708
100
AcDbEntity
 67
1
  8
ESTRIBOS
 62
8
370
9
100
AcDbLine
 10
77.35
 20
352.7
 30
0.0
 11
77.35
 21
381.25555555555553
 31
0.0
  0
LINE
  5
770
330
708
100
AcDbEntity
 67
1
  8
ESTRIBOS
 62
8
370
9
100
AcDbLine
 10
78.15
 20
352.7
 30
0.0
 11
78.15
 21
381.25555555555553
 31
0.0
  0
LINE
  5
771
330
708
100
AcDbEntity
 67
1
  8
ESTRIBOS
 62
8
370
9
100
AcDbLine
 10
78.95
 20
352.7
 30
0.0
 11
78.95
 21
381.25555555555553
 31
0.0
  0
LINE
  5
772
330
708
100
AcDbEntity
 67
1
  8
ESTRIBOS
 62
8
370
9
100
AcDbLine
 10
79.75
 20
352.7
 30
0.0
 11
79.75
 21
381.25555555555553
 31
0.0
  0
LINE
  5
773
330
708
100
AcDbEntity
 67
1
  8
ESTRIBOS
 62
8
370
9
100
AcDbLine
 10
80.55
 20
352.7
 30
0.0
 11
80.55
 21
381.25555555555553
 31
0.0
  0
LINE
  5
774
330
708
100
AcDbEntity
 67
1
  8
ESTRIBOS
 62
8
370
9
100
AcDbLine
 10
81.35
 20
352.7
 30
0.0
 11
81.35
 21
381.25555555555553
 31
0.0
  0
LINE
  5
775
330
708
100
AcDbEntity
 67
1
  8
ESTRIBOS
 62
8
370
9
100
AcDbLine
 10
82.15
 20
352.7
 30
0.0
 11
82.15
 21
381.25555555555553
 31
0.0
  0
LINE
  5
776
330
708
100
AcDbEntity
 67
1
  8
ESTRIBOS
 62
8
370
9
100
AcDbLine
 10
82.95
 20
352.7
 30
0.0
 11
82.95
 21
381.25555555555553
 31
0.0
  0
LINE
  5
777
330
708
100
AcDbEntity
 67
1
  8
ESTRIBOS
 62
8
370
9
100
AcDbLine
 10
83.85
 20
352.7
 30
0.0
 11
83.85
 21
381.25555555555553
 31
0.0
  0
LINE
  5
778
330
708
100
AcDbEntity
 67
1
  8
ESTRIBOS
 62
8
370
9
100
AcDbLine
 10
84.65
 20
352.7
 30
0.0
 11
84.65
 21
381.25555555555553
 31
0.0
  0
LINE
  5
779
330
708
100
AcDbEntity
 67
1
  8
ESTRIBOS
 62
8
370
9
100
AcDbLine
 10
85.45
 20
352.7
 30
0.0
 11
85.45
 21
381.25555555555553
 31
0.0
  0
LINE
  5
77A
330
708
100
AcDbEntity
 67
1
  8
ESTRIBOS
 62
8
370
9
100
AcDbLine
 10
86.25
 20
352.7
 30
0.0
 11
86.25
 21
381.25555555555553
 31
0.0
  0
LINE
  5
77B
330
708
100
AcDbEntity
 67
1
  8
ESTRIBOS
 62
8
370
9
100
AcDbLine
 10
87.05
 20
352.7
 30
0.0
 11
87.05
 21
381.25555555555553
 31
0.0
  0
LINE
  5
77C
330
708
100
AcDbEntity
 67
1
  8
ESTRIBOS
 62
8
370
9
100
AcDbLine
 10
87.85
 20
352.7
 30
0.0
 11
87.85
 21
381.25555555555553
 31
0.0
  0
LINE
  5
77D
330
708
100
AcDbEntity
 67
1
  8
ESTRIBOS
 62
8
370
9
100
AcDbLine
 10
88.65
 20
352.7
 30
0.0
 11
88.65
 21
381.25555555555553
 31
0.0
  0
LINE
  5
77E
330
708
100
AcDbEntity
 67
1
  8
ESTRIBOS
 62
8
370
9
100
AcDbLine
 10
89.45
 20
352.7
 30
0.0
 11
89.45
 21
381.25555555555553
 31
0.0
  0
LINE
  5
77F
330
708
100
AcDbEntity
 67
1
  8
ESTRIBOS
 62
8
370
9
100
AcDbLine
 10
90.25
 20
352.7
 30
0.0
 11
90.25
 21
381.25555555555553
 31
0.0
  0
LINE
  5
780
330
708
100
AcDbEntity
 67
1
  8
ESTRIBOS
 62
8
370
9
100
AcDbLine
 10
91.05
 20
352.7
 30
0.0
 11
91.05
 21
381.25555555555553
 31
0.0
  0
LINE
  5
781
330
708
100
AcDbEntity
 67
1
  8
ESTRIBOS
 62
8
370
9
100
AcDbLine
 10
91.85
 20
352.7
 30
0.0
 11
91.85
 21
381.25555555555553
 31
0.0
  0
LINE
  5
782
330
708
100
AcDbEntity
 67
1
  8
ESTRIBOS
 62
8
370
9
100
AcDbLine
 10
92.65
 20
352.7
 30
0.0
 11
92.65
 21
381.25555555555553
 31
0.0
  0
LINE
  5
783
330
708
100
AcDbEntity
 67
1
  8
ESTRIBOS
 62
8
370
9
100
AcDbLine
 10
93.45
 20
352.7
 30
0.0
 11
93.45
 21
381.25555555555553
 31
0.0
  0
LINE
  5
784
330
708
100
AcDbEntity
 67
1
  8
ESTRIBOS
 62
8
370
9
100
AcDbLine
 10
94.15
 20
352.7
 30
0.0
 11
94.15
 21
381.25555555555553
 31
0.0
  0
LINE
  5
785
330
708
100
AcDbEntity
 67
1
  8
ESTRIBOS
 62
8
370
9
100
AcDbLine
 10
94.95
 20
352.7
 30
0.0
 11
94.95
 21
381.25555555555553
 31
0.0
  0
LINE
  5
786
330
708
100
AcDbEntity
 67
1
  8
ESTRIBOS
 62
8
370
9
100
AcDbLine
 10
95.75
 20
352.7
 30
0.0
 11
95.75
 21
381.25555555555553
 31
0.0
  0
LINE
  5
787
330
708
100
AcDbEntity
 67
1
  8
ESTRIBOS
 62
8
370
9
100
AcDbLine
 10
96.55
 20
352.7
 30
0.0
 11
96.55
 21
381.25555555555553
 31
0.0
  0
LINE
  5
788
330
708
100
AcDbEntity
 67
1
  8
ESTRIBOS
 62
8
370
9
100
AcDbLine
 10
97.35
 20
352.7
 30
0.0
 11
97.35
 21
381.25555555555553
 31
0.0
  0
LINE
  5
789
330
708
100
AcDbEntity
 67
1
  8
ESTRIBOS
 62
8
370
9
100
AcDbLine
 10
98.15
 20
352.7
 30
0.0
 11
98.15
 21
381.25555555555553
 31
0.0
  0
LINE
  5
78A
330
708
100
AcDbEntity
 67
1
  8
ESTRIBOS
 62
8
370
9
100
AcDbLine
 10
98.95
 20
352.7
 30
0.0
 11
98.95
 21
381.25555555555553
 31
0.0
  0
LINE
  5
78B
330
708
100
AcDbEntity
 67
1
  8
ESTRIBOS
 62
8
370
9
100
AcDbLine
 10
99.75
 20
352.7
 30
0.0
 11
99.75
 21
381.25555555555553
 31
0.0
  0
LINE
  5
78C
330
708
100
AcDbEntity
 67
1
  8
ESTRIBOS
 62
8
370
9
100
AcDbLine
 10
100.55
 20
352.7
 30
0.0
 11
100.55
 21
381.25555555555553
 31
0.0
  0
LINE
  5
78D
330
708
100
AcDbEntity
 67
1
  8
ESTRIBOS
 62
8
370
9
100
AcDbLine
 10
101.35
 20
352.7
 30
0.0
 11
101.35
 21
381.25555555555553
 31
0.0
  0
LINE
  5
78E
330
708
100
AcDbEntity
 67
1
  8
ESTRIBOS
 62
8
370
9
100
AcDbLine
 10
102.15
 20
352.7
 30
0.0
 11
102.15
 21
381.25555555555553
 31
0.0
  0
LINE
  5
78F
330
708
100
AcDbEntity
 67
1
  8
ESTRIBOS
 62
8
370
9
100
AcDbLine
 10
102.95
 20
352.7
 30
0.0
 11
102.95
 21
381.25555555555553
 31
0.0
  0
LINE
  5
790
330
708
100
AcDbEntity
 67
1
  8
ESTRIBOS
 62
8
370
9
100
AcDbLine
 10
103.75
 20
352.7
 30
0.0
 11
103.75
 21
381.25555555555553
 31
0.0
  0
LINE
  5
791
330
708
100
AcDbEntity
 67
1
  8
ESTRIBOS
 62
8
370
9
100
AcDbLine
 10
104.55
 20
352.7
 30
0.0
 11
104.55
 21
381.25555555555553
 31
0.0
  0
TEXT
  5
792
330
708
100
AcDbEntity
 67
1
  8
ESTRIBOS
 62
8
100
AcDbText
 10
88.55
 20
366.17777777777775
 30
0.0
 40
1.6
  1
Nº4 4R @80/@80
 72
1
 11
88.55
 21
366.17777777777775
 31
0.0
100
AcDbText
 73
2
  0
LINE
  5
793
330
708
100
AcDbEntity
 67
1
  8
ESTRIBOS
 62
8
370
9
100
AcDbLine
 10
105.55
 20
352.7
 30
0.0
 11
105.55
 21
381.25555555555553
 31
0.0
  0
LINE
  5
794
330
708
100
AcDbEntity
 67
1
  8
ESTRIBOS
 62
8
370
9
100
AcDbLine
 10
106.35
 20
352.7
 30
0.0
 11
106.35
 21
381.25555555555553
 31
0.0
  0
LINE
  5
795
330
708
100
AcDbEntity
 67
1
  8
ESTRIBOS
 62
8
370
9
100
AcDbLine
 10
107.15
 20
352.7
 30
0.0
 11
107.15
 21
381.25555555555553
 31
0.0
  0
LINE
  5
796
330
708
100
AcDbEntity
 67
1
  8
ESTRIBOS
 62
8
370
9
100
AcDbLine
 10
107.95
 20
352.7
 30
0.0
 11
107.95
 21
381.25555555555553
 31
0.0
  0
LINE
  5
797
330
708
100
AcDbEntity
 67
1
  8
ESTRIBOS
 62
8
370
9
100
AcDbLine
 10
108.75
 20
352.7
 30
0.0
 11
108.75
 21
381.25555555555553
 31
0.0
  0
LINE
  5
798
330
708
100
AcDbEntity
 67
1
  8
ESTRIBOS
 62
8
370
9
100
AcDbLine
 10
109.55
 20
352.7
 30
0.0
 11
109.55
 21
381.25555555555553
 31
0.0
  0
LINE
  5
799
330
708
100
AcDbEntity
 67
1
  8
ESTRIBOS
 62
8
370
9
100
AcDbLine
 10
110.35
 20
352.7
 30
0.0
 11
110.35
 21
381.25555555555553
 31
0.0
  0
LINE
  5
79A
330
708
100
AcDbEntity
 67
1
  8
ESTRIBOS
 62
8
370
9
100
AcDbLine
 10
111.15
 20
352.7
 30
0.0
 11
111.15
 21
381.25555555555553
 31
0.0
  0
LINE
  5
79B
330
708
100
AcDbEntity
 67
1
  8
ESTRIBOS
 62
8
370
9
100
AcDbLine
 10
111.95
 20
352.7
 30
0.0
 11
111.95
 21
381.25555555555553
 31
0.0
  0
LINE
  5
79C
330
708
100
AcDbEntity
 67
1
  8
ESTRIBOS
 62
8
370
9
100
AcDbLine
 10
112.75
 20
352.7
 30
0.0
 11
112.75
 21
381.25555555555553
 31
0.0
  0
LINE
  5
79D
330
708
100
AcDbEntity
 67
1
  8
ESTRIBOS
 62
8
370
9
100
AcDbLine
 10
113.55
 20
352.7
 30
0.0
 11
113.55
 21
381.25555555555553
 31
0.0
  0
LINE
  5
79E
330
708
100
AcDbEntity
 67
1
  8
ESTRIBOS
 62
8
370
9
100
AcDbLine
 10
114.35
 20
352.7
 30
0.0
 11
114.35
 21
381.25555555555553
 31
0.0
  0
LINE
  5
79F
330
708
100
AcDbEntity
 67
1
  8
ESTRIBOS
 62
8
370
9
100
AcDbLine
 10
115.15
 20
352.7
 30
0.0
 11
115.15
 21
381.25555555555553
 31
0.0
  0
LINE
  5
7A0
330
708
100
AcDbEntity
 67
1
  8
ESTRIBOS
 62
8
370
9
100
AcDbLine
 10
115.95
 20
352.7
 30
0.0
 11
115.95
 21
381.25555555555553
 31
0.0
  0
LINE
  5
7A1
330
708
100
AcDbEntity
 67
1
  8
ESTRIBOS
 62
8
370
9
100
AcDbLine
 10
116.85
 20
352.7
 30
0.0
 11
116.85
 21
381.25555555555553
 31
0.0
  0
LINE
  5
7A2
330
708
100
AcDbEntity
 67
1
  8
ESTRIBOS
 62
8
370
9
100
AcDbLine
 10
117.65
 20
352.7
 30
0.0
 11
117.65
 21
381.25555555555553
 31
0.0
  0
LINE
  5
7A3
330
708
100
AcDbEntity
 67
1
  8
ESTRIBOS
 62
8
370
9
100
AcDbLine
 10
118.45
 20
352.7
 30
0.0
 11
118.45
 21
381.25555555555553
 31
0.0
  0
LINE
  5
7A4
330
708
100
AcDbEntity
 67
1
  8
ESTRIBOS
 62
8
370
9
100
AcDbLine
 10
119.25
 20
352.7
 30
0.0
 11
119.25
 21
381.25555555555553
 31
0.0
  0
LINE
  5
7A5
330
708
100
AcDbEntity
 67
1
  8
ESTRIBOS
 62
8
370
9
100
AcDbLine
 10
120.05
 20
352.7
 30
0.0
 11
120.05
 21
381.25555555555553
 31
0.0
  0
LINE
  5
7A6
330
708
100
AcDbEntity
 67
1
  8
ESTRIBOS
 62
8
370
9
100
AcDbLine
 10
120.85
 20
352.7
 30
0.0
 11
120.85
 21
381.25555555555553
 31
0.0
  0
LINE
  5
7A7
330
708
100
AcDbEntity
 67
1
  8
ESTRIBOS
 62
8
370
9
100
AcDbLine
 10
121.65
 20
352.7
 30
0.0
 11
121.65
 21
381.25555555555553
 31
0.0
  0
LINE
  5
7A8
330
708
100
AcDbEntity
 67
1
  8
ESTRIBOS
 62
8
370
9
100
AcDbLine
 10
122.45
 20
352.7
 30
0.0
 11
122.45
 21
381.25555555555553
 31
0.0
  0
LINE
  5
7A9
330
708
100
AcDbEntity
 67
1
  8
ESTRIBOS
 62
8
370
9
100
AcDbLine
 10
123.25
 20
352.7
 30
0.0
 11
123.25
 21
381.25555555555553
 31
0.0
  0
LINE
  5
7AA
330
708
100
AcDbEntity
 67
1
  8
ESTRIBOS
 62
8
370
9
100
AcDbLine
 10
123.65
 20
352.7
 30
0.0
 11
123.65
 21
381.25555555555553
 31
0.0
  0
LINE
  5
7AB
330
708
100
AcDbEntity
 67
1
  8
ESTRIBOS
 62
8
370
9
100
AcDbLine
 10
124.45
 20
352.7
 30
0.0
 11
124.45
 21
381.25555555555553
 31
0.0
  0
LINE
  5
7AC
330
708
100
AcDbEntity
 67
1
  8
ESTRIBOS
 62
8
370
9
100
AcDbLine
 10
125.25
 20
352.7
 30
0.0
 11
125.25
 21
381.25555555555553
 31
0.0
  0
LINE
  5
7AD
330
708
100
AcDbEntity
 67
1
  8
ESTRIBOS
 62
8
370
9
100
AcDbLine
 10
126.05
 20
352.7
 30
0.0
 11
126.05
 21
381.25555555555553
 31
0.0
  0
LINE
  5
7AE
330
708
100
AcDbEntity
 67
1
  8
ESTRIBOS
 62
8
370
9
100
AcDbLine
 10
126.85
 20
352.7
 30
0.0
 11
126.85
 21
381.25555555555553
 31
0.0
  0
LINE
  5
7AF
330
708
100
AcDbEntity
 67
1
  8
ESTRIBOS
 62
8
370
9
100
AcDbLine
 10
127.65
 20
352.7
 30
0.0
 11
127.65
 21
381.25555555555553
 31
0.0
  0
LINE
  5
7B0
330
708
100
AcDbEntity
 67
1
  8
ESTRIBOS
 62
8
370
9
100
AcDbLine
 10
128.45
 20
352.7
 30
0.0
 11
128.45
 21
381.25555555555553
 31
0.0
  0
LINE
  5
7B1
330
708
100
AcDbEntity
 67
1
  8
ESTRIBOS
 62
8
370
9
100
AcDbLine
 10
129.25
 20
352.7
 30
0.0
 11
129.25
 21
381.25555555555553
 31
0.0
  0
LINE
  5
7B2
330
708
100
AcDbEntity
 67
1
  8
ESTRIBOS
 62
8
370
9
100
AcDbLine
 10
130.05
 20
352.7
 30
0.0
 11
130.05
 21
381.25555555555553
 31
0.0
  0
LINE
  5
7B3
330
708
100
AcDbEntity
 67
1
  8
ESTRIBOS
 62
8
370
9
100
AcDbLine
 10
130.85
 20
352.7
 30
0.0
 11
130.85
 21
381.25555555555553
 31
0.0
  0
LINE
  5
7B4
330
708
100
AcDbEntity
 67
1
  8
ESTRIBOS
 62
8
370
9
100
AcDbLine
 10
131.65
 20
352.7
 30
0.0
 11
131.65
 21
381.25555555555553
 31
0.0
  0
LINE
  5
7B5
330
708
100
AcDbEntity
 67
1
  8
ESTRIBOS
 62
8
370
9
100
AcDbLine
 10
132.45
 20
352.7
 30
0.0
 11
132.45
 21
381.25555555555553
 31
0.0
  0
LINE
  5
7B6
330
708
100
AcDbEntity
 67
1
  8
ESTRIBOS
 62
8
370
9
100
AcDbLine
 10
133.25
 20
352.7
 30
0.0
 11
133.25
 21
381.25555555555553
 31
0.0
  0
LINE
  5
7B7
330
708
100
AcDbEntity
 67
1
  8
ESTRIBOS
 62
8
370
9
100
AcDbLine
 10
134.05
 20
352.7
 30
0.0
 11
134.05
 21
381.25555555555553
 31
0.0
  0
TEXT
  5
7B8
330
708
100
AcDbEntity
 67
1
  8
ESTRIBOS
 62
8
100
AcDbText
 10
119.80000000000001
 20
366.17777777777775
 30
0.0
 40
1.6
  1
Nº4 4R @80/@80
 72
1
 11
119.80000000000001
 21
366.17777777777775
 31
0.0
100
AcDbText
 73
2
  0
LINE
  5
7B9
330
708
100
AcDbEntity
 67
1
  8
ESTRIBOS
 62
8
370
9
100
AcDbLine
 10
135.05
 20
352.7
 30
0.0
 11
135.05
 21
381.25555555555553
 31
0.0
  0
LINE
  5
7BA
330
708
100
AcDbEntity
 67
1
  8
ESTRIBOS
 62
8
370
9
100
AcDbLine
 10
135.85
 20
352.7
 30
0.0
 11
135.85
 21
381.25555555555553
 31
0.0
  0
LINE
  5
7BB
330
708
100
AcDbEntity
 67
1
  8
ESTRIBOS
 62
8
370
9
100
AcDbLine
 10
136.65
 20
352.7
 30
0.0
 11
136.65
 21
381.25555555555553
 31
0.0
  0
LINE
  5
7BC
330
708
100
AcDbEntity
 67
1
  8
ESTRIBOS
 62
8
370
9
100
AcDbLine
 10
137.45
 20
352.7
 30
0.0
 11
137.45
 21
381.25555555555553
 31
0.0
  0
LINE
  5
7BD
330
708
100
AcDbEntity
 67
1
  8
ESTRIBOS
 62
8
370
9
100
AcDbLine
 10
138.25
 20
352.7
 30
0.0
 11
138.25
 21
381.25555555555553
 31
0.0
  0
LINE
  5
7BE
330
708
100
AcDbEntity
 67
1
  8
ESTRIBOS
 62
8
370
9
100
AcDbLine
 10
139.05
 20
352.7
 30
0.0
 11
139.05
 21
381.25555555555553
 31
0.0
  0
LINE
  5
7BF
330
708
100
AcDbEntity
 67
1
  8
ESTRIBOS
 62
8
370
9
100
AcDbLine
 10
139.85
 20
352.7
 30
0.0
 11
139.85
 21
381.25555555555553
 31
0.0
  0
LINE
  5
7C0
330
708
100
AcDbEntity
 67
1
  8
ESTRIBOS
 62
8
370
9
100
AcDbLine
 10
140.65
 20
352.7
 30
0.0
 11
140.65
 21
381.25555555555553
 31
0.0
  0
LINE
  5
7C1
330
708
100
AcDbEntity
 67
1
  8
ESTRIBOS
 62
8
370
9
100
AcDbLine
 10
141.45
 20
352.7
 30
0.0
 11
141.45
 21
381.25555555555553
 31
0.0
  0
LINE
  5
7C2
330
708
100
AcDbEntity
 67
1
  8
ESTRIBOS
 62
8
370
9
100
AcDbLine
 10
142.25
 20
352.7
 30
0.0
 11
142.25
 21
381.25555555555553
 31
0.0
  0
LINE
  5
7C3
330
708
100
AcDbEntity
 67
1
  8
ESTRIBOS
 62
8
370
9
100
AcDbLine
 10
143.05
 20
352.7
 30
0.0
 11
143.05
 21
381.25555555555553
 31
0.0
  0
LINE
  5
7C4
330
708
100
AcDbEntity
 67
1
  8
ESTRIBOS
 62
8
370
9
100
AcDbLine
 10
143.85
 20
352.7
 30
0.0
 11
143.85
 21
381.25555555555553
 31
0.0
  0
LINE
  5
7C5
330
708
100
AcDbEntity
 67
1
  8
ESTRIBOS
 62
8
370
9
100
AcDbLine
 10
144.65
 20
352.7
 30
0.0
 11
144.65
 21
381.25555555555553
 31
0.0
  0
LINE
  5
7C6
330
708
100
AcDbEntity
 67
1
  8
ESTRIBOS
 62
8
370
9
100
AcDbLine
 10
145.45
 20
352.7
 30
0.0
 11
145.45
 21
381.25555555555553
 31
0.0
  0
LINE
  5
7C7
330
708
100
AcDbEntity
 67
1
  8
ESTRIBOS
 62
8
370
9
100
AcDbLine
 10
146.35
 20
352.7
 30
0.0
 11
146.35
 21
381.25555555555553
 31
0.0
  0
LINE
  5
7C8
330
708
100
AcDbEntity
 67
1
  8
ESTRIBOS
 62
8
370
9
100
AcDbLine
 10
147.15
 20
352.7
 30
0.0
 11
147.15
 21
381.25555555555553
 31
0.0
  0
LINE
  5
7C9
330
708
100
AcDbEntity
 67
1
  8
ESTRIBOS
 62
8
370
9
100
AcDbLine
 10
147.95
 20
352.7
 30
0.0
 11
147.95
 21
381.25555555555553
 31
0.0
  0
LINE
  5
7CA
330
708
100
AcDbEntity
 67
1
  8
ESTRIBOS
 62
8
370
9
100
AcDbLine
 10
148.75
 20
352.7
 30
0.0
 11
148.75
 21
381.25555555555553
 31
0.0
  0
LINE
  5
7CB
330
708
100
AcDbEntity
 67
1
  8
ESTRIBOS
 62
8
370
9
100
AcDbLine
 10
149.65
 20
352.7
 30
0.0
 11
149.65
 21
381.25555555555553
 31
0.0
  0
LINE
  5
7CC
330
708
100
AcDbEntity
 67
1
  8
ESTRIBOS
 62
8
370
9
100
AcDbLine
 10
150.45
 20
352.7
 30
0.0
 11
150.45
 21
381.25555555555553
 31
0.0
  0
LINE
  5
7CD
330
708
100
AcDbEntity
 67
1
  8
ESTRIBOS
 62
8
370
9
100
AcDbLine
 10
151.25
 20
352.7
 30
0.0
 11
151.25
 21
381.25555555555553
 31
0.0
  0
LINE
  5
7CE
330
708
100
AcDbEntity
 67
1
  8
ESTRIBOS
 62
8
370
9
100
AcDbLine
 10
152.05
 20
352.7
 30
0.0
 11
152.05
 21
381.25555555555553
 31
0.0
  0
LINE
  5
7CF
330
708
100
AcDbEntity
 67
1
  8
ESTRIBOS
 62
8
370
9
100
AcDbLine
 10
152.85
 20
352.7
 30
0.0
 11
152.85
 21
381.25555555555553
 31
0.0
  0
LINE
  5
7D0
330
708
100
AcDbEntity
 67
1
  8
ESTRIBOS
 62
8
370
9
100
AcDbLine
 10
153.65
 20
352.7
 30
0.0
 11
153.65
 21
381.25555555555553
 31
0.0
  0
LINE
  5
7D1
330
708
100
AcDbEntity
 67
1
  8
ESTRIBOS
 62
8
370
9
100
AcDbLine
 10
154.45
 20
352.7
 30
0.0
 11
154.45
 21
381.25555555555553
 31
0.0
  0
LINE
  5
7D2
330
708
100
AcDbEntity
 67
1
  8
ESTRIBOS
 62
8
370
9
100
AcDbLine
 10
155.25
 20
352.7
 30
0.0
 11
155.25
 21
381.25555555555553
 31
0.0
  0
LINE
  5
7D3
330
708
100
AcDbEntity
 67
1
  8
ESTRIBOS
 62
8
370
9
100
AcDbLine
 10
156.05
 20
352.7
 30
0.0
 11
156.05
 21
381.25555555555553
 31
0.0
  0
LINE
  5
7D4
330
708
100
AcDbEntity
 67
1
  8
ESTRIBOS
 62
8
370
9
100
AcDbLine
 10
156.85
 20
352.7
 30
0.0
 11
156.85
 21
381.25555555555553
 31
0.0
  0
LINE
  5
7D5
330
708
100
AcDbEntity
 67
1
  8
ESTRIBOS
 62
8
370
9
100
AcDbLine
 10
157.65
 20
352.7
 30
0.0
 11
157.65
 21
381.25555555555553
 31
0.0
  0
LINE
  5
7D6
330
708
100
AcDbEntity
 67
1
  8
ESTRIBOS
 62
8
370
9
100
AcDbLine
 10
158.45
 20
352.7
 30
0.0
 11
158.45
 21
381.25555555555553
 31
0.0
  0
LINE
  5
7D7
330
708
100
AcDbEntity
 67
1
  8
ESTRIBOS
 62
8
370
9
100
AcDbLine
 10
159.25
 20
352.7
 30
0.0
 11
159.25
 21
381.25555555555553
 31
0.0
  0
LINE
  5
7D8
330
708
100
AcDbEntity
 67
1
  8
ESTRIBOS
 62
8
370
9
100
AcDbLine
 10
160.05
 20
352.7
 30
0.0
 11
160.05
 21
381.25555555555553
 31
0.0
  0
TEXT
  5
7D9
330
708
100
AcDbEntity
 67
1
  8
ESTRIBOS
 62
8
100
AcDbText
 10
147.55
 20
366.17777777777775
 30
0.0
 40
1.6
  1
Nº4 4R @80/@80
 72
1
 11
147.55
 21
366.17777777777775
 31
0.0
100
AcDbText
 73
2
  0
LINE
  5
7DA
330
708
100
AcDbEntity
 67
1
  8
ESTRIBOS
 62
8
370
9
100
AcDbLine
 10
161.05
 20
352.7
 30
0.0
 11
161.05
 21
381.25555555555553
 31
0.0
  0
LINE
  5
7DB
330
708
100
AcDbEntity
 67
1
  8
ESTRIBOS
 62
8
370
9
100
AcDbLine
 10
161.85
 20
352.7
 30
0.0
 11
161.85
 21
381.25555555555553
 31
0.0
  0
LINE
  5
7DC
330
708
100
AcDbEntity
 67
1
  8
ESTRIBOS
 62
8
370
9
100
AcDbLine
 10
162.65
 20
352.7
 30
0.0
 11
162.65
 21
381.25555555555553
 31
0.0
  0
LINE
  5
7DD
330
708
100
AcDbEntity
 67
1
  8
ESTRIBOS
 62
8
370
9
100
AcDbLine
 10
163.45
 20
352.7
 30
0.0
 11
163.45
 21
381.25555555555553
 31
0.0
  0
LINE
  5
7DE
330
708
100
AcDbEntity
 67
1
  8
ESTRIBOS
 62
8
370
9
100
AcDbLine
 10
164.25
 20
352.7
 30
0.0
 11
164.25
 21
381.25555555555553
 31
0.0
  0
LINE
  5
7DF
330
708
100
AcDbEntity
 67
1
  8
ESTRIBOS
 62
8
370
9
100
AcDbLine
 10
165.05
 20
352.7
 30
0.0
 11
165.05
 21
381.25555555555553
 31
0.0
  0
LINE
  5
7E0
330
708
100
AcDbEntity
 67
1
  8
ESTRIBOS
 62
8
370
9
100
AcDbLine
 10
165.85
 20
352.7
 30
0.0
 11
165.85
 21
381.25555555555553
 31
0.0
  0
LINE
  5
7E1
330
708
100
AcDbEntity
 67
1
  8
ESTRIBOS
 62
8
370
9
100
AcDbLine
 10
166.65
 20
352.7
 30
0.0
 11
166.65
 21
381.25555555555553
 31
0.0
  0
LINE
  5
7E2
330
708
100
AcDbEntity
 67
1
  8
ESTRIBOS
 62
8
370
9
100
AcDbLine
 10
167.45
 20
352.7
 30
0.0
 11
167.45
 21
381.25555555555553
 31
0.0
  0
LINE
  5
7E3
330
708
100
AcDbEntity
 67
1
  8
ESTRIBOS
 62
8
370
9
100
AcDbLine
 10
168.25
 20
352.7
 30
0.0
 11
168.25
 21
381.25555555555553
 31
0.0
  0
LINE
  5
7E4
330
708
100
AcDbEntity
 67
1
  8
ESTRIBOS
 62
8
370
9
100
AcDbLine
 10
169.05
 20
352.7
 30
0.0
 11
169.05
 21
381.25555555555553
 31
0.0
  0
LINE
  5
7E5
330
708
100
AcDbEntity
 67
1
  8
ESTRIBOS
 62
8
370
9
100
AcDbLine
 10
169.85
 20
352.7
 30
0.0
 11
169.85
 21
381.25555555555553
 31
0.0
  0
LINE
  5
7E6
330
708
100
AcDbEntity
 67
1
  8
ESTRIBOS
 62
8
370
9
100
AcDbLine
 10
170.65
 20
352.7
 30
0.0
 11
170.65
 21
381.25555555555553
 31
0.0
  0
LINE
  5
7E7
330
708
100
AcDbEntity
 67
1
  8
ESTRIBOS
 62
8
370
9
100
AcDbLine
 10
171.45
 20
352.7
 30
0.0
 11
171.45
 21
381.25555555555553
 31
0.0
  0
LINE
  5
7E8
330
708
100
AcDbEntity
 67
1
  8
ESTRIBOS
 62
8
370
9
100
AcDbLine
 10
172.35
 20
352.7
 30
0.0
 11
172.35
 21
381.25555555555553
 31
0.0
  0
LINE
  5
7E9
330
708
100
AcDbEntity
 67
1
  8
ESTRIBOS
 62
8
370
9
100
AcDbLine
 10
173.15
 20
352.7
 30
0.0
 11
173.15
 21
381.25555555555553
 31
0.0
  0
LINE
  5
7EA
330
708
100
AcDbEntity
 67
1
  8
ESTRIBOS
 62
8
370
9
100
AcDbLine
 10
173.95
 20
352.7
 30
0.0
 11
173.95
 21
381.25555555555553
 31
0.0
  0
LINE
  5
7EB
330
708
100
AcDbEntity
 67
1
  8
ESTRIBOS
 62
8
370
9
100
AcDbLine
 10
174.65
 20
352.7
 30
0.0
 11
174.65
 21
381.25555555555553
 31
0.0
  0
LINE
  5
7EC
330
708
100
AcDbEntity
 67
1
  8
ESTRIBOS
 62
8
370
9
100
AcDbLine
 10
175.45
 20
352.7
 30
0.0
 11
175.45
 21
381.25555555555553
 31
0.0
  0
LINE
  5
7ED
330
708
100
AcDbEntity
 67
1
  8
ESTRIBOS
 62
8
370
9
100
AcDbLine
 10
176.25
 20
352.7
 30
0.0
 11
176.25
 21
381.25555555555553
 31
0.0
  0
LINE
  5
7EE
330
708
100
AcDbEntity
 67
1
  8
ESTRIBOS
 62
8
370
9
100
AcDbLine
 10
177.05
 20
352.7
 30
0.0
 11
177.05
 21
381.25555555555553
 31
0.0
  0
LINE
  5
7EF
330
708
100
AcDbEntity
 67
1
  8
ESTRIBOS
 62
8
370
9
100
AcDbLine
 10
177.85
 20
352.7
 30
0.0
 11
177.85
 21
381.25555555555553
 31
0.0
  0
LINE
  5
7F0
330
708
100
AcDbEntity
 67
1
  8
ESTRIBOS
 62
8
370
9
100
AcDbLine
 10
178.65
 20
352.7
 30
0.0
 11
178.65
 21
381.25555555555553
 31
0.0
  0
LINE
  5
7F1
330
708
100
AcDbEntity
 67
1
  8
ESTRIBOS
 62
8
370
9
100
AcDbLine
 10
179.45
 20
352.7
 30
0.0
 11
179.45
 21
381.25555555555553
 31
0.0
  0
LINE
  5
7F2
330
708
100
AcDbEntity
 67
1
  8
ESTRIBOS
 62
8
370
9
100
AcDbLine
 10
180.25
 20
352.7
 30
0.0
 11
180.25
 21
381.25555555555553
 31
0.0
  0
LINE
  5
7F3
330
708
100
AcDbEntity
 67
1
  8
ESTRIBOS
 62
8
370
9
100
AcDbLine
 10
181.05
 20
352.7
 30
0.0
 11
181.05
 21
381.25555555555553
 31
0.0
  0
LINE
  5
7F4
330
708
100
AcDbEntity
 67
1
  8
ESTRIBOS
 62
8
370
9
100
AcDbLine
 10
181.85
 20
352.7
 30
0.0
 11
181.85
 21
381.25555555555553
 31
0.0
  0
LINE
  5
7F5
330
708
100
AcDbEntity
 67
1
  8
ESTRIBOS
 62
8
370
9
100
AcDbLine
 10
182.65
 20
352.7
 30
0.0
 11
182.65
 21
381.25555555555553
 31
0.0
  0
LINE
  5
7F6
330
708
100
AcDbEntity
 67
1
  8
ESTRIBOS
 62
8
370
9
100
AcDbLine
 10
183.45
 20
352.7
 30
0.0
 11
183.45
 21
381.25555555555553
 31
0.0
  0
LINE
  5
7F7
330
708
100
AcDbEntity
 67
1
  8
ESTRIBOS
 62
8
370
9
100
AcDbLine
 10
184.25
 20
352.7
 30
0.0
 11
184.25
 21
381.25555555555553
 31
0.0
  0
LINE
  5
7F8
330
708
100
AcDbEntity
 67
1
  8
ESTRIBOS
 62
8
370
9
100
AcDbLine
 10
185.05
 20
352.7
 30
0.0
 11
185.05
 21
381.25555555555553
 31
0.0
  0
TEXT
  5
7F9
330
708
100
AcDbEntity
 67
1
  8
ESTRIBOS
 62
8
100
AcDbText
 10
173.05
 20
366.17777777777775
 30
0.0
 40
1.6
  1
Nº4 4R @80/@80
 72
1
 11
173.05
 21
366.17777777777775
 31
0.0
100
AcDbText
 73
2
  0
LINE
  5
7FA
330
708
100
AcDbEntity
 67
1
  8
ESTRIBOS
 62
8
370
9
100
AcDbLine
 10
186.05
 20
352.7
 30
0.0
 11
186.05
 21
381.25555555555553
 31
0.0
  0
LINE
  5
7FB
330
708
100
AcDbEntity
 67
1
  8
ESTRIBOS
 62
8
370
9
100
AcDbLine
 10
186.85
 20
352.7
 30
0.0
 11
186.85
 21
381.25555555555553
 31
0.0
  0
LINE
  5
7FC
330
708
100
AcDbEntity
 67
1
  8
ESTRIBOS
 62
8
370
9
100
AcDbLine
 10
187.65
 20
352.7
 30
0.0
 11
187.65
 21
381.25555555555553
 31
0.0
  0
LINE
  5
7FD
330
708
100
AcDbEntity
 67
1
  8
ESTRIBOS
 62
8
370
9
100
AcDbLine
 10
188.45
 20
352.7
 30
0.0
 11
188.45
 21
381.25555555555553
 31
0.0
  0
LINE
  5
7FE
330
708
100
AcDbEntity
 67
1
  8
ESTRIBOS
 62
8
370
9
100
AcDbLine
 10
189.25
 20
352.7
 30
0.0
 11
189.25
 21
381.25555555555553
 31
0.0
  0
LINE
  5
7FF
330
708
100
AcDbEntity
 67
1
  8
ESTRIBOS
 62
8
370
9
100
AcDbLine
 10
190.05
 20
352.7
 30
0.0
 11
190.05
 21
381.25555555555553
 31
0.0
  0
LINE
  5
800
330
708
100
AcDbEntity
 67
1
  8
ESTRIBOS
 62
8
370
9
100
AcDbLine
 10
190.85
 20
352.7
 30
0.0
 11
190.85
 21
381.25555555555553
 31
0.0
  0
LINE
  5
801
330
708
100
AcDbEntity
 67
1
  8
ESTRIBOS
 62
8
370
9
100
AcDbLine
 10
191.65
 20
352.7
 30
0.0
 11
191.65
 21
381.25555555555553
 31
0.0
  0
LINE
  5
802
330
708
100
AcDbEntity
 67
1
  8
ESTRIBOS
 62
8
370
9
100
AcDbLine
 10
192.45
 20
352.7
 30
0.0
 11
192.45
 21
381.25555555555553
 31
0.0
  0
LINE
  5
803
330
708
100
AcDbEntity
 67
1
  8
ESTRIBOS
 62
8
370
9
100
AcDbLine
 10
193.25
 20
352.7
 30
0.0
 11
193.25
 21
381.25555555555553
 31
0.0
  0
LINE
  5
804
330
708
100
AcDbEntity
 67
1
  8
ESTRIBOS
 62
8
370
9
100
AcDbLine
 10
194.05
 20
352.7
 30
0.0
 11
194.05
 21
381.25555555555553
 31
0.0
  0
LINE
  5
805
330
708
100
AcDbEntity
 67
1
  8
ESTRIBOS
 62
8
370
9
100
AcDbLine
 10
194.85
 20
352.7
 30
0.0
 11
194.85
 21
381.25555555555553
 31
0.0
  0
LINE
  5
806
330
708
100
AcDbEntity
 67
1
  8
ESTRIBOS
 62
8
370
9
100
AcDbLine
 10
195.65
 20
352.7
 30
0.0
 11
195.65
 21
381.25555555555553
 31
0.0
  0
LINE
  5
807
330
708
100
AcDbEntity
 67
1
  8
ESTRIBOS
 62
8
370
9
100
AcDbLine
 10
196.45
 20
352.7
 30
0.0
 11
196.45
 21
381.25555555555553
 31
0.0
  0
LINE
  5
808
330
708
100
AcDbEntity
 67
1
  8
ESTRIBOS
 62
8
370
9
100
AcDbLine
 10
197.35
 20
352.7
 30
0.0
 11
197.35
 21
381.25555555555553
 31
0.0
  0
LINE
  5
809
330
708
100
AcDbEntity
 67
1
  8
ESTRIBOS
 62
8
370
9
100
AcDbLine
 10
198.15
 20
352.7
 30
0.0
 11
198.15
 21
381.25555555555553
 31
0.0
  0
LINE
  5
80A
330
708
100
AcDbEntity
 67
1
  8
ESTRIBOS
 62
8
370
9
100
AcDbLine
 10
198.95
 20
352.7
 30
0.0
 11
198.95
 21
381.25555555555553
 31
0.0
  0
LINE
  5
80B
330
708
100
AcDbEntity
 67
1
  8
ESTRIBOS
 62
8
370
9
100
AcDbLine
 10
199.75
 20
352.7
 30
0.0
 11
199.75
 21
381.25555555555553
 31
0.0
  0
LINE
  5
80C
330
708
100
AcDbEntity
 67
1
  8
ESTRIBOS
 62
8
370
9
100
AcDbLine
 10
200.55
 20
352.7
 30
0.0
 11
200.55
 21
381.25555555555553
 31
0.0
  0
LINE
  5
80D
330
708
100
AcDbEntity
 67
1
  8
ESTRIBOS
 62
8
370
9
100
AcDbLine
 10
201.35
 20
352.7
 30
0.0
 11
201.35
 21
381.25555555555553
 31
0.0
  0
LINE
  5
80E
330
708
100
AcDbEntity
 67
1
  8
ESTRIBOS
 62
8
370
9
100
AcDbLine
 10
202.15
 20
352.7
 30
0.0
 11
202.15
 21
381.25555555555553
 31
0.0
  0
LINE
  5
80F
330
708
100
AcDbEntity
 67
1
  8
ESTRIBOS
 62
8
370
9
100
AcDbLine
 10
202.95
 20
352.7
 30
0.0
 11
202.95
 21
381.25555555555553
 31
0.0
  0
LINE
  5
810
330
708
100
AcDbEntity
 67
1
  8
ESTRIBOS
 62
8
370
9
100
AcDbLine
 10
203.75
 20
352.7
 30
0.0
 11
203.75
 21
381.25555555555553
 31
0.0
  0
LINE
  5
811
330
708
100
AcDbEntity
 67
1
  8
ESTRIBOS
 62
8
370
9
100
AcDbLine
 10
204.55
 20
352.7
 30
0.0
 11
204.55
 21
381.25555555555553
 31
0.0
  0
LINE
  5
812
330
708
100
AcDbEntity
 67
1
  8
ESTRIBOS
 62
8
370
9
100
AcDbLine
 10
205.35
 20
352.7
 30
0.0
 11
205.35
 21
381.25555555555553
 31
0.0
  0
LINE
  5
813
330
708
100
AcDbEntity
 67
1
  8
ESTRIBOS
 62
8
370
9
100
AcDbLine
 10
206.15
 20
352.7
 30
0.0
 11
206.15
 21
381.25555555555553
 31
0.0
  0
LINE
  5
814
330
708
100
AcDbEntity
 67
1
  8
ESTRIBOS
 62
8
370
9
100
AcDbLine
 10
206.95
 20
352.7
 30
0.0
 11
206.95
 21
381.25555555555553
 31
0.0
  0
LINE
  5
815
330
708
100
AcDbEntity
 67
1
  8
ESTRIBOS
 62
8
370
9
100
AcDbLine
 10
207.75
 20
352.7
 30
0.0
 11
207.75
 21
381.25555555555553
 31
0.0
  0
LINE
  5
816
330
708
100
AcDbEntity
 67
1
  8
ESTRIBOS
 62
8
370
9
100
AcDbLine
 10
208.55
 20
352.7
 30
0.0
 11
208.55
 21
381.25555555555553
 31
0.0
  0
LINE
  5
817
330
708
100
AcDbEntity
 67
1
  8
ESTRIBOS
 62
8
370
9
100
AcDbLine
 10
209.35
 20
352.7
 30
0.0
 11
209.35
 21
381.25555555555553
 31
0.0
  0
LINE
  5
818
330
708
100
AcDbEntity
 67
1
  8
ESTRIBOS
 62
8
370
9
100
AcDbLine
 10
210.15
 20
352.7
 30
0.0
 11
210.15
 21
381.25555555555553
 31
0.0
  0
LINE
  5
819
330
708
100
AcDbEntity
 67
1
  8
ESTRIBOS
 62
8
370
9
100
AcDbLine
 10
210.95
 20
352.7
 30
0.0
 11
210.95
 21
381.25555555555553
 31
0.0
  0
LINE
  5
81A
330
708
100
AcDbEntity
 67
1
  8
ESTRIBOS
 62
8
370
9
100
AcDbLine
 10
211.75
 20
352.7
 30
0.0
 11
211.75
 21
381.25555555555553
 31
0.0
  0
LINE
  5
81B
330
708
100
AcDbEntity
 67
1
  8
ESTRIBOS
 62
8
370
9
100
AcDbLine
 10
212.55
 20
352.7
 30
0.0
 11
212.55
 21
381.25555555555553
 31
0.0
  0
LINE
  5
81C
330
708
100
AcDbEntity
 67
1
  8
ESTRIBOS
 62
8
370
9
100
AcDbLine
 10
213.35
 20
352.7
 30
0.0
 11
213.35
 21
381.25555555555553
 31
0.0
  0
LINE
  5
81D
330
708
100
AcDbEntity
 67
1
  8
ESTRIBOS
 62
8
370
9
100
AcDbLine
 10
214.15
 20
352.7
 30
0.0
 11
214.15
 21
381.25555555555553
 31
0.0
  0
LINE
  5
81E
330
708
100
AcDbEntity
 67
1
  8
ESTRIBOS
 62
8
370
9
100
AcDbLine
 10
214.65
 20
352.7
 30
0.0
 11
214.65
 21
381.25555555555553
 31
0.0
  0
LINE
  5
81F
330
708
100
AcDbEntity
 67
1
  8
ESTRIBOS
 62
8
370
9
100
AcDbLine
 10
215.45
 20
352.7
 30
0.0
 11
215.45
 21
381.25555555555553
 31
0.0
  0
LINE
  5
820
330
708
100
AcDbEntity
 67
1
  8
ESTRIBOS
 62
8
370
9
100
AcDbLine
 10
216.25
 20
352.7
 30
0.0
 11
216.25
 21
381.25555555555553
 31
0.0
  0
LINE
  5
821
330
708
100
AcDbEntity
 67
1
  8
ESTRIBOS
 62
8
370
9
100
AcDbLine
 10
217.05
 20
352.7
 30
0.0
 11
217.05
 21
381.25555555555553
 31
0.0
  0
LINE
  5
822
330
708
100
AcDbEntity
 67
1
  8
ESTRIBOS
 62
8
370
9
100
AcDbLine
 10
217.85
 20
352.7
 30
0.0
 11
217.85
 21
381.25555555555553
 31
0.0
  0
LINE
  5
823
330
708
100
AcDbEntity
 67
1
  8
ESTRIBOS
 62
8
370
9
100
AcDbLine
 10
218.65
 20
352.7
 30
0.0
 11
218.65
 21
381.25555555555553
 31
0.0
  0
LINE
  5
824
330
708
100
AcDbEntity
 67
1
  8
ESTRIBOS
 62
8
370
9
100
AcDbLine
 10
219.45
 20
352.7
 30
0.0
 11
219.45
 21
381.25555555555553
 31
0.0
  0
LINE
  5
825
330
708
100
AcDbEntity
 67
1
  8
ESTRIBOS
 62
8
370
9
100
AcDbLine
 10
220.25
 20
352.7
 30
0.0
 11
220.25
 21
381.25555555555553
 31
0.0
  0
LINE
  5
826
330
708
100
AcDbEntity
 67
1
  8
ESTRIBOS
 62
8
370
9
100
AcDbLine
 10
221.05
 20
352.7
 30
0.0
 11
221.05
 21
381.25555555555553
 31
0.0
  0
LINE
  5
827
330
708
100
AcDbEntity
 67
1
  8
ESTRIBOS
 62
8
370
9
100
AcDbLine
 10
221.85
 20
352.7
 30
0.0
 11
221.85
 21
381.25555555555553
 31
0.0
  0
LINE
  5
828
330
708
100
AcDbEntity
 67
1
  8
ESTRIBOS
 62
8
370
9
100
AcDbLine
 10
222.65
 20
352.7
 30
0.0
 11
222.65
 21
381.25555555555553
 31
0.0
  0
LINE
  5
829
330
708
100
AcDbEntity
 67
1
  8
ESTRIBOS
 62
8
370
9
100
AcDbLine
 10
223.45
 20
352.7
 30
0.0
 11
223.45
 21
381.25555555555553
 31
0.0
  0
LINE
  5
82A
330
708
100
AcDbEntity
 67
1
  8
ESTRIBOS
 62
8
370
9
100
AcDbLine
 10
224.25
 20
352.7
 30
0.0
 11
224.25
 21
381.25555555555553
 31
0.0
  0
LINE
  5
82B
330
708
100
AcDbEntity
 67
1
  8
ESTRIBOS
 62
8
370
9
100
AcDbLine
 10
225.05
 20
352.7
 30
0.0
 11
225.05
 21
381.25555555555553
 31
0.0
  0
TEXT
  5
82C
330
708
100
AcDbEntity
 67
1
  8
ESTRIBOS
 62
8
100
AcDbText
 10
205.55
 20
366.17777777777775
 30
0.0
 40
1.6
  1
Nº4 4R @80/@80
 72
1
 11
205.55
 21
366.17777777777775
 31
0.0
100
AcDbText
 73
2
  0
LINE
  5
82D
330
708
100
AcDbEntity
 67
1
  8
ESTRIBOS
 62
8
370
9
100
AcDbLine
 10
226.05
 20
352.7
 30
0.0
 11
226.05
 21
381.25555555555553
 31
0.0
  0
LINE
  5
82E
330
708
100
AcDbEntity
 67
1
  8
ESTRIBOS
 62
8
370
9
100
AcDbLine
 10
226.85
 20
352.7
 30
0.0
 11
226.85
 21
381.25555555555553
 31
0.0
  0
LINE
  5
82F
330
708
100
AcDbEntity
 67
1
  8
ESTRIBOS
 62
8
370
9
100
AcDbLine
 10
227.65
 20
352.7
 30
0.0
 11
227.65
 21
381.25555555555553
 31
0.0
  0
LINE
  5
830
330
708
100
AcDbEntity
 67
1
  8
ESTRIBOS
 62
8
370
9
100
AcDbLine
 10
228.45
 20
352.7
 30
0.0
 11
228.45
 21
381.25555555555553
 31
0.0
  0
LINE
  5
831
330
708
100
AcDbEntity
 67
1
  8
ESTRIBOS
 62
8
370
9
100
AcDbLine
 10
229.25
 20
352.7
 30
0.0
 11
229.25
 21
381.25555555555553
 31
0.0
  0
LINE
  5
832
330
708
100
AcDbEntity
 67
1
  8
ESTRIBOS
 62
8
370
9
100
AcDbLine
 10
230.05
 20
352.7
 30
0.0
 11
230.05
 21
381.25555555555553
 31
0.0
  0
LINE
  5
833
330
708
100
AcDbEntity
 67
1
  8
ESTRIBOS
 62
8
370
9
100
AcDbLine
 10
230.85
 20
352.7
 30
0.0
 11
230.85
 21
381.25555555555553
 31
0.0
  0
LINE
  5
834
330
708
100
AcDbEntity
 67
1
  8
ESTRIBOS
 62
8
370
9
100
AcDbLine
 10
231.65
 20
352.7
 30
0.0
 11
231.65
 21
381.25555555555553
 31
0.0
  0
LINE
  5
835
330
708
100
AcDbEntity
 67
1
  8
ESTRIBOS
 62
8
370
9
100
AcDbLine
 10
232.45
 20
352.7
 30
0.0
 11
232.45
 21
381.25555555555553
 31
0.0
  0
LINE
  5
836
330
708
100
AcDbEntity
 67
1
  8
ESTRIBOS
 62
8
370
9
100
AcDbLine
 10
233.25
 20
352.7
 30
0.0
 11
233.25
 21
381.25555555555553
 31
0.0
  0
LINE
  5
837
330
708
100
AcDbEntity
 67
1
  8
ESTRIBOS
 62
8
370
9
100
AcDbLine
 10
234.05
 20
352.7
 30
0.0
 11
234.05
 21
381.25555555555553
 31
0.0
  0
LINE
  5
838
330
708
100
AcDbEntity
 67
1
  8
ESTRIBOS
 62
8
370
9
100
AcDbLine
 10
234.85
 20
352.7
 30
0.0
 11
234.85
 21
381.25555555555553
 31
0.0
  0
LINE
  5
839
330
708
100
AcDbEntity
 67
1
  8
ESTRIBOS
 62
8
370
9
100
AcDbLine
 10
235.65
 20
352.7
 30
0.0
 11
235.65
 21
381.25555555555553
 31
0.0
  0
LINE
  5
83A
330
708
100
AcDbEntity
 67
1
  8
ESTRIBOS
 62
8
370
9
100
AcDbLine
 10
236.45
 20
352.7
 30
0.0
 11
236.45
 21
381.25555555555553
 31
0.0
  0
LINE
  5
83B
330
708
100
AcDbEntity
 67
1
  8
ESTRIBOS
 62
8
370
9
100
AcDbLine
 10
237.35
 20
352.7
 30
0.0
 11
237.35
 21
381.25555555555553
 31
0.0
  0
LINE
  5
83C
330
708
100
AcDbEntity
 67
1
  8
ESTRIBOS
 62
8
370
9
100
AcDbLine
 10
238.15
 20
352.7
 30
0.0
 11
238.15
 21
381.25555555555553
 31
0.0
  0
LINE
  5
83D
330
708
100
AcDbEntity
 67
1
  8
ESTRIBOS
 62
8
370
9
100
AcDbLine
 10
238.95
 20
352.7
 30
0.0
 11
238.95
 21
381.25555555555553
 31
0.0
  0
LINE
  5
83E
330
708
100
AcDbEntity
 67
1
  8
ESTRIBOS
 62
8
370
9
100
AcDbLine
 10
239.75
 20
352.7
 30
0.0
 11
239.75
 21
381.25555555555553
 31
0.0
  0
LINE
  5
83F
330
708
100
AcDbEntity
 67
1
  8
ESTRIBOS
 62
8
370
9
100
AcDbLine
 10
240.55
 20
352.7
 30
0.0
 11
240.55
 21
381.25555555555553
 31
0.0
  0
LINE
  5
840
330
708
100
AcDbEntity
 67
1
  8
ESTRIBOS
 62
8
370
9
100
AcDbLine
 10
241.35
 20
352.7
 30
0.0
 11
241.35
 21
381.25555555555553
 31
0.0
  0
LINE
  5
841
330
708
100
AcDbEntity
 67
1
  8
ESTRIBOS
 62
8
370
9
100
AcDbLine
 10
242.15
 20
352.7
 30
0.0
 11
242.15
 21
381.25555555555553
 31
0.0
  0
LINE
  5
842
330
708
100
AcDbEntity
 67
1
  8
ESTRIBOS
 62
8
370
9
100
AcDbLine
 10
242.65
 20
352.7
 30
0.0
 11
242.65
 21
381.25555555555553
 31
0.0
  0
LINE
  5
843
330
708
100
AcDbEntity
 67
1
  8
ESTRIBOS
 62
8
370
9
100
AcDbLine
 10
243.45
 20
352.7
 30
0.0
 11
243.45
 21
381.25555555555553
 31
0.0
  0
LINE
  5
844
330
708
100
AcDbEntity
 67
1
  8
ESTRIBOS
 62
8
370
9
100
AcDbLine
 10
244.25
 20
352.7
 30
0.0
 11
244.25
 21
381.25555555555553
 31
0.0
  0
LINE
  5
845
330
708
100
AcDbEntity
 67
1
  8
ESTRIBOS
 62
8
370
9
100
AcDbLine
 10
245.05
 20
352.7
 30
0.0
 11
245.05
 21
381.25555555555553
 31
0.0
  0
LINE
  5
846
330
708
100
AcDbEntity
 67
1
  8
ESTRIBOS
 62
8
370
9
100
AcDbLine
 10
245.85
 20
352.7
 30
0.0
 11
245.85
 21
381.25555555555553
 31
0.0
  0
LINE
  5
847
330
708
100
AcDbEntity
 67
1
  8
ESTRIBOS
 62
8
370
9
100
AcDbLine
 10
246.65
 20
352.7
 30
0.0
 11
246.65
 21
381.25555555555553
 31
0.0
  0
LINE
  5
848
330
708
100
AcDbEntity
 67
1
  8
ESTRIBOS
 62
8
370
9
100
AcDbLine
 10
247.45
 20
352.7
 30
0.0
 11
247.45
 21
381.25555555555553
 31
0.0
  0
LINE
  5
849
330
708
100
AcDbEntity
 67
1
  8
ESTRIBOS
 62
8
370
9
100
AcDbLine
 10
248.25
 20
352.7
 30
0.0
 11
248.25
 21
381.25555555555553
 31
0.0
  0
LINE
  5
84A
330
708
100
AcDbEntity
 67
1
  8
ESTRIBOS
 62
8
370
9
100
AcDbLine
 10
249.05
 20
352.7
 30
0.0
 11
249.05
 21
381.25555555555553
 31
0.0
  0
LINE
  5
84B
330
708
100
AcDbEntity
 67
1
  8
ESTRIBOS
 62
8
370
9
100
AcDbLine
 10
249.85
 20
352.7
 30
0.0
 11
249.85
 21
381.25555555555553
 31
0.0
  0
LINE
  5
84C
330
708
100
AcDbEntity
 67
1
  8
ESTRIBOS
 62
8
370
9
100
AcDbLine
 10
250.65
 20
352.7
 30
0.0
 11
250.65
 21
381.25555555555553
 31
0.0
  0
LINE
  5
84D
330
708
100
AcDbEntity
 67
1
  8
ESTRIBOS
 62
8
370
9
100
AcDbLine
 10
251.45
 20
352.7
 30
0.0
 11
251.45
 21
381.25555555555553
 31
0.0
  0
LINE
  5
84E
330
708
100
AcDbEntity
 67
1
  8
ESTRIBOS
 62
8
370
9
100
AcDbLine
 10
252.25
 20
352.7
 30
0.0
 11
252.25
 21
381.25555555555553
 31
0.0
  0
LINE
  5
84F
330
708
100
AcDbEntity
 67
1
  8
ESTRIBOS
 62
8
370
9
100
AcDbLine
 10
253.05
 20
352.7
 30
0.0
 11
253.05
 21
381.25555555555553
 31
0.0
  0
TEXT
  5
850
330
708
100
AcDbEntity
 67
1
  8
ESTRIBOS
 62
8
100
AcDbText
 10
239.55
 20
366.17777777777775
 30
0.0
 40
1.6
  1
Nº4 4R @80/@80
 72
1
 11
239.55
 21
366.17777777777775
 31
0.0
100
AcDbText
 73
2
  0
LINE
  5
851
330
708
100
AcDbEntity
 67
1
  8
ESTRIBOS
 62
8
370
9
100
AcDbLine
 10
254.05
 20
352.7
 30
0.0
 11
254.05
 21
381.25555555555553
 31
0.0
  0
LINE
  5
852
330
708
100
AcDbEntity
 67
1
  8
ESTRIBOS
 62
8
370
9
100
AcDbLine
 10
254.85
 20
352.7
 30
0.0
 11
254.85
 21
381.25555555555553
 31
0.0
  0
LINE
  5
853
330
708
100
AcDbEntity
 67
1
  8
ESTRIBOS
 62
8
370
9
100
AcDbLine
 10
255.65
 20
352.7
 30
0.0
 11
255.65
 21
381.25555555555553
 31
0.0
  0
LINE
  5
854
330
708
100
AcDbEntity
 67
1
  8
ESTRIBOS
 62
8
370
9
100
AcDbLine
 10
256.45
 20
352.7
 30
0.0
 11
256.45
 21
381.25555555555553
 31
0.0
  0
LINE
  5
855
330
708
100
AcDbEntity
 67
1
  8
ESTRIBOS
 62
8
370
9
100
AcDbLine
 10
257.25
 20
352.7
 30
0.0
 11
257.25
 21
381.25555555555553
 31
0.0
  0
LINE
  5
856
330
708
100
AcDbEntity
 67
1
  8
ESTRIBOS
 62
8
370
9
100
AcDbLine
 10
258.05
 20
352.7
 30
0.0
 11
258.05
 21
381.25555555555553
 31
0.0
  0
LINE
  5
857
330
708
100
AcDbEntity
 67
1
  8
ESTRIBOS
 62
8
370
9
100
AcDbLine
 10
258.85
 20
352.7
 30
0.0
 11
258.85
 21
381.25555555555553
 31
0.0
  0
LINE
  5
858
330
708
100
AcDbEntity
 67
1
  8
ESTRIBOS
 62
8
370
9
100
AcDbLine
 10
259.65
 20
352.7
 30
0.0
 11
259.65
 21
381.25555555555553
 31
0.0
  0
LINE
  5
859
330
708
100
AcDbEntity
 67
1
  8
ESTRIBOS
 62
8
370
9
100
AcDbLine
 10
260.45
 20
352.7
 30
0.0
 11
260.45
 21
381.25555555555553
 31
0.0
  0
LINE
  5
85A
330
708
100
AcDbEntity
 67
1
  8
ESTRIBOS
 62
8
370
9
100
AcDbLine
 10
261.25
 20
352.7
 30
0.0
 11
261.25
 21
381.25555555555553
 31
0.0
  0
LINE
  5
85B
330
708
100
AcDbEntity
 67
1
  8
ESTRIBOS
 62
8
370
9
100
AcDbLine
 10
262.05
 20
352.7
 30
0.0
 11
262.05
 21
381.25555555555553
 31
0.0
  0
LINE
  5
85C
330
708
100
AcDbEntity
 67
1
  8
ESTRIBOS
 62
8
370
9
100
AcDbLine
 10
262.85
 20
352.7
 30
0.0
 11
262.85
 21
381.25555555555553
 31
0.0
  0
LINE
  5
85D
330
708
100
AcDbEntity
 67
1
  8
ESTRIBOS
 62
8
370
9
100
AcDbLine
 10
263.65
 20
352.7
 30
0.0
 11
263.65
 21
381.25555555555553
 31
0.0
  0
LINE
  5
85E
330
708
100
AcDbEntity
 67
1
  8
ESTRIBOS
 62
8
370
9
100
AcDbLine
 10
264.45
 20
352.7
 30
0.0
 11
264.45
 21
381.25555555555553
 31
0.0
  0
LINE
  5
85F
330
708
100
AcDbEntity
 67
1
  8
ESTRIBOS
 62
8
370
9
100
AcDbLine
 10
265.35
 20
352.7
 30
0.0
 11
265.35
 21
381.25555555555553
 31
0.0
  0
LINE
  5
860
330
708
100
AcDbEntity
 67
1
  8
ESTRIBOS
 62
8
370
9
100
AcDbLine
 10
266.15
 20
352.7
 30
0.0
 11
266.15
 21
381.25555555555553
 31
0.0
  0
LINE
  5
861
330
708
100
AcDbEntity
 67
1
  8
ESTRIBOS
 62
8
370
9
100
AcDbLine
 10
266.95
 20
352.7
 30
0.0
 11
266.95
 21
381.25555555555553
 31
0.0
  0
LINE
  5
862
330
708
100
AcDbEntity
 67
1
  8
ESTRIBOS
 62
8
370
9
100
AcDbLine
 10
267.75
 20
352.7
 30
0.0
 11
267.75
 21
381.25555555555553
 31
0.0
  0
LINE
  5
863
330
708
100
AcDbEntity
 67
1
  8
ESTRIBOS
 62
8
370
9
100
AcDbLine
 10
268.55
 20
352.7
 30
0.0
 11
268.55
 21
381.25555555555553
 31
0.0
  0
LINE
  5
864
330
708
100
AcDbEntity
 67
1
  8
ESTRIBOS
 62
8
370
9
100
AcDbLine
 10
269.35
 20
352.7
 30
0.0
 11
269.35
 21
381.25555555555553
 31
0.0
  0
LINE
  5
865
330
708
100
AcDbEntity
 67
1
  8
ESTRIBOS
 62
8
370
9
100
AcDbLine
 10
269.65
 20
352.7
 30
0.0
 11
269.65
 21
381.25555555555553
 31
0.0
  0
LINE
  5
866
330
708
100
AcDbEntity
 67
1
  8
ESTRIBOS
 62
8
370
9
100
AcDbLine
 10
270.45
 20
352.7
 30
0.0
 11
270.45
 21
381.25555555555553
 31
0.0
  0
LINE
  5
867
330
708
100
AcDbEntity
 67
1
  8
ESTRIBOS
 62
8
370
9
100
AcDbLine
 10
271.25
 20
352.7
 30
0.0
 11
271.25
 21
381.25555555555553
 31
0.0
  0
LINE
  5
868
330
708
100
AcDbEntity
 67
1
  8
ESTRIBOS
 62
8
370
9
100
AcDbLine
 10
272.05
 20
352.7
 30
0.0
 11
272.05
 21
381.25555555555553
 31
0.0
  0
LINE
  5
869
330
708
100
AcDbEntity
 67
1
  8
ESTRIBOS
 62
8
370
9
100
AcDbLine
 10
272.85
 20
352.7
 30
0.0
 11
272.85
 21
381.25555555555553
 31
0.0
  0
LINE
  5
86A
330
708
100
AcDbEntity
 67
1
  8
ESTRIBOS
 62
8
370
9
100
AcDbLine
 10
273.65
 20
352.7
 30
0.0
 11
273.65
 21
381.25555555555553
 31
0.0
  0
LINE
  5
86B
330
708
100
AcDbEntity
 67
1
  8
ESTRIBOS
 62
8
370
9
100
AcDbLine
 10
274.45
 20
352.7
 30
0.0
 11
274.45
 21
381.25555555555553
 31
0.0
  0
LINE
  5
86C
330
708
100
AcDbEntity
 67
1
  8
ESTRIBOS
 62
8
370
9
100
AcDbLine
 10
275.25
 20
352.7
 30
0.0
 11
275.25
 21
381.25555555555553
 31
0.0
  0
LINE
  5
86D
330
708
100
AcDbEntity
 67
1
  8
ESTRIBOS
 62
8
370
9
100
AcDbLine
 10
276.05
 20
352.7
 30
0.0
 11
276.05
 21
381.25555555555553
 31
0.0
  0
LINE
  5
86E
330
708
100
AcDbEntity
 67
1
  8
ESTRIBOS
 62
8
370
9
100
AcDbLine
 10
276.85
 20
352.7
 30
0.0
 11
276.85
 21
381.25555555555553
 31
0.0
  0
LINE
  5
86F
330
708
100
AcDbEntity
 67
1
  8
ESTRIBOS
 62
8
370
9
100
AcDbLine
 10
277.65
 20
352.7
 30
0.0
 11
277.65
 21
381.25555555555553
 31
0.0
  0
LINE
  5
870
330
708
100
AcDbEntity
 67
1
  8
ESTRIBOS
 62
8
370
9
100
AcDbLine
 10
278.45
 20
352.7
 30
0.0
 11
278.45
 21
381.25555555555553
 31
0.0
  0
LINE
  5
871
330
708
100
AcDbEntity
 67
1
  8
ESTRIBOS
 62
8
370
9
100
AcDbLine
 10
279.25
 20
352.7
 30
0.0
 11
279.25
 21
381.25555555555553
 31
0.0
  0
LINE
  5
872
330
708
100
AcDbEntity
 67
1
  8
ESTRIBOS
 62
8
370
9
100
AcDbLine
 10
280.05
 20
352.7
 30
0.0
 11
280.05
 21
381.25555555555553
 31
0.0
  0
TEXT
  5
873
330
708
100
AcDbEntity
 67
1
  8
ESTRIBOS
 62
8
100
AcDbText
 10
267.05
 20
366.17777777777775
 30
0.0
 40
1.6
  1
Nº4 4R @80/@80
 72
1
 11
267.05
 21
366.17777777777775
 31
0.0
100
AcDbText
 73
2
  0
LINE
  5
874
330
708
100
AcDbEntity
 67
1
  8
ESTRIBOS
 62
8
370
9
100
AcDbLine
 10
281.05
 20
352.7
 30
0.0
 11
281.05
 21
381.25555555555553
 31
0.0
  0
LINE
  5
875
330
708
100
AcDbEntity
 67
1
  8
ESTRIBOS
 62
8
370
9
100
AcDbLine
 10
281.85
 20
352.7
 30
0.0
 11
281.85
 21
381.25555555555553
 31
0.0
  0
LINE
  5
876
330
708
100
AcDbEntity
 67
1
  8
ESTRIBOS
 62
8
370
9
100
AcDbLine
 10
282.65
 20
352.7
 30
0.0
 11
282.65
 21
381.25555555555553
 31
0.0
  0
LINE
  5
877
330
708
100
AcDbEntity
 67
1
  8
ESTRIBOS
 62
8
370
9
100
AcDbLine
 10
283.45
 20
352.7
 30
0.0
 11
283.45
 21
381.25555555555553
 31
0.0
  0
LINE
  5
878
330
708
100
AcDbEntity
 67
1
  8
ESTRIBOS
 62
8
370
9
100
AcDbLine
 10
284.25
 20
352.7
 30
0.0
 11
284.25
 21
381.25555555555553
 31
0.0
  0
LINE
  5
879
330
708
100
AcDbEntity
 67
1
  8
ESTRIBOS
 62
8
370
9
100
AcDbLine
 10
285.05
 20
352.7
 30
0.0
 11
285.05
 21
381.25555555555553
 31
0.0
  0
LINE
  5
87A
330
708
100
AcDbEntity
 67
1
  8
ESTRIBOS
 62
8
370
9
100
AcDbLine
 10
285.85
 20
352.7
 30
0.0
 11
285.85
 21
381.25555555555553
 31
0.0
  0
LINE
  5
87B
330
708
100
AcDbEntity
 67
1
  8
ESTRIBOS
 62
8
370
9
100
AcDbLine
 10
286.65
 20
352.7
 30
0.0
 11
286.65
 21
381.25555555555553
 31
0.0
  0
LINE
  5
87C
330
708
100
AcDbEntity
 67
1
  8
ESTRIBOS
 62
8
370
9
100
AcDbLine
 10
287.45
 20
352.7
 30
0.0
 11
287.45
 21
381.25555555555553
 31
0.0
  0
LINE
  5
87D
330
708
100
AcDbEntity
 67
1
  8
ESTRIBOS
 62
8
370
9
100
AcDbLine
 10
288.25
 20
352.7
 30
0.0
 11
288.25
 21
381.25555555555553
 31
0.0
  0
LINE
  5
87E
330
708
100
AcDbEntity
 67
1
  8
ESTRIBOS
 62
8
370
9
100
AcDbLine
 10
289.05
 20
352.7
 30
0.0
 11
289.05
 21
381.25555555555553
 31
0.0
  0
LINE
  5
87F
330
708
100
AcDbEntity
 67
1
  8
ESTRIBOS
 62
8
370
9
100
AcDbLine
 10
289.85
 20
352.7
 30
0.0
 11
289.85
 21
381.25555555555553
 31
0.0
  0
LINE
  5
880
330
708
100
AcDbEntity
 67
1
  8
ESTRIBOS
 62
8
370
9
100
AcDbLine
 10
290.65
 20
352.7
 30
0.0
 11
290.65
 21
381.25555555555553
 31
0.0
  0
LINE
  5
881
330
708
100
AcDbEntity
 67
1
  8
ESTRIBOS
 62
8
370
9
100
AcDbLine
 10
291.45
 20
352.7
 30
0.0
 11
291.45
 21
381.25555555555553
 31
0.0
  0
LINE
  5
882
330
708
100
AcDbEntity
 67
1
  8
ESTRIBOS
 62
8
370
9
100
AcDbLine
 10
292.35
 20
352.7
 30
0.0
 11
292.35
 21
381.25555555555553
 31
0.0
  0
LINE
  5
883
330
708
100
AcDbEntity
 67
1
  8
ESTRIBOS
 62
8
370
9
100
AcDbLine
 10
293.15
 20
352.7
 30
0.0
 11
293.15
 21
381.25555555555553
 31
0.0
  0
LINE
  5
884
330
708
100
AcDbEntity
 67
1
  8
ESTRIBOS
 62
8
370
9
100
AcDbLine
 10
293.95
 20
352.7
 30
0.0
 11
293.95
 21
381.25555555555553
 31
0.0
  0
LINE
  5
885
330
708
100
AcDbEntity
 67
1
  8
ESTRIBOS
 62
8
370
9
100
AcDbLine
 10
294.75
 20
352.7
 30
0.0
 11
294.75
 21
381.25555555555553
 31
0.0
  0
LINE
  5
886
330
708
100
AcDbEntity
 67
1
  8
ESTRIBOS
 62
8
370
9
100
AcDbLine
 10
295.55
 20
352.7
 30
0.0
 11
295.55
 21
381.25555555555553
 31
0.0
  0
LINE
  5
887
330
708
100
AcDbEntity
 67
1
  8
ESTRIBOS
 62
8
370
9
100
AcDbLine
 10
296.35
 20
352.7
 30
0.0
 11
296.35
 21
381.25555555555553
 31
0.0
  0
LINE
  5
888
330
708
100
AcDbEntity
 67
1
  8
ESTRIBOS
 62
8
370
9
100
AcDbLine
 10
297.15
 20
352.7
 30
0.0
 11
297.15
 21
381.25555555555553
 31
0.0
  0
LINE
  5
889
330
708
100
AcDbEntity
 67
1
  8
ESTRIBOS
 62
8
370
9
100
AcDbLine
 10
297.95
 20
352.7
 30
0.0
 11
297.95
 21
381.25555555555553
 31
0.0
  0
LINE
  5
88A
330
708
100
AcDbEntity
 67
1
  8
ESTRIBOS
 62
8
370
9
100
AcDbLine
 10
298.75
 20
352.7
 30
0.0
 11
298.75
 21
381.25555555555553
 31
0.0
  0
LINE
  5
88B
330
708
100
AcDbEntity
 67
1
  8
ESTRIBOS
 62
8
370
9
100
AcDbLine
 10
299.55
 20
352.7
 30
0.0
 11
299.55
 21
381.25555555555553
 31
0.0
  0
LINE
  5
88C
330
708
100
AcDbEntity
 67
1
  8
ESTRIBOS
 62
8
370
9
100
AcDbLine
 10
300.35
 20
352.7
 30
0.0
 11
300.35
 21
381.25555555555553
 31
0.0
  0
LINE
  5
88D
330
708
100
AcDbEntity
 67
1
  8
ESTRIBOS
 62
8
370
9
100
AcDbLine
 10
301.15
 20
352.7
 30
0.0
 11
301.15
 21
381.25555555555553
 31
0.0
  0
LINE
  5
88E
330
708
100
AcDbEntity
 67
1
  8
ESTRIBOS
 62
8
370
9
100
AcDbLine
 10
301.95
 20
352.7
 30
0.0
 11
301.95
 21
381.25555555555553
 31
0.0
  0
LINE
  5
88F
330
708
100
AcDbEntity
 67
1
  8
ESTRIBOS
 62
8
370
9
100
AcDbLine
 10
302.75
 20
352.7
 30
0.0
 11
302.75
 21
381.25555555555553
 31
0.0
  0
LINE
  5
890
330
708
100
AcDbEntity
 67
1
  8
ESTRIBOS
 62
8
370
9
100
AcDbLine
 10
303.55
 20
352.7
 30
0.0
 11
303.55
 21
381.25555555555553
 31
0.0
  0
LINE
  5
891
330
708
100
AcDbEntity
 67
1
  8
ESTRIBOS
 62
8
370
9
100
AcDbLine
 10
304.35
 20
352.7
 30
0.0
 11
304.35
 21
381.25555555555553
 31
0.0
  0
LINE
  5
892
330
708
100
AcDbEntity
 67
1
  8
ESTRIBOS
 62
8
370
9
100
AcDbLine
 10
305.15
 20
352.7
 30
0.0
 11
305.15
 21
381.25555555555553
 31
0.0
  0
LINE
  5
893
330
708
100
AcDbEntity
 67
1
  8
ESTRIBOS
 62
8
370
9
100
AcDbLine
 10
305.95
 20
352.7
 30
0.0
 11
305.95
 21
381.25555555555553
 31
0.0
  0
LINE
  5
894
330
708
100
AcDbEntity
 67
1
  8
ESTRIBOS
 62
8
370
9
100
AcDbLine
 10
306.75
 20
352.7
 30
0.0
 11
306.75
 21
381.25555555555553
 31
0.0
  0
LINE
  5
895
330
708
100
AcDbEntity
 67
1
  8
ESTRIBOS
 62
8
370
9
100
AcDbLine
 10
307.55
 20
352.7
 30
0.0
 11
307.55
 21
381.25555555555553
 31
0.0
  0
LINE
  5
896
330
708
100
AcDbEntity
 67
1
  8
ESTRIBOS
 62
8
370
9
100
AcDbLine
 10
308.35
 20
352.7
 30
0.0
 11
308.35
 21
381.25555555555553
 31
0.0
  0
LINE
  5
897
330
708
100
AcDbEntity
 67
1
  8
ESTRIBOS
 62
8
370
9
100
AcDbLine
 10
309.15
 20
352.7
 30
0.0
 11
309.15
 21
381.25555555555553
 31
0.0
  0
LINE
  5
898
330
708
100
AcDbEntity
 67
1
  8
ESTRIBOS
 62
8
370
9
100
AcDbLine
 10
309.65
 20
352.7
 30
0.0
 11
309.65
 21
381.25555555555553
 31
0.0
  0
LINE
  5
899
330
708
100
AcDbEntity
 67
1
  8
ESTRIBOS
 62
8
370
9
100
AcDbLine
 10
310.45
 20
352.7
 30
0.0
 11
310.45
 21
381.25555555555553
 31
0.0
  0
LINE
  5
89A
330
708
100
AcDbEntity
 67
1
  8
ESTRIBOS
 62
8
370
9
100
AcDbLine
 10
311.25
 20
352.7
 30
0.0
 11
311.25
 21
381.25555555555553
 31
0.0
  0
LINE
  5
89B
330
708
100
AcDbEntity
 67
1
  8
ESTRIBOS
 62
8
370
9
100
AcDbLine
 10
312.05
 20
352.7
 30
0.0
 11
312.05
 21
381.25555555555553
 31
0.0
  0
LINE
  5
89C
330
708
100
AcDbEntity
 67
1
  8
ESTRIBOS
 62
8
370
9
100
AcDbLine
 10
312.85
 20
352.7
 30
0.0
 11
312.85
 21
381.25555555555553
 31
0.0
  0
LINE
  5
89D
330
708
100
AcDbEntity
 67
1
  8
ESTRIBOS
 62
8
370
9
100
AcDbLine
 10
313.65
 20
352.7
 30
0.0
 11
313.65
 21
381.25555555555553
 31
0.0
  0
LINE
  5
89E
330
708
100
AcDbEntity
 67
1
  8
ESTRIBOS
 62
8
370
9
100
AcDbLine
 10
314.45
 20
352.7
 30
0.0
 11
314.45
 21
381.25555555555553
 31
0.0
  0
LINE
  5
89F
330
708
100
AcDbEntity
 67
1
  8
ESTRIBOS
 62
8
370
9
100
AcDbLine
 10
315.25
 20
352.7
 30
0.0
 11
315.25
 21
381.25555555555553
 31
0.0
  0
LINE
  5
8A0
330
708
100
AcDbEntity
 67
1
  8
ESTRIBOS
 62
8
370
9
100
AcDbLine
 10
316.05
 20
352.7
 30
0.0
 11
316.05
 21
381.25555555555553
 31
0.0
  0
LINE
  5
8A1
330
708
100
AcDbEntity
 67
1
  8
ESTRIBOS
 62
8
370
9
100
AcDbLine
 10
316.85
 20
352.7
 30
0.0
 11
316.85
 21
381.25555555555553
 31
0.0
  0
LINE
  5
8A2
330
708
100
AcDbEntity
 67
1
  8
ESTRIBOS
 62
8
370
9
100
AcDbLine
 10
317.65
 20
352.7
 30
0.0
 11
317.65
 21
381.25555555555553
 31
0.0
  0
LINE
  5
8A3
330
708
100
AcDbEntity
 67
1
  8
ESTRIBOS
 62
8
370
9
100
AcDbLine
 10
318.45
 20
352.7
 30
0.0
 11
318.45
 21
381.25555555555553
 31
0.0
  0
LINE
  5
8A4
330
708
100
AcDbEntity
 67
1
  8
ESTRIBOS
 62
8
370
9
100
AcDbLine
 10
319.25
 20
352.7
 30
0.0
 11
319.25
 21
381.25555555555553
 31
0.0
  0
LINE
  5
8A5
330
708
100
AcDbEntity
 67
1
  8
ESTRIBOS
 62
8
370
9
100
AcDbLine
 10
320.05
 20
352.7
 30
0.0
 11
320.05
 21
381.25555555555553
 31
0.0
  0
TEXT
  5
8A6
330
708
100
AcDbEntity
 67
1
  8
ESTRIBOS
 62
8
100
AcDbText
 10
300.55
 20
366.17777777777775
 30
0.0
 40
1.6
  1
Nº4 4R @80/@80
 72
1
 11
300.55
 21
366.17777777777775
 31
0.0
100
AcDbText
 73
2
  0
LINE
  5
8A7
330
708
100
AcDbEntity
 67
1
  8
ESTRIBOS
 62
8
370
9
100
AcDbLine
 10
321.05
 20
352.7
 30
0.0
 11
321.05
 21
381.25555555555553
 31
0.0
  0
LINE
  5
8A8
330
708
100
AcDbEntity
 67
1
  8
ESTRIBOS
 62
8
370
9
100
AcDbLine
 10
321.85
 20
352.7
 30
0.0
 11
321.85
 21
381.25555555555553
 31
0.0
  0
LINE
  5
8A9
330
708
100
AcDbEntity
 67
1
  8
ESTRIBOS
 62
8
370
9
100
AcDbLine
 10
322.65
 20
352.7
 30
0.0
 11
322.65
 21
381.25555555555553
 31
0.0
  0
LINE
  5
8AA
330
708
100
AcDbEntity
 67
1
  8
ESTRIBOS
 62
8
370
9
100
AcDbLine
 10
323.45
 20
352.7
 30
0.0
 11
323.45
 21
381.25555555555553
 31
0.0
  0
LINE
  5
8AB
330
708
100
AcDbEntity
 67
1
  8
ESTRIBOS
 62
8
370
9
100
AcDbLine
 10
324.25
 20
352.7
 30
0.0
 11
324.25
 21
381.25555555555553
 31
0.0
  0
LINE
  5
8AC
330
708
100
AcDbEntity
 67
1
  8
ESTRIBOS
 62
8
370
9
100
AcDbLine
 10
325.05
 20
352.7
 30
0.0
 11
325.05
 21
381.25555555555553
 31
0.0
  0
LINE
  5
8AD
330
708
100
AcDbEntity
 67
1
  8
ESTRIBOS
 62
8
370
9
100
AcDbLine
 10
325.85
 20
352.7
 30
0.0
 11
325.85
 21
381.25555555555553
 31
0.0
  0
LINE
  5
8AE
330
708
100
AcDbEntity
 67
1
  8
ESTRIBOS
 62
8
370
9
100
AcDbLine
 10
326.65
 20
352.7
 30
0.0
 11
326.65
 21
381.25555555555553
 31
0.0
  0
LINE
  5
8AF
330
708
100
AcDbEntity
 67
1
  8
ESTRIBOS
 62
8
370
9
100
AcDbLine
 10
327.45
 20
352.7
 30
0.0
 11
327.45
 21
381.25555555555553
 31
0.0
  0
LINE
  5
8B0
330
708
100
AcDbEntity
 67
1
  8
ESTRIBOS
 62
8
370
9
100
AcDbLine
 10
328.25
 20
352.7
 30
0.0
 11
328.25
 21
381.25555555555553
 31
0.0
  0
LINE
  5
8B1
330
708
100
AcDbEntity
 67
1
  8
ESTRIBOS
 62
8
370
9
100
AcDbLine
 10
329.05
 20
352.7
 30
0.0
 11
329.05
 21
381.25555555555553
 31
0.0
  0
LINE
  5
8B2
330
708
100
AcDbEntity
 67
1
  8
ESTRIBOS
 62
8
370
9
100
AcDbLine
 10
329.85
 20
352.7
 30
0.0
 11
329.85
 21
381.25555555555553
 31
0.0
  0
LINE
  5
8B3
330
708
100
AcDbEntity
 67
1
  8
ESTRIBOS
 62
8
370
9
100
AcDbLine
 10
330.65
 20
352.7
 30
0.0
 11
330.65
 21
381.25555555555553
 31
0.0
  0
LINE
  5
8B4
330
708
100
AcDbEntity
 67
1
  8
ESTRIBOS
 62
8
370
9
100
AcDbLine
 10
331.45
 20
352.7
 30
0.0
 11
331.45
 21
381.25555555555553
 31
0.0
  0
LINE
  5
8B5
330
708
100
AcDbEntity
 67
1
  8
ESTRIBOS
 62
8
370
9
100
AcDbLine
 10
332.35
 20
352.7
 30
0.0
 11
332.35
 21
381.25555555555553
 31
0.0
  0
LINE
  5
8B6
330
708
100
AcDbEntity
 67
1
  8
ESTRIBOS
 62
8
370
9
100
AcDbLine
 10
333.15
 20
352.7
 30
0.0
 11
333.15
 21
381.25555555555553
 31
0.0
  0
LINE
  5
8B7
330
708
100
AcDbEntity
 67
1
  8
ESTRIBOS
 62
8
370
9
100
AcDbLine
 10
333.95
 20
352.7
 30
0.0
 11
333.95
 21
381.25555555555553
 31
0.0
  0
LINE
  5
8B8
330
708
100
AcDbEntity
 67
1
  8
ESTRIBOS
 62
8
370
9
100
AcDbLine
 10
334.65
 20
352.7
 30
0.0
 11
334.65
 21
381.25555555555553
 31
0.0
  0
LINE
  5
8B9
330
708
100
AcDbEntity
 67
1
  8
ESTRIBOS
 62
8
370
9
100
AcDbLine
 10
335.45
 20
352.7
 30
0.0
 11
335.45
 21
381.25555555555553
 31
0.0
  0
LINE
  5
8BA
330
708
100
AcDbEntity
 67
1
  8
ESTRIBOS
 62
8
370
9
100
AcDbLine
 10
336.25
 20
352.7
 30
0.0
 11
336.25
 21
381.25555555555553
 31
0.0
  0
LINE
  5
8BB
330
708
100
AcDbEntity
 67
1
  8
ESTRIBOS
 62
8
370
9
100
AcDbLine
 10
337.05
 20
352.7
 30
0.0
 11
337.05
 21
381.25555555555553
 31
0.0
  0
LINE
  5
8BC
330
708
100
AcDbEntity
 67
1
  8
ESTRIBOS
 62
8
370
9
100
AcDbLine
 10
337.85
 20
352.7
 30
0.0
 11
337.85
 21
381.25555555555553
 31
0.0
  0
LINE
  5
8BD
330
708
100
AcDbEntity
 67
1
  8
ESTRIBOS
 62
8
370
9
100
AcDbLine
 10
338.65
 20
352.7
 30
0.0
 11
338.65
 21
381.25555555555553
 31
0.0
  0
LINE
  5
8BE
330
708
100
AcDbEntity
 67
1
  8
ESTRIBOS
 62
8
370
9
100
AcDbLine
 10
339.45
 20
352.7
 30
0.0
 11
339.45
 21
381.25555555555553
 31
0.0
  0
LINE
  5
8BF
330
708
100
AcDbEntity
 67
1
  8
ESTRIBOS
 62
8
370
9
100
AcDbLine
 10
340.25
 20
352.7
 30
0.0
 11
340.25
 21
381.25555555555553
 31
0.0
  0
LINE
  5
8C0
330
708
100
AcDbEntity
 67
1
  8
ESTRIBOS
 62
8
370
9
100
AcDbLine
 10
341.05
 20
352.7
 30
0.0
 11
341.05
 21
381.25555555555553
 31
0.0
  0
LINE
  5
8C1
330
708
100
AcDbEntity
 67
1
  8
ESTRIBOS
 62
8
370
9
100
AcDbLine
 10
341.85
 20
352.7
 30
0.0
 11
341.85
 21
381.25555555555553
 31
0.0
  0
LINE
  5
8C2
330
708
100
AcDbEntity
 67
1
  8
ESTRIBOS
 62
8
370
9
100
AcDbLine
 10
342.65
 20
352.7
 30
0.0
 11
342.65
 21
381.25555555555553
 31
0.0
  0
LINE
  5
8C3
330
708
100
AcDbEntity
 67
1
  8
ESTRIBOS
 62
8
370
9
100
AcDbLine
 10
343.45
 20
352.7
 30
0.0
 11
343.45
 21
381.25555555555553
 31
0.0
  0
LINE
  5
8C4
330
708
100
AcDbEntity
 67
1
  8
ESTRIBOS
 62
8
370
9
100
AcDbLine
 10
344.25
 20
352.7
 30
0.0
 11
344.25
 21
381.25555555555553
 31
0.0
  0
LINE
  5
8C5
330
708
100
AcDbEntity
 67
1
  8
ESTRIBOS
 62
8
370
9
100
AcDbLine
 10
345.05
 20
352.7
 30
0.0
 11
345.05
 21
381.25555555555553
 31
0.0
  0
TEXT
  5
8C6
330
708
100
AcDbEntity
 67
1
  8
ESTRIBOS
 62
8
100
AcDbText
 10
333.05
 20
366.17777777777775
 30
0.0
 40
1.6
  1
Nº4 4R @80/@80
 72
1
 11
333.05
 21
366.17777777777775
 31
0.0
100
AcDbText
 73
2
  0
LINE
  5
8C7
330
708
100
AcDbEntity
 67
1
  8
ESTRIBOS
 62
8
370
9
100
AcDbLine
 10
346.05
 20
352.7
 30
0.0
 11
346.05
 21
381.25555555555553
 31
0.0
  0
LINE
  5
8C8
330
708
100
AcDbEntity
 67
1
  8
ESTRIBOS
 62
8
370
9
100
AcDbLine
 10
346.85
 20
352.7
 30
0.0
 11
346.85
 21
381.25555555555553
 31
0.0
  0
LINE
  5
8C9
330
708
100
AcDbEntity
 67
1
  8
ESTRIBOS
 62
8
370
9
100
AcDbLine
 10
347.65
 20
352.7
 30
0.0
 11
347.65
 21
381.25555555555553
 31
0.0
  0
LINE
  5
8CA
330
708
100
AcDbEntity
 67
1
  8
ESTRIBOS
 62
8
370
9
100
AcDbLine
 10
348.45
 20
352.7
 30
0.0
 11
348.45
 21
381.25555555555553
 31
0.0
  0
LINE
  5
8CB
330
708
100
AcDbEntity
 67
1
  8
ESTRIBOS
 62
8
370
9
100
AcDbLine
 10
349.25
 20
352.7
 30
0.0
 11
349.25
 21
381.25555555555553
 31
0.0
  0
LINE
  5
8CC
330
708
100
AcDbEntity
 67
1
  8
ESTRIBOS
 62
8
370
9
100
AcDbLine
 10
350.05
 20
352.7
 30
0.0
 11
350.05
 21
381.25555555555553
 31
0.0
  0
LINE
  5
8CD
330
708
100
AcDbEntity
 67
1
  8
ESTRIBOS
 62
8
370
9
100
AcDbLine
 10
350.85
 20
352.7
 30
0.0
 11
350.85
 21
381.25555555555553
 31
0.0
  0
LINE
  5
8CE
330
708
100
AcDbEntity
 67
1
  8
ESTRIBOS
 62
8
370
9
100
AcDbLine
 10
351.65
 20
352.7
 30
0.0
 11
351.65
 21
381.25555555555553
 31
0.0
  0
LINE
  5
8CF
330
708
100
AcDbEntity
 67
1
  8
ESTRIBOS
 62
8
370
9
100
AcDbLine
 10
352.45
 20
352.7
 30
0.0
 11
352.45
 21
381.25555555555553
 31
0.0
  0
LINE
  5
8D0
330
708
100
AcDbEntity
 67
1
  8
ESTRIBOS
 62
8
370
9
100
AcDbLine
 10
353.25
 20
352.7
 30
0.0
 11
353.25
 21
381.25555555555553
 31
0.0
  0
LINE
  5
8D1
330
708
100
AcDbEntity
 67
1
  8
ESTRIBOS
 62
8
370
9
100
AcDbLine
 10
354.05
 20
352.7
 30
0.0
 11
354.05
 21
381.25555555555553
 31
0.0
  0
LINE
  5
8D2
330
708
100
AcDbEntity
 67
1
  8
ESTRIBOS
 62
8
370
9
100
AcDbLine
 10
354.85
 20
352.7
 30
0.0
 11
354.85
 21
381.25555555555553
 31
0.0
  0
LINE
  5
8D3
330
708
100
AcDbEntity
 67
1
  8
ESTRIBOS
 62
8
370
9
100
AcDbLine
 10
355.65
 20
352.7
 30
0.0
 11
355.65
 21
381.25555555555553
 31
0.0
  0
LINE
  5
8D4
330
708
100
AcDbEntity
 67
1
  8
ESTRIBOS
 62
8
370
9
100
AcDbLine
 10
356.45
 20
352.7
 30
0.0
 11
356.45
 21
381.25555555555553
 31
0.0
  0
LINE
  5
8D5
330
708
100
AcDbEntity
 67
1
  8
ESTRIBOS
 62
8
370
9
100
AcDbLine
 10
357.35
 20
352.7
 30
0.0
 11
357.35
 21
381.25555555555553
 31
0.0
  0
LINE
  5
8D6
330
708
100
AcDbEntity
 67
1
  8
ESTRIBOS
 62
8
370
9
100
AcDbLine
 10
358.15
 20
352.7
 30
0.0
 11
358.15
 21
381.25555555555553
 31
0.0
  0
LINE
  5
8D7
330
708
100
AcDbEntity
 67
1
  8
ESTRIBOS
 62
8
370
9
100
AcDbLine
 10
358.95
 20
352.7
 30
0.0
 11
358.95
 21
381.25555555555553
 31
0.0
  0
LINE
  5
8D8
330
708
100
AcDbEntity
 67
1
  8
ESTRIBOS
 62
8
370
9
100
AcDbLine
 10
359.75
 20
352.7
 30
0.0
 11
359.75
 21
381.25555555555553
 31
0.0
  0
LINE
  5
8D9
330
708
100
AcDbEntity
 67
1
  8
ESTRIBOS
 62
8
370
9
100
AcDbLine
 10
360.65
 20
352.7
 30
0.0
 11
360.65
 21
381.25555555555553
 31
0.0
  0
LINE
  5
8DA
330
708
100
AcDbEntity
 67
1
  8
ESTRIBOS
 62
8
370
9
100
AcDbLine
 10
361.45
 20
352.7
 30
0.0
 11
361.45
 21
381.25555555555553
 31
0.0
  0
LINE
  5
8DB
330
708
100
AcDbEntity
 67
1
  8
ESTRIBOS
 62
8
370
9
100
AcDbLine
 10
362.25
 20
352.7
 30
0.0
 11
362.25
 21
381.25555555555553
 31
0.0
  0
LINE
  5
8DC
330
708
100
AcDbEntity
 67
1
  8
ESTRIBOS
 62
8
370
9
100
AcDbLine
 10
363.05
 20
352.7
 30
0.0
 11
363.05
 21
381.25555555555553
 31
0.0
  0
LINE
  5
8DD
330
708
100
AcDbEntity
 67
1
  8
ESTRIBOS
 62
8
370
9
100
AcDbLine
 10
363.85
 20
352.7
 30
0.0
 11
363.85
 21
381.25555555555553
 31
0.0
  0
LINE
  5
8DE
330
708
100
AcDbEntity
 67
1
  8
ESTRIBOS
 62
8
370
9
100
AcDbLine
 10
364.65
 20
352.7
 30
0.0
 11
364.65
 21
381.25555555555553
 31
0.0
  0
LINE
  5
8DF
330
708
100
AcDbEntity
 67
1
  8
ESTRIBOS
 62
8
370
9
100
AcDbLine
 10
365.45
 20
352.7
 30
0.0
 11
365.45
 21
381.25555555555553
 31
0.0
  0
LINE
  5
8E0
330
708
100
AcDbEntity
 67
1
  8
ESTRIBOS
 62
8
370
9
100
AcDbLine
 10
366.25
 20
352.7
 30
0.0
 11
366.25
 21
381.25555555555553
 31
0.0
  0
LINE
  5
8E1
330
708
100
AcDbEntity
 67
1
  8
ESTRIBOS
 62
8
370
9
100
AcDbLine
 10
367.05
 20
352.7
 30
0.0
 11
367.05
 21
381.25555555555553
 31
0.0
  0
LINE
  5
8E2
330
708
100
AcDbEntity
 67
1
  8
ESTRIBOS
 62
8
370
9
100
AcDbLine
 10
367.85
 20
352.7
 30
0.0
 11
367.85
 21
381.25555555555553
 31
0.0
  0
LINE
  5
8E3
330
708
100
AcDbEntity
 67
1
  8
ESTRIBOS
 62
8
370
9
100
AcDbLine
 10
368.65
 20
352.7
 30
0.0
 11
368.65
 21
381.25555555555553
 31
0.0
  0
LINE
  5
8E4
330
708
100
AcDbEntity
 67
1
  8
ESTRIBOS
 62
8
370
9
100
AcDbLine
 10
369.45
 20
352.7
 30
0.0
 11
369.45
 21
381.25555555555553
 31
0.0
  0
LINE
  5
8E5
330
708
100
AcDbEntity
 67
1
  8
ESTRIBOS
 62
8
370
9
100
AcDbLine
 10
370.25
 20
352.7
 30
0.0
 11
370.25
 21
381.25555555555553
 31
0.0
  0
LINE
  5
8E6
330
708
100
AcDbEntity
 67
1
  8
ESTRIBOS
 62
8
370
9
100
AcDbLine
 10
371.05
 20
352.7
 30
0.0
 11
371.05
 21
381.25555555555553
 31
0.0
  0
TEXT
  5
8E7
330
708
100
AcDbEntity
 67
1
  8
ESTRIBOS
 62
8
100
AcDbText
 10
358.55
 20
366.17777777777775
 30
0.0
 40
1.6
  1
Nº4 4R @80/@80
 72
1
 11
358.55
 21
366.17777777777775
 31
0.0
100
AcDbText
 73
2
  0
LINE
  5
8E8
330
708
100
AcDbEntity
 67
1
  8
ESTRIBOS
 62
8
370
9
100
AcDbLine
 10
372.05
 20
352.7
 30
0.0
 11
372.05
 21
381.25555555555553
 31
0.0
  0
LINE
  5
8E9
330
708
100
AcDbEntity
 67
1
  8
ESTRIBOS
 62
8
370
9
100
AcDbLine
 10
372.85
 20
352.7
 30
0.0
 11
372.85
 21
381.25555555555553
 31
0.0
  0
LINE
  5
8EA
330
708
100
AcDbEntity
 67
1
  8
ESTRIBOS
 62
8
370
9
100
AcDbLine
 10
373.65
 20
352.7
 30
0.0
 11
373.65
 21
381.25555555555553
 31
0.0
  0
LINE
  5
8EB
330
708
100
AcDbEntity
 67
1
  8
ESTRIBOS
 62
8
370
9
100
AcDbLine
 10
374.45
 20
352.7
 30
0.0
 11
374.45
 21
381.25555555555553
 31
0.0
  0
LINE
  5
8EC
330
708
100
AcDbEntity
 67
1
  8
ESTRIBOS
 62
8
370
9
100
AcDbLine
 10
375.25
 20
352.7
 30
0.0
 11
375.25
 21
381.25555555555553
 31
0.0
  0
LINE
  5
8ED
330
708
100
AcDbEntity
 67
1
  8
ESTRIBOS
 62
8
370
9
100
AcDbLine
 10
376.05
 20
352.7
 30
0.0
 11
376.05
 21
381.25555555555553
 31
0.0
  0
LINE
  5
8EE
330
708
100
AcDbEntity
 67
1
  8
ESTRIBOS
 62
8
370
9
100
AcDbLine
 10
376.85
 20
352.7
 30
0.0
 11
376.85
 21
381.25555555555553
 31
0.0
  0
LINE
  5
8EF
330
708
100
AcDbEntity
 67
1
  8
ESTRIBOS
 62
8
370
9
100
AcDbLine
 10
377.65
 20
352.7
 30
0.0
 11
377.65
 21
381.25555555555553
 31
0.0
  0
LINE
  5
8F0
330
708
100
AcDbEntity
 67
1
  8
ESTRIBOS
 62
8
370
9
100
AcDbLine
 10
378.45
 20
352.7
 30
0.0
 11
378.45
 21
381.25555555555553
 31
0.0
  0
LINE
  5
8F1
330
708
100
AcDbEntity
 67
1
  8
ESTRIBOS
 62
8
370
9
100
AcDbLine
 10
379.25
 20
352.7
 30
0.0
 11
379.25
 21
381.25555555555553
 31
0.0
  0
LINE
  5
8F2
330
708
100
AcDbEntity
 67
1
  8
ESTRIBOS
 62
8
370
9
100
AcDbLine
 10
380.05
 20
352.7
 30
0.0
 11
380.05
 21
381.25555555555553
 31
0.0
  0
LINE
  5
8F3
330
708
100
AcDbEntity
 67
1
  8
ESTRIBOS
 62
8
370
9
100
AcDbLine
 10
380.85
 20
352.7
 30
0.0
 11
380.85
 21
381.25555555555553
 31
0.0
  0
LINE
  5
8F4
330
708
100
AcDbEntity
 67
1
  8
ESTRIBOS
 62
8
370
9
100
AcDbLine
 10
381.65
 20
352.7
 30
0.0
 11
381.65
 21
381.25555555555553
 31
0.0
  0
LINE
  5
8F5
330
708
100
AcDbEntity
 67
1
  8
ESTRIBOS
 62
8
370
9
100
AcDbLine
 10
382.45
 20
352.7
 30
0.0
 11
382.45
 21
381.25555555555553
 31
0.0
  0
LINE
  5
8F6
330
708
100
AcDbEntity
 67
1
  8
ESTRIBOS
 62
8
370
9
100
AcDbLine
 10
383.35
 20
352.7
 30
0.0
 11
383.35
 21
381.25555555555553
 31
0.0
  0
LINE
  5
8F7
330
708
100
AcDbEntity
 67
1
  8
ESTRIBOS
 62
8
370
9
100
AcDbLine
 10
384.15
 20
352.7
 30
0.0
 11
384.15
 21
381.25555555555553
 31
0.0
  0
LINE
  5
8F8
330
708
100
AcDbEntity
 67
1
  8
ESTRIBOS
 62
8
370
9
100
AcDbLine
 10
384.95
 20
352.7
 30
0.0
 11
384.95
 21
381.25555555555553
 31
0.0
  0
LINE
  5
8F9
330
708
100
AcDbEntity
 67
1
  8
ESTRIBOS
 62
8
370
9
100
AcDbLine
 10
385.75
 20
352.7
 30
0.0
 11
385.75
 21
381.25555555555553
 31
0.0
  0
LINE
  5
8FA
330
708
100
AcDbEntity
 67
1
  8
ESTRIBOS
 62
8
370
9
100
AcDbLine
 10
386.55
 20
352.7
 30
0.0
 11
386.55
 21
381.25555555555553
 31
0.0
  0
LINE
  5
8FB
330
708
100
AcDbEntity
 67
1
  8
ESTRIBOS
 62
8
370
9
100
AcDbLine
 10
387.35
 20
352.7
 30
0.0
 11
387.35
 21
381.25555555555553
 31
0.0
  0
LINE
  5
8FC
330
708
100
AcDbEntity
 67
1
  8
ESTRIBOS
 62
8
370
9
100
AcDbLine
 10
388.15
 20
352.7
 30
0.0
 11
388.15
 21
381.25555555555553
 31
0.0
  0
LINE
  5
8FD
330
708
100
AcDbEntity
 67
1
  8
ESTRIBOS
 62
8
370
9
100
AcDbLine
 10
388.95
 20
352.7
 30
0.0
 11
388.95
 21
381.25555555555553
 31
0.0
  0
LINE
  5
8FE
330
708
100
AcDbEntity
 67
1
  8
ESTRIBOS
 62
8
370
9
100
AcDbLine
 10
389.75
 20
352.7
 30
0.0
 11
389.75
 21
381.25555555555553
 31
0.0
  0
LINE
  5
8FF
330
708
100
AcDbEntity
 67
1
  8
ESTRIBOS
 62
8
370
9
100
AcDbLine
 10
390.15
 20
352.7
 30
0.0
 11
390.15
 21
381.25555555555553
 31
0.0
  0
LINE
  5
900
330
708
100
AcDbEntity
 67
1
  8
ESTRIBOS
 62
8
370
9
100
AcDbLine
 10
390.95
 20
352.7
 30
0.0
 11
390.95
 21
381.25555555555553
 31
0.0
  0
LINE
  5
901
330
708
100
AcDbEntity
 67
1
  8
ESTRIBOS
 62
8
370
9
100
AcDbLine
 10
391.75
 20
352.7
 30
0.0
 11
391.75
 21
381.25555555555553
 31
0.0
  0
LINE
  5
902
330
708
100
AcDbEntity
 67
1
  8
ESTRIBOS
 62
8
370
9
100
AcDbLine
 10
392.55
 20
352.7
 30
0.0
 11
392.55
 21
381.25555555555553
 31
0.0
  0
LINE
  5
903
330
708
100
AcDbEntity
 67
1
  8
ESTRIBOS
 62
8
370
9
100
AcDbLine
 10
393.35
 20
352.7
 30
0.0
 11
393.35
 21
381.25555555555553
 31
0.0
  0
LINE
  5
904
330
708
100
AcDbEntity
 67
1
  8
ESTRIBOS
 62
8
370
9
100
AcDbLine
 10
394.15
 20
352.7
 30
0.0
 11
394.15
 21
381.25555555555553
 31
0.0
  0
LINE
  5
905
330
708
100
AcDbEntity
 67
1
  8
ESTRIBOS
 62
8
370
9
100
AcDbLine
 10
394.95
 20
352.7
 30
0.0
 11
394.95
 21
381.25555555555553
 31
0.0
  0
LINE
  5
906
330
708
100
AcDbEntity
 67
1
  8
ESTRIBOS
 62
8
370
9
100
AcDbLine
 10
395.75
 20
352.7
 30
0.0
 11
395.75
 21
381.25555555555553
 31
0.0
  0
LINE
  5
907
330
708
100
AcDbEntity
 67
1
  8
ESTRIBOS
 62
8
370
9
100
AcDbLine
 10
396.55
 20
352.7
 30
0.0
 11
396.55
 21
381.25555555555553
 31
0.0
  0
LINE
  5
908
330
708
100
AcDbEntity
 67
1
  8
ESTRIBOS
 62
8
370
9
100
AcDbLine
 10
397.35
 20
352.7
 30
0.0
 11
397.35
 21
381.25555555555553
 31
0.0
  0
LINE
  5
909
330
708
100
AcDbEntity
 67
1
  8
ESTRIBOS
 62
8
370
9
100
AcDbLine
 10
398.15
 20
352.7
 30
0.0
 11
398.15
 21
381.25555555555553
 31
0.0
  0
LINE
  5
90A
330
708
100
AcDbEntity
 67
1
  8
ESTRIBOS
 62
8
370
9
100
AcDbLine
 10
398.95
 20
352.7
 30
0.0
 11
398.95
 21
381.25555555555553
 31
0.0
  0
LINE
  5
90B
330
708
100
AcDbEntity
 67
1
  8
ESTRIBOS
 62
8
370
9
100
AcDbLine
 10
399.75
 20
352.7
 30
0.0
 11
399.75
 21
381.25555555555553
 31
0.0
  0
LINE
  5
90C
330
708
100
AcDbEntity
 67
1
  8
ESTRIBOS
 62
8
370
9
100
AcDbLine
 10
400.55
 20
352.7
 30
0.0
 11
400.55
 21
381.25555555555553
 31
0.0
  0
TEXT
  5
90D
330
708
100
AcDbEntity
 67
1
  8
ESTRIBOS
 62
8
100
AcDbText
 10
386.3
 20
366.17777777777775
 30
0.0
 40
1.6
  1
Nº4 4R @80/@80
 72
1
 11
386.3
 21
366.17777777777775
 31
0.0
100
AcDbText
 73
2
  0
LINE
  5
90E
330
708
100
AcDbEntity
 67
1
  8
ESTRIBOS
 62
8
370
9
100
AcDbLine
 10
401.55
 20
352.7
 30
0.0
 11
401.55
 21
381.25555555555553
 31
0.0
  0
LINE
  5
90F
330
708
100
AcDbEntity
 67
1
  8
ESTRIBOS
 62
8
370
9
100
AcDbLine
 10
402.35
 20
352.7
 30
0.0
 11
402.35
 21
381.25555555555553
 31
0.0
  0
LINE
  5
910
330
708
100
AcDbEntity
 67
1
  8
ESTRIBOS
 62
8
370
9
100
AcDbLine
 10
403.15
 20
352.7
 30
0.0
 11
403.15
 21
381.25555555555553
 31
0.0
  0
LINE
  5
911
330
708
100
AcDbEntity
 67
1
  8
ESTRIBOS
 62
8
370
9
100
AcDbLine
 10
403.95
 20
352.7
 30
0.0
 11
403.95
 21
381.25555555555553
 31
0.0
  0
LINE
  5
912
330
708
100
AcDbEntity
 67
1
  8
ESTRIBOS
 62
8
370
9
100
AcDbLine
 10
404.75
 20
352.7
 30
0.0
 11
404.75
 21
381.25555555555553
 31
0.0
  0
LINE
  5
913
330
708
100
AcDbEntity
 67
1
  8
ESTRIBOS
 62
8
370
9
100
AcDbLine
 10
405.55
 20
352.7
 30
0.0
 11
405.55
 21
381.25555555555553
 31
0.0
  0
LINE
  5
914
330
708
100
AcDbEntity
 67
1
  8
ESTRIBOS
 62
8
370
9
100
AcDbLine
 10
406.35
 20
352.7
 30
0.0
 11
406.35
 21
381.25555555555553
 31
0.0
  0
LINE
  5
915
330
708
100
AcDbEntity
 67
1
  8
ESTRIBOS
 62
8
370
9
100
AcDbLine
 10
407.15
 20
352.7
 30
0.0
 11
407.15
 21
381.25555555555553
 31
0.0
  0
LINE
  5
916
330
708
100
AcDbEntity
 67
1
  8
ESTRIBOS
 62
8
370
9
100
AcDbLine
 10
407.95
 20
352.7
 30
0.0
 11
407.95
 21
381.25555555555553
 31
0.0
  0
LINE
  5
917
330
708
100
AcDbEntity
 67
1
  8
ESTRIBOS
 62
8
370
9
100
AcDbLine
 10
408.75
 20
352.7
 30
0.0
 11
408.75
 21
381.25555555555553
 31
0.0
  0
LINE
  5
918
330
708
100
AcDbEntity
 67
1
  8
ESTRIBOS
 62
8
370
9
100
AcDbLine
 10
409.55
 20
352.7
 30
0.0
 11
409.55
 21
381.25555555555553
 31
0.0
  0
LINE
  5
919
330
708
100
AcDbEntity
 67
1
  8
ESTRIBOS
 62
8
370
9
100
AcDbLine
 10
410.35
 20
352.7
 30
0.0
 11
410.35
 21
381.25555555555553
 31
0.0
  0
LINE
  5
91A
330
708
100
AcDbEntity
 67
1
  8
ESTRIBOS
 62
8
370
9
100
AcDbLine
 10
411.15
 20
352.7
 30
0.0
 11
411.15
 21
381.25555555555553
 31
0.0
  0
LINE
  5
91B
330
708
100
AcDbEntity
 67
1
  8
ESTRIBOS
 62
8
370
9
100
AcDbLine
 10
411.95
 20
352.7
 30
0.0
 11
411.95
 21
381.25555555555553
 31
0.0
  0
LINE
  5
91C
330
708
100
AcDbEntity
 67
1
  8
ESTRIBOS
 62
8
370
9
100
AcDbLine
 10
412.85
 20
352.7
 30
0.0
 11
412.85
 21
381.25555555555553
 31
0.0
  0
LINE
  5
91D
330
708
100
AcDbEntity
 67
1
  8
ESTRIBOS
 62
8
370
9
100
AcDbLine
 10
413.65
 20
352.7
 30
0.0
 11
413.65
 21
381.25555555555553
 31
0.0
  0
LINE
  5
91E
330
708
100
AcDbEntity
 67
1
  8
ESTRIBOS
 62
8
370
9
100
AcDbLine
 10
414.45
 20
352.7
 30
0.0
 11
414.45
 21
381.25555555555553
 31
0.0
  0
LINE
  5
91F
330
708
100
AcDbEntity
 67
1
  8
ESTRIBOS
 62
8
370
9
100
AcDbLine
 10
415.25
 20
352.7
 30
0.0
 11
415.25
 21
381.25555555555553
 31
0.0
  0
LINE
  5
920
330
708
100
AcDbEntity
 67
1
  8
ESTRIBOS
 62
8
370
9
100
AcDbLine
 10
416.05
 20
352.7
 30
0.0
 11
416.05
 21
381.25555555555553
 31
0.0
  0
LINE
  5
921
330
708
100
AcDbEntity
 67
1
  8
ESTRIBOS
 62
8
370
9
100
AcDbLine
 10
416.85
 20
352.7
 30
0.0
 11
416.85
 21
381.25555555555553
 31
0.0
  0
LINE
  5
922
330
708
100
AcDbEntity
 67
1
  8
ESTRIBOS
 62
8
370
9
100
AcDbLine
 10
417.65
 20
352.7
 30
0.0
 11
417.65
 21
381.25555555555553
 31
0.0
  0
LINE
  5
923
330
708
100
AcDbEntity
 67
1
  8
ESTRIBOS
 62
8
370
9
100
AcDbLine
 10
418.45
 20
352.7
 30
0.0
 11
418.45
 21
381.25555555555553
 31
0.0
  0
LINE
  5
924
330
708
100
AcDbEntity
 67
1
  8
ESTRIBOS
 62
8
370
9
100
AcDbLine
 10
419.25
 20
352.7
 30
0.0
 11
419.25
 21
381.25555555555553
 31
0.0
  0
LINE
  5
925
330
708
100
AcDbEntity
 67
1
  8
ESTRIBOS
 62
8
370
9
100
AcDbLine
 10
420.05
 20
352.7
 30
0.0
 11
420.05
 21
381.25555555555553
 31
0.0
  0
LINE
  5
926
330
708
100
AcDbEntity
 67
1
  8
ESTRIBOS
 62
8
370
9
100
AcDbLine
 10
420.85
 20
352.7
 30
0.0
 11
420.85
 21
381.25555555555553
 31
0.0
  0
LINE
  5
927
330
708
100
AcDbEntity
 67
1
  8
ESTRIBOS
 62
8
370
9
100
AcDbLine
 10
421.65
 20
352.7
 30
0.0
 11
421.65
 21
381.25555555555553
 31
0.0
  0
LINE
  5
928
330
708
100
AcDbEntity
 67
1
  8
ESTRIBOS
 62
8
370
9
100
AcDbLine
 10
422.45
 20
352.7
 30
0.0
 11
422.45
 21
381.25555555555553
 31
0.0
  0
LINE
  5
929
330
708
100
AcDbEntity
 67
1
  8
ESTRIBOS
 62
8
370
9
100
AcDbLine
 10
423.15
 20
352.7
 30
0.0
 11
423.15
 21
381.25555555555553
 31
0.0
  0
LINE
  5
92A
330
708
100
AcDbEntity
 67
1
  8
ESTRIBOS
 62
8
370
9
100
AcDbLine
 10
423.95
 20
352.7
 30
0.0
 11
423.95
 21
381.25555555555553
 31
0.0
  0
LINE
  5
92B
330
708
100
AcDbEntity
 67
1
  8
ESTRIBOS
 62
8
370
9
100
AcDbLine
 10
424.75
 20
352.7
 30
0.0
 11
424.75
 21
381.25555555555553
 31
0.0
  0
LINE
  5
92C
330
708
100
AcDbEntity
 67
1
  8
ESTRIBOS
 62
8
370
9
100
AcDbLine
 10
425.55
 20
352.7
 30
0.0
 11
425.55
 21
381.25555555555553
 31
0.0
  0
LINE
  5
92D
330
708
100
AcDbEntity
 67
1
  8
ESTRIBOS
 62
8
370
9
100
AcDbLine
 10
426.35
 20
352.7
 30
0.0
 11
426.35
 21
381.25555555555553
 31
0.0
  0
LINE
  5
92E
330
708
100
AcDbEntity
 67
1
  8
ESTRIBOS
 62
8
370
9
100
AcDbLine
 10
427.15
 20
352.7
 30
0.0
 11
427.15
 21
381.25555555555553
 31
0.0
  0
LINE
  5
92F
330
708
100
AcDbEntity
 67
1
  8
ESTRIBOS
 62
8
370
9
100
AcDbLine
 10
427.95
 20
352.7
 30
0.0
 11
427.95
 21
381.25555555555553
 31
0.0
  0
LINE
  5
930
330
708
100
AcDbEntity
 67
1
  8
ESTRIBOS
 62
8
370
9
100
AcDbLine
 10
428.75
 20
352.7
 30
0.0
 11
428.75
 21
381.25555555555553
 31
0.0
  0
LINE
  5
931
330
708
100
AcDbEntity
 67
1
  8
ESTRIBOS
 62
8
370
9
100
AcDbLine
 10
429.55
 20
352.7
 30
0.0
 11
429.55
 21
381.25555555555553
 31
0.0
  0
LINE
  5
932
330
708
100
AcDbEntity
 67
1
  8
ESTRIBOS
 62
8
370
9
100
AcDbLine
 10
430.35
 20
352.7
 30
0.0
 11
430.35
 21
381.25555555555553
 31
0.0
  0
LINE
  5
933
330
708
100
AcDbEntity
 67
1
  8
ESTRIBOS
 62
8
370
9
100
AcDbLine
 10
431.15
 20
352.7
 30
0.0
 11
431.15
 21
381.25555555555553
 31
0.0
  0
LINE
  5
934
330
708
100
AcDbEntity
 67
1
  8
ESTRIBOS
 62
8
370
9
100
AcDbLine
 10
431.95
 20
352.7
 30
0.0
 11
431.95
 21
381.25555555555553
 31
0.0
  0
LINE
  5
935
330
708
100
AcDbEntity
 67
1
  8
ESTRIBOS
 62
8
370
9
100
AcDbLine
 10
432.75
 20
352.7
 30
0.0
 11
432.75
 21
381.25555555555553
 31
0.0
  0
LINE
  5
936
330
708
100
AcDbEntity
 67
1
  8
ESTRIBOS
 62
8
370
9
100
AcDbLine
 10
433.55
 20
352.7
 30
0.0
 11
433.55
 21
381.25555555555553
 31
0.0
  0
TEXT
  5
937
330
708
100
AcDbEntity
 67
1
  8
ESTRIBOS
 62
8
100
AcDbText
 10
417.55
 20
366.17777777777775
 30
0.0
 40
1.6
  1
Nº4 4R @80/@80
 72
1
 11
417.55
 21
366.17777777777775
 31
0.0
100
AcDbText
 73
2
  0
LINE
  5
938
330
708
100
AcDbEntity
 67
1
  8
ESTRIBOS
 62
8
370
9
100
AcDbLine
 10
434.55
 20
352.7
 30
0.0
 11
434.55
 21
381.25555555555553
 31
0.0
  0
LINE
  5
939
330
708
100
AcDbEntity
 67
1
  8
ESTRIBOS
 62
8
370
9
100
AcDbLine
 10
435.35
 20
352.7
 30
0.0
 11
435.35
 21
381.25555555555553
 31
0.0
  0
LINE
  5
93A
330
708
100
AcDbEntity
 67
1
  8
ESTRIBOS
 62
8
370
9
100
AcDbLine
 10
436.15
 20
352.7
 30
0.0
 11
436.15
 21
381.25555555555553
 31
0.0
  0
LINE
  5
93B
330
708
100
AcDbEntity
 67
1
  8
ESTRIBOS
 62
8
370
9
100
AcDbLine
 10
436.95
 20
352.7
 30
0.0
 11
436.95
 21
381.25555555555553
 31
0.0
  0
LINE
  5
93C
330
708
100
AcDbEntity
 67
1
  8
ESTRIBOS
 62
8
370
9
100
AcDbLine
 10
437.75
 20
352.7
 30
0.0
 11
437.75
 21
381.25555555555553
 31
0.0
  0
LINE
  5
93D
330
708
100
AcDbEntity
 67
1
  8
ESTRIBOS
 62
8
370
9
100
AcDbLine
 10
438.55
 20
352.7
 30
0.0
 11
438.55
 21
381.25555555555553
 31
0.0
  0
LINE
  5
93E
330
708
100
AcDbEntity
 67
1
  8
ESTRIBOS
 62
8
370
9
100
AcDbLine
 10
439.35
 20
352.7
 30
0.0
 11
439.35
 21
381.25555555555553
 31
0.0
  0
LINE
  5
93F
330
708
100
AcDbEntity
 67
1
  8
ESTRIBOS
 62
8
370
9
100
AcDbLine
 10
440.15
 20
352.7
 30
0.0
 11
440.15
 21
381.25555555555553
 31
0.0
  0
LINE
  5
940
330
708
100
AcDbEntity
 67
1
  8
ESTRIBOS
 62
8
370
9
100
AcDbLine
 10
440.95
 20
352.7
 30
0.0
 11
440.95
 21
381.25555555555553
 31
0.0
  0
LINE
  5
941
330
708
100
AcDbEntity
 67
1
  8
ESTRIBOS
 62
8
370
9
100
AcDbLine
 10
442.15
 20
352.7
 30
0.0
 11
442.15
 21
381.25555555555553
 31
0.0
  0
LINE
  5
942
330
708
100
AcDbEntity
 67
1
  8
ESTRIBOS
 62
8
370
9
100
AcDbLine
 10
442.95
 20
352.7
 30
0.0
 11
442.95
 21
381.25555555555553
 31
0.0
  0
LINE
  5
943
330
708
100
AcDbEntity
 67
1
  8
ESTRIBOS
 62
8
370
9
100
AcDbLine
 10
443.75
 20
352.7
 30
0.0
 11
443.75
 21
381.25555555555553
 31
0.0
  0
LINE
  5
944
330
708
100
AcDbEntity
 67
1
  8
ESTRIBOS
 62
8
370
9
100
AcDbLine
 10
444.55
 20
352.7
 30
0.0
 11
444.55
 21
381.25555555555553
 31
0.0
  0
LINE
  5
945
330
708
100
AcDbEntity
 67
1
  8
ESTRIBOS
 62
8
370
9
100
AcDbLine
 10
445.35
 20
352.7
 30
0.0
 11
445.35
 21
381.25555555555553
 31
0.0
  0
LINE
  5
946
330
708
100
AcDbEntity
 67
1
  8
ESTRIBOS
 62
8
370
9
100
AcDbLine
 10
446.15
 20
352.7
 30
0.0
 11
446.15
 21
381.25555555555553
 31
0.0
  0
LINE
  5
947
330
708
100
AcDbEntity
 67
1
  8
ESTRIBOS
 62
8
370
9
100
AcDbLine
 10
446.95
 20
352.7
 30
0.0
 11
446.95
 21
381.25555555555553
 31
0.0
  0
LINE
  5
948
330
708
100
AcDbEntity
 67
1
  8
ESTRIBOS
 62
8
370
9
100
AcDbLine
 10
447.75
 20
352.7
 30
0.0
 11
447.75
 21
381.25555555555553
 31
0.0
  0
LINE
  5
949
330
708
100
AcDbEntity
 67
1
  8
ESTRIBOS
 62
8
370
9
100
AcDbLine
 10
448.55
 20
352.7
 30
0.0
 11
448.55
 21
381.25555555555553
 31
0.0
  0
TEXT
  5
94A
330
708
100
AcDbEntity
 67
1
  8
ESTRIBOS
 62
8
100
AcDbText
 10
441.55
 20
366.17777777777775
 30
0.0
 40
1.6
  1
Nº4 4R @80/@80
 72
1
 11
441.55
 21
366.17777777777775
 31
0.0
100
AcDbText
 73
2
  0
LWPOLYLINE
  5
94B
330
708
100
AcDbEntity
 67
1
  8
ACERO_SUP_CONT
 62
4
370
35
100
AcDbPolyline
 90
4
 70
0
 10
57.05
 20
374.25555555555553
 10
57.05
 20
380.25555555555553
 10
449.05
 20
380.25555555555553
 10
449.05
 20
374.25555555555553
  0
TEXT
  5
94C
330
708
100
AcDbEntity
 67
1
  8
ACERO_SUP_CONT
 62
4
100
AcDbText
 10
253.05
 20
383.25555555555553
 30
0.0
 40
2.2
  1
M1  2#5 CONT.  Lc=39210 mm
 72
1
 11
253.05
 21
383.25555555555553
 31
0.0
100
AcDbText
 73
2
  0
LWPOLYLINE
  5
94D
330
708
100
AcDbEntity
 67
1
  8
ACERO_SUP_APOYO
 62
5
370
30
100
AcDbPolyline
 90
3
 70
0
 10
54.0
 20
372.75555555555553
 10
54.0
 20
377.75555555555553
 10
60.8
 20
377.75555555555553
  0
TEXT
  5
94E
330
708
100
AcDbEntity
 67
1
  8
ACERO_SUP_APOYO
 62
5
100
AcDbText
 10
57.05
 20
379.25555555555553
 30
0.0
 40
1.7
  1
M2 3#5 L=530
 72
1
 11
57.05
 21
379.25555555555553
 31
0.0
100
AcDbText
 73
2
  0
LWPOLYLINE
  5
94F
330
708
100
AcDbEntity
 67
1
  8
ACERO_SUP_APOYO
 62
5
370
30
100
AcDbPolyline
 90
2
 70
0
 10
68.3
 20
375.55555555555554
 10
80.3
 20
375.55555555555554
  0
TEXT
  5
950
330
708
100
AcDbEntity
 67
1
  8
ACERO_SUP_APOYO
 62
5
100
AcDbText
 10
72.05
 20
377.05555555555554
 30
0.0
 40
1.7
  1
M2 3#5 L=1700
 72
1
 11
72.05
 21
377.05555555555554
 31
0.0
100
AcDbText
 73
2
  0
LWPOLYLINE
  5
951
330
708
100
AcDbEntity
 67
1
  8
ACERO_SUP_APOYO
 62
5
370
30
100
AcDbPolyline
 90
2
 70
0
 10
96.8
 20
377.75555555555553
 10
112.425
 20
377.75555555555553
  0
TEXT
  5
952
330
708
100
AcDbEntity
 67
1
  8
ACERO_SUP_APOYO
 62
5
100
AcDbText
 10
105.05
 20
379.25555555555553
 30
0.0
 40
1.7
  1
M2 3#5 L=2062
 72
1
 11
105.05
 21
379.25555555555553
 31
0.0
100
AcDbText
 73
2
  0
LWPOLYLINE
  5
953
330
708
100
AcDbEntity
 67
1
  8
ACERO_SUP_APOYO
 62
5
370
30
100
AcDbPolyline
 90
2
 70
0
 10
127.17500000000001
 20
375.55555555555554
 10
141.05
 20
375.55555555555554
  0
TEXT
  5
954
330
708
100
AcDbEntity
 67
1
  8
ACERO_SUP_APOYO
 62
5
100
AcDbText
 10
134.55
 20
377.05555555555554
 30
0.0
 40
1.7
  1
M2 3#5 L=1888
 72
1
 11
134.55
 21
377.05555555555554
 31
0.0
100
AcDbText
 73
2
  0
LWPOLYLINE
  5
955
330
708
100
AcDbEntity
 67
1
  8
ACERO_SUP_APOYO
 62
5
370
30
100
AcDbPolyline
 90
2
 70
0
 10
154.05
 20
377.75555555555553
 10
166.8
 20
377.75555555555553
  0
TEXT
  5
956
330
708
100
AcDbEntity
 67
1
  8
ACERO_SUP_APOYO
 62
5
100
AcDbText
 10
160.55
 20
379.25555555555553
 30
0.0
 40
1.7
  1
M2 3#5 L=1775
 72
1
 11
160.55
 21
379.25555555555553
 31
0.0
100
AcDbText
 73
2
  0
LWPOLYLINE
  5
957
330
708
100
AcDbEntity
 67
1
  8
ACERO_SUP_APOYO
 62
5
370
30
100
AcDbPolyline
 90
2
 70
0
 10
179.3
 20
375.55555555555554
 10
195.55
 20
375.55555555555554
  0
TEXT
  5
958
330
708
100
AcDbEntity
 67
1
  8
ACERO_SUP_APOYO
 62
5
100
AcDbText
 10
185.55
 20
377.05555555555554
 30
0.0
 40
1.7
  1
M2 3#5 L=2125
 72
1
 11
185.55
 21
377.05555555555554
 31
0.0
100
AcDbText
 73
2
  0
LWPOLYLINE
  5
959
330
708
100
AcDbEntity
 67
1
  8
ACERO_SUP_APOYO
 62
5
370
30
100
AcDbPolyline
 90
2
 70
0
 10
215.55
 20
377.75555555555553
 10
232.55
 20
377.75555555555553
  0
TEXT
  5
95A
330
708
100
AcDbEntity
 67
1
  8
ACERO_SUP_APOYO
 62
5
100
AcDbText
 10
225.55
 20
379.25555555555553
 30
0.0
 40
1.7
  1
M2 3#5 L=2200
 72
1
 11
225.55
 21
379.25555555555553
 31
0.0
100
AcDbText
 73
2
  0
LWPOLYLINE
  5
95B
330
708
100
AcDbEntity
 67
1
  8
ACERO_SUP_APOYO
 62
5
370
30
100
AcDbPolyline
 90
2
 70
0
 10
246.55
 20
375.55555555555554
 10
260.3
 20
375.55555555555554
  0
TEXT
  5
95C
330
708
100
AcDbEntity
 67
1
  8
ACERO_SUP_APOYO
 62
5
100
AcDbText
 10
253.55
 20
377.05555555555554
 30
0.0
 40
1.7
  1
M2 3#5 L=1875
 72
1
 11
253.55
 21
377.05555555555554
 31
0.0
100
AcDbText
 73
2
  0
LWPOLYLINE
  5
95D
330
708
100
AcDbEntity
 67
1
  8
ACERO_SUP_APOYO
 62
5
370
30
100
AcDbPolyline
 90
2
 70
0
 10
273.8
 20
377.75555555555553
 10
290.55
 20
377.75555555555553
  0
TEXT
  5
95E
330
708
100
AcDbEntity
 67
1
  8
ACERO_SUP_APOYO
 62
5
100
AcDbText
 10
280.55
 20
379.25555555555553
 30
0.0
 40
1.7
  1
M2 3#5 L=2175
 72
1
 11
280.55
 21
379.25555555555553
 31
0.0
100
AcDbText
 73
2
  0
LWPOLYLINE
  5
95F
330
708
100
AcDbEntity
 67
1
  8
ACERO_SUP_APOYO
 62
5
370
30
100
AcDbPolyline
 90
2
 70
0
 10
310.55
 20
375.55555555555554
 10
326.8
 20
375.55555555555554
  0
TEXT
  5
960
330
708
100
AcDbEntity
 67
1
  8
ACERO_SUP_APOYO
 62
5
100
AcDbText
 10
320.55
 20
377.05555555555554
 30
0.0
 40
1.7
  1
M2 3#5 L=2125
 72
1
 11
320.55
 21
377.05555555555554
 31
0.0
100
AcDbText
 73
2
  0
LWPOLYLINE
  5
961
330
708
100
AcDbEntity
 67
1
  8
ACERO_SUP_APOYO
 62
5
370
30
100
AcDbPolyline
 90
2
 70
0
 10
339.3
 20
377.75555555555553
 10
352.05
 20
377.75555555555553
  0
TEXT
  5
962
330
708
100
AcDbEntity
 67
1
  8
ACERO_SUP_APOYO
 62
5
100
AcDbText
 10
345.55
 20
379.25555555555553
 30
0.0
 40
1.7
  1
M2 3#5 L=1775
 72
1
 11
345.55
 21
379.25555555555553
 31
0.0
100
AcDbText
 73
2
  0
LWPOLYLINE
  5
963
330
708
100
AcDbEntity
 67
1
  8
ACERO_SUP_APOYO
 62
5
370
30
100
AcDbPolyline
 90
2
 70
0
 10
365.05
 20
375.55555555555554
 10
378.925
 20
375.55555555555554
  0
TEXT
  5
964
330
708
100
AcDbEntity
 67
1
  8
ACERO_SUP_APOYO
 62
5
100
AcDbText
 10
371.55
 20
377.05555555555554
 30
0.0
 40
1.7
  1
M2 3#5 L=1888
 72
1
 11
371.55
 21
377.05555555555554
 31
0.0
100
AcDbText
 73
2
  0
LWPOLYLINE
  5
965
330
708
100
AcDbEntity
 67
1
  8
ACERO_SUP_APOYO
 62
5
370
30
100
AcDbPolyline
 90
2
 70
0
 10
393.675
 20
377.75555555555553
 10
409.3
 20
377.75555555555553
  0
TEXT
  5
966
330
708
100
AcDbEntity
 67
1
  8
ACERO_SUP_APOYO
 62
5
100
AcDbText
 10
401.05
 20
379.25555555555553
 30
0.0
 40
1.7
  1
M2 3#5 L=2062
 72
1
 11
401.05
 21
379.25555555555553
 31
0.0
100
AcDbText
 73
2
  0
LWPOLYLINE
  5
967
330
708
100
AcDbEntity
 67
1
  8
ACERO_SUP_APOYO
 62
5
370
30
100
AcDbPolyline
 90
2
 70
0
 10
425.8
 20
375.55555555555554
 10
437.8
 20
375.55555555555554
  0
TEXT
  5
968
330
708
100
AcDbEntity
 67
1
  8
ACERO_SUP_APOYO
 62
5
100
AcDbText
 10
434.05
 20
377.05555555555554
 30
0.0
 40
1.7
  1
M2 3#5 L=1700
 72
1
 11
434.05
 21
377.05555555555554
 31
0.0
100
AcDbText
 73
2
  0
LWPOLYLINE
  5
969
330
708
100
AcDbEntity
 67
1
  8
ACERO_SUP_APOYO
 62
5
370
30
100
AcDbPolyline
 90
3
 70
0
 10
445.3
 20
377.75555555555553
 10
452.1
 20
377.75555555555553
 10
452.1
 20
372.75555555555553
  0
TEXT
  5
96A
330
708
100
AcDbEntity
 67
1
  8
ACERO_SUP_APOYO
 62
5
100
AcDbText
 10
449.05
 20
379.25555555555553
 30
0.0
 40
1.7
  1
M2 3#5 L=530
 72
1
 11
449.05
 21
379.25555555555553
 31
0.0
100
AcDbText
 73
2
  0
LWPOLYLINE
  5
96B
330
708
100
AcDbEntity
 67
1
  8
ACERO_INF
 62
1
370
35
100
AcDbPolyline
 90
4
 70
0
 10
58.55
 20
358.7
 10
58.55
 20
353.7
 10
70.55
 20
353.7
 10
70.55
 20
358.7
  0
TEXT
  5
96C
330
708
100
AcDbEntity
 67
1
  8
ACERO_INF
 62
1
100
AcDbText
 10
64.55
 20
351.0
 30
0.0
 40
1.7
  1
M3 5#5 L=1510
 72
1
 11
64.55
 21
351.0
 31
0.0
100
AcDbText
 73
2
  0
LWPOLYLINE
  5
96D
330
708
100
AcDbEntity
 67
1
  8
ACERO_INF
 62
1
370
35
100
AcDbPolyline
 90
4
 70
0
 10
73.55
 20
360.5
 10
73.55
 20
355.5
 10
103.55
 20
355.5
 10
103.55
 20
360.5
  0
TEXT
  5
96E
330
708
100
AcDbEntity
 67
1
  8
ACERO_INF
 62
1
100
AcDbText
 10
88.55
 20
352.8
 30
0.0
 40
1.7
  1
M3 5#5 L=3310
 72
1
 11
88.55
 21
352.8
 31
0.0
100
AcDbText
 73
2
  0
LWPOLYLINE
  5
96F
330
708
100
AcDbEntity
 67
1
  8
ACERO_INF
 62
1
370
35
100
AcDbPolyline
 90
4
 70
0
 10
106.55
 20
358.7
 10
106.55
 20
353.7
 10
133.05
 20
353.7
 10
133.05
 20
358.7
  0
TEXT
  5
970
330
708
100
AcDbEntity
 67
1
  8
ACERO_INF
 62
1
100
AcDbText
 10
119.80000000000001
 20
351.0
 30
0.0
 40
1.7
  1
M3 5#5 L=2960
 72
1
 11
119.80000000000001
 21
351.0
 31
0.0
100
AcDbText
 73
2
  0
LWPOLYLINE
  5
971
330
708
100
AcDbEntity
 67
1
  8
ACERO_INF
 62
1
370
35
100
AcDbPolyline
 90
4
 70
0
 10
136.05
 20
360.5
 10
136.05
 20
355.5
 10
159.05
 20
355.5
 10
159.05
 20
360.5
  0
TEXT
  5
972
330
708
100
AcDbEntity
 67
1
  8
ACERO_INF
 62
1
100
AcDbText
 10
147.55
 20
352.8
 30
0.0
 40
1.7
  1
M3 5#5 L=2610
 72
1
 11
147.55
 21
352.8
 31
0.0
100
AcDbText
 73
2
  0
LWPOLYLINE
  5
973
330
708
100
AcDbEntity
 67
1
  8
ACERO_INF
 62
1
370
35
100
AcDbPolyline
 90
4
 70
0
 10
162.05
 20
358.7
 10
162.05
 20
353.7
 10
184.05
 20
353.7
 10
184.05
 20
358.7
  0
TEXT
  5
974
330
708
100
AcDbEntity
 67
1
  8
ACERO_INF
 62
1
100
AcDbText
 10
173.05
 20
351.0
 30
0.0
 40
1.7
  1
M3 5#5 L=2510
 72
1
 11
173.05
 21
351.0
 31
0.0
100
AcDbText
 73
2
  0
LWPOLYLINE
  5
975
330
708
100
AcDbEntity
 67
1
  8
ACERO_INF
 62
1
370
35
100
AcDbPolyline
 90
4
 70
0
 10
187.05
 20
360.5
 10
187.05
 20
355.5
 10
224.05
 20
355.5
 10
224.05
 20
360.5
  0
TEXT
  5
976
330
708
100
AcDbEntity
 67
1
  8
ACERO_INF
 62
1
100
AcDbText
 10
205.55
 20
352.8
 30
0.0
 40
1.7
  1
M3 5#5 L=4010
 72
1
 11
205.55
 21
352.8
 31
0.0
100
AcDbText
 73
2
  0
LWPOLYLINE
  5
977
330
708
100
AcDbEntity
 67
1
  8
ACERO_INF
 62
1
370
35
100
AcDbPolyline
 90
4
 70
0
 10
227.05
 20
358.7
 10
227.05
 20
353.7
 10
252.05
 20
353.7
 10
252.05
 20
358.7
  0
TEXT
  5
978
330
708
100
AcDbEntity
 67
1
  8
ACERO_INF
 62
1
100
AcDbText
 10
239.55
 20
351.0
 30
0.0
 40
1.7
  1
M3 5#5 L=2810
 72
1
 11
239.55
 21
351.0
 31
0.0
100
AcDbText
 73
2
  0
LWPOLYLINE
  5
979
330
708
100
AcDbEntity
 67
1
  8
ACERO_INF
 62
1
370
35
100
AcDbPolyline
 90
4
 70
0
 10
255.05
 20
360.5
 10
255.05
 20
355.5
 10
279.05
 20
355.5
 10
279.05
 20
360.5
  0
TEXT
  5
97A
330
708
100
AcDbEntity
 67
1
  8
ACERO_INF
 62
1
100
AcDbText
 10
267.05
 20
352.8
 30
0.0
 40
1.7
  1
M3 5#5 L=2710
 72
1
 11
267.05
 21
352.8
 31
0.0
100
AcDbText
 73
2
  0
LWPOLYLINE
  5
97B
330
708
100
AcDbEntity
 67
1
  8
ACERO_INF
 62
1
370
35
100
AcDbPolyline
 90
4
 70
0
 10
282.05
 20
358.7
 10
282.05
 20
353.7
 10
319.05
 20
353.7
 10
319.05
 20
358.7
  0
TEXT
  5
97C
330
708
100
AcDbEntity
 67
1
  8
ACERO_INF
 62
1
100
AcDbText
 10
300.55
 20
351.0
 30
0.0
 40
1.7
  1
M3 5#5 L=4010
 72
1
 11
300.55
 21
351.0
 31
0.0
100
AcDbText
 73
2
  0
LWPOLYLINE
  5
97D
330
708
100
AcDbEntity
 67
1
  8
ACERO_INF
 62
1
370
35
100
AcDbPolyline
 90
4
 70
0
 10
322.05
 20
360.5
 10
322.05
 20
355.5
 10
344.05
 20
355.5
 10
344.05
 20
360.5
  0
TEXT
  5
97E
330
708
100
AcDbEntity
 67
1
  8
ACERO_INF
 62
1
100
AcDbText
 10
333.05
 20
352.8
 30
0.0
 40
1.7
  1
M3 5#5 L=2510
 72
1
 11
333.05
 21
352.8
 31
0.0
100
AcDbText
 73
2
  0
LWPOLYLINE
  5
97F
330
708
100
AcDbEntity
 67
1
  8
ACERO_INF
 62
1
370
35
100
AcDbPolyline
 90
4
 70
0
 10
347.05
 20
358.7
 10
347.05
 20
353.7
 10
370.05
 20
353.7
 10
370.05
 20
358.7
  0
TEXT
  5
980
330
708
100
AcDbEntity
 67
1
  8
ACERO_INF
 62
1
100
AcDbText
 10
358.55
 20
351.0
 30
0.0
 40
1.7
  1
M3 5#5 L=2610
 72
1
 11
358.55
 21
351.0
 31
0.0
100
AcDbText
 73
2
  0
LWPOLYLINE
  5
981
330
708
100
AcDbEntity
 67
1
  8
ACERO_INF
 62
1
370
35
100
AcDbPolyline
 90
4
 70
0
 10
373.05
 20
360.5
 10
373.05
 20
355.5
 10
399.55
 20
355.5
 10
399.55
 20
360.5
  0
TEXT
  5
982
330
708
100
AcDbEntity
 67
1
  8
ACERO_INF
 62
1
100
AcDbText
 10
386.3
 20
352.8
 30
0.0
 40
1.7
  1
M3 5#5 L=2960
 72
1
 11
386.3
 21
352.8
 31
0.0
100
AcDbText
 73
2
  0
LWPOLYLINE
  5
983
330
708
100
AcDbEntity
 67
1
  8
ACERO_INF
 62
1
370
35
100
AcDbPolyline
 90
4
 70
0
 10
402.55
 20
358.7
 10
402.55
 20
353.7
 10
432.55
 20
353.7
 10
432.55
 20
358.7
  0
TEXT
  5
984
330
708
100
AcDbEntity
 67
1
  8
ACERO_INF
 62
1
100
AcDbText
 10
417.55
 20
351.0
 30
0.0
 40
1.7
  1
M3 5#5 L=3310
 72
1
 11
417.55
 21
351.0
 31
0.0
100
AcDbText
 73
2
  0
LWPOLYLINE
  5
985
330
708
100
AcDbEntity
 67
1
  8
ACERO_INF
 62
1
370
35
100
AcDbPolyline
 90
4
 70
0
 10
435.55
 20
360.5
 10
435.55
 20
355.5
 10
447.55
 20
355.5
 10
447.55
 20
360.5
  0
TEXT
  5
986
330
708
100
AcDbEntity
 67
1
  8
ACERO_INF
 62
1
100
AcDbText
 10
441.55
 20
352.8
 30
0.0
 40
1.7
  1
M3 5#5 L=1510
 72
1
 11
441.55
 21
352.8
 31
0.0
100
AcDbText
 73
2
  0
LWPOLYLINE
  5
987
330
708
100
AcDbEntity
 67
1
  8
ACERO_TORSION
 62
30
370
30
100
AcDbPolyline
 90
2
 70
0
 10
58.05
 20
369.37777777777774
 10
448.05
 20
369.37777777777774
  0
TEXT
  5
988
330
708
100
AcDbEntity
 67
1
  8
ACERO_TORSION
 62
30
100
AcDbText
 10
253.05
 20
370.97777777777776
 30
0.0
 40
1.7
  1
M4 16#5 TORSIÓN DEDICADA
 72
1
 11
253.05
 21
370.97777777777776
 31
0.0
100
AcDbText
 73
2
  0
LINE
  5
989
330
708
100
AcDbEntity
 67
1
  8
CORTE
 62
6
370
13
100
AcDbLine
 10
59.75
 20
349.2
 30
0.0
 11
59.75
 21
384.75555555555553
 31
0.0
  0
TEXT
  5
98A
330
708
100
AcDbEntity
 67
1
  8
CORTE
 62
6
100
AcDbText
 10
59.75
 20
389.75555555555553
 30
0.0
 40
2.0
  1
A
 72
1
 11
59.75
 21
389.75555555555553
 31
0.0
100
AcDbText
 73
2
  0
LINE
  5
98B
330
708
100
AcDbEntity
 67
1
  8
CORTE
 62
6
370
13
100
AcDbLine
 10
271.91
 20
349.2
 30
0.0
 11
271.91
 21
384.75555555555553
 31
0.0
  0
TEXT
  5
98C
330
708
100
AcDbEntity
 67
1
  8
CORTE
 62
6
100
AcDbText
 10
271.91
 20
389.75555555555553
 30
0.0
 40
2.0
  1
B
 72
1
 11
271.91
 21
389.75555555555553
 31
0.0
100
AcDbText
 73
2
  0
LINE
  5
98D
330
708
100
AcDbEntity
 67
1
  8
CORTE
 62
6
370
13
100
AcDbLine
 10
446.35
 20
349.2
 30
0.0
 11
446.35
 21
384.75555555555553
 31
0.0
  0
TEXT
  5
98E
330
708
100
AcDbEntity
 67
1
  8
CORTE
 62
6
100
AcDbText
 10
446.35
 20
389.75555555555553
 30
0.0
 40
2.0
  1
C
 72
1
 11
446.35
 21
389.75555555555553
 31
0.0
100
AcDbText
 73
2
  0
LINE
  5
98F
330
708
100
AcDbEntity
 67
1
  8
COTAS
 62
3
370
13
100
AcDbLine
 10
57.05
 20
341.7
 30
0.0
 11
72.05
 21
341.7
 31
0.0
  0
LINE
  5
990
330
708
100
AcDbEntity
 67
1
  8
COTAS
 62
3
370
13
100
AcDbLine
 10
57.05
 20
340.5
 30
0.0
 11
57.05
 21
342.9
 31
0.0
  0
LINE
  5
991
330
708
100
AcDbEntity
 67
1
  8
COTAS
 62
3
370
13
100
AcDbLine
 10
72.05
 20
340.5
 30
0.0
 11
72.05
 21
342.9
 31
0.0
  0
TEXT
  5
992
330
708
100
AcDbEntity
 67
1
  8
COTAS
 62
3
100
AcDbText
 10
64.55
 20
342.7
 30
0.0
 40
1.8
  1
1.500 m
 72
1
 11
64.55
 21
342.7
 31
0.0
100
AcDbText
 73
2
  0
TEXT
  5
993
330
708
100
AcDbEntity
 67
1
  8
TEXTO
 62
7
100
AcDbText
 10
64.55
 20
338.5
 30
0.0
 40
1.55
  1
F151
 72
1
 11
64.55
 21
338.5
 31
0.0
100
AcDbText
 73
2
  0
LINE
  5
994
330
708
100
AcDbEntity
 67
1
  8
COTAS
 62
3
370
13
100
AcDbLine
 10
72.05
 20
335.7
 30
0.0
 11
105.05
 21
335.7
 31
0.0
  0
LINE
  5
995
330
708
100
AcDbEntity
 67
1
  8
COTAS
 62
3
370
13
100
AcDbLine
 10
72.05
 20
334.5
 30
0.0
 11
72.05
 21
336.9
 31
0.0
  0
LINE
  5
996
330
708
100
AcDbEntity
 67
1
  8
COTAS
 62
3
370
13
100
AcDbLine
 10
105.05
 20
334.5
 30
0.0
 11
105.05
 21
336.9
 31
0.0
  0
TEXT
  5
997
330
708
100
AcDbEntity
 67
1
  8
COTAS
 62
3
100
AcDbText
 10
88.55
 20
336.7
 30
0.0
 40
1.8
  1
3.300 m
 72
1
 11
88.55
 21
336.7
 31
0.0
100
AcDbText
 73
2
  0
TEXT
  5
998
330
708
100
AcDbEntity
 67
1
  8
TEXTO
 62
7
100
AcDbText
 10
88.55
 20
332.5
 30
0.0
 40
1.55
  1
F1353
 72
1
 11
88.55
 21
332.5
 31
0.0
100
AcDbText
 73
2
  0
LINE
  5
999
330
708
100
AcDbEntity
 67
1
  8
COTAS
 62
3
370
13
100
AcDbLine
 10
105.05
 20
341.7
 30
0.0
 11
134.55
 21
341.7
 31
0.0
  0
LINE
  5
99A
330
708
100
AcDbEntity
 67
1
  8
COTAS
 62
3
370
13
100
AcDbLine
 10
105.05
 20
340.5
 30
0.0
 11
105.05
 21
342.9
 31
0.0
  0
LINE
  5
99B
330
708
100
AcDbEntity
 67
1
  8
COTAS
 62
3
370
13
100
AcDbLine
 10
134.55
 20
340.5
 30
0.0
 11
134.55
 21
342.9
 31
0.0
  0
TEXT
  5
99C
330
708
100
AcDbEntity
 67
1
  8
COTAS
 62
3
100
AcDbText
 10
119.80000000000001
 20
342.7
 30
0.0
 40
1.8
  1
2.950 m
 72
1
 11
119.80000000000001
 21
342.7
 31
0.0
100
AcDbText
 73
2
  0
TEXT
  5
99D
330
708
100
AcDbEntity
 67
1
  8
TEXTO
 62
7
100
AcDbText
 10
119.80000000000001
 20
338.5
 30
0.0
 40
1.55
  1
F23
 72
1
 11
119.80000000000001
 21
338.5
 31
0.0
100
AcDbText
 73
2
  0
LINE
  5
99E
330
708
100
AcDbEntity
 67
1
  8
COTAS
 62
3
370
13
100
AcDbLine
 10
134.55
 20
335.7
 30
0.0
 11
160.55
 21
335.7
 31
0.0
  0
LINE
  5
99F
330
708
100
AcDbEntity
 67
1
  8
COTAS
 62
3
370
13
100
AcDbLine
 10
134.55
 20
334.5
 30
0.0
 11
134.55
 21
336.9
 31
0.0
  0
LINE
  5
9A0
330
708
100
AcDbEntity
 67
1
  8
COTAS
 62
3
370
13
100
AcDbLine
 10
160.55
 20
334.5
 30
0.0
 11
160.55
 21
336.9
 31
0.0
  0
TEXT
  5
9A1
330
708
100
AcDbEntity
 67
1
  8
COTAS
 62
3
100
AcDbText
 10
147.55
 20
336.7
 30
0.0
 40
1.8
  1
2.600 m
 72
1
 11
147.55
 21
336.7
 31
0.0
100
AcDbText
 73
2
  0
TEXT
  5
9A2
330
708
100
AcDbEntity
 67
1
  8
TEXTO
 62
7
100
AcDbText
 10
147.55
 20
332.5
 30
0.0
 40
1.55
  1
F24
 72
1
 11
147.55
 21
332.5
 31
0.0
100
AcDbText
 73
2
  0
LINE
  5
9A3
330
708
100
AcDbEntity
 67
1
  8
COTAS
 62
3
370
13
100
AcDbLine
 10
160.55
 20
341.7
 30
0.0
 11
185.55
 21
341.7
 31
0.0
  0
LINE
  5
9A4
330
708
100
AcDbEntity
 67
1
  8
COTAS
 62
3
370
13
100
AcDbLine
 10
160.55
 20
340.5
 30
0.0
 11
160.55
 21
342.9
 31
0.0
  0
LINE
  5
9A5
330
708
100
AcDbEntity
 67
1
  8
COTAS
 62
3
370
13
100
AcDbLine
 10
185.55
 20
340.5
 30
0.0
 11
185.55
 21
342.9
 31
0.0
  0
TEXT
  5
9A6
330
708
100
AcDbEntity
 67
1
  8
COTAS
 62
3
100
AcDbText
 10
173.05
 20
342.7
 30
0.0
 40
1.8
  1
2.500 m
 72
1
 11
173.05
 21
342.7
 31
0.0
100
AcDbText
 73
2
  0
TEXT
  5
9A7
330
708
100
AcDbEntity
 67
1
  8
TEXTO
 62
7
100
AcDbText
 10
173.05
 20
338.5
 30
0.0
 40
1.55
  1
F25
 72
1
 11
173.05
 21
338.5
 31
0.0
100
AcDbText
 73
2
  0
LINE
  5
9A8
330
708
100
AcDbEntity
 67
1
  8
COTAS
 62
3
370
13
100
AcDbLine
 10
185.55
 20
335.7
 30
0.0
 11
225.55
 21
335.7
 31
0.0
  0
LINE
  5
9A9
330
708
100
AcDbEntity
 67
1
  8
COTAS
 62
3
370
13
100
AcDbLine
 10
185.55
 20
334.5
 30
0.0
 11
185.55
 21
336.9
 31
0.0
  0
LINE
  5
9AA
330
708
100
AcDbEntity
 67
1
  8
COTAS
 62
3
370
13
100
AcDbLine
 10
225.55
 20
334.5
 30
0.0
 11
225.55
 21
336.9
 31
0.0
  0
TEXT
  5
9AB
330
708
100
AcDbEntity
 67
1
  8
COTAS
 62
3
100
AcDbText
 10
205.55
 20
336.7
 30
0.0
 40
1.8
  1
4.000 m
 72
1
 11
205.55
 21
336.7
 31
0.0
100
AcDbText
 73
2
  0
TEXT
  5
9AC
330
708
100
AcDbEntity
 67
1
  8
TEXTO
 62
7
100
AcDbText
 10
205.55
 20
332.5
 30
0.0
 40
1.55
  1
F26
 72
1
 11
205.55
 21
332.5
 31
0.0
100
AcDbText
 73
2
  0
LINE
  5
9AD
330
708
100
AcDbEntity
 67
1
  8
COTAS
 62
3
370
13
100
AcDbLine
 10
225.55
 20
341.7
 30
0.0
 11
253.55
 21
341.7
 31
0.0
  0
LINE
  5
9AE
330
708
100
AcDbEntity
 67
1
  8
COTAS
 62
3
370
13
100
AcDbLine
 10
225.55
 20
340.5
 30
0.0
 11
225.55
 21
342.9
 31
0.0
  0
LINE
  5
9AF
330
708
100
AcDbEntity
 67
1
  8
COTAS
 62
3
370
13
100
AcDbLine
 10
253.55
 20
340.5
 30
0.0
 11
253.55
 21
342.9
 31
0.0
  0
TEXT
  5
9B0
330
708
100
AcDbEntity
 67
1
  8
COTAS
 62
3
100
AcDbText
 10
239.55
 20
342.7
 30
0.0
 40
1.8
  1
2.800 m
 72
1
 11
239.55
 21
342.7
 31
0.0
100
AcDbText
 73
2
  0
TEXT
  5
9B1
330
708
100
AcDbEntity
 67
1
  8
TEXTO
 62
7
100
AcDbText
 10
239.55
 20
338.5
 30
0.0
 40
1.55
  1
F27
 72
1
 11
239.55
 21
338.5
 31
0.0
100
AcDbText
 73
2
  0
LINE
  5
9B2
330
708
100
AcDbEntity
 67
1
  8
COTAS
 62
3
370
13
100
AcDbLine
 10
253.55
 20
335.7
 30
0.0
 11
280.55
 21
335.7
 31
0.0
  0
LINE
  5
9B3
330
708
100
AcDbEntity
 67
1
  8
COTAS
 62
3
370
13
100
AcDbLine
 10
253.55
 20
334.5
 30
0.0
 11
253.55
 21
336.9
 31
0.0
  0
LINE
  5
9B4
330
708
100
AcDbEntity
 67
1
  8
COTAS
 62
3
370
13
100
AcDbLine
 10
280.55
 20
334.5
 30
0.0
 11
280.55
 21
336.9
 31
0.0
  0
TEXT
  5
9B5
330
708
100
AcDbEntity
 67
1
  8
COTAS
 62
3
100
AcDbText
 10
267.05
 20
336.7
 30
0.0
 40
1.8
  1
2.700 m
 72
1
 11
267.05
 21
336.7
 31
0.0
100
AcDbText
 73
2
  0
TEXT
  5
9B6
330
708
100
AcDbEntity
 67
1
  8
TEXTO
 62
7
100
AcDbText
 10
267.05
 20
332.5
 30
0.0
 40
1.55
  1
F28
 72
1
 11
267.05
 21
332.5
 31
0.0
100
AcDbText
 73
2
  0
LINE
  5
9B7
330
708
100
AcDbEntity
 67
1
  8
COTAS
 62
3
370
13
100
AcDbLine
 10
280.55
 20
341.7
 30
0.0
 11
320.55
 21
341.7
 31
0.0
  0
LINE
  5
9B8
330
708
100
AcDbEntity
 67
1
  8
COTAS
 62
3
370
13
100
AcDbLine
 10
280.55
 20
340.5
 30
0.0
 11
280.55
 21
342.9
 31
0.0
  0
LINE
  5
9B9
330
708
100
AcDbEntity
 67
1
  8
COTAS
 62
3
370
13
100
AcDbLine
 10
320.55
 20
340.5
 30
0.0
 11
320.55
 21
342.9
 31
0.0
  0
TEXT
  5
9BA
330
708
100
AcDbEntity
 67
1
  8
COTAS
 62
3
100
AcDbText
 10
300.55
 20
342.7
 30
0.0
 40
1.8
  1
4.000 m
 72
1
 11
300.55
 21
342.7
 31
0.0
100
AcDbText
 73
2
  0
TEXT
  5
9BB
330
708
100
AcDbEntity
 67
1
  8
TEXTO
 62
7
100
AcDbText
 10
300.55
 20
338.5
 30
0.0
 40
1.55
  1
F29
 72
1
 11
300.55
 21
338.5
 31
0.0
100
AcDbText
 73
2
  0
LINE
  5
9BC
330
708
100
AcDbEntity
 67
1
  8
COTAS
 62
3
370
13
100
AcDbLine
 10
320.55
 20
335.7
 30
0.0
 11
345.55
 21
335.7
 31
0.0
  0
LINE
  5
9BD
330
708
100
AcDbEntity
 67
1
  8
COTAS
 62
3
370
13
100
AcDbLine
 10
320.55
 20
334.5
 30
0.0
 11
320.55
 21
336.9
 31
0.0
  0
LINE
  5
9BE
330
708
100
AcDbEntity
 67
1
  8
COTAS
 62
3
370
13
100
AcDbLine
 10
345.55
 20
334.5
 30
0.0
 11
345.55
 21
336.9
 31
0.0
  0
TEXT
  5
9BF
330
708
100
AcDbEntity
 67
1
  8
COTAS
 62
3
100
AcDbText
 10
333.05
 20
336.7
 30
0.0
 40
1.8
  1
2.500 m
 72
1
 11
333.05
 21
336.7
 31
0.0
100
AcDbText
 73
2
  0
TEXT
  5
9C0
330
708
100
AcDbEntity
 67
1
  8
TEXTO
 62
7
100
AcDbText
 10
333.05
 20
332.5
 30
0.0
 40
1.55
  1
F30
 72
1
 11
333.05
 21
332.5
 31
0.0
100
AcDbText
 73
2
  0
LINE
  5
9C1
330
708
100
AcDbEntity
 67
1
  8
COTAS
 62
3
370
13
100
AcDbLine
 10
345.55
 20
341.7
 30
0.0
 11
371.55
 21
341.7
 31
0.0
  0
LINE
  5
9C2
330
708
100
AcDbEntity
 67
1
  8
COTAS
 62
3
370
13
100
AcDbLine
 10
345.55
 20
340.5
 30
0.0
 11
345.55
 21
342.9
 31
0.0
  0
LINE
  5
9C3
330
708
100
AcDbEntity
 67
1
  8
COTAS
 62
3
370
13
100
AcDbLine
 10
371.55
 20
340.5
 30
0.0
 11
371.55
 21
342.9
 31
0.0
  0
TEXT
  5
9C4
330
708
100
AcDbEntity
 67
1
  8
COTAS
 62
3
100
AcDbText
 10
358.55
 20
342.7
 30
0.0
 40
1.8
  1
2.600 m
 72
1
 11
358.55
 21
342.7
 31
0.0
100
AcDbText
 73
2
  0
TEXT
  5
9C5
330
708
100
AcDbEntity
 67
1
  8
TEXTO
 62
7
100
AcDbText
 10
358.55
 20
338.5
 30
0.0
 40
1.55
  1
F31
 72
1
 11
358.55
 21
338.5
 31
0.0
100
AcDbText
 73
2
  0
LINE
  5
9C6
330
708
100
AcDbEntity
 67
1
  8
COTAS
 62
3
370
13
100
AcDbLine
 10
371.55
 20
335.7
 30
0.0
 11
401.05
 21
335.7
 31
0.0
  0
LINE
  5
9C7
330
708
100
AcDbEntity
 67
1
  8
COTAS
 62
3
370
13
100
AcDbLine
 10
371.55
 20
334.5
 30
0.0
 11
371.55
 21
336.9
 31
0.0
  0
LINE
  5
9C8
330
708
100
AcDbEntity
 67
1
  8
COTAS
 62
3
370
13
100
AcDbLine
 10
401.05
 20
334.5
 30
0.0
 11
401.05
 21
336.9
 31
0.0
  0
TEXT
  5
9C9
330
708
100
AcDbEntity
 67
1
  8
COTAS
 62
3
100
AcDbText
 10
386.3
 20
336.7
 30
0.0
 40
1.8
  1
2.950 m
 72
1
 11
386.3
 21
336.7
 31
0.0
100
AcDbText
 73
2
  0
TEXT
  5
9CA
330
708
100
AcDbEntity
 67
1
  8
TEXTO
 62
7
100
AcDbText
 10
386.3
 20
332.5
 30
0.0
 40
1.55
  1
F32
 72
1
 11
386.3
 21
332.5
 31
0.0
100
AcDbText
 73
2
  0
LINE
  5
9CB
330
708
100
AcDbEntity
 67
1
  8
COTAS
 62
3
370
13
100
AcDbLine
 10
401.05
 20
341.7
 30
0.0
 11
434.05
 21
341.7
 31
0.0
  0
LINE
  5
9CC
330
708
100
AcDbEntity
 67
1
  8
COTAS
 62
3
370
13
100
AcDbLine
 10
401.05
 20
340.5
 30
0.0
 11
401.05
 21
342.9
 31
0.0
  0
LINE
  5
9CD
330
708
100
AcDbEntity
 67
1
  8
COTAS
 62
3
370
13
100
AcDbLine
 10
434.05
 20
340.5
 30
0.0
 11
434.05
 21
342.9
 31
0.0
  0
TEXT
  5
9CE
330
708
100
AcDbEntity
 67
1
  8
COTAS
 62
3
100
AcDbText
 10
417.55
 20
342.7
 30
0.0
 40
1.8
  1
3.300 m
 72
1
 11
417.55
 21
342.7
 31
0.0
100
AcDbText
 73
2
  0
TEXT
  5
9CF
330
708
100
AcDbEntity
 67
1
  8
TEXTO
 62
7
100
AcDbText
 10
417.55
 20
338.5
 30
0.0
 40
1.55
  1
F1354
 72
1
 11
417.55
 21
338.5
 31
0.0
100
AcDbText
 73
2
  0
LINE
  5
9D0
330
708
100
AcDbEntity
 67
1
  8
COTAS
 62
3
370
13
100
AcDbLine
 10
434.05
 20
335.7
 30
0.0
 11
449.05
 21
335.7
 31
0.0
  0
LINE
  5
9D1
330
708
100
AcDbEntity
 67
1
  8
COTAS
 62
3
370
13
100
AcDbLine
 10
434.05
 20
334.5
 30
0.0
 11
434.05
 21
336.9
 31
0.0
  0
LINE
  5
9D2
330
708
100
AcDbEntity
 67
1
  8
COTAS
 62
3
370
13
100
AcDbLine
 10
449.05
 20
334.5
 30
0.0
 11
449.05
 21
336.9
 31
0.0
  0
TEXT
  5
9D3
330
708
100
AcDbEntity
 67
1
  8
COTAS
 62
3
100
AcDbText
 10
441.55
 20
336.7
 30
0.0
 40
1.8
  1
1.500 m
 72
1
 11
441.55
 21
336.7
 31
0.0
100
AcDbText
 73
2
  0
TEXT
  5
9D4
330
708
100
AcDbEntity
 67
1
  8
TEXTO
 62
7
100
AcDbText
 10
441.55
 20
332.5
 30
0.0
 40
1.55
  1
F146
 72
1
 11
441.55
 21
332.5
 31
0.0
100
AcDbText
 73
2
  0
LINE
  5
9D5
330
708
100
AcDbEntity
 67
1
  8
COTAS
 62
3
370
13
100
AcDbLine
 10
57.05
 20
328.7
 30
0.0
 11
449.05
 21
328.7
 31
0.0
  0
LINE
  5
9D6
330
708
100
AcDbEntity
 67
1
  8
COTAS
 62
3
370
13
100
AcDbLine
 10
57.05
 20
327.5
 30
0.0
 11
57.05
 21
329.9
 31
0.0
  0
LINE
  5
9D7
330
708
100
AcDbEntity
 67
1
  8
COTAS
 62
3
370
13
100
AcDbLine
 10
449.05
 20
327.5
 30
0.0
 11
449.05
 21
329.9
 31
0.0
  0
TEXT
  5
9D8
330
708
100
AcDbEntity
 67
1
  8
COTAS
 62
3
100
AcDbText
 10
253.05
 20
329.7
 30
0.0
 40
2.0
  1
TOTAL SAP I-J = 39.200 m
 72
1
 11
253.05
 21
329.7
 31
0.0
100
AcDbText
 73
2
  0
TEXT
  5
9D9
330
708
100
AcDbEntity
 67
1
  8
TEXTO
 62
7
100
AcDbText
 10
449.05
 20
246.5
 30
0.0
 40
1.9
  1
ESC. H 1:100 | V 1:22 | EJES Y TRAMOS SAP
 72
2
 11
449.05
 21
246.5
 31
0.0
100
AcDbText
  0
LWPOLYLINE
  5
9DA
330
708
100
AcDbEntity
 67
1
  8
MARCO
 62
7
370
25
100
AcDbPolyline
 90
4
 70
1
 10
538.0
 20
242.5
 10
697.0
 20
242.5
 10
697.0
 20
470.0
 10
538.0
 20
470.0
  0
TEXT
  5
9DB
330
708
100
AcDbEntity
 67
1
  8
TEXTO
 62
7
100
AcDbText
 10
617.5
 20
463.0
 30
0.0
 40
3.4
  1
VIGA TIPO VR3
 72
1
 11
617.5
 21
463.0
 31
0.0
100
AcDbText
 73
2
  0
TEXT
  5
9DC
330
708
100
AcDbEntity
 67
1
  8
TEXTO
 62
7
100
AcDbText
 10
617.5
 20
456.0
 30
0.0
 40
2.0
  1
500x550 mm — DATOS EXCEL
 72
1
 11
617.5
 21
456.0
 31
0.0
100
AcDbText
 73
2
  0
LWPOLYLINE
  5
9DD
330
708
100
AcDbEntity
 67
1
  8
CONTORNO
 62
7
370
20
100
AcDbPolyline
 90
4
 70
1
 10
549.5
 20
337.95
 10
574.5
 20
337.95
 10
574.5
 20
365.45
 10
549.5
 20
365.45
  0
LWPOLYLINE
  5
9DE
330
708
100
AcDbEntity
 67
1
  8
ESTRIBOS
 62
8
370
18
100
AcDbPolyline
 90
4
 70
1
 10
551.5
 20
339.95
 10
572.5
 20
339.95
 10
572.5
 20
363.45
 10
551.5
 20
363.45
  0
LINE
  5
9DF
330
708
100
AcDbEntity
 67
1
  8
ESTRIBOS
 62
8
370
13
100
AcDbLine
 10
557.8333333333334
 20
339.95
 30
0.0
 11
557.8333333333334
 21
363.45
 31
0.0
  0
LINE
  5
9E0
330
708
100
AcDbEntity
 67
1
  8
ESTRIBOS
 62
8
370
13
100
AcDbLine
 10
566.1666666666666
 20
339.95
 30
0.0
 11
566.1666666666666
 21
363.45
 31
0.0
  0
CIRCLE
  5
9E1
330
708
100
AcDbEntity
 67
1
  8
ACERO_SUP_CONT
 62
4
100
AcDbCircle
 10
552.75
 20
362.4175
 30
0.0
 40
0.55
  0
CIRCLE
  5
9E2
330
708
100
AcDbEntity
 67
1
  8
ACERO_SUP_CONT
 62
4
100
AcDbCircle
 10
557.375
 20
362.4175
 30
0.0
 40
0.55
  0
CIRCLE
  5
9E3
330
708
100
AcDbEntity
 67
1
  8
ACERO_SUP_CONT
 62
4
100
AcDbCircle
 10
562.0
 20
362.4175
 30
0.0
 40
0.55
  0
CIRCLE
  5
9E4
330
708
100
AcDbEntity
 67
1
  8
ACERO_SUP_CONT
 62
4
100
AcDbCircle
 10
566.625
 20
362.4175
 30
0.0
 40
0.55
  0
CIRCLE
  5
9E5
330
708
100
AcDbEntity
 67
1
  8
ACERO_SUP_CONT
 62
4
100
AcDbCircle
 10
571.25
 20
362.4175
 30
0.0
 40
0.55
  0
CIRCLE
  5
9E6
330
708
100
AcDbEntity
 67
1
  8
ACERO_INF
 62
1
100
AcDbCircle
 10
552.75
 20
340.9825
 30
0.0
 40
0.55
  0
CIRCLE
  5
9E7
330
708
100
AcDbEntity
 67
1
  8
ACERO_INF
 62
1
100
AcDbCircle
 10
557.375
 20
340.9825
 30
0.0
 40
0.55
  0
CIRCLE
  5
9E8
330
708
100
AcDbEntity
 67
1
  8
ACERO_INF
 62
1
100
AcDbCircle
 10
562.0
 20
340.9825
 30
0.0
 40
0.55
  0
CIRCLE
  5
9E9
330
708
100
AcDbEntity
 67
1
  8
ACERO_INF
 62
1
100
AcDbCircle
 10
566.625
 20
340.9825
 30
0.0
 40
0.55
  0
CIRCLE
  5
9EA
330
708
100
AcDbEntity
 67
1
  8
ACERO_INF
 62
1
100
AcDbCircle
 10
571.25
 20
340.9825
 30
0.0
 40
0.55
  0
CIRCLE
  5
9EB
330
708
100
AcDbEntity
 67
1
  8
ACERO_TORSION
 62
30
100
AcDbCircle
 10
557.2
 20
343.45
 30
0.0
 40
0.48
  0
CIRCLE
  5
9EC
330
708
100
AcDbEntity
 67
1
  8
ACERO_TORSION
 62
30
100
AcDbCircle
 10
557.2
 20
359.95
 30
0.0
 40
0.48
  0
CIRCLE
  5
9ED
330
708
100
AcDbEntity
 67
1
  8
ACERO_TORSION
 62
30
100
AcDbCircle
 10
560.4
 20
343.45
 30
0.0
 40
0.48
  0
CIRCLE
  5
9EE
330
708
100
AcDbEntity
 67
1
  8
ACERO_TORSION
 62
30
100
AcDbCircle
 10
560.4
 20
359.95
 30
0.0
 40
0.48
  0
CIRCLE
  5
9EF
330
708
100
AcDbEntity
 67
1
  8
ACERO_TORSION
 62
30
100
AcDbCircle
 10
563.6
 20
343.45
 30
0.0
 40
0.48
  0
CIRCLE
  5
9F0
330
708
100
AcDbEntity
 67
1
  8
ACERO_TORSION
 62
30
100
AcDbCircle
 10
563.6
 20
359.95
 30
0.0
 40
0.48
  0
CIRCLE
  5
9F1
330
708
100
AcDbEntity
 67
1
  8
ACERO_TORSION
 62
30
100
AcDbCircle
 10
566.8
 20
343.45
 30
0.0
 40
0.48
  0
CIRCLE
  5
9F2
330
708
100
AcDbEntity
 67
1
  8
ACERO_TORSION
 62
30
100
AcDbCircle
 10
566.8
 20
359.95
 30
0.0
 40
0.48
  0
CIRCLE
  5
9F3
330
708
100
AcDbEntity
 67
1
  8
ACERO_TORSION
 62
30
100
AcDbCircle
 10
554.0
 20
346.75
 30
0.0
 40
0.48
  0
CIRCLE
  5
9F4
330
708
100
AcDbEntity
 67
1
  8
ACERO_TORSION
 62
30
100
AcDbCircle
 10
570.0
 20
346.75
 30
0.0
 40
0.48
  0
CIRCLE
  5
9F5
330
708
100
AcDbEntity
 67
1
  8
ACERO_TORSION
 62
30
100
AcDbCircle
 10
554.0
 20
350.05
 30
0.0
 40
0.48
  0
CIRCLE
  5
9F6
330
708
100
AcDbEntity
 67
1
  8
ACERO_TORSION
 62
30
100
AcDbCircle
 10
570.0
 20
350.05
 30
0.0
 40
0.48
  0
CIRCLE
  5
9F7
330
708
100
AcDbEntity
 67
1
  8
ACERO_TORSION
 62
30
100
AcDbCircle
 10
554.0
 20
353.34999999999997
 30
0.0
 40
0.48
  0
CIRCLE
  5
9F8
330
708
100
AcDbEntity
 67
1
  8
ACERO_TORSION
 62
30
100
AcDbCircle
 10
570.0
 20
353.34999999999997
 30
0.0
 40
0.48
  0
CIRCLE
  5
9F9
330
708
100
AcDbEntity
 67
1
  8
ACERO_TORSION
 62
30
100
AcDbCircle
 10
554.0
 20
356.65
 30
0.0
 40
0.48
  0
CIRCLE
  5
9FA
330
708
100
AcDbEntity
 67
1
  8
ACERO_TORSION
 62
30
100
AcDbCircle
 10
570.0
 20
356.65
 30
0.0
 40
0.48
  0
TEXT
  5
9FB
330
708
100
AcDbEntity
 67
1
  8
TEXTO
 62
7
100
AcDbText
 10
562.0
 20
334.34999999999997
 30
0.0
 40
1.9
  1
SECCIÓN APOYO
 72
1
 11
562.0
 21
334.34999999999997
 31
0.0
100
AcDbText
 73
2
  0
TEXT
  5
9FC
330
708
100
AcDbEntity
 67
1
  8
TEXTO
 62
7
100
AcDbText
 10
562.0
 20
331.55
 30
0.0
 40
1.55
  1
500x550 | 1:20
 72
1
 11
562.0
 21
331.55
 31
0.0
100
AcDbText
 73
2
  0
TEXT
  5
9FD
330
708
100
AcDbEntity
 67
1
  8
TEXTO
100
AcDbText
 10
585.0
 20
443.0
 30
0.0
 40
2.0
  1
SUP: 5#5
 11
585.0
 21
443.0
 31
0.0
100
AcDbText
  0
TEXT
  5
9FE
330
708
100
AcDbEntity
 67
1
  8
TEXTO
100
AcDbText
 10
585.0
 20
435.0
 30
0.0
 40
2.0
  1
INF: 5#5
 11
585.0
 21
435.0
 31
0.0
100
AcDbText
  0
TEXT
  5
9FF
330
708
100
AcDbEntity
 67
1
  8
TEXTO
100
AcDbText
 10
585.0
 20
427.0
 30
0.0
 40
2.0
  1
TORSIÓN: 16#5
 11
585.0
 21
427.0
 31
0.0
100
AcDbText
  0
TEXT
  5
A00
330
708
100
AcDbEntity
 67
1
  8
TEXTO
100
AcDbText
 10
585.0
 20
419.0
 30
0.0
 40
2.0
  1
EST: Nº4 — 4 RAMAS
 11
585.0
 21
419.0
 31
0.0
100
AcDbText
  0
TEXT
  5
A01
330
708
100
AcDbEntity
 67
1
  8
TEXTO
100
AcDbText
 10
585.0
 20
411.0
 30
0.0
 40
2.0
  1
s EXT/CENTRO: 80/80 mm
 11
585.0
 21
411.0
 31
0.0
100
AcDbText
  0
TEXT
  5
A02
330
708
100
AcDbEntity
 67
1
  8
TEXTO
100
AcDbText
 10
585.0
 20
403.0
 30
0.0
 40
2.0
  1
FRAMES SAP: 70
 11
585.0
 21
403.0
 31
0.0
100
AcDbText
  0
TEXT
  5
A03
330
708
100
AcDbEntity
 67
1
  8
TEXTO
100
AcDbText
 10
585.0
 20
395.0
 30
0.0
 40
2.0
  1
EJE c: 14-1-3.30-3-4-5-6-7-8-9-10-11-32.90-13-15
 11
585.0
 21
395.0
 31
0.0
100
AcDbText
  0
LINE
  5
A04
330
708
100
AcDbEntity
 67
1
  8
MARCO
 62
8
370
13
100
AcDbLine
 10
10.0
 20
242.5
 30
0.0
 11
697.0
 21
242.5
 31
0.0
  0
LWPOLYLINE
  5
A05
330
708
100
AcDbEntity
 67
1
  8
MARCO
 62
7
370
25
100
AcDbPolyline
 90
4
 70
1
 10
10.0
 20
109.2
 10
50.0
 20
109.2
 10
50.0
 20
159.2
 10
10.0
 20
159.2
  0
TEXT
  5
A06
330
708
100
AcDbEntity
 67
1
  8
TEXTO
 62
7
100
AcDbText
 10
30.0
 20
153.2
 30
0.0
 40
2.8
  1
VIGA VRAUX
 72
1
 11
30.0
 21
153.2
 31
0.0
100
AcDbText
 73
2
  0
TEXT
  5
A07
330
708
100
AcDbEntity
 67
1
  8
TEXTO
 62
7
100
AcDbText
 10
30.0
 20
146.2
 30
0.0
 40
2.5
  1
EJE f/g
 72
1
 11
30.0
 21
146.2
 31
0.0
100
AcDbText
 73
2
  0
TEXT
  5
A08
330
708
100
AcDbEntity
 67
1
  8
TEXTO
 62
7
100
AcDbText
 10
30.0
 20
139.2
 30
0.0
 40
2.2
  1
450x550 mm
 72
1
 11
30.0
 21
139.2
 31
0.0
100
AcDbText
 73
2
  0
TEXT
  5
A09
330
708
100
AcDbEntity
 67
1
  8
TEXTO
100
AcDbText
 10
13.0
 20
131.2
 30
0.0
 40
2.0
  1
SUP 4#5
 11
13.0
 21
131.2
 31
0.0
100
AcDbText
  0
TEXT
  5
A0A
330
708
100
AcDbEntity
 67
1
  8
TEXTO
100
AcDbText
 10
13.0
 20
125.19999999999999
 30
0.0
 40
2.0
  1
INF 4#5
 11
13.0
 21
125.19999999999999
 31
0.0
100
AcDbText
  0
TEXT
  5
A0B
330
708
100
AcDbEntity
 67
1
  8
TEXTO
100
AcDbText
 10
13.0
 20
119.19999999999999
 30
0.0
 40
2.0
  1
TOR 8#5
 11
13.0
 21
119.19999999999999
 31
0.0
100
AcDbText
  0
TEXT
  5
A0C
330
708
100
AcDbEntity
 67
1
  8
TEXTO
100
AcDbText
 10
13.0
 20
113.2
 30
0.0
 40
1.8
  1
z=3.5 m
 11
13.0
 21
113.2
 31
0.0
100
AcDbText
  0
LWPOLYLINE
  5
A0D
330
708
100
AcDbEntity
 67
1
  8
CONTORNO
 62
7
370
25
100
AcDbPolyline
 90
4
 70
1
 10
84.5
 20
124.2
 10
344.5
 20
124.2
 10
344.5
 20
154.75555555555556
 10
84.5
 20
154.75555555555556
  0
LWPOLYLINE
  5
A0E
330
708
100
AcDbEntity
 67
1
  8
APOYOS
 62
9
370
15
100
AcDbPolyline
 90
4
 70
1
 10
59.5
 20
120.2
 10
109.5
 20
120.2
 10
109.5
 20
158.75555555555556
 10
59.5
 20
158.75555555555556
  0
LINE
  5
A0F
330
708
100
AcDbEntity
 67
1
  8
EJES
  6
DASHED
 62
1
370
9
100
AcDbLine
 10
84.5
 20
113.2
 30
0.0
 11
84.5
 21
170.75555555555556
 31
0.0
  0
CIRCLE
  5
A10
330
708
100
AcDbEntity
 67
1
  8
EJES
 62
1
370
18
100
AcDbCircle
 10
84.5
 20
166.75555555555556
 30
0.0
 40
3.5
  0
TEXT
  5
A11
330
708
100
AcDbEntity
 67
1
  8
EJES
 62
1
100
AcDbText
 10
84.5
 20
166.75555555555556
 30
0.0
 40
2.5
  1
10
 72
1
 11
84.5
 21
166.75555555555556
 31
0.0
100
AcDbText
 73
2
  0
LWPOLYLINE
  5
A12
330
708
100
AcDbEntity
 67
1
  8
APOYOS
 62
9
370
15
100
AcDbPolyline
 90
4
 70
1
 10
319.5
 20
120.2
 10
369.5
 20
120.2
 10
369.5
 20
158.75555555555556
 10
319.5
 20
158.75555555555556
  0
LINE
  5
A13
330
708
100
AcDbEntity
 67
1
  8
EJES
  6
DASHED
 62
1
370
9
100
AcDbLine
 10
344.5
 20
113.2
 30
0.0
 11
344.5
 21
170.75555555555556
 31
0.0
  0
CIRCLE
  5
A14
330
708
100
AcDbEntity
 67
1
  8
EJES
 62
1
370
18
100
AcDbCircle
 10
344.5
 20
166.75555555555556
 30
0.0
 40
3.5
  0
TEXT
  5
A15
330
708
100
AcDbEntity
 67
1
  8
EJES
 62
1
100
AcDbText
 10
344.5
 20
166.75555555555556
 30
0.0
 40
2.5
  1
11
 72
1
 11
344.5
 21
166.75555555555556
 31
0.0
100
AcDbText
 73
2
  0
LINE
  5
A16
330
708
100
AcDbEntity
 67
1
  8
ESTRIBOS
 62
8
370
9
100
AcDbLine
 10
89.5
 20
125.2
 30
0.0
 11
89.5
 21
153.75555555555556
 31
0.0
  0
LINE
  5
A17
330
708
100
AcDbEntity
 67
1
  8
ESTRIBOS
 62
8
370
9
100
AcDbLine
 10
101.5
 20
125.2
 30
0.0
 11
101.5
 21
153.75555555555556
 31
0.0
  0
LINE
  5
A18
330
708
100
AcDbEntity
 67
1
  8
ESTRIBOS
 62
8
370
9
100
AcDbLine
 10
113.5
 20
125.2
 30
0.0
 11
113.5
 21
153.75555555555556
 31
0.0
  0
LINE
  5
A19
330
708
100
AcDbEntity
 67
1
  8
ESTRIBOS
 62
8
370
9
100
AcDbLine
 10
125.5
 20
125.2
 30
0.0
 11
125.5
 21
153.75555555555556
 31
0.0
  0
LINE
  5
A1A
330
708
100
AcDbEntity
 67
1
  8
ESTRIBOS
 62
8
370
9
100
AcDbLine
 10
137.5
 20
125.2
 30
0.0
 11
137.5
 21
153.75555555555556
 31
0.0
  0
LINE
  5
A1B
330
708
100
AcDbEntity
 67
1
  8
ESTRIBOS
 62
8
370
9
100
AcDbLine
 10
149.5
 20
125.2
 30
0.0
 11
149.5
 21
153.75555555555556
 31
0.0
  0
LINE
  5
A1C
330
708
100
AcDbEntity
 67
1
  8
ESTRIBOS
 62
8
370
9
100
AcDbLine
 10
161.5
 20
125.2
 30
0.0
 11
161.5
 21
153.75555555555556
 31
0.0
  0
LINE
  5
A1D
330
708
100
AcDbEntity
 67
1
  8
ESTRIBOS
 62
8
370
9
100
AcDbLine
 10
173.5
 20
125.2
 30
0.0
 11
173.5
 21
153.75555555555556
 31
0.0
  0
LINE
  5
A1E
330
708
100
AcDbEntity
 67
1
  8
ESTRIBOS
 62
8
370
9
100
AcDbLine
 10
185.5
 20
125.2
 30
0.0
 11
185.5
 21
153.75555555555556
 31
0.0
  0
LINE
  5
A1F
330
708
100
AcDbEntity
 67
1
  8
ESTRIBOS
 62
8
370
9
100
AcDbLine
 10
207.5
 20
125.2
 30
0.0
 11
207.5
 21
153.75555555555556
 31
0.0
  0
LINE
  5
A20
330
708
100
AcDbEntity
 67
1
  8
ESTRIBOS
 62
8
370
9
100
AcDbLine
 10
220.5
 20
125.2
 30
0.0
 11
220.5
 21
153.75555555555556
 31
0.0
  0
LINE
  5
A21
330
708
100
AcDbEntity
 67
1
  8
ESTRIBOS
 62
8
370
9
100
AcDbLine
 10
233.5
 20
125.2
 30
0.0
 11
233.5
 21
153.75555555555556
 31
0.0
  0
LINE
  5
A22
330
708
100
AcDbEntity
 67
1
  8
ESTRIBOS
 62
8
370
9
100
AcDbLine
 10
243.5
 20
125.2
 30
0.0
 11
243.5
 21
153.75555555555556
 31
0.0
  0
LINE
  5
A23
330
708
100
AcDbEntity
 67
1
  8
ESTRIBOS
 62
8
370
9
100
AcDbLine
 10
255.5
 20
125.2
 30
0.0
 11
255.5
 21
153.75555555555556
 31
0.0
  0
LINE
  5
A24
330
708
100
AcDbEntity
 67
1
  8
ESTRIBOS
 62
8
370
9
100
AcDbLine
 10
267.5
 20
125.2
 30
0.0
 11
267.5
 21
153.75555555555556
 31
0.0
  0
LINE
  5
A25
330
708
100
AcDbEntity
 67
1
  8
ESTRIBOS
 62
8
370
9
100
AcDbLine
 10
279.5
 20
125.2
 30
0.0
 11
279.5
 21
153.75555555555556
 31
0.0
  0
LINE
  5
A26
330
708
100
AcDbEntity
 67
1
  8
ESTRIBOS
 62
8
370
9
100
AcDbLine
 10
291.5
 20
125.2
 30
0.0
 11
291.5
 21
153.75555555555556
 31
0.0
  0
LINE
  5
A27
330
708
100
AcDbEntity
 67
1
  8
ESTRIBOS
 62
8
370
9
100
AcDbLine
 10
303.5
 20
125.2
 30
0.0
 11
303.5
 21
153.75555555555556
 31
0.0
  0
LINE
  5
A28
330
708
100
AcDbEntity
 67
1
  8
ESTRIBOS
 62
8
370
9
100
AcDbLine
 10
315.5
 20
125.2
 30
0.0
 11
315.5
 21
153.75555555555556
 31
0.0
  0
LINE
  5
A29
330
708
100
AcDbEntity
 67
1
  8
ESTRIBOS
 62
8
370
9
100
AcDbLine
 10
327.5
 20
125.2
 30
0.0
 11
327.5
 21
153.75555555555556
 31
0.0
  0
LINE
  5
A2A
330
708
100
AcDbEntity
 67
1
  8
ESTRIBOS
 62
8
370
9
100
AcDbLine
 10
339.5
 20
125.2
 30
0.0
 11
339.5
 21
153.75555555555556
 31
0.0
  0
TEXT
  5
A2B
330
708
100
AcDbEntity
 67
1
  8
ESTRIBOS
 62
8
100
AcDbText
 10
214.5
 20
138.67777777777778
 30
0.0
 40
1.6
  1
Nº3 2R @120/@130
 72
1
 11
214.5
 21
138.67777777777778
 31
0.0
100
AcDbText
 73
2
  0
LWPOLYLINE
  5
A2C
330
708
100
AcDbEntity
 67
1
  8
ACERO_SUP_CONT
 62
4
370
35
100
AcDbPolyline
 90
4
 70
0
 10
84.5
 20
146.75555555555556
 10
84.5
 20
152.75555555555556
 10
344.5
 20
152.75555555555556
 10
344.5
 20
146.75555555555556
  0
TEXT
  5
A2D
330
708
100
AcDbEntity
 67
1
  8
ACERO_SUP_CONT
 62
4
100
AcDbText
 10
214.5
 20
155.75555555555556
 30
0.0
 40
2.2
  1
M1  2#5 CONT.  Lc=2610 mm
 72
1
 11
214.5
 21
155.75555555555556
 31
0.0
100
AcDbText
 73
2
  0
LWPOLYLINE
  5
A2E
330
708
100
AcDbEntity
 67
1
  8
ACERO_SUP_APOYO
 62
5
370
30
100
AcDbPolyline
 90
3
 70
0
 10
54.0
 20
145.25555555555556
 10
54.0
 20
150.25555555555556
 10
149.5
 20
150.25555555555556
  0
TEXT
  5
A2F
330
708
100
AcDbEntity
 67
1
  8
ACERO_SUP_APOYO
 62
5
100
AcDbText
 10
84.5
 20
151.75555555555556
 30
0.0
 40
1.7
  1
M2 2#5 L=805
 72
1
 11
84.5
 21
151.75555555555556
 31
0.0
100
AcDbText
 73
2
  0
LWPOLYLINE
  5
A30
330
708
100
AcDbEntity
 67
1
  8
ACERO_SUP_APOYO
 62
5
370
30
100
AcDbPolyline
 90
3
 70
0
 10
279.5
 20
148.05555555555557
 10
375.0
 20
148.05555555555557
 10
375.0
 20
143.05555555555557
  0
TEXT
  5
A31
330
708
100
AcDbEntity
 67
1
  8
ACERO_SUP_APOYO
 62
5
100
AcDbText
 10
344.5
 20
149.55555555555557
 30
0.0
 40
1.7
  1
M2 2#5 L=805
 72
1
 11
344.5
 21
149.55555555555557
 31
0.0
100
AcDbText
 73
2
  0
LWPOLYLINE
  5
A32
330
708
100
AcDbEntity
 67
1
  8
ACERO_INF
 62
1
370
35
100
AcDbPolyline
 90
4
 70
0
 10
86.5
 20
131.2
 10
86.5
 20
126.2
 10
342.5
 20
126.2
 10
342.5
 20
131.2
  0
TEXT
  5
A33
330
708
100
AcDbEntity
 67
1
  8
ACERO_INF
 62
1
100
AcDbText
 10
214.5
 20
123.5
 30
0.0
 40
1.7
  1
M3 4#5 L=2610
 72
1
 11
214.5
 21
123.5
 31
0.0
100
AcDbText
 73
2
  0
LWPOLYLINE
  5
A34
330
708
100
AcDbEntity
 67
1
  8
ACERO_TORSION
 62
30
370
30
100
AcDbPolyline
 90
2
 70
0
 10
85.5
 20
141.8777777777778
 10
343.5
 20
141.8777777777778
  0
TEXT
  5
A35
330
708
100
AcDbEntity
 67
1
  8
ACERO_TORSION
 62
30
100
AcDbText
 10
214.5
 20
143.4777777777778
 30
0.0
 40
1.7
  1
M4 8#5 TORSIÓN DEDICADA
 72
1
 11
214.5
 21
143.4777777777778
 31
0.0
100
AcDbText
 73
2
  0
LINE
  5
A36
330
708
100
AcDbEntity
 67
1
  8
CORTE
 62
6
370
13
100
AcDbLine
 10
131.3
 20
121.7
 30
0.0
 11
131.3
 21
157.25555555555556
 31
0.0
  0
TEXT
  5
A37
330
708
100
AcDbEntity
 67
1
  8
CORTE
 62
6
100
AcDbText
 10
131.3
 20
162.25555555555556
 30
0.0
 40
2.0
  1
A
 72
1
 11
131.3
 21
162.25555555555556
 31
0.0
100
AcDbText
 73
2
  0
LINE
  5
A38
330
708
100
AcDbEntity
 67
1
  8
CORTE
 62
6
370
13
100
AcDbLine
 10
261.3
 20
121.7
 30
0.0
 11
261.3
 21
157.25555555555556
 31
0.0
  0
TEXT
  5
A39
330
708
100
AcDbEntity
 67
1
  8
CORTE
 62
6
100
AcDbText
 10
261.3
 20
162.25555555555556
 30
0.0
 40
2.0
  1
B
 72
1
 11
261.3
 21
162.25555555555556
 31
0.0
100
AcDbText
 73
2
  0
LINE
  5
A3A
330
708
100
AcDbEntity
 67
1
  8
CORTE
 62
6
370
13
100
AcDbLine
 10
302.9
 20
121.7
 30
0.0
 11
302.9
 21
157.25555555555556
 31
0.0
  0
TEXT
  5
A3B
330
708
100
AcDbEntity
 67
1
  8
CORTE
 62
6
100
AcDbText
 10
302.9
 20
162.25555555555556
 30
0.0
 40
2.0
  1
C
 72
1
 11
302.9
 21
162.25555555555556
 31
0.0
100
AcDbText
 73
2
  0
LINE
  5
A3C
330
708
100
AcDbEntity
 67
1
  8
COTAS
 62
3
370
13
100
AcDbLine
 10
84.5
 20
114.2
 30
0.0
 11
344.5
 21
114.2
 31
0.0
  0
LINE
  5
A3D
330
708
100
AcDbEntity
 67
1
  8
COTAS
 62
3
370
13
100
AcDbLine
 10
84.5
 20
113.0
 30
0.0
 11
84.5
 21
115.4
 31
0.0
  0
LINE
  5
A3E
330
708
100
AcDbEntity
 67
1
  8
COTAS
 62
3
370
13
100
AcDbLine
 10
344.5
 20
113.0
 30
0.0
 11
344.5
 21
115.4
 31
0.0
  0
TEXT
  5
A3F
330
708
100
AcDbEntity
 67
1
  8
COTAS
 62
3
100
AcDbText
 10
214.5
 20
115.2
 30
0.0
 40
1.8
  1
2.600 m
 72
1
 11
214.5
 21
115.2
 31
0.0
100
AcDbText
 73
2
  0
TEXT
  5
A40
330
708
100
AcDbEntity
 67
1
  8
TEXTO
 62
7
100
AcDbText
 10
214.5
 20
111.0
 30
0.0
 40
1.55
  1
F107
 72
1
 11
214.5
 21
111.0
 31
0.0
100
AcDbText
 73
2
  0
LINE
  5
A41
330
708
100
AcDbEntity
 67
1
  8
COTAS
 62
3
370
13
100
AcDbLine
 10
84.5
 20
107.2
 30
0.0
 11
344.5
 21
107.2
 31
0.0
  0
LINE
  5
A42
330
708
100
AcDbEntity
 67
1
  8
COTAS
 62
3
370
13
100
AcDbLine
 10
84.5
 20
106.0
 30
0.0
 11
84.5
 21
108.4
 31
0.0
  0
LINE
  5
A43
330
708
100
AcDbEntity
 67
1
  8
COTAS
 62
3
370
13
100
AcDbLine
 10
344.5
 20
106.0
 30
0.0
 11
344.5
 21
108.4
 31
0.0
  0
TEXT
  5
A44
330
708
100
AcDbEntity
 67
1
  8
COTAS
 62
3
100
AcDbText
 10
214.5
 20
108.2
 30
0.0
 40
2.0
  1
TOTAL SAP I-J = 2.600 m
 72
1
 11
214.5
 21
108.2
 31
0.0
100
AcDbText
 73
2
  0
TEXT
  5
A45
330
708
100
AcDbEntity
 67
1
  8
TEXTO
 62
7
100
AcDbText
 10
344.5
 20
19.0
 30
0.0
 40
1.9
  1
ESC. H 1:10 | V 1:22 | EJES Y TRAMOS SAP
 72
2
 11
344.5
 21
19.0
 31
0.0
100
AcDbText
  0
LWPOLYLINE
  5
A46
330
708
100
AcDbEntity
 67
1
  8
MARCO
 62
7
370
25
100
AcDbPolyline
 90
4
 70
1
 10
538.0
 20
15.0
 10
697.0
 20
15.0
 10
697.0
 20
242.5
 10
538.0
 20
242.5
  0
TEXT
  5
A47
330
708
100
AcDbEntity
 67
1
  8
TEXTO
 62
7
100
AcDbText
 10
617.5
 20
235.5
 30
0.0
 40
3.4
  1
VIGA TIPO VRAUX
 72
1
 11
617.5
 21
235.5
 31
0.0
100
AcDbText
 73
2
  0
TEXT
  5
A48
330
708
100
AcDbEntity
 67
1
  8
TEXTO
 62
7
100
AcDbText
 10
617.5
 20
228.5
 30
0.0
 40
2.0
  1
450x550 mm — DATOS EXCEL
 72
1
 11
617.5
 21
228.5
 31
0.0
100
AcDbText
 73
2
  0
LWPOLYLINE
  5
A49
330
708
100
AcDbEntity
 67
1
  8
CONTORNO
 62
7
370
20
100
AcDbPolyline
 90
4
 70
1
 10
550.75
 20
110.45
 10
573.25
 20
110.45
 10
573.25
 20
137.95
 10
550.75
 20
137.95
  0
LWPOLYLINE
  5
A4A
330
708
100
AcDbEntity
 67
1
  8
ESTRIBOS
 62
8
370
18
100
AcDbPolyline
 90
4
 70
1
 10
552.75
 20
112.45
 10
571.25
 20
112.45
 10
571.25
 20
135.95
 10
552.75
 20
135.95
  0
CIRCLE
  5
A4B
330
708
100
AcDbEntity
 67
1
  8
ACERO_SUP_CONT
 62
4
100
AcDbCircle
 10
554.0
 20
134.91750000000002
 30
0.0
 40
0.55
  0
CIRCLE
  5
A4C
330
708
100
AcDbEntity
 67
1
  8
ACERO_SUP_CONT
 62
4
100
AcDbCircle
 10
559.3333333333334
 20
134.91750000000002
 30
0.0
 40
0.55
  0
CIRCLE
  5
A4D
330
708
100
AcDbEntity
 67
1
  8
ACERO_SUP_CONT
 62
4
100
AcDbCircle
 10
564.6666666666666
 20
134.91750000000002
 30
0.0
 40
0.55
  0
CIRCLE
  5
A4E
330
708
100
AcDbEntity
 67
1
  8
ACERO_SUP_CONT
 62
4
100
AcDbCircle
 10
570.0
 20
134.91750000000002
 30
0.0
 40
0.55
  0
CIRCLE
  5
A4F
330
708
100
AcDbEntity
 67
1
  8
ACERO_INF
 62
1
100
AcDbCircle
 10
554.0
 20
113.4825
 30
0.0
 40
0.55
  0
CIRCLE
  5
A50
330
708
100
AcDbEntity
 67
1
  8
ACERO_INF
 62
1
100
AcDbCircle
 10
559.3333333333334
 20
113.4825
 30
0.0
 40
0.55
  0
CIRCLE
  5
A51
330
708
100
AcDbEntity
 67
1
  8
ACERO_INF
 62
1
100
AcDbCircle
 10
564.6666666666666
 20
113.4825
 30
0.0
 40
0.55
  0
CIRCLE
  5
A52
330
708
100
AcDbEntity
 67
1
  8
ACERO_INF
 62
1
100
AcDbCircle
 10
570.0
 20
113.4825
 30
0.0
 40
0.55
  0
CIRCLE
  5
A53
330
708
100
AcDbEntity
 67
1
  8
ACERO_TORSION
 62
30
100
AcDbCircle
 10
559.75
 20
115.95
 30
0.0
 40
0.48
  0
CIRCLE
  5
A54
330
708
100
AcDbEntity
 67
1
  8
ACERO_TORSION
 62
30
100
AcDbCircle
 10
559.75
 20
132.45
 30
0.0
 40
0.48
  0
CIRCLE
  5
A55
330
708
100
AcDbEntity
 67
1
  8
ACERO_TORSION
 62
30
100
AcDbCircle
 10
564.25
 20
115.95
 30
0.0
 40
0.48
  0
CIRCLE
  5
A56
330
708
100
AcDbEntity
 67
1
  8
ACERO_TORSION
 62
30
100
AcDbCircle
 10
564.25
 20
132.45
 30
0.0
 40
0.48
  0
CIRCLE
  5
A57
330
708
100
AcDbEntity
 67
1
  8
ACERO_TORSION
 62
30
100
AcDbCircle
 10
555.25
 20
121.45
 30
0.0
 40
0.48
  0
CIRCLE
  5
A58
330
708
100
AcDbEntity
 67
1
  8
ACERO_TORSION
 62
30
100
AcDbCircle
 10
568.75
 20
121.45
 30
0.0
 40
0.48
  0
CIRCLE
  5
A59
330
708
100
AcDbEntity
 67
1
  8
ACERO_TORSION
 62
30
100
AcDbCircle
 10
555.25
 20
126.95
 30
0.0
 40
0.48
  0
CIRCLE
  5
A5A
330
708
100
AcDbEntity
 67
1
  8
ACERO_TORSION
 62
30
100
AcDbCircle
 10
568.75
 20
126.95
 30
0.0
 40
0.48
  0
TEXT
  5
A5B
330
708
100
AcDbEntity
 67
1
  8
TEXTO
 62
7
100
AcDbText
 10
562.0
 20
106.85000000000001
 30
0.0
 40
1.9
  1
SECCIÓN APOYO
 72
1
 11
562.0
 21
106.85000000000001
 31
0.0
100
AcDbText
 73
2
  0
TEXT
  5
A5C
330
708
100
AcDbEntity
 67
1
  8
TEXTO
 62
7
100
AcDbText
 10
562.0
 20
104.05
 30
0.0
 40
1.55
  1
450x550 | 1:20
 72
1
 11
562.0
 21
104.05
 31
0.0
100
AcDbText
 73
2
  0
TEXT
  5
A5D
330
708
100
AcDbEntity
 67
1
  8
TEXTO
100
AcDbText
 10
585.0
 20
215.5
 30
0.0
 40
2.0
  1
SUP: 4#5
 11
585.0
 21
215.5
 31
0.0
100
AcDbText
  0
TEXT
  5
A5E
330
708
100
AcDbEntity
 67
1
  8
TEXTO
100
AcDbText
 10
585.0
 20
207.5
 30
0.0
 40
2.0
  1
INF: 4#5
 11
585.0
 21
207.5
 31
0.0
100
AcDbText
  0
TEXT
  5
A5F
330
708
100
AcDbEntity
 67
1
  8
TEXTO
100
AcDbText
 10
585.0
 20
199.5
 30
0.0
 40
2.0
  1
TORSIÓN: 8#5
 11
585.0
 21
199.5
 31
0.0
100
AcDbText
  0
TEXT
  5
A60
330
708
100
AcDbEntity
 67
1
  8
TEXTO
100
AcDbText
 10
585.0
 20
191.5
 30
0.0
 40
2.0
  1
EST: Nº3 — 2 RAMAS
 11
585.0
 21
191.5
 31
0.0
100
AcDbText
  0
TEXT
  5
A61
330
708
100
AcDbEntity
 67
1
  8
TEXTO
100
AcDbText
 10
585.0
 20
183.5
 30
0.0
 40
2.0
  1
s EXT/CENTRO: 120/130 mm
 11
585.0
 21
183.5
 31
0.0
100
AcDbText
  0
TEXT
  5
A62
330
708
100
AcDbEntity
 67
1
  8
TEXTO
100
AcDbText
 10
585.0
 20
175.5
 30
0.0
 40
2.0
  1
FRAMES SAP: 40
 11
585.0
 21
175.5
 31
0.0
100
AcDbText
  0
TEXT
  5
A63
330
708
100
AcDbEntity
 67
1
  8
TEXTO
100
AcDbText
 10
585.0
 20
167.5
 30
0.0
 40
2.0
  1
EJE f/g: 10-11
 11
585.0
 21
167.5
 31
0.0
100
AcDbText
  0
TEXT
  5
A64
330
708
100
AcDbEntity
 67
1
  8
TEXTO
 62
1
100
AcDbText
 10
353.5
 20
9.5
 30
0.0
 40
1.8
  1
DETALLE ACADÉMICO — NO EMITIR PARA CONSTRUCCIÓN
 72
1
 11
353.5
 21
9.5
 31
0.0
100
AcDbText
 73
2
  0
ENDBLK
  5
70A
330
708
100
AcDbEntity
  8
0
100
AcDbBlockEnd
  0
ENDSEC
  0
SECTION
  2
ENTITIES
  0
LWPOLYLINE
  5
A65
330
17
100
AcDbEntity
  8
MARCO
 62
7
370
30
100
AcDbPolyline
 90
4
 70
1
 10
7.0
 20
7.0
 10
700.0
 20
7.0
 10
700.0
 20
493.0
 10
7.0
 20
493.0
  0
TEXT
  5
A66
330
17
100
AcDbEntity
  8
TEXTO
 62
7
100
AcDbText
 10
353.5
 20
488.0
 30
0.0
 40
5.0
  1
DESPIECE DE VIGAS DE RIGIDEZ — RIGIDEZ-01
 72
1
 11
353.5
 21
488.0
 31
0.0
100
AcDbText
 73
2
  0
TEXT
  5
A67
330
17
100
AcDbEntity
  8
TEXTO
 62
7
100
AcDbText
 10
353.5
 20
478.0
 30
0.0
 40
2.5
  1
UNA VIGA TIPO POR GRUPO | ARMADURAS TOMADAS DEL EXCEL DE DISEÑO
 72
1
 11
353.5
 21
478.0
 31
0.0
100
AcDbText
 73
2
  0
LINE
  5
A68
330
17
100
AcDbEntity
  8
MARCO
 62
7
370
25
100
AcDbLine
 10
10.0
 20
470.0
 30
0.0
 11
697.0
 21
470.0
 31
0.0
  0
LWPOLYLINE
  5
A69
330
17
100
AcDbEntity
  8
MARCO
 62
7
370
25
100
AcDbPolyline
 90
4
 70
1
 10
10.0
 20
376.1333333333334
 10
50.0
 20
376.1333333333334
 10
50.0
 20
426.1333333333334
 10
10.0
 20
426.1333333333334
  0
TEXT
  5
A6A
330
17
100
AcDbEntity
  8
TEXTO
 62
7
100
AcDbText
 10
30.0
 20
420.1333333333334
 30
0.0
 40
2.8
  1
VIGA VR1
 72
1
 11
30.0
 21
420.1333333333334
 31
0.0
100
AcDbText
 73
2
  0
TEXT
  5
A6B
330
17
100
AcDbEntity
  8
TEXTO
 62
7
100
AcDbText
 10
30.0
 20
413.1333333333334
 30
0.0
 40
2.5
  1
EJE a/e
 72
1
 11
30.0
 21
413.1333333333334
 31
0.0
100
AcDbText
 73
2
  0
TEXT
  5
A6C
330
17
100
AcDbEntity
  8
TEXTO
 62
7
100
AcDbText
 10
30.0
 20
406.1333333333334
 30
0.0
 40
2.2
  1
500x550 mm
 72
1
 11
30.0
 21
406.1333333333334
 31
0.0
100
AcDbText
 73
2
  0
TEXT
  5
A6D
330
17
100
AcDbEntity
  8
TEXTO
100
AcDbText
 10
13.0
 20
398.1333333333334
 30
0.0
 40
2.0
  1
SUP 6#5
 11
13.0
 21
398.1333333333334
 31
0.0
100
AcDbText
  0
TEXT
  5
A6E
330
17
100
AcDbEntity
  8
TEXTO
100
AcDbText
 10
13.0
 20
392.1333333333334
 30
0.0
 40
2.0
  1
INF 5#5
 11
13.0
 21
392.1333333333334
 31
0.0
100
AcDbText
  0
TEXT
  5
A6F
330
17
100
AcDbEntity
  8
TEXTO
100
AcDbText
 10
13.0
 20
386.1333333333334
 30
0.0
 40
2.0
  1
TOR 0#5
 11
13.0
 21
386.1333333333334
 31
0.0
100
AcDbText
  0
TEXT
  5
A70
330
17
100
AcDbEntity
  8
TEXTO
100
AcDbText
 10
13.0
 20
380.1333333333334
 30
0.0
 40
1.8
  1
z=6.5 m
 11
13.0
 21
380.1333333333334
 31
0.0
100
AcDbText
  0
LWPOLYLINE
  5
A71
330
17
100
AcDbEntity
  8
CONTORNO
 62
7
370
25
100
AcDbPolyline
 90
4
 70
1
 10
61.625
 20
391.1333333333334
 10
445.375
 20
391.1333333333334
 10
445.375
 20
416.1333333333334
 10
61.625
 20
416.1333333333334
  0
LWPOLYLINE
  5
A72
330
17
100
AcDbEntity
  8
APOYOS
 62
9
370
15
100
AcDbPolyline
 90
4
 70
1
 10
55.375
 20
387.1333333333334
 10
67.875
 20
387.1333333333334
 10
67.875
 20
420.1333333333334
 10
55.375
 20
420.1333333333334
  0
LINE
  5
A73
330
17
100
AcDbEntity
  8
EJES
  6
DASHED
 62
1
370
9
100
AcDbLine
 10
61.625
 20
380.1333333333334
 30
0.0
 11
61.625
 21
432.1333333333334
 31
0.0
  0
CIRCLE
  5
A74
330
17
100
AcDbEntity
  8
EJES
 62
1
370
18
100
AcDbCircle
 10
61.625
 20
428.1333333333334
 30
0.0
 40
3.5
  0
TEXT
  5
A75
330
17
100
AcDbEntity
  8
EJES
 62
1
100
AcDbText
 10
61.625
 20
428.1333333333334
 30
0.0
 40
2.5
  1
1
 72
1
 11
61.625
 21
428.1333333333334
 31
0.0
100
AcDbText
 73
2
  0
LWPOLYLINE
  5
A76
330
17
100
AcDbEntity
  8
APOYOS
 62
9
370
15
100
AcDbPolyline
 90
4
 70
1
 10
120.375
 20
387.1333333333334
 10
132.875
 20
387.1333333333334
 10
132.875
 20
420.1333333333334
 10
120.375
 20
420.1333333333334
  0
LINE
  5
A77
330
17
100
AcDbEntity
  8
EJES
  6
DASHED
 62
1
370
9
100
AcDbLine
 10
126.625
 20
380.1333333333334
 30
0.0
 11
126.625
 21
432.1333333333334
 31
0.0
  0
CIRCLE
  5
A78
330
17
100
AcDbEntity
  8
EJES
 62
1
370
18
100
AcDbCircle
 10
126.625
 20
428.1333333333334
 30
0.0
 40
3.5
  0
TEXT
  5
A79
330
17
100
AcDbEntity
  8
EJES
 62
1
100
AcDbText
 10
126.625
 20
428.1333333333334
 30
0.0
 40
2.5
  1
2
 72
1
 11
126.625
 21
428.1333333333334
 31
0.0
100
AcDbText
 73
2
  0
LWPOLYLINE
  5
A7A
330
17
100
AcDbEntity
  8
APOYOS
 62
9
370
15
100
AcDbPolyline
 90
4
 70
1
 10
211.625
 20
387.1333333333334
 10
224.125
 20
387.1333333333334
 10
224.125
 20
420.1333333333334
 10
211.625
 20
420.1333333333334
  0
LINE
  5
A7B
330
17
100
AcDbEntity
  8
EJES
  6
DASHED
 62
1
370
9
100
AcDbLine
 10
217.875
 20
380.1333333333334
 30
0.0
 11
217.875
 21
432.1333333333334
 31
0.0
  0
CIRCLE
  5
A7C
330
17
100
AcDbEntity
  8
EJES
 62
1
370
18
100
AcDbCircle
 10
217.875
 20
428.1333333333334
 30
0.0
 40
3.5
  0
TEXT
  5
A7D
330
17
100
AcDbEntity
  8
EJES
 62
1
100
AcDbText
 10
217.875
 20
428.1333333333334
 30
0.0
 40
2.5
  1
3
 72
1
 11
217.875
 21
428.1333333333334
 31
0.0
100
AcDbText
 73
2
  0
LWPOLYLINE
  5
A7E
330
17
100
AcDbEntity
  8
APOYOS
 62
9
370
15
100
AcDbPolyline
 90
4
 70
1
 10
276.625
 20
387.1333333333334
 10
289.125
 20
387.1333333333334
 10
289.125
 20
420.1333333333334
 10
276.625
 20
420.1333333333334
  0
LINE
  5
A7F
330
17
100
AcDbEntity
  8
EJES
  6
DASHED
 62
1
370
9
100
AcDbLine
 10
282.875
 20
380.1333333333334
 30
0.0
 11
282.875
 21
432.1333333333334
 31
0.0
  0
CIRCLE
  5
A80
330
17
100
AcDbEntity
  8
EJES
 62
1
370
18
100
AcDbCircle
 10
282.875
 20
428.1333333333334
 30
0.0
 40
3.5
  0
TEXT
  5
A81
330
17
100
AcDbEntity
  8
EJES
 62
1
100
AcDbText
 10
282.875
 20
428.1333333333334
 30
0.0
 40
2.5
  1
4
 72
1
 11
282.875
 21
428.1333333333334
 31
0.0
100
AcDbText
 73
2
  0
LWPOLYLINE
  5
A82
330
17
100
AcDbEntity
  8
APOYOS
 62
9
370
15
100
AcDbPolyline
 90
4
 70
1
 10
339.125
 20
387.1333333333334
 10
351.625
 20
387.1333333333334
 10
351.625
 20
420.1333333333334
 10
339.125
 20
420.1333333333334
  0
LINE
  5
A83
330
17
100
AcDbEntity
  8
EJES
  6
DASHED
 62
1
370
9
100
AcDbLine
 10
345.375
 20
380.1333333333334
 30
0.0
 11
345.375
 21
432.1333333333334
 31
0.0
  0
CIRCLE
  5
A84
330
17
100
AcDbEntity
  8
EJES
 62
1
370
18
100
AcDbCircle
 10
345.375
 20
428.1333333333334
 30
0.0
 40
3.5
  0
TEXT
  5
A85
330
17
100
AcDbEntity
  8
EJES
 62
1
100
AcDbText
 10
345.375
 20
428.1333333333334
 30
0.0
 40
2.5
  1
5
 72
1
 11
345.375
 21
428.1333333333334
 31
0.0
100
AcDbText
 73
2
  0
LWPOLYLINE
  5
A86
330
17
100
AcDbEntity
  8
APOYOS
 62
9
370
15
100
AcDbPolyline
 90
4
 70
1
 10
439.125
 20
387.1333333333334
 10
451.625
 20
387.1333333333334
 10
451.625
 20
420.1333333333334
 10
439.125
 20
420.1333333333334
  0
LINE
  5
A87
330
17
100
AcDbEntity
  8
EJES
  6
DASHED
 62
1
370
9
100
AcDbLine
 10
445.375
 20
380.1333333333334
 30
0.0
 11
445.375
 21
432.1333333333334
 31
0.0
  0
CIRCLE
  5
A88
330
17
100
AcDbEntity
  8
EJES
 62
1
370
18
100
AcDbCircle
 10
445.375
 20
428.1333333333334
 30
0.0
 40
3.5
  0
TEXT
  5
A89
330
17
100
AcDbEntity
  8
EJES
 62
1
100
AcDbText
 10
445.375
 20
428.1333333333334
 30
0.0
 40
2.5
  1
6
 72
1
 11
445.375
 21
428.1333333333334
 31
0.0
100
AcDbText
 73
2
  0
LINE
  5
A8A
330
17
100
AcDbEntity
  8
ESTRIBOS
 62
8
370
9
100
AcDbLine
 10
62.875
 20
392.1333333333334
 30
0.0
 11
62.875
 21
415.1333333333334
 31
0.0
  0
LINE
  5
A8B
330
17
100
AcDbEntity
  8
ESTRIBOS
 62
8
370
9
100
AcDbLine
 10
65.125
 20
392.1333333333334
 30
0.0
 11
65.125
 21
415.1333333333334
 31
0.0
  0
LINE
  5
A8C
330
17
100
AcDbEntity
  8
ESTRIBOS
 62
8
370
9
100
AcDbLine
 10
67.375
 20
392.1333333333334
 30
0.0
 11
67.375
 21
415.1333333333334
 31
0.0
  0
LINE
  5
A8D
330
17
100
AcDbEntity
  8
ESTRIBOS
 62
8
370
9
100
AcDbLine
 10
69.625
 20
392.1333333333334
 30
0.0
 11
69.625
 21
415.1333333333334
 31
0.0
  0
LINE
  5
A8E
330
17
100
AcDbEntity
  8
ESTRIBOS
 62
8
370
9
100
AcDbLine
 10
71.875
 20
392.1333333333334
 30
0.0
 11
71.875
 21
415.1333333333334
 31
0.0
  0
LINE
  5
A8F
330
17
100
AcDbEntity
  8
ESTRIBOS
 62
8
370
9
100
AcDbLine
 10
74.125
 20
392.1333333333334
 30
0.0
 11
74.125
 21
415.1333333333334
 31
0.0
  0
LINE
  5
A90
330
17
100
AcDbEntity
  8
ESTRIBOS
 62
8
370
9
100
AcDbLine
 10
76.375
 20
392.1333333333334
 30
0.0
 11
76.375
 21
415.1333333333334
 31
0.0
  0
LINE
  5
A91
330
17
100
AcDbEntity
  8
ESTRIBOS
 62
8
370
9
100
AcDbLine
 10
78.625
 20
392.1333333333334
 30
0.0
 11
78.625
 21
415.1333333333334
 31
0.0
  0
LINE
  5
A92
330
17
100
AcDbEntity
  8
ESTRIBOS
 62
8
370
9
100
AcDbLine
 10
80.875
 20
392.1333333333334
 30
0.0
 11
80.875
 21
415.1333333333334
 31
0.0
  0
LINE
  5
A93
330
17
100
AcDbEntity
  8
ESTRIBOS
 62
8
370
9
100
AcDbLine
 10
83.125
 20
392.1333333333334
 30
0.0
 11
83.125
 21
415.1333333333334
 31
0.0
  0
LINE
  5
A94
330
17
100
AcDbEntity
  8
ESTRIBOS
 62
8
370
9
100
AcDbLine
 10
85.375
 20
392.1333333333334
 30
0.0
 11
85.375
 21
415.1333333333334
 31
0.0
  0
LINE
  5
A95
330
17
100
AcDbEntity
  8
ESTRIBOS
 62
8
370
9
100
AcDbLine
 10
87.625
 20
392.1333333333334
 30
0.0
 11
87.625
 21
415.1333333333334
 31
0.0
  0
LINE
  5
A96
330
17
100
AcDbEntity
  8
ESTRIBOS
 62
8
370
9
100
AcDbLine
 10
91.375
 20
392.1333333333334
 30
0.0
 11
91.375
 21
415.1333333333334
 31
0.0
  0
LINE
  5
A97
330
17
100
AcDbEntity
  8
ESTRIBOS
 62
8
370
9
100
AcDbLine
 10
93.625
 20
392.1333333333334
 30
0.0
 11
93.625
 21
415.1333333333334
 31
0.0
  0
LINE
  5
A98
330
17
100
AcDbEntity
  8
ESTRIBOS
 62
8
370
9
100
AcDbLine
 10
95.875
 20
392.1333333333334
 30
0.0
 11
95.875
 21
415.1333333333334
 31
0.0
  0
LINE
  5
A99
330
17
100
AcDbEntity
  8
ESTRIBOS
 62
8
370
9
100
AcDbLine
 10
98.125
 20
392.1333333333334
 30
0.0
 11
98.125
 21
415.1333333333334
 31
0.0
  0
LINE
  5
A9A
330
17
100
AcDbEntity
  8
ESTRIBOS
 62
8
370
9
100
AcDbLine
 10
100.625
 20
392.1333333333334
 30
0.0
 11
100.625
 21
415.1333333333334
 31
0.0
  0
LINE
  5
A9B
330
17
100
AcDbEntity
  8
ESTRIBOS
 62
8
370
9
100
AcDbLine
 10
102.875
 20
392.1333333333334
 30
0.0
 11
102.875
 21
415.1333333333334
 31
0.0
  0
LINE
  5
A9C
330
17
100
AcDbEntity
  8
ESTRIBOS
 62
8
370
9
100
AcDbLine
 10
105.125
 20
392.1333333333334
 30
0.0
 11
105.125
 21
415.1333333333334
 31
0.0
  0
LINE
  5
A9D
330
17
100
AcDbEntity
  8
ESTRIBOS
 62
8
370
9
100
AcDbLine
 10
107.375
 20
392.1333333333334
 30
0.0
 11
107.375
 21
415.1333333333334
 31
0.0
  0
LINE
  5
A9E
330
17
100
AcDbEntity
  8
ESTRIBOS
 62
8
370
9
100
AcDbLine
 10
109.625
 20
392.1333333333334
 30
0.0
 11
109.625
 21
415.1333333333334
 31
0.0
  0
LINE
  5
A9F
330
17
100
AcDbEntity
  8
ESTRIBOS
 62
8
370
9
100
AcDbLine
 10
111.875
 20
392.1333333333334
 30
0.0
 11
111.875
 21
415.1333333333334
 31
0.0
  0
LINE
  5
AA0
330
17
100
AcDbEntity
  8
ESTRIBOS
 62
8
370
9
100
AcDbLine
 10
114.125
 20
392.1333333333334
 30
0.0
 11
114.125
 21
415.1333333333334
 31
0.0
  0
LINE
  5
AA1
330
17
100
AcDbEntity
  8
ESTRIBOS
 62
8
370
9
100
AcDbLine
 10
116.375
 20
392.1333333333334
 30
0.0
 11
116.375
 21
415.1333333333334
 31
0.0
  0
LINE
  5
AA2
330
17
100
AcDbEntity
  8
ESTRIBOS
 62
8
370
9
100
AcDbLine
 10
118.625
 20
392.1333333333334
 30
0.0
 11
118.625
 21
415.1333333333334
 31
0.0
  0
LINE
  5
AA3
330
17
100
AcDbEntity
  8
ESTRIBOS
 62
8
370
9
100
AcDbLine
 10
120.875
 20
392.1333333333334
 30
0.0
 11
120.875
 21
415.1333333333334
 31
0.0
  0
LINE
  5
AA4
330
17
100
AcDbEntity
  8
ESTRIBOS
 62
8
370
9
100
AcDbLine
 10
123.125
 20
392.1333333333334
 30
0.0
 11
123.125
 21
415.1333333333334
 31
0.0
  0
LINE
  5
AA5
330
17
100
AcDbEntity
  8
ESTRIBOS
 62
8
370
9
100
AcDbLine
 10
125.375
 20
392.1333333333334
 30
0.0
 11
125.375
 21
415.1333333333334
 31
0.0
  0
TEXT
  5
AA6
330
17
100
AcDbEntity
  8
ESTRIBOS
 62
8
100
AcDbText
 10
94.125
 20
402.83333333333337
 30
0.0
 40
1.6
  1
Nº3 2R @90/@90
 72
1
 11
94.125
 21
402.83333333333337
 31
0.0
100
AcDbText
 73
2
  0
LINE
  5
AA7
330
17
100
AcDbEntity
  8
ESTRIBOS
 62
8
370
9
100
AcDbLine
 10
127.875
 20
392.1333333333334
 30
0.0
 11
127.875
 21
415.1333333333334
 31
0.0
  0
LINE
  5
AA8
330
17
100
AcDbEntity
  8
ESTRIBOS
 62
8
370
9
100
AcDbLine
 10
130.125
 20
392.1333333333334
 30
0.0
 11
130.125
 21
415.1333333333334
 31
0.0
  0
LINE
  5
AA9
330
17
100
AcDbEntity
  8
ESTRIBOS
 62
8
370
9
100
AcDbLine
 10
132.375
 20
392.1333333333334
 30
0.0
 11
132.375
 21
415.1333333333334
 31
0.0
  0
LINE
  5
AAA
330
17
100
AcDbEntity
  8
ESTRIBOS
 62
8
370
9
100
AcDbLine
 10
134.625
 20
392.1333333333334
 30
0.0
 11
134.625
 21
415.1333333333334
 31
0.0
  0
LINE
  5
AAB
330
17
100
AcDbEntity
  8
ESTRIBOS
 62
8
370
9
100
AcDbLine
 10
136.875
 20
392.1333333333334
 30
0.0
 11
136.875
 21
415.1333333333334
 31
0.0
  0
LINE
  5
AAC
330
17
100
AcDbEntity
  8
ESTRIBOS
 62
8
370
9
100
AcDbLine
 10
139.125
 20
392.1333333333334
 30
0.0
 11
139.125
 21
415.1333333333334
 31
0.0
  0
LINE
  5
AAD
330
17
100
AcDbEntity
  8
ESTRIBOS
 62
8
370
9
100
AcDbLine
 10
141.375
 20
392.1333333333334
 30
0.0
 11
141.375
 21
415.1333333333334
 31
0.0
  0
LINE
  5
AAE
330
17
100
AcDbEntity
  8
ESTRIBOS
 62
8
370
9
100
AcDbLine
 10
143.625
 20
392.1333333333334
 30
0.0
 11
143.625
 21
415.1333333333334
 31
0.0
  0
LINE
  5
AAF
330
17
100
AcDbEntity
  8
ESTRIBOS
 62
8
370
9
100
AcDbLine
 10
145.875
 20
392.1333333333334
 30
0.0
 11
145.875
 21
415.1333333333334
 31
0.0
  0
LINE
  5
AB0
330
17
100
AcDbEntity
  8
ESTRIBOS
 62
8
370
9
100
AcDbLine
 10
148.125
 20
392.1333333333334
 30
0.0
 11
148.125
 21
415.1333333333334
 31
0.0
  0
LINE
  5
AB1
330
17
100
AcDbEntity
  8
ESTRIBOS
 62
8
370
9
100
AcDbLine
 10
150.375
 20
392.1333333333334
 30
0.0
 11
150.375
 21
415.1333333333334
 31
0.0
  0
LINE
  5
AB2
330
17
100
AcDbEntity
  8
ESTRIBOS
 62
8
370
9
100
AcDbLine
 10
152.625
 20
392.1333333333334
 30
0.0
 11
152.625
 21
415.1333333333334
 31
0.0
  0
LINE
  5
AB3
330
17
100
AcDbEntity
  8
ESTRIBOS
 62
8
370
9
100
AcDbLine
 10
156.375
 20
392.1333333333334
 30
0.0
 11
156.375
 21
415.1333333333334
 31
0.0
  0
LINE
  5
AB4
330
17
100
AcDbEntity
  8
ESTRIBOS
 62
8
370
9
100
AcDbLine
 10
158.625
 20
392.1333333333334
 30
0.0
 11
158.625
 21
415.1333333333334
 31
0.0
  0
LINE
  5
AB5
330
17
100
AcDbEntity
  8
ESTRIBOS
 62
8
370
9
100
AcDbLine
 10
160.875
 20
392.1333333333334
 30
0.0
 11
160.875
 21
415.1333333333334
 31
0.0
  0
LINE
  5
AB6
330
17
100
AcDbEntity
  8
ESTRIBOS
 62
8
370
9
100
AcDbLine
 10
163.125
 20
392.1333333333334
 30
0.0
 11
163.125
 21
415.1333333333334
 31
0.0
  0
LINE
  5
AB7
330
17
100
AcDbEntity
  8
ESTRIBOS
 62
8
370
9
100
AcDbLine
 10
165.375
 20
392.1333333333334
 30
0.0
 11
165.375
 21
415.1333333333334
 31
0.0
  0
LINE
  5
AB8
330
17
100
AcDbEntity
  8
ESTRIBOS
 62
8
370
9
100
AcDbLine
 10
167.625
 20
392.1333333333334
 30
0.0
 11
167.625
 21
415.1333333333334
 31
0.0
  0
LINE
  5
AB9
330
17
100
AcDbEntity
  8
ESTRIBOS
 62
8
370
9
100
AcDbLine
 10
169.875
 20
392.1333333333334
 30
0.0
 11
169.875
 21
415.1333333333334
 31
0.0
  0
LINE
  5
ABA
330
17
100
AcDbEntity
  8
ESTRIBOS
 62
8
370
9
100
AcDbLine
 10
172.125
 20
392.1333333333334
 30
0.0
 11
172.125
 21
415.1333333333334
 31
0.0
  0
LINE
  5
ABB
330
17
100
AcDbEntity
  8
ESTRIBOS
 62
8
370
9
100
AcDbLine
 10
174.375
 20
392.1333333333334
 30
0.0
 11
174.375
 21
415.1333333333334
 31
0.0
  0
LINE
  5
ABC
330
17
100
AcDbEntity
  8
ESTRIBOS
 62
8
370
9
100
AcDbLine
 10
176.625
 20
392.1333333333334
 30
0.0
 11
176.625
 21
415.1333333333334
 31
0.0
  0
LINE
  5
ABD
330
17
100
AcDbEntity
  8
ESTRIBOS
 62
8
370
9
100
AcDbLine
 10
178.875
 20
392.1333333333334
 30
0.0
 11
178.875
 21
415.1333333333334
 31
0.0
  0
LINE
  5
ABE
330
17
100
AcDbEntity
  8
ESTRIBOS
 62
8
370
9
100
AcDbLine
 10
181.125
 20
392.1333333333334
 30
0.0
 11
181.125
 21
415.1333333333334
 31
0.0
  0
LINE
  5
ABF
330
17
100
AcDbEntity
  8
ESTRIBOS
 62
8
370
9
100
AcDbLine
 10
183.375
 20
392.1333333333334
 30
0.0
 11
183.375
 21
415.1333333333334
 31
0.0
  0
LINE
  5
AC0
330
17
100
AcDbEntity
  8
ESTRIBOS
 62
8
370
9
100
AcDbLine
 10
185.625
 20
392.1333333333334
 30
0.0
 11
185.625
 21
415.1333333333334
 31
0.0
  0
LINE
  5
AC1
330
17
100
AcDbEntity
  8
ESTRIBOS
 62
8
370
9
100
AcDbLine
 10
187.875
 20
392.1333333333334
 30
0.0
 11
187.875
 21
415.1333333333334
 31
0.0
  0
LINE
  5
AC2
330
17
100
AcDbEntity
  8
ESTRIBOS
 62
8
370
9
100
AcDbLine
 10
190.125
 20
392.1333333333334
 30
0.0
 11
190.125
 21
415.1333333333334
 31
0.0
  0
LINE
  5
AC3
330
17
100
AcDbEntity
  8
ESTRIBOS
 62
8
370
9
100
AcDbLine
 10
191.875
 20
392.1333333333334
 30
0.0
 11
191.875
 21
415.1333333333334
 31
0.0
  0
LINE
  5
AC4
330
17
100
AcDbEntity
  8
ESTRIBOS
 62
8
370
9
100
AcDbLine
 10
194.125
 20
392.1333333333334
 30
0.0
 11
194.125
 21
415.1333333333334
 31
0.0
  0
LINE
  5
AC5
330
17
100
AcDbEntity
  8
ESTRIBOS
 62
8
370
9
100
AcDbLine
 10
196.375
 20
392.1333333333334
 30
0.0
 11
196.375
 21
415.1333333333334
 31
0.0
  0
LINE
  5
AC6
330
17
100
AcDbEntity
  8
ESTRIBOS
 62
8
370
9
100
AcDbLine
 10
198.625
 20
392.1333333333334
 30
0.0
 11
198.625
 21
415.1333333333334
 31
0.0
  0
LINE
  5
AC7
330
17
100
AcDbEntity
  8
ESTRIBOS
 62
8
370
9
100
AcDbLine
 10
200.875
 20
392.1333333333334
 30
0.0
 11
200.875
 21
415.1333333333334
 31
0.0
  0
LINE
  5
AC8
330
17
100
AcDbEntity
  8
ESTRIBOS
 62
8
370
9
100
AcDbLine
 10
203.125
 20
392.1333333333334
 30
0.0
 11
203.125
 21
415.1333333333334
 31
0.0
  0
LINE
  5
AC9
330
17
100
AcDbEntity
  8
ESTRIBOS
 62
8
370
9
100
AcDbLine
 10
205.375
 20
392.1333333333334
 30
0.0
 11
205.375
 21
415.1333333333334
 31
0.0
  0
LINE
  5
ACA
330
17
100
AcDbEntity
  8
ESTRIBOS
 62
8
370
9
100
AcDbLine
 10
207.625
 20
392.1333333333334
 30
0.0
 11
207.625
 21
415.1333333333334
 31
0.0
  0
LINE
  5
ACB
330
17
100
AcDbEntity
  8
ESTRIBOS
 62
8
370
9
100
AcDbLine
 10
209.875
 20
392.1333333333334
 30
0.0
 11
209.875
 21
415.1333333333334
 31
0.0
  0
LINE
  5
ACC
330
17
100
AcDbEntity
  8
ESTRIBOS
 62
8
370
9
100
AcDbLine
 10
212.125
 20
392.1333333333334
 30
0.0
 11
212.125
 21
415.1333333333334
 31
0.0
  0
LINE
  5
ACD
330
17
100
AcDbEntity
  8
ESTRIBOS
 62
8
370
9
100
AcDbLine
 10
214.375
 20
392.1333333333334
 30
0.0
 11
214.375
 21
415.1333333333334
 31
0.0
  0
LINE
  5
ACE
330
17
100
AcDbEntity
  8
ESTRIBOS
 62
8
370
9
100
AcDbLine
 10
216.625
 20
392.1333333333334
 30
0.0
 11
216.625
 21
415.1333333333334
 31
0.0
  0
TEXT
  5
ACF
330
17
100
AcDbEntity
  8
ESTRIBOS
 62
8
100
AcDbText
 10
172.25
 20
402.83333333333337
 30
0.0
 40
1.6
  1
Nº3 2R @90/@90
 72
1
 11
172.25
 21
402.83333333333337
 31
0.0
100
AcDbText
 73
2
  0
LINE
  5
AD0
330
17
100
AcDbEntity
  8
ESTRIBOS
 62
8
370
9
100
AcDbLine
 10
219.125
 20
392.1333333333334
 30
0.0
 11
219.125
 21
415.1333333333334
 31
0.0
  0
LINE
  5
AD1
330
17
100
AcDbEntity
  8
ESTRIBOS
 62
8
370
9
100
AcDbLine
 10
221.375
 20
392.1333333333334
 30
0.0
 11
221.375
 21
415.1333333333334
 31
0.0
  0
LINE
  5
AD2
330
17
100
AcDbEntity
  8
ESTRIBOS
 62
8
370
9
100
AcDbLine
 10
223.625
 20
392.1333333333334
 30
0.0
 11
223.625
 21
415.1333333333334
 31
0.0
  0
LINE
  5
AD3
330
17
100
AcDbEntity
  8
ESTRIBOS
 62
8
370
9
100
AcDbLine
 10
225.875
 20
392.1333333333334
 30
0.0
 11
225.875
 21
415.1333333333334
 31
0.0
  0
LINE
  5
AD4
330
17
100
AcDbEntity
  8
ESTRIBOS
 62
8
370
9
100
AcDbLine
 10
228.125
 20
392.1333333333334
 30
0.0
 11
228.125
 21
415.1333333333334
 31
0.0
  0
LINE
  5
AD5
330
17
100
AcDbEntity
  8
ESTRIBOS
 62
8
370
9
100
AcDbLine
 10
230.375
 20
392.1333333333334
 30
0.0
 11
230.375
 21
415.1333333333334
 31
0.0
  0
LINE
  5
AD6
330
17
100
AcDbEntity
  8
ESTRIBOS
 62
8
370
9
100
AcDbLine
 10
232.625
 20
392.1333333333334
 30
0.0
 11
232.625
 21
415.1333333333334
 31
0.0
  0
LINE
  5
AD7
330
17
100
AcDbEntity
  8
ESTRIBOS
 62
8
370
9
100
AcDbLine
 10
234.875
 20
392.1333333333334
 30
0.0
 11
234.875
 21
415.1333333333334
 31
0.0
  0
LINE
  5
AD8
330
17
100
AcDbEntity
  8
ESTRIBOS
 62
8
370
9
100
AcDbLine
 10
237.125
 20
392.1333333333334
 30
0.0
 11
237.125
 21
415.1333333333334
 31
0.0
  0
LINE
  5
AD9
330
17
100
AcDbEntity
  8
ESTRIBOS
 62
8
370
9
100
AcDbLine
 10
239.375
 20
392.1333333333334
 30
0.0
 11
239.375
 21
415.1333333333334
 31
0.0
  0
LINE
  5
ADA
330
17
100
AcDbEntity
  8
ESTRIBOS
 62
8
370
9
100
AcDbLine
 10
241.625
 20
392.1333333333334
 30
0.0
 11
241.625
 21
415.1333333333334
 31
0.0
  0
LINE
  5
ADB
330
17
100
AcDbEntity
  8
ESTRIBOS
 62
8
370
9
100
AcDbLine
 10
243.875
 20
392.1333333333334
 30
0.0
 11
243.875
 21
415.1333333333334
 31
0.0
  0
LINE
  5
ADC
330
17
100
AcDbEntity
  8
ESTRIBOS
 62
8
370
9
100
AcDbLine
 10
247.625
 20
392.1333333333334
 30
0.0
 11
247.625
 21
415.1333333333334
 31
0.0
  0
LINE
  5
ADD
330
17
100
AcDbEntity
  8
ESTRIBOS
 62
8
370
9
100
AcDbLine
 10
249.875
 20
392.1333333333334
 30
0.0
 11
249.875
 21
415.1333333333334
 31
0.0
  0
LINE
  5
ADE
330
17
100
AcDbEntity
  8
ESTRIBOS
 62
8
370
9
100
AcDbLine
 10
252.125
 20
392.1333333333334
 30
0.0
 11
252.125
 21
415.1333333333334
 31
0.0
  0
LINE
  5
ADF
330
17
100
AcDbEntity
  8
ESTRIBOS
 62
8
370
9
100
AcDbLine
 10
254.375
 20
392.1333333333334
 30
0.0
 11
254.375
 21
415.1333333333334
 31
0.0
  0
LINE
  5
AE0
330
17
100
AcDbEntity
  8
ESTRIBOS
 62
8
370
9
100
AcDbLine
 10
256.875
 20
392.1333333333334
 30
0.0
 11
256.875
 21
415.1333333333334
 31
0.0
  0
LINE
  5
AE1
330
17
100
AcDbEntity
  8
ESTRIBOS
 62
8
370
9
100
AcDbLine
 10
259.125
 20
392.1333333333334
 30
0.0
 11
259.125
 21
415.1333333333334
 31
0.0
  0
LINE
  5
AE2
330
17
100
AcDbEntity
  8
ESTRIBOS
 62
8
370
9
100
AcDbLine
 10
261.375
 20
392.1333333333334
 30
0.0
 11
261.375
 21
415.1333333333334
 31
0.0
  0
LINE
  5
AE3
330
17
100
AcDbEntity
  8
ESTRIBOS
 62
8
370
9
100
AcDbLine
 10
263.625
 20
392.1333333333334
 30
0.0
 11
263.625
 21
415.1333333333334
 31
0.0
  0
LINE
  5
AE4
330
17
100
AcDbEntity
  8
ESTRIBOS
 62
8
370
9
100
AcDbLine
 10
265.875
 20
392.1333333333334
 30
0.0
 11
265.875
 21
415.1333333333334
 31
0.0
  0
LINE
  5
AE5
330
17
100
AcDbEntity
  8
ESTRIBOS
 62
8
370
9
100
AcDbLine
 10
268.125
 20
392.1333333333334
 30
0.0
 11
268.125
 21
415.1333333333334
 31
0.0
  0
LINE
  5
AE6
330
17
100
AcDbEntity
  8
ESTRIBOS
 62
8
370
9
100
AcDbLine
 10
270.375
 20
392.1333333333334
 30
0.0
 11
270.375
 21
415.1333333333334
 31
0.0
  0
LINE
  5
AE7
330
17
100
AcDbEntity
  8
ESTRIBOS
 62
8
370
9
100
AcDbLine
 10
272.625
 20
392.1333333333334
 30
0.0
 11
272.625
 21
415.1333333333334
 31
0.0
  0
LINE
  5
AE8
330
17
100
AcDbEntity
  8
ESTRIBOS
 62
8
370
9
100
AcDbLine
 10
274.875
 20
392.1333333333334
 30
0.0
 11
274.875
 21
415.1333333333334
 31
0.0
  0
LINE
  5
AE9
330
17
100
AcDbEntity
  8
ESTRIBOS
 62
8
370
9
100
AcDbLine
 10
277.125
 20
392.1333333333334
 30
0.0
 11
277.125
 21
415.1333333333334
 31
0.0
  0
LINE
  5
AEA
330
17
100
AcDbEntity
  8
ESTRIBOS
 62
8
370
9
100
AcDbLine
 10
279.375
 20
392.1333333333334
 30
0.0
 11
279.375
 21
415.1333333333334
 31
0.0
  0
LINE
  5
AEB
330
17
100
AcDbEntity
  8
ESTRIBOS
 62
8
370
9
100
AcDbLine
 10
281.625
 20
392.1333333333334
 30
0.0
 11
281.625
 21
415.1333333333334
 31
0.0
  0
TEXT
  5
AEC
330
17
100
AcDbEntity
  8
ESTRIBOS
 62
8
100
AcDbText
 10
250.375
 20
402.83333333333337
 30
0.0
 40
1.6
  1
Nº3 2R @90/@90
 72
1
 11
250.375
 21
402.83333333333337
 31
0.0
100
AcDbText
 73
2
  0
LINE
  5
AED
330
17
100
AcDbEntity
  8
ESTRIBOS
 62
8
370
9
100
AcDbLine
 10
284.125
 20
392.1333333333334
 30
0.0
 11
284.125
 21
415.1333333333334
 31
0.0
  0
LINE
  5
AEE
330
17
100
AcDbEntity
  8
ESTRIBOS
 62
8
370
9
100
AcDbLine
 10
286.375
 20
392.1333333333334
 30
0.0
 11
286.375
 21
415.1333333333334
 31
0.0
  0
LINE
  5
AEF
330
17
100
AcDbEntity
  8
ESTRIBOS
 62
8
370
9
100
AcDbLine
 10
288.625
 20
392.1333333333334
 30
0.0
 11
288.625
 21
415.1333333333334
 31
0.0
  0
LINE
  5
AF0
330
17
100
AcDbEntity
  8
ESTRIBOS
 62
8
370
9
100
AcDbLine
 10
290.875
 20
392.1333333333334
 30
0.0
 11
290.875
 21
415.1333333333334
 31
0.0
  0
LINE
  5
AF1
330
17
100
AcDbEntity
  8
ESTRIBOS
 62
8
370
9
100
AcDbLine
 10
293.125
 20
392.1333333333334
 30
0.0
 11
293.125
 21
415.1333333333334
 31
0.0
  0
LINE
  5
AF2
330
17
100
AcDbEntity
  8
ESTRIBOS
 62
8
370
9
100
AcDbLine
 10
295.375
 20
392.1333333333334
 30
0.0
 11
295.375
 21
415.1333333333334
 31
0.0
  0
LINE
  5
AF3
330
17
100
AcDbEntity
  8
ESTRIBOS
 62
8
370
9
100
AcDbLine
 10
297.625
 20
392.1333333333334
 30
0.0
 11
297.625
 21
415.1333333333334
 31
0.0
  0
LINE
  5
AF4
330
17
100
AcDbEntity
  8
ESTRIBOS
 62
8
370
9
100
AcDbLine
 10
299.875
 20
392.1333333333334
 30
0.0
 11
299.875
 21
415.1333333333334
 31
0.0
  0
LINE
  5
AF5
330
17
100
AcDbEntity
  8
ESTRIBOS
 62
8
370
9
100
AcDbLine
 10
302.125
 20
392.1333333333334
 30
0.0
 11
302.125
 21
415.1333333333334
 31
0.0
  0
LINE
  5
AF6
330
17
100
AcDbEntity
  8
ESTRIBOS
 62
8
370
9
100
AcDbLine
 10
304.375
 20
392.1333333333334
 30
0.0
 11
304.375
 21
415.1333333333334
 31
0.0
  0
LINE
  5
AF7
330
17
100
AcDbEntity
  8
ESTRIBOS
 62
8
370
9
100
AcDbLine
 10
306.625
 20
392.1333333333334
 30
0.0
 11
306.625
 21
415.1333333333334
 31
0.0
  0
LINE
  5
AF8
330
17
100
AcDbEntity
  8
ESTRIBOS
 62
8
370
9
100
AcDbLine
 10
308.875
 20
392.1333333333334
 30
0.0
 11
308.875
 21
415.1333333333334
 31
0.0
  0
LINE
  5
AF9
330
17
100
AcDbEntity
  8
ESTRIBOS
 62
8
370
9
100
AcDbLine
 10
312.625
 20
392.1333333333334
 30
0.0
 11
312.625
 21
415.1333333333334
 31
0.0
  0
LINE
  5
AFA
330
17
100
AcDbEntity
  8
ESTRIBOS
 62
8
370
9
100
AcDbLine
 10
314.875
 20
392.1333333333334
 30
0.0
 11
314.875
 21
415.1333333333334
 31
0.0
  0
LINE
  5
AFB
330
17
100
AcDbEntity
  8
ESTRIBOS
 62
8
370
9
100
AcDbLine
 10
317.125
 20
392.1333333333334
 30
0.0
 11
317.125
 21
415.1333333333334
 31
0.0
  0
LINE
  5
AFC
330
17
100
AcDbEntity
  8
ESTRIBOS
 62
8
370
9
100
AcDbLine
 10
319.375
 20
392.1333333333334
 30
0.0
 11
319.375
 21
415.1333333333334
 31
0.0
  0
LINE
  5
AFD
330
17
100
AcDbEntity
  8
ESTRIBOS
 62
8
370
9
100
AcDbLine
 10
321.625
 20
392.1333333333334
 30
0.0
 11
321.625
 21
415.1333333333334
 31
0.0
  0
LINE
  5
AFE
330
17
100
AcDbEntity
  8
ESTRIBOS
 62
8
370
9
100
AcDbLine
 10
323.875
 20
392.1333333333334
 30
0.0
 11
323.875
 21
415.1333333333334
 31
0.0
  0
LINE
  5
AFF
330
17
100
AcDbEntity
  8
ESTRIBOS
 62
8
370
9
100
AcDbLine
 10
326.125
 20
392.1333333333334
 30
0.0
 11
326.125
 21
415.1333333333334
 31
0.0
  0
LINE
  5
B00
330
17
100
AcDbEntity
  8
ESTRIBOS
 62
8
370
9
100
AcDbLine
 10
328.375
 20
392.1333333333334
 30
0.0
 11
328.375
 21
415.1333333333334
 31
0.0
  0
LINE
  5
B01
330
17
100
AcDbEntity
  8
ESTRIBOS
 62
8
370
9
100
AcDbLine
 10
330.625
 20
392.1333333333334
 30
0.0
 11
330.625
 21
415.1333333333334
 31
0.0
  0
LINE
  5
B02
330
17
100
AcDbEntity
  8
ESTRIBOS
 62
8
370
9
100
AcDbLine
 10
332.875
 20
392.1333333333334
 30
0.0
 11
332.875
 21
415.1333333333334
 31
0.0
  0
LINE
  5
B03
330
17
100
AcDbEntity
  8
ESTRIBOS
 62
8
370
9
100
AcDbLine
 10
335.125
 20
392.1333333333334
 30
0.0
 11
335.125
 21
415.1333333333334
 31
0.0
  0
LINE
  5
B04
330
17
100
AcDbEntity
  8
ESTRIBOS
 62
8
370
9
100
AcDbLine
 10
337.375
 20
392.1333333333334
 30
0.0
 11
337.375
 21
415.1333333333334
 31
0.0
  0
LINE
  5
B05
330
17
100
AcDbEntity
  8
ESTRIBOS
 62
8
370
9
100
AcDbLine
 10
339.625
 20
392.1333333333334
 30
0.0
 11
339.625
 21
415.1333333333334
 31
0.0
  0
LINE
  5
B06
330
17
100
AcDbEntity
  8
ESTRIBOS
 62
8
370
9
100
AcDbLine
 10
341.875
 20
392.1333333333334
 30
0.0
 11
341.875
 21
415.1333333333334
 31
0.0
  0
LINE
  5
B07
330
17
100
AcDbEntity
  8
ESTRIBOS
 62
8
370
9
100
AcDbLine
 10
344.125
 20
392.1333333333334
 30
0.0
 11
344.125
 21
415.1333333333334
 31
0.0
  0
TEXT
  5
B08
330
17
100
AcDbEntity
  8
ESTRIBOS
 62
8
100
AcDbText
 10
314.125
 20
402.83333333333337
 30
0.0
 40
1.6
  1
Nº3 2R @90/@90
 72
1
 11
314.125
 21
402.83333333333337
 31
0.0
100
AcDbText
 73
2
  0
LINE
  5
B09
330
17
100
AcDbEntity
  8
ESTRIBOS
 62
8
370
9
100
AcDbLine
 10
346.625
 20
392.1333333333334
 30
0.0
 11
346.625
 21
415.1333333333334
 31
0.0
  0
LINE
  5
B0A
330
17
100
AcDbEntity
  8
ESTRIBOS
 62
8
370
9
100
AcDbLine
 10
348.875
 20
392.1333333333334
 30
0.0
 11
348.875
 21
415.1333333333334
 31
0.0
  0
LINE
  5
B0B
330
17
100
AcDbEntity
  8
ESTRIBOS
 62
8
370
9
100
AcDbLine
 10
351.125
 20
392.1333333333334
 30
0.0
 11
351.125
 21
415.1333333333334
 31
0.0
  0
LINE
  5
B0C
330
17
100
AcDbEntity
  8
ESTRIBOS
 62
8
370
9
100
AcDbLine
 10
353.375
 20
392.1333333333334
 30
0.0
 11
353.375
 21
415.1333333333334
 31
0.0
  0
LINE
  5
B0D
330
17
100
AcDbEntity
  8
ESTRIBOS
 62
8
370
9
100
AcDbLine
 10
355.625
 20
392.1333333333334
 30
0.0
 11
355.625
 21
415.1333333333334
 31
0.0
  0
LINE
  5
B0E
330
17
100
AcDbEntity
  8
ESTRIBOS
 62
8
370
9
100
AcDbLine
 10
357.875
 20
392.1333333333334
 30
0.0
 11
357.875
 21
415.1333333333334
 31
0.0
  0
LINE
  5
B0F
330
17
100
AcDbEntity
  8
ESTRIBOS
 62
8
370
9
100
AcDbLine
 10
360.125
 20
392.1333333333334
 30
0.0
 11
360.125
 21
415.1333333333334
 31
0.0
  0
LINE
  5
B10
330
17
100
AcDbEntity
  8
ESTRIBOS
 62
8
370
9
100
AcDbLine
 10
362.375
 20
392.1333333333334
 30
0.0
 11
362.375
 21
415.1333333333334
 31
0.0
  0
LINE
  5
B11
330
17
100
AcDbEntity
  8
ESTRIBOS
 62
8
370
9
100
AcDbLine
 10
364.625
 20
392.1333333333334
 30
0.0
 11
364.625
 21
415.1333333333334
 31
0.0
  0
LINE
  5
B12
330
17
100
AcDbEntity
  8
ESTRIBOS
 62
8
370
9
100
AcDbLine
 10
366.875
 20
392.1333333333334
 30
0.0
 11
366.875
 21
415.1333333333334
 31
0.0
  0
LINE
  5
B13
330
17
100
AcDbEntity
  8
ESTRIBOS
 62
8
370
9
100
AcDbLine
 10
369.125
 20
392.1333333333334
 30
0.0
 11
369.125
 21
415.1333333333334
 31
0.0
  0
LINE
  5
B14
330
17
100
AcDbEntity
  8
ESTRIBOS
 62
8
370
9
100
AcDbLine
 10
371.375
 20
392.1333333333334
 30
0.0
 11
371.375
 21
415.1333333333334
 31
0.0
  0
LINE
  5
B15
330
17
100
AcDbEntity
  8
ESTRIBOS
 62
8
370
9
100
AcDbLine
 10
375.125
 20
392.1333333333334
 30
0.0
 11
375.125
 21
415.1333333333334
 31
0.0
  0
LINE
  5
B16
330
17
100
AcDbEntity
  8
ESTRIBOS
 62
8
370
9
100
AcDbLine
 10
377.375
 20
392.1333333333334
 30
0.0
 11
377.375
 21
415.1333333333334
 31
0.0
  0
LINE
  5
B17
330
17
100
AcDbEntity
  8
ESTRIBOS
 62
8
370
9
100
AcDbLine
 10
379.625
 20
392.1333333333334
 30
0.0
 11
379.625
 21
415.1333333333334
 31
0.0
  0
LINE
  5
B18
330
17
100
AcDbEntity
  8
ESTRIBOS
 62
8
370
9
100
AcDbLine
 10
381.875
 20
392.1333333333334
 30
0.0
 11
381.875
 21
415.1333333333334
 31
0.0
  0
LINE
  5
B19
330
17
100
AcDbEntity
  8
ESTRIBOS
 62
8
370
9
100
AcDbLine
 10
384.125
 20
392.1333333333334
 30
0.0
 11
384.125
 21
415.1333333333334
 31
0.0
  0
LINE
  5
B1A
330
17
100
AcDbEntity
  8
ESTRIBOS
 62
8
370
9
100
AcDbLine
 10
386.375
 20
392.1333333333334
 30
0.0
 11
386.375
 21
415.1333333333334
 31
0.0
  0
LINE
  5
B1B
330
17
100
AcDbEntity
  8
ESTRIBOS
 62
8
370
9
100
AcDbLine
 10
388.625
 20
392.1333333333334
 30
0.0
 11
388.625
 21
415.1333333333334
 31
0.0
  0
LINE
  5
B1C
330
17
100
AcDbEntity
  8
ESTRIBOS
 62
8
370
9
100
AcDbLine
 10
390.875
 20
392.1333333333334
 30
0.0
 11
390.875
 21
415.1333333333334
 31
0.0
  0
LINE
  5
B1D
330
17
100
AcDbEntity
  8
ESTRIBOS
 62
8
370
9
100
AcDbLine
 10
393.125
 20
392.1333333333334
 30
0.0
 11
393.125
 21
415.1333333333334
 31
0.0
  0
LINE
  5
B1E
330
17
100
AcDbEntity
  8
ESTRIBOS
 62
8
370
9
100
AcDbLine
 10
395.375
 20
392.1333333333334
 30
0.0
 11
395.375
 21
415.1333333333334
 31
0.0
  0
LINE
  5
B1F
330
17
100
AcDbEntity
  8
ESTRIBOS
 62
8
370
9
100
AcDbLine
 10
397.625
 20
392.1333333333334
 30
0.0
 11
397.625
 21
415.1333333333334
 31
0.0
  0
LINE
  5
B20
330
17
100
AcDbEntity
  8
ESTRIBOS
 62
8
370
9
100
AcDbLine
 10
399.875
 20
392.1333333333334
 30
0.0
 11
399.875
 21
415.1333333333334
 31
0.0
  0
LINE
  5
B21
330
17
100
AcDbEntity
  8
ESTRIBOS
 62
8
370
9
100
AcDbLine
 10
402.125
 20
392.1333333333334
 30
0.0
 11
402.125
 21
415.1333333333334
 31
0.0
  0
LINE
  5
B22
330
17
100
AcDbEntity
  8
ESTRIBOS
 62
8
370
9
100
AcDbLine
 10
404.375
 20
392.1333333333334
 30
0.0
 11
404.375
 21
415.1333333333334
 31
0.0
  0
LINE
  5
B23
330
17
100
AcDbEntity
  8
ESTRIBOS
 62
8
370
9
100
AcDbLine
 10
406.625
 20
392.1333333333334
 30
0.0
 11
406.625
 21
415.1333333333334
 31
0.0
  0
LINE
  5
B24
330
17
100
AcDbEntity
  8
ESTRIBOS
 62
8
370
9
100
AcDbLine
 10
408.875
 20
392.1333333333334
 30
0.0
 11
408.875
 21
415.1333333333334
 31
0.0
  0
LINE
  5
B25
330
17
100
AcDbEntity
  8
ESTRIBOS
 62
8
370
9
100
AcDbLine
 10
411.125
 20
392.1333333333334
 30
0.0
 11
411.125
 21
415.1333333333334
 31
0.0
  0
LINE
  5
B26
330
17
100
AcDbEntity
  8
ESTRIBOS
 62
8
370
9
100
AcDbLine
 10
413.375
 20
392.1333333333334
 30
0.0
 11
413.375
 21
415.1333333333334
 31
0.0
  0
LINE
  5
B27
330
17
100
AcDbEntity
  8
ESTRIBOS
 62
8
370
9
100
AcDbLine
 10
415.625
 20
392.1333333333334
 30
0.0
 11
415.625
 21
415.1333333333334
 31
0.0
  0
LINE
  5
B28
330
17
100
AcDbEntity
  8
ESTRIBOS
 62
8
370
9
100
AcDbLine
 10
419.375
 20
392.1333333333334
 30
0.0
 11
419.375
 21
415.1333333333334
 31
0.0
  0
LINE
  5
B29
330
17
100
AcDbEntity
  8
ESTRIBOS
 62
8
370
9
100
AcDbLine
 10
421.625
 20
392.1333333333334
 30
0.0
 11
421.625
 21
415.1333333333334
 31
0.0
  0
LINE
  5
B2A
330
17
100
AcDbEntity
  8
ESTRIBOS
 62
8
370
9
100
AcDbLine
 10
423.875
 20
392.1333333333334
 30
0.0
 11
423.875
 21
415.1333333333334
 31
0.0
  0
LINE
  5
B2B
330
17
100
AcDbEntity
  8
ESTRIBOS
 62
8
370
9
100
AcDbLine
 10
426.125
 20
392.1333333333334
 30
0.0
 11
426.125
 21
415.1333333333334
 31
0.0
  0
LINE
  5
B2C
330
17
100
AcDbEntity
  8
ESTRIBOS
 62
8
370
9
100
AcDbLine
 10
428.375
 20
392.1333333333334
 30
0.0
 11
428.375
 21
415.1333333333334
 31
0.0
  0
LINE
  5
B2D
330
17
100
AcDbEntity
  8
ESTRIBOS
 62
8
370
9
100
AcDbLine
 10
430.625
 20
392.1333333333334
 30
0.0
 11
430.625
 21
415.1333333333334
 31
0.0
  0
LINE
  5
B2E
330
17
100
AcDbEntity
  8
ESTRIBOS
 62
8
370
9
100
AcDbLine
 10
432.875
 20
392.1333333333334
 30
0.0
 11
432.875
 21
415.1333333333334
 31
0.0
  0
LINE
  5
B2F
330
17
100
AcDbEntity
  8
ESTRIBOS
 62
8
370
9
100
AcDbLine
 10
435.125
 20
392.1333333333334
 30
0.0
 11
435.125
 21
415.1333333333334
 31
0.0
  0
LINE
  5
B30
330
17
100
AcDbEntity
  8
ESTRIBOS
 62
8
370
9
100
AcDbLine
 10
437.375
 20
392.1333333333334
 30
0.0
 11
437.375
 21
415.1333333333334
 31
0.0
  0
LINE
  5
B31
330
17
100
AcDbEntity
  8
ESTRIBOS
 62
8
370
9
100
AcDbLine
 10
439.625
 20
392.1333333333334
 30
0.0
 11
439.625
 21
415.1333333333334
 31
0.0
  0
LINE
  5
B32
330
17
100
AcDbEntity
  8
ESTRIBOS
 62
8
370
9
100
AcDbLine
 10
441.875
 20
392.1333333333334
 30
0.0
 11
441.875
 21
415.1333333333334
 31
0.0
  0
LINE
  5
B33
330
17
100
AcDbEntity
  8
ESTRIBOS
 62
8
370
9
100
AcDbLine
 10
444.125
 20
392.1333333333334
 30
0.0
 11
444.125
 21
415.1333333333334
 31
0.0
  0
TEXT
  5
B34
330
17
100
AcDbEntity
  8
ESTRIBOS
 62
8
100
AcDbText
 10
395.375
 20
402.83333333333337
 30
0.0
 40
1.6
  1
Nº3 2R @90/@90
 72
1
 11
395.375
 21
402.83333333333337
 31
0.0
100
AcDbText
 73
2
  0
LWPOLYLINE
  5
B35
330
17
100
AcDbEntity
  8
ACERO_SUP_CONT
 62
4
370
35
100
AcDbPolyline
 90
4
 70
0
 10
61.625
 20
408.1333333333334
 10
61.625
 20
414.1333333333334
 10
445.375
 20
414.1333333333334
 10
445.375
 20
408.1333333333334
  0
TEXT
  5
B36
330
17
100
AcDbEntity
  8
ACERO_SUP_CONT
 62
4
100
AcDbText
 10
253.5
 20
417.1333333333334
 30
0.0
 40
2.2
  1
M1  2#5 CONT.  Lc=15360 mm
 72
1
 11
253.5
 21
417.1333333333334
 31
0.0
100
AcDbText
 73
2
  0
LWPOLYLINE
  5
B37
330
17
100
AcDbEntity
  8
ACERO_SUP_APOYO
 62
5
370
30
100
AcDbPolyline
 90
3
 70
0
 10
54.0
 20
406.6333333333334
 10
54.0
 20
411.6333333333334
 10
77.875
 20
411.6333333333334
  0
TEXT
  5
B38
330
17
100
AcDbEntity
  8
ACERO_SUP_APOYO
 62
5
100
AcDbText
 10
61.625
 20
413.1333333333334
 30
0.0
 40
1.7
  1
M2 4#5 L=805
 72
1
 11
61.625
 21
413.1333333333334
 31
0.0
100
AcDbText
 73
2
  0
LWPOLYLINE
  5
B39
330
17
100
AcDbEntity
  8
ACERO_SUP_APOYO
 62
5
370
30
100
AcDbPolyline
 90
2
 70
0
 10
110.375
 20
409.4333333333334
 10
149.4375
 20
409.4333333333334
  0
TEXT
  5
B3A
330
17
100
AcDbEntity
  8
ACERO_SUP_APOYO
 62
5
100
AcDbText
 10
126.625
 20
410.9333333333334
 30
0.0
 40
1.7
  1
M2 4#5 L=2062
 72
1
 11
126.625
 21
410.9333333333334
 31
0.0
100
AcDbText
 73
2
  0
LWPOLYLINE
  5
B3B
330
17
100
AcDbEntity
  8
ACERO_SUP_APOYO
 62
5
370
30
100
AcDbPolyline
 90
2
 70
0
 10
195.0625
 20
411.6333333333334
 10
234.125
 20
411.6333333333334
  0
TEXT
  5
B3C
330
17
100
AcDbEntity
  8
ACERO_SUP_APOYO
 62
5
100
AcDbText
 10
217.875
 20
413.1333333333334
 30
0.0
 40
1.7
  1
M2 4#5 L=2062
 72
1
 11
217.875
 21
413.1333333333334
 31
0.0
100
AcDbText
 73
2
  0
LWPOLYLINE
  5
B3D
330
17
100
AcDbEntity
  8
ACERO_SUP_APOYO
 62
5
370
30
100
AcDbPolyline
 90
2
 70
0
 10
266.625
 20
409.4333333333334
 10
298.5
 20
409.4333333333334
  0
TEXT
  5
B3E
330
17
100
AcDbEntity
  8
ACERO_SUP_APOYO
 62
5
100
AcDbText
 10
282.875
 20
410.9333333333334
 30
0.0
 40
1.7
  1
M2 4#5 L=1775
 72
1
 11
282.875
 21
410.9333333333334
 31
0.0
100
AcDbText
 73
2
  0
LWPOLYLINE
  5
B3F
330
17
100
AcDbEntity
  8
ACERO_SUP_APOYO
 62
5
370
30
100
AcDbPolyline
 90
2
 70
0
 10
329.75
 20
411.6333333333334
 10
370.375
 20
411.6333333333334
  0
TEXT
  5
B40
330
17
100
AcDbEntity
  8
ACERO_SUP_APOYO
 62
5
100
AcDbText
 10
345.375
 20
413.1333333333334
 30
0.0
 40
1.7
  1
M2 4#5 L=2125
 72
1
 11
345.375
 21
413.1333333333334
 31
0.0
100
AcDbText
 73
2
  0
LWPOLYLINE
  5
B41
330
17
100
AcDbEntity
  8
ACERO_SUP_APOYO
 62
5
370
30
100
AcDbPolyline
 90
3
 70
0
 10
420.375
 20
409.4333333333334
 10
453.0
 20
409.4333333333334
 10
453.0
 20
404.4333333333334
  0
TEXT
  5
B42
330
17
100
AcDbEntity
  8
ACERO_SUP_APOYO
 62
5
100
AcDbText
 10
445.375
 20
410.9333333333334
 30
0.0
 40
1.7
  1
M2 4#5 L=1155
 72
1
 11
445.375
 21
410.9333333333334
 31
0.0
100
AcDbText
 73
2
  0
LWPOLYLINE
  5
B43
330
17
100
AcDbEntity
  8
ACERO_INF
 62
1
370
35
100
AcDbPolyline
 90
4
 70
0
 10
63.625
 20
398.1333333333334
 10
63.625
 20
393.1333333333334
 10
124.625
 20
393.1333333333334
 10
124.625
 20
398.1333333333334
  0
TEXT
  5
B44
330
17
100
AcDbEntity
  8
ACERO_INF
 62
1
100
AcDbText
 10
94.125
 20
390.4333333333334
 30
0.0
 40
1.7
  1
M3 5#5 L=2610
 72
1
 11
94.125
 21
390.4333333333334
 31
0.0
100
AcDbText
 73
2
  0
LWPOLYLINE
  5
B45
330
17
100
AcDbEntity
  8
ACERO_INF
 62
1
370
35
100
AcDbPolyline
 90
4
 70
0
 10
128.625
 20
399.9333333333334
 10
128.625
 20
394.9333333333334
 10
215.875
 20
394.9333333333334
 10
215.875
 20
399.9333333333334
  0
TEXT
  5
B46
330
17
100
AcDbEntity
  8
ACERO_INF
 62
1
100
AcDbText
 10
172.25
 20
392.2333333333334
 30
0.0
 40
1.7
  1
M3 5#5 L=3660
 72
1
 11
172.25
 21
392.2333333333334
 31
0.0
100
AcDbText
 73
2
  0
LWPOLYLINE
  5
B47
330
17
100
AcDbEntity
  8
ACERO_INF
 62
1
370
35
100
AcDbPolyline
 90
4
 70
0
 10
219.875
 20
398.1333333333334
 10
219.875
 20
393.1333333333334
 10
280.875
 20
393.1333333333334
 10
280.875
 20
398.1333333333334
  0
TEXT
  5
B48
330
17
100
AcDbEntity
  8
ACERO_INF
 62
1
100
AcDbText
 10
250.375
 20
390.4333333333334
 30
0.0
 40
1.7
  1
M3 5#5 L=2610
 72
1
 11
250.375
 21
390.4333333333334
 31
0.0
100
AcDbText
 73
2
  0
LWPOLYLINE
  5
B49
330
17
100
AcDbEntity
  8
ACERO_INF
 62
1
370
35
100
AcDbPolyline
 90
4
 70
0
 10
284.875
 20
399.9333333333334
 10
284.875
 20
394.9333333333334
 10
343.375
 20
394.9333333333334
 10
343.375
 20
399.9333333333334
  0
TEXT
  5
B4A
330
17
100
AcDbEntity
  8
ACERO_INF
 62
1
100
AcDbText
 10
314.125
 20
392.2333333333334
 30
0.0
 40
1.7
  1
M3 5#5 L=2510
 72
1
 11
314.125
 21
392.2333333333334
 31
0.0
100
AcDbText
 73
2
  0
LWPOLYLINE
  5
B4B
330
17
100
AcDbEntity
  8
ACERO_INF
 62
1
370
35
100
AcDbPolyline
 90
4
 70
0
 10
347.375
 20
398.1333333333334
 10
347.375
 20
393.1333333333334
 10
443.375
 20
393.1333333333334
 10
443.375
 20
398.1333333333334
  0
TEXT
  5
B4C
330
17
100
AcDbEntity
  8
ACERO_INF
 62
1
100
AcDbText
 10
395.375
 20
390.4333333333334
 30
0.0
 40
1.7
  1
M3 5#5 L=4010
 72
1
 11
395.375
 21
390.4333333333334
 31
0.0
100
AcDbText
 73
2
  0
LINE
  5
B4D
330
17
100
AcDbEntity
  8
CORTE
 62
6
370
13
100
AcDbLine
 10
73.325
 20
388.6333333333334
 30
0.0
 11
73.325
 21
418.6333333333334
 31
0.0
  0
TEXT
  5
B4E
330
17
100
AcDbEntity
  8
CORTE
 62
6
100
AcDbText
 10
73.325
 20
423.6333333333334
 30
0.0
 40
2.0
  1
A
 72
1
 11
73.325
 21
423.6333333333334
 31
0.0
100
AcDbText
 73
2
  0
LINE
  5
B4F
330
17
100
AcDbEntity
  8
CORTE
 62
6
370
13
100
AcDbLine
 10
262.075
 20
388.6333333333334
 30
0.0
 11
262.075
 21
418.6333333333334
 31
0.0
  0
TEXT
  5
B50
330
17
100
AcDbEntity
  8
CORTE
 62
6
100
AcDbText
 10
262.075
 20
423.6333333333334
 30
0.0
 40
2.0
  1
B
 72
1
 11
262.075
 21
423.6333333333334
 31
0.0
100
AcDbText
 73
2
  0
LINE
  5
B51
330
17
100
AcDbEntity
  8
CORTE
 62
6
370
13
100
AcDbLine
 10
427.375
 20
388.6333333333334
 30
0.0
 11
427.375
 21
418.6333333333334
 31
0.0
  0
TEXT
  5
B52
330
17
100
AcDbEntity
  8
CORTE
 62
6
100
AcDbText
 10
427.375
 20
423.6333333333334
 30
0.0
 40
2.0
  1
C
 72
1
 11
427.375
 21
423.6333333333334
 31
0.0
100
AcDbText
 73
2
  0
LINE
  5
B53
330
17
100
AcDbEntity
  8
COTAS
 62
3
370
13
100
AcDbLine
 10
61.625
 20
381.1333333333334
 30
0.0
 11
126.625
 21
381.1333333333334
 31
0.0
  0
LINE
  5
B54
330
17
100
AcDbEntity
  8
COTAS
 62
3
370
13
100
AcDbLine
 10
61.625
 20
379.9333333333334
 30
0.0
 11
61.625
 21
382.33333333333337
 31
0.0
  0
LINE
  5
B55
330
17
100
AcDbEntity
  8
COTAS
 62
3
370
13
100
AcDbLine
 10
126.625
 20
379.9333333333334
 30
0.0
 11
126.625
 21
382.33333333333337
 31
0.0
  0
TEXT
  5
B56
330
17
100
AcDbEntity
  8
COTAS
 62
3
100
AcDbText
 10
94.125
 20
382.1333333333334
 30
0.0
 40
1.8
  1
2.600 m
 72
1
 11
94.125
 21
382.1333333333334
 31
0.0
100
AcDbText
 73
2
  0
TEXT
  5
B57
330
17
100
AcDbEntity
  8
TEXTO
 62
7
100
AcDbText
 10
94.125
 20
377.9333333333334
 30
0.0
 40
1.55
  1
F201
 72
1
 11
94.125
 21
377.9333333333334
 31
0.0
100
AcDbText
 73
2
  0
LINE
  5
B58
330
17
100
AcDbEntity
  8
COTAS
 62
3
370
13
100
AcDbLine
 10
126.625
 20
381.1333333333334
 30
0.0
 11
217.875
 21
381.1333333333334
 31
0.0
  0
LINE
  5
B59
330
17
100
AcDbEntity
  8
COTAS
 62
3
370
13
100
AcDbLine
 10
126.625
 20
379.9333333333334
 30
0.0
 11
126.625
 21
382.33333333333337
 31
0.0
  0
LINE
  5
B5A
330
17
100
AcDbEntity
  8
COTAS
 62
3
370
13
100
AcDbLine
 10
217.875
 20
379.9333333333334
 30
0.0
 11
217.875
 21
382.33333333333337
 31
0.0
  0
TEXT
  5
B5B
330
17
100
AcDbEntity
  8
COTAS
 62
3
100
AcDbText
 10
172.25
 20
382.1333333333334
 30
0.0
 40
1.8
  1
3.650 m
 72
1
 11
172.25
 21
382.1333333333334
 31
0.0
100
AcDbText
 73
2
  0
TEXT
  5
B5C
330
17
100
AcDbEntity
  8
TEXTO
 62
7
100
AcDbText
 10
172.25
 20
377.9333333333334
 30
0.0
 40
1.55
  1
F202
 72
1
 11
172.25
 21
377.9333333333334
 31
0.0
100
AcDbText
 73
2
  0
LINE
  5
B5D
330
17
100
AcDbEntity
  8
COTAS
 62
3
370
13
100
AcDbLine
 10
217.875
 20
381.1333333333334
 30
0.0
 11
282.875
 21
381.1333333333334
 31
0.0
  0
LINE
  5
B5E
330
17
100
AcDbEntity
  8
COTAS
 62
3
370
13
100
AcDbLine
 10
217.875
 20
379.9333333333334
 30
0.0
 11
217.875
 21
382.33333333333337
 31
0.0
  0
LINE
  5
B5F
330
17
100
AcDbEntity
  8
COTAS
 62
3
370
13
100
AcDbLine
 10
282.875
 20
379.9333333333334
 30
0.0
 11
282.875
 21
382.33333333333337
 31
0.0
  0
TEXT
  5
B60
330
17
100
AcDbEntity
  8
COTAS
 62
3
100
AcDbText
 10
250.375
 20
382.1333333333334
 30
0.0
 40
1.8
  1
2.600 m
 72
1
 11
250.375
 21
382.1333333333334
 31
0.0
100
AcDbText
 73
2
  0
TEXT
  5
B61
330
17
100
AcDbEntity
  8
TEXTO
 62
7
100
AcDbText
 10
250.375
 20
377.9333333333334
 30
0.0
 40
1.55
  1
F203
 72
1
 11
250.375
 21
377.9333333333334
 31
0.0
100
AcDbText
 73
2
  0
LINE
  5
B62
330
17
100
AcDbEntity
  8
COTAS
 62
3
370
13
100
AcDbLine
 10
282.875
 20
381.1333333333334
 30
0.0
 11
345.375
 21
381.1333333333334
 31
0.0
  0
LINE
  5
B63
330
17
100
AcDbEntity
  8
COTAS
 62
3
370
13
100
AcDbLine
 10
282.875
 20
379.9333333333334
 30
0.0
 11
282.875
 21
382.33333333333337
 31
0.0
  0
LINE
  5
B64
330
17
100
AcDbEntity
  8
COTAS
 62
3
370
13
100
AcDbLine
 10
345.375
 20
379.9333333333334
 30
0.0
 11
345.375
 21
382.33333333333337
 31
0.0
  0
TEXT
  5
B65
330
17
100
AcDbEntity
  8
COTAS
 62
3
100
AcDbText
 10
314.125
 20
382.1333333333334
 30
0.0
 40
1.8
  1
2.500 m
 72
1
 11
314.125
 21
382.1333333333334
 31
0.0
100
AcDbText
 73
2
  0
TEXT
  5
B66
330
17
100
AcDbEntity
  8
TEXTO
 62
7
100
AcDbText
 10
314.125
 20
377.9333333333334
 30
0.0
 40
1.55
  1
F204
 72
1
 11
314.125
 21
377.9333333333334
 31
0.0
100
AcDbText
 73
2
  0
LINE
  5
B67
330
17
100
AcDbEntity
  8
COTAS
 62
3
370
13
100
AcDbLine
 10
345.375
 20
381.1333333333334
 30
0.0
 11
445.375
 21
381.1333333333334
 31
0.0
  0
LINE
  5
B68
330
17
100
AcDbEntity
  8
COTAS
 62
3
370
13
100
AcDbLine
 10
345.375
 20
379.9333333333334
 30
0.0
 11
345.375
 21
382.33333333333337
 31
0.0
  0
LINE
  5
B69
330
17
100
AcDbEntity
  8
COTAS
 62
3
370
13
100
AcDbLine
 10
445.375
 20
379.9333333333334
 30
0.0
 11
445.375
 21
382.33333333333337
 31
0.0
  0
TEXT
  5
B6A
330
17
100
AcDbEntity
  8
COTAS
 62
3
100
AcDbText
 10
395.375
 20
382.1333333333334
 30
0.0
 40
1.8
  1
4.000 m
 72
1
 11
395.375
 21
382.1333333333334
 31
0.0
100
AcDbText
 73
2
  0
TEXT
  5
B6B
330
17
100
AcDbEntity
  8
TEXTO
 62
7
100
AcDbText
 10
395.375
 20
377.9333333333334
 30
0.0
 40
1.55
  1
F205
 72
1
 11
395.375
 21
377.9333333333334
 31
0.0
100
AcDbText
 73
2
  0
LINE
  5
B6C
330
17
100
AcDbEntity
  8
COTAS
 62
3
370
13
100
AcDbLine
 10
61.625
 20
374.1333333333334
 30
0.0
 11
445.375
 21
374.1333333333334
 31
0.0
  0
LINE
  5
B6D
330
17
100
AcDbEntity
  8
COTAS
 62
3
370
13
100
AcDbLine
 10
61.625
 20
372.9333333333334
 30
0.0
 11
61.625
 21
375.33333333333337
 31
0.0
  0
LINE
  5
B6E
330
17
100
AcDbEntity
  8
COTAS
 62
3
370
13
100
AcDbLine
 10
445.375
 20
372.9333333333334
 30
0.0
 11
445.375
 21
375.33333333333337
 31
0.0
  0
TEXT
  5
B6F
330
17
100
AcDbEntity
  8
COTAS
 62
3
100
AcDbText
 10
253.5
 20
375.1333333333334
 30
0.0
 40
2.0
  1
TOTAL SAP I-J = 15.350 m
 72
1
 11
253.5
 21
375.1333333333334
 31
0.0
100
AcDbText
 73
2
  0
TEXT
  5
B70
330
17
100
AcDbEntity
  8
TEXTO
 62
7
100
AcDbText
 10
445.375
 20
322.33333333333337
 30
0.0
 40
1.9
  1
ESC. H 1:40 | V 1:22 | EJES Y TRAMOS SAP
 72
2
 11
445.375
 21
322.33333333333337
 31
0.0
100
AcDbText
  0
LWPOLYLINE
  5
B71
330
17
100
AcDbEntity
  8
MARCO
 62
7
370
25
100
AcDbPolyline
 90
4
 70
1
 10
538.0
 20
318.33333333333337
 10
697.0
 20
318.33333333333337
 10
697.0
 20
470.0
 10
538.0
 20
470.0
  0
TEXT
  5
B72
330
17
100
AcDbEntity
  8
TEXTO
 62
7
100
AcDbText
 10
617.5
 20
463.0
 30
0.0
 40
3.4
  1
VIGA TIPO VR1
 72
1
 11
617.5
 21
463.0
 31
0.0
100
AcDbText
 73
2
  0
TEXT
  5
B73
330
17
100
AcDbEntity
  8
TEXTO
 62
7
100
AcDbText
 10
617.5
 20
456.0
 30
0.0
 40
2.0
  1
500x550 mm — DATOS EXCEL
 72
1
 11
617.5
 21
456.0
 31
0.0
100
AcDbText
 73
2
  0
LWPOLYLINE
  5
B74
330
17
100
AcDbEntity
  8
CONTORNO
 62
7
370
20
100
AcDbPolyline
 90
4
 70
1
 10
549.5
 20
377.3833333333334
 10
574.5
 20
377.3833333333334
 10
574.5
 20
404.8833333333334
 10
549.5
 20
404.8833333333334
  0
LWPOLYLINE
  5
B75
330
17
100
AcDbEntity
  8
ESTRIBOS
 62
8
370
18
100
AcDbPolyline
 90
4
 70
1
 10
551.5
 20
379.3833333333334
 10
572.5
 20
379.3833333333334
 10
572.5
 20
402.8833333333334
 10
551.5
 20
402.8833333333334
  0
CIRCLE
  5
B76
330
17
100
AcDbEntity
  8
ACERO_SUP_CONT
 62
4
100
AcDbCircle
 10
552.75
 20
401.8508333333334
 30
0.0
 40
0.55
  0
CIRCLE
  5
B77
330
17
100
AcDbEntity
  8
ACERO_SUP_CONT
 62
4
100
AcDbCircle
 10
556.45
 20
401.8508333333334
 30
0.0
 40
0.55
  0
CIRCLE
  5
B78
330
17
100
AcDbEntity
  8
ACERO_SUP_CONT
 62
4
100
AcDbCircle
 10
560.15
 20
401.8508333333334
 30
0.0
 40
0.55
  0
CIRCLE
  5
B79
330
17
100
AcDbEntity
  8
ACERO_SUP_CONT
 62
4
100
AcDbCircle
 10
563.85
 20
401.8508333333334
 30
0.0
 40
0.55
  0
CIRCLE
  5
B7A
330
17
100
AcDbEntity
  8
ACERO_SUP_CONT
 62
4
100
AcDbCircle
 10
567.55
 20
401.8508333333334
 30
0.0
 40
0.55
  0
CIRCLE
  5
B7B
330
17
100
AcDbEntity
  8
ACERO_SUP_CONT
 62
4
100
AcDbCircle
 10
571.25
 20
401.8508333333334
 30
0.0
 40
0.55
  0
CIRCLE
  5
B7C
330
17
100
AcDbEntity
  8
ACERO_INF
 62
1
100
AcDbCircle
 10
552.75
 20
380.4158333333334
 30
0.0
 40
0.55
  0
CIRCLE
  5
B7D
330
17
100
AcDbEntity
  8
ACERO_INF
 62
1
100
AcDbCircle
 10
557.375
 20
380.4158333333334
 30
0.0
 40
0.55
  0
CIRCLE
  5
B7E
330
17
100
AcDbEntity
  8
ACERO_INF
 62
1
100
AcDbCircle
 10
562.0
 20
380.4158333333334
 30
0.0
 40
0.55
  0
CIRCLE
  5
B7F
330
17
100
AcDbEntity
  8
ACERO_INF
 62
1
100
AcDbCircle
 10
566.625
 20
380.4158333333334
 30
0.0
 40
0.55
  0
CIRCLE
  5
B80
330
17
100
AcDbEntity
  8
ACERO_INF
 62
1
100
AcDbCircle
 10
571.25
 20
380.4158333333334
 30
0.0
 40
0.55
  0
TEXT
  5
B81
330
17
100
AcDbEntity
  8
TEXTO
 62
7
100
AcDbText
 10
562.0
 20
373.78333333333336
 30
0.0
 40
1.9
  1
SECCIÓN APOYO
 72
1
 11
562.0
 21
373.78333333333336
 31
0.0
100
AcDbText
 73
2
  0
TEXT
  5
B82
330
17
100
AcDbEntity
  8
TEXTO
 62
7
100
AcDbText
 10
562.0
 20
370.9833333333334
 30
0.0
 40
1.55
  1
500x550 | 1:20
 72
1
 11
562.0
 21
370.9833333333334
 31
0.0
100
AcDbText
 73
2
  0
TEXT
  5
B83
330
17
100
AcDbEntity
  8
TEXTO
100
AcDbText
 10
585.0
 20
443.0
 30
0.0
 40
2.0
  1
SUP: 6#5
 11
585.0
 21
443.0
 31
0.0
100
AcDbText
  0
TEXT
  5
B84
330
17
100
AcDbEntity
  8
TEXTO
100
AcDbText
 10
585.0
 20
435.0
 30
0.0
 40
2.0
  1
INF: 5#5
 11
585.0
 21
435.0
 31
0.0
100
AcDbText
  0
TEXT
  5
B85
330
17
100
AcDbEntity
  8
TEXTO
100
AcDbText
 10
585.0
 20
427.0
 30
0.0
 40
2.0
  1
TORSIÓN: 0#5
 11
585.0
 21
427.0
 31
0.0
100
AcDbText
  0
TEXT
  5
B86
330
17
100
AcDbEntity
  8
TEXTO
100
AcDbText
 10
585.0
 20
419.0
 30
0.0
 40
2.0
  1
EST: Nº3 — 2 RAMAS
 11
585.0
 21
419.0
 31
0.0
100
AcDbText
  0
TEXT
  5
B87
330
17
100
AcDbEntity
  8
TEXTO
100
AcDbText
 10
585.0
 20
411.0
 30
0.0
 40
2.0
  1
s EXT/CENTRO: 90/90 mm
 11
585.0
 21
411.0
 31
0.0
100
AcDbText
  0
TEXT
  5
B88
330
17
100
AcDbEntity
  8
TEXTO
100
AcDbText
 10
585.0
 20
403.0
 30
0.0
 40
2.0
  1
FRAMES SAP: 80
 11
585.0
 21
403.0
 31
0.0
100
AcDbText
  0
TEXT
  5
B89
330
17
100
AcDbEntity
  8
TEXTO
100
AcDbText
 10
585.0
 20
395.0
 30
0.0
 40
2.0
  1
EJE a/e: 1-2-3-4-5-6
 11
585.0
 21
395.0
 31
0.0
100
AcDbText
  0
LINE
  5
B8A
330
17
100
AcDbEntity
  8
MARCO
 62
8
370
13
100
AcDbLine
 10
10.0
 20
318.33333333333337
 30
0.0
 11
697.0
 21
318.33333333333337
 31
0.0
  0
LWPOLYLINE
  5
B8B
330
17
100
AcDbEntity
  8
MARCO
 62
7
370
25
100
AcDbPolyline
 90
4
 70
1
 10
10.0
 20
224.4666666666667
 10
50.0
 20
224.4666666666667
 10
50.0
 20
274.4666666666667
 10
10.0
 20
274.4666666666667
  0
TEXT
  5
B8C
330
17
100
AcDbEntity
  8
TEXTO
 62
7
100
AcDbText
 10
30.0
 20
268.4666666666667
 30
0.0
 40
2.8
  1
VIGA VR N1
 72
1
 11
30.0
 21
268.4666666666667
 31
0.0
100
AcDbText
 73
2
  0
TEXT
  5
B8D
330
17
100
AcDbEntity
  8
TEXTO
 62
7
100
AcDbText
 10
30.0
 20
261.4666666666667
 30
0.0
 40
2.5
  1
EJE a/e
 72
1
 11
30.0
 21
261.4666666666667
 31
0.0
100
AcDbText
 73
2
  0
TEXT
  5
B8E
330
17
100
AcDbEntity
  8
TEXTO
 62
7
100
AcDbText
 10
30.0
 20
254.4666666666667
 30
0.0
 40
2.2
  1
500x550 mm
 72
1
 11
30.0
 21
254.4666666666667
 31
0.0
100
AcDbText
 73
2
  0
TEXT
  5
B8F
330
17
100
AcDbEntity
  8
TEXTO
100
AcDbText
 10
13.0
 20
246.4666666666667
 30
0.0
 40
2.0
  1
SUP 5#5
 11
13.0
 21
246.4666666666667
 31
0.0
100
AcDbText
  0
TEXT
  5
B90
330
17
100
AcDbEntity
  8
TEXTO
100
AcDbText
 10
13.0
 20
240.4666666666667
 30
0.0
 40
2.0
  1
INF 5#5
 11
13.0
 21
240.4666666666667
 31
0.0
100
AcDbText
  0
TEXT
  5
B91
330
17
100
AcDbEntity
  8
TEXTO
100
AcDbText
 10
13.0
 20
234.4666666666667
 30
0.0
 40
2.0
  1
TOR 0#5
 11
13.0
 21
234.4666666666667
 31
0.0
100
AcDbText
  0
TEXT
  5
B92
330
17
100
AcDbEntity
  8
TEXTO
100
AcDbText
 10
13.0
 20
228.4666666666667
 30
0.0
 40
1.8
  1
z=3.5 m
 11
13.0
 21
228.4666666666667
 31
0.0
100
AcDbText
  0
LWPOLYLINE
  5
B93
330
17
100
AcDbEntity
  8
CONTORNO
 62
7
370
25
100
AcDbPolyline
 90
4
 70
1
 10
57.05
 20
239.4666666666667
 10
419.05
 20
239.4666666666667
 10
419.05
 20
264.4666666666667
 10
57.05
 20
264.4666666666667
  0
LWPOLYLINE
  5
B94
330
17
100
AcDbEntity
  8
APOYOS
 62
9
370
15
100
AcDbPolyline
 90
4
 70
1
 10
54.55
 20
235.4666666666667
 10
59.55
 20
235.4666666666667
 10
59.55
 20
268.4666666666667
 10
54.55
 20
268.4666666666667
  0
LINE
  5
B95
330
17
100
AcDbEntity
  8
EJES
  6
DASHED
 62
1
370
9
100
AcDbLine
 10
57.05
 20
228.4666666666667
 30
0.0
 11
57.05
 21
280.4666666666667
 31
0.0
  0
CIRCLE
  5
B96
330
17
100
AcDbEntity
  8
EJES
 62
1
370
18
100
AcDbCircle
 10
57.05
 20
276.4666666666667
 30
0.0
 40
3.5
  0
TEXT
  5
B97
330
17
100
AcDbEntity
  8
EJES
 62
1
100
AcDbText
 10
57.05
 20
276.4666666666667
 30
0.0
 40
2.5
  1
1
 72
1
 11
57.05
 21
276.4666666666667
 31
0.0
100
AcDbText
 73
2
  0
LWPOLYLINE
  5
B98
330
17
100
AcDbEntity
  8
APOYOS
 62
9
370
15
100
AcDbPolyline
 90
4
 70
1
 10
80.55
 20
235.4666666666667
 10
85.55
 20
235.4666666666667
 10
85.55
 20
268.4666666666667
 10
80.55
 20
268.4666666666667
  0
LINE
  5
B99
330
17
100
AcDbEntity
  8
EJES
  6
DASHED
 62
1
370
9
100
AcDbLine
 10
83.05
 20
228.4666666666667
 30
0.0
 11
83.05
 21
280.4666666666667
 31
0.0
  0
CIRCLE
  5
B9A
330
17
100
AcDbEntity
  8
EJES
 62
1
370
18
100
AcDbCircle
 10
83.05
 20
276.4666666666667
 30
0.0
 40
3.5
  0
TEXT
  5
B9B
330
17
100
AcDbEntity
  8
EJES
 62
1
100
AcDbText
 10
83.05
 20
276.4666666666667
 30
0.0
 40
2.5
  1
2
 72
1
 11
83.05
 21
276.4666666666667
 31
0.0
100
AcDbText
 73
2
  0
LWPOLYLINE
  5
B9C
330
17
100
AcDbEntity
  8
APOYOS
 62
9
370
15
100
AcDbPolyline
 90
4
 70
1
 10
117.05
 20
235.4666666666667
 10
122.05
 20
235.4666666666667
 10
122.05
 20
268.4666666666667
 10
117.05
 20
268.4666666666667
  0
LINE
  5
B9D
330
17
100
AcDbEntity
  8
EJES
  6
DASHED
 62
1
370
9
100
AcDbLine
 10
119.55
 20
228.4666666666667
 30
0.0
 11
119.55
 21
280.4666666666667
 31
0.0
  0
CIRCLE
  5
B9E
330
17
100
AcDbEntity
  8
EJES
 62
1
370
18
100
AcDbCircle
 10
119.55
 20
276.4666666666667
 30
0.0
 40
3.5
  0
TEXT
  5
B9F
330
17
100
AcDbEntity
  8
EJES
 62
1
100
AcDbText
 10
119.55
 20
276.4666666666667
 30
0.0
 40
2.5
  1
3
 72
1
 11
119.55
 21
276.4666666666667
 31
0.0
100
AcDbText
 73
2
  0
LWPOLYLINE
  5
BA0
330
17
100
AcDbEntity
  8
APOYOS
 62
9
370
15
100
AcDbPolyline
 90
4
 70
1
 10
143.05
 20
235.4666666666667
 10
148.05
 20
235.4666666666667
 10
148.05
 20
268.4666666666667
 10
143.05
 20
268.4666666666667
  0
LINE
  5
BA1
330
17
100
AcDbEntity
  8
EJES
  6
DASHED
 62
1
370
9
100
AcDbLine
 10
145.55
 20
228.4666666666667
 30
0.0
 11
145.55
 21
280.4666666666667
 31
0.0
  0
CIRCLE
  5
BA2
330
17
100
AcDbEntity
  8
EJES
 62
1
370
18
100
AcDbCircle
 10
145.55
 20
276.4666666666667
 30
0.0
 40
3.5
  0
TEXT
  5
BA3
330
17
100
AcDbEntity
  8
EJES
 62
1
100
AcDbText
 10
145.55
 20
276.4666666666667
 30
0.0
 40
2.5
  1
4
 72
1
 11
145.55
 21
276.4666666666667
 31
0.0
100
AcDbText
 73
2
  0
LWPOLYLINE
  5
BA4
330
17
100
AcDbEntity
  8
APOYOS
 62
9
370
15
100
AcDbPolyline
 90
4
 70
1
 10
168.05
 20
235.4666666666667
 10
173.05
 20
235.4666666666667
 10
173.05
 20
268.4666666666667
 10
168.05
 20
268.4666666666667
  0
LINE
  5
BA5
330
17
100
AcDbEntity
  8
EJES
  6
DASHED
 62
1
370
9
100
AcDbLine
 10
170.55
 20
228.4666666666667
 30
0.0
 11
170.55
 21
280.4666666666667
 31
0.0
  0
CIRCLE
  5
BA6
330
17
100
AcDbEntity
  8
EJES
 62
1
370
18
100
AcDbCircle
 10
170.55
 20
276.4666666666667
 30
0.0
 40
3.5
  0
TEXT
  5
BA7
330
17
100
AcDbEntity
  8
EJES
 62
1
100
AcDbText
 10
170.55
 20
276.4666666666667
 30
0.0
 40
2.5
  1
5
 72
1
 11
170.55
 21
276.4666666666667
 31
0.0
100
AcDbText
 73
2
  0
LWPOLYLINE
  5
BA8
330
17
100
AcDbEntity
  8
APOYOS
 62
9
370
15
100
AcDbPolyline
 90
4
 70
1
 10
208.05
 20
235.4666666666667
 10
213.05
 20
235.4666666666667
 10
213.05
 20
268.4666666666667
 10
208.05
 20
268.4666666666667
  0
LINE
  5
BA9
330
17
100
AcDbEntity
  8
EJES
  6
DASHED
 62
1
370
9
100
AcDbLine
 10
210.55
 20
228.4666666666667
 30
0.0
 11
210.55
 21
280.4666666666667
 31
0.0
  0
CIRCLE
  5
BAA
330
17
100
AcDbEntity
  8
EJES
 62
1
370
18
100
AcDbCircle
 10
210.55
 20
276.4666666666667
 30
0.0
 40
3.5
  0
TEXT
  5
BAB
330
17
100
AcDbEntity
  8
EJES
 62
1
100
AcDbText
 10
210.55
 20
276.4666666666667
 30
0.0
 40
2.5
  1
6
 72
1
 11
210.55
 21
276.4666666666667
 31
0.0
100
AcDbText
 73
2
  0
LWPOLYLINE
  5
BAC
330
17
100
AcDbEntity
  8
APOYOS
 62
9
370
15
100
AcDbPolyline
 90
4
 70
1
 10
263.05
 20
235.4666666666667
 10
268.05
 20
235.4666666666667
 10
268.05
 20
268.4666666666667
 10
263.05
 20
268.4666666666667
  0
LINE
  5
BAD
330
17
100
AcDbEntity
  8
EJES
  6
DASHED
 62
1
370
9
100
AcDbLine
 10
265.55
 20
228.4666666666667
 30
0.0
 11
265.55
 21
280.4666666666667
 31
0.0
  0
CIRCLE
  5
BAE
330
17
100
AcDbEntity
  8
EJES
 62
1
370
18
100
AcDbCircle
 10
265.55
 20
276.4666666666667
 30
0.0
 40
3.5
  0
TEXT
  5
BAF
330
17
100
AcDbEntity
  8
EJES
 62
1
100
AcDbText
 10
265.55
 20
276.4666666666667
 30
0.0
 40
2.5
  1
8
 72
1
 11
265.55
 21
276.4666666666667
 31
0.0
100
AcDbText
 73
2
  0
LWPOLYLINE
  5
BB0
330
17
100
AcDbEntity
  8
APOYOS
 62
9
370
15
100
AcDbPolyline
 90
4
 70
1
 10
303.05
 20
235.4666666666667
 10
308.05
 20
235.4666666666667
 10
308.05
 20
268.4666666666667
 10
303.05
 20
268.4666666666667
  0
LINE
  5
BB1
330
17
100
AcDbEntity
  8
EJES
  6
DASHED
 62
1
370
9
100
AcDbLine
 10
305.55
 20
228.4666666666667
 30
0.0
 11
305.55
 21
280.4666666666667
 31
0.0
  0
CIRCLE
  5
BB2
330
17
100
AcDbEntity
  8
EJES
 62
1
370
18
100
AcDbCircle
 10
305.55
 20
276.4666666666667
 30
0.0
 40
3.5
  0
TEXT
  5
BB3
330
17
100
AcDbEntity
  8
EJES
 62
1
100
AcDbText
 10
305.55
 20
276.4666666666667
 30
0.0
 40
2.5
  1
9
 72
1
 11
305.55
 21
276.4666666666667
 31
0.0
100
AcDbText
 73
2
  0
LWPOLYLINE
  5
BB4
330
17
100
AcDbEntity
  8
APOYOS
 62
9
370
15
100
AcDbPolyline
 90
4
 70
1
 10
328.05
 20
235.4666666666667
 10
333.05
 20
235.4666666666667
 10
333.05
 20
268.4666666666667
 10
328.05
 20
268.4666666666667
  0
LINE
  5
BB5
330
17
100
AcDbEntity
  8
EJES
  6
DASHED
 62
1
370
9
100
AcDbLine
 10
330.55
 20
228.4666666666667
 30
0.0
 11
330.55
 21
280.4666666666667
 31
0.0
  0
CIRCLE
  5
BB6
330
17
100
AcDbEntity
  8
EJES
 62
1
370
18
100
AcDbCircle
 10
330.55
 20
276.4666666666667
 30
0.0
 40
3.5
  0
TEXT
  5
BB7
330
17
100
AcDbEntity
  8
EJES
 62
1
100
AcDbText
 10
330.55
 20
276.4666666666667
 30
0.0
 40
2.5
  1
10
 72
1
 11
330.55
 21
276.4666666666667
 31
0.0
100
AcDbText
 73
2
  0
LWPOLYLINE
  5
BB8
330
17
100
AcDbEntity
  8
APOYOS
 62
9
370
15
100
AcDbPolyline
 90
4
 70
1
 10
354.05
 20
235.4666666666667
 10
359.05
 20
235.4666666666667
 10
359.05
 20
268.4666666666667
 10
354.05
 20
268.4666666666667
  0
LINE
  5
BB9
330
17
100
AcDbEntity
  8
EJES
  6
DASHED
 62
1
370
9
100
AcDbLine
 10
356.55
 20
228.4666666666667
 30
0.0
 11
356.55
 21
280.4666666666667
 31
0.0
  0
CIRCLE
  5
BBA
330
17
100
AcDbEntity
  8
EJES
 62
1
370
18
100
AcDbCircle
 10
356.55
 20
276.4666666666667
 30
0.0
 40
3.5
  0
TEXT
  5
BBB
330
17
100
AcDbEntity
  8
EJES
 62
1
100
AcDbText
 10
356.55
 20
276.4666666666667
 30
0.0
 40
2.5
  1
11
 72
1
 11
356.55
 21
276.4666666666667
 31
0.0
100
AcDbText
 73
2
  0
LWPOLYLINE
  5
BBC
330
17
100
AcDbEntity
  8
APOYOS
 62
9
370
15
100
AcDbPolyline
 90
4
 70
1
 10
390.55
 20
235.4666666666667
 10
395.55
 20
235.4666666666667
 10
395.55
 20
268.4666666666667
 10
390.55
 20
268.4666666666667
  0
LINE
  5
BBD
330
17
100
AcDbEntity
  8
EJES
  6
DASHED
 62
1
370
9
100
AcDbLine
 10
393.05
 20
228.4666666666667
 30
0.0
 11
393.05
 21
280.4666666666667
 31
0.0
  0
CIRCLE
  5
BBE
330
17
100
AcDbEntity
  8
EJES
 62
1
370
18
100
AcDbCircle
 10
393.05
 20
276.4666666666667
 30
0.0
 40
3.5
  0
TEXT
  5
BBF
330
17
100
AcDbEntity
  8
EJES
 62
1
100
AcDbText
 10
393.05
 20
276.4666666666667
 30
0.0
 40
2.5
  1
12
 72
1
 11
393.05
 21
276.4666666666667
 31
0.0
100
AcDbText
 73
2
  0
LWPOLYLINE
  5
BC0
330
17
100
AcDbEntity
  8
APOYOS
 62
9
370
15
100
AcDbPolyline
 90
4
 70
1
 10
416.55
 20
235.4666666666667
 10
421.55
 20
235.4666666666667
 10
421.55
 20
268.4666666666667
 10
416.55
 20
268.4666666666667
  0
LINE
  5
BC1
330
17
100
AcDbEntity
  8
EJES
  6
DASHED
 62
1
370
9
100
AcDbLine
 10
419.05
 20
228.4666666666667
 30
0.0
 11
419.05
 21
280.4666666666667
 31
0.0
  0
CIRCLE
  5
BC2
330
17
100
AcDbEntity
  8
EJES
 62
1
370
18
100
AcDbCircle
 10
419.05
 20
276.4666666666667
 30
0.0
 40
3.5
  0
TEXT
  5
BC3
330
17
100
AcDbEntity
  8
EJES
 62
1
100
AcDbText
 10
419.05
 20
276.4666666666667
 30
0.0
 40
2.5
  1
13
 72
1
 11
419.05
 21
276.4666666666667
 31
0.0
100
AcDbText
 73
2
  0
LINE
  5
BC4
330
17
100
AcDbEntity
  8
ESTRIBOS
 62
8
370
9
100
AcDbLine
 10
57.55
 20
240.4666666666667
 30
0.0
 11
57.55
 21
263.4666666666667
 31
0.0
  0
LINE
  5
BC5
330
17
100
AcDbEntity
  8
ESTRIBOS
 62
8
370
9
100
AcDbLine
 10
58.35
 20
240.4666666666667
 30
0.0
 11
58.35
 21
263.4666666666667
 31
0.0
  0
LINE
  5
BC6
330
17
100
AcDbEntity
  8
ESTRIBOS
 62
8
370
9
100
AcDbLine
 10
59.15
 20
240.4666666666667
 30
0.0
 11
59.15
 21
263.4666666666667
 31
0.0
  0
LINE
  5
BC7
330
17
100
AcDbEntity
  8
ESTRIBOS
 62
8
370
9
100
AcDbLine
 10
59.95
 20
240.4666666666667
 30
0.0
 11
59.95
 21
263.4666666666667
 31
0.0
  0
LINE
  5
BC8
330
17
100
AcDbEntity
  8
ESTRIBOS
 62
8
370
9
100
AcDbLine
 10
60.75
 20
240.4666666666667
 30
0.0
 11
60.75
 21
263.4666666666667
 31
0.0
  0
LINE
  5
BC9
330
17
100
AcDbEntity
  8
ESTRIBOS
 62
8
370
9
100
AcDbLine
 10
61.55
 20
240.4666666666667
 30
0.0
 11
61.55
 21
263.4666666666667
 31
0.0
  0
LINE
  5
BCA
330
17
100
AcDbEntity
  8
ESTRIBOS
 62
8
370
9
100
AcDbLine
 10
62.35
 20
240.4666666666667
 30
0.0
 11
62.35
 21
263.4666666666667
 31
0.0
  0
LINE
  5
BCB
330
17
100
AcDbEntity
  8
ESTRIBOS
 62
8
370
9
100
AcDbLine
 10
63.15
 20
240.4666666666667
 30
0.0
 11
63.15
 21
263.4666666666667
 31
0.0
  0
LINE
  5
BCC
330
17
100
AcDbEntity
  8
ESTRIBOS
 62
8
370
9
100
AcDbLine
 10
63.95
 20
240.4666666666667
 30
0.0
 11
63.95
 21
263.4666666666667
 31
0.0
  0
LINE
  5
BCD
330
17
100
AcDbEntity
  8
ESTRIBOS
 62
8
370
9
100
AcDbLine
 10
64.75
 20
240.4666666666667
 30
0.0
 11
64.75
 21
263.4666666666667
 31
0.0
  0
LINE
  5
BCE
330
17
100
AcDbEntity
  8
ESTRIBOS
 62
8
370
9
100
AcDbLine
 10
65.55
 20
240.4666666666667
 30
0.0
 11
65.55
 21
263.4666666666667
 31
0.0
  0
LINE
  5
BCF
330
17
100
AcDbEntity
  8
ESTRIBOS
 62
8
370
9
100
AcDbLine
 10
66.35
 20
240.4666666666667
 30
0.0
 11
66.35
 21
263.4666666666667
 31
0.0
  0
LINE
  5
BD0
330
17
100
AcDbEntity
  8
ESTRIBOS
 62
8
370
9
100
AcDbLine
 10
67.15
 20
240.4666666666667
 30
0.0
 11
67.15
 21
263.4666666666667
 31
0.0
  0
LINE
  5
BD1
330
17
100
AcDbEntity
  8
ESTRIBOS
 62
8
370
9
100
AcDbLine
 10
67.95
 20
240.4666666666667
 30
0.0
 11
67.95
 21
263.4666666666667
 31
0.0
  0
LINE
  5
BD2
330
17
100
AcDbEntity
  8
ESTRIBOS
 62
8
370
9
100
AcDbLine
 10
68.85
 20
240.4666666666667
 30
0.0
 11
68.85
 21
263.4666666666667
 31
0.0
  0
LINE
  5
BD3
330
17
100
AcDbEntity
  8
ESTRIBOS
 62
8
370
9
100
AcDbLine
 10
69.65
 20
240.4666666666667
 30
0.0
 11
69.65
 21
263.4666666666667
 31
0.0
  0
LINE
  5
BD4
330
17
100
AcDbEntity
  8
ESTRIBOS
 62
8
370
9
100
AcDbLine
 10
70.45
 20
240.4666666666667
 30
0.0
 11
70.45
 21
263.4666666666667
 31
0.0
  0
LINE
  5
BD5
330
17
100
AcDbEntity
  8
ESTRIBOS
 62
8
370
9
100
AcDbLine
 10
71.25
 20
240.4666666666667
 30
0.0
 11
71.25
 21
263.4666666666667
 31
0.0
  0
LINE
  5
BD6
330
17
100
AcDbEntity
  8
ESTRIBOS
 62
8
370
9
100
AcDbLine
 10
72.15
 20
240.4666666666667
 30
0.0
 11
72.15
 21
263.4666666666667
 31
0.0
  0
LINE
  5
BD7
330
17
100
AcDbEntity
  8
ESTRIBOS
 62
8
370
9
100
AcDbLine
 10
72.95
 20
240.4666666666667
 30
0.0
 11
72.95
 21
263.4666666666667
 31
0.0
  0
LINE
  5
BD8
330
17
100
AcDbEntity
  8
ESTRIBOS
 62
8
370
9
100
AcDbLine
 10
73.75
 20
240.4666666666667
 30
0.0
 11
73.75
 21
263.4666666666667
 31
0.0
  0
LINE
  5
BD9
330
17
100
AcDbEntity
  8
ESTRIBOS
 62
8
370
9
100
AcDbLine
 10
74.55
 20
240.4666666666667
 30
0.0
 11
74.55
 21
263.4666666666667
 31
0.0
  0
LINE
  5
BDA
330
17
100
AcDbEntity
  8
ESTRIBOS
 62
8
370
9
100
AcDbLine
 10
75.35
 20
240.4666666666667
 30
0.0
 11
75.35
 21
263.4666666666667
 31
0.0
  0
LINE
  5
BDB
330
17
100
AcDbEntity
  8
ESTRIBOS
 62
8
370
9
100
AcDbLine
 10
76.15
 20
240.4666666666667
 30
0.0
 11
76.15
 21
263.4666666666667
 31
0.0
  0
LINE
  5
BDC
330
17
100
AcDbEntity
  8
ESTRIBOS
 62
8
370
9
100
AcDbLine
 10
76.95
 20
240.4666666666667
 30
0.0
 11
76.95
 21
263.4666666666667
 31
0.0
  0
LINE
  5
BDD
330
17
100
AcDbEntity
  8
ESTRIBOS
 62
8
370
9
100
AcDbLine
 10
77.75
 20
240.4666666666667
 30
0.0
 11
77.75
 21
263.4666666666667
 31
0.0
  0
LINE
  5
BDE
330
17
100
AcDbEntity
  8
ESTRIBOS
 62
8
370
9
100
AcDbLine
 10
78.55
 20
240.4666666666667
 30
0.0
 11
78.55
 21
263.4666666666667
 31
0.0
  0
LINE
  5
BDF
330
17
100
AcDbEntity
  8
ESTRIBOS
 62
8
370
9
100
AcDbLine
 10
79.35
 20
240.4666666666667
 30
0.0
 11
79.35
 21
263.4666666666667
 31
0.0
  0
LINE
  5
BE0
330
17
100
AcDbEntity
  8
ESTRIBOS
 62
8
370
9
100
AcDbLine
 10
80.15
 20
240.4666666666667
 30
0.0
 11
80.15
 21
263.4666666666667
 31
0.0
  0
LINE
  5
BE1
330
17
100
AcDbEntity
  8
ESTRIBOS
 62
8
370
9
100
AcDbLine
 10
80.95
 20
240.4666666666667
 30
0.0
 11
80.95
 21
263.4666666666667
 31
0.0
  0
LINE
  5
BE2
330
17
100
AcDbEntity
  8
ESTRIBOS
 62
8
370
9
100
AcDbLine
 10
81.75
 20
240.4666666666667
 30
0.0
 11
81.75
 21
263.4666666666667
 31
0.0
  0
LINE
  5
BE3
330
17
100
AcDbEntity
  8
ESTRIBOS
 62
8
370
9
100
AcDbLine
 10
82.55
 20
240.4666666666667
 30
0.0
 11
82.55
 21
263.4666666666667
 31
0.0
  0
TEXT
  5
BE4
330
17
100
AcDbEntity
  8
ESTRIBOS
 62
8
100
AcDbText
 10
70.05
 20
251.16666666666669
 30
0.0
 40
1.6
  1
Nº4 2R @80/@80
 72
1
 11
70.05
 21
251.16666666666669
 31
0.0
100
AcDbText
 73
2
  0
LINE
  5
BE5
330
17
100
AcDbEntity
  8
ESTRIBOS
 62
8
370
9
100
AcDbLine
 10
83.55
 20
240.4666666666667
 30
0.0
 11
83.55
 21
263.4666666666667
 31
0.0
  0
LINE
  5
BE6
330
17
100
AcDbEntity
  8
ESTRIBOS
 62
8
370
9
100
AcDbLine
 10
84.35
 20
240.4666666666667
 30
0.0
 11
84.35
 21
263.4666666666667
 31
0.0
  0
LINE
  5
BE7
330
17
100
AcDbEntity
  8
ESTRIBOS
 62
8
370
9
100
AcDbLine
 10
85.15
 20
240.4666666666667
 30
0.0
 11
85.15
 21
263.4666666666667
 31
0.0
  0
LINE
  5
BE8
330
17
100
AcDbEntity
  8
ESTRIBOS
 62
8
370
9
100
AcDbLine
 10
85.95
 20
240.4666666666667
 30
0.0
 11
85.95
 21
263.4666666666667
 31
0.0
  0
LINE
  5
BE9
330
17
100
AcDbEntity
  8
ESTRIBOS
 62
8
370
9
100
AcDbLine
 10
86.75
 20
240.4666666666667
 30
0.0
 11
86.75
 21
263.4666666666667
 31
0.0
  0
LINE
  5
BEA
330
17
100
AcDbEntity
  8
ESTRIBOS
 62
8
370
9
100
AcDbLine
 10
87.55
 20
240.4666666666667
 30
0.0
 11
87.55
 21
263.4666666666667
 31
0.0
  0
LINE
  5
BEB
330
17
100
AcDbEntity
  8
ESTRIBOS
 62
8
370
9
100
AcDbLine
 10
88.35
 20
240.4666666666667
 30
0.0
 11
88.35
 21
263.4666666666667
 31
0.0
  0
LINE
  5
BEC
330
17
100
AcDbEntity
  8
ESTRIBOS
 62
8
370
9
100
AcDbLine
 10
89.15
 20
240.4666666666667
 30
0.0
 11
89.15
 21
263.4666666666667
 31
0.0
  0
LINE
  5
BED
330
17
100
AcDbEntity
  8
ESTRIBOS
 62
8
370
9
100
AcDbLine
 10
89.95
 20
240.4666666666667
 30
0.0
 11
89.95
 21
263.4666666666667
 31
0.0
  0
LINE
  5
BEE
330
17
100
AcDbEntity
  8
ESTRIBOS
 62
8
370
9
100
AcDbLine
 10
90.75
 20
240.4666666666667
 30
0.0
 11
90.75
 21
263.4666666666667
 31
0.0
  0
LINE
  5
BEF
330
17
100
AcDbEntity
  8
ESTRIBOS
 62
8
370
9
100
AcDbLine
 10
91.55
 20
240.4666666666667
 30
0.0
 11
91.55
 21
263.4666666666667
 31
0.0
  0
LINE
  5
BF0
330
17
100
AcDbEntity
  8
ESTRIBOS
 62
8
370
9
100
AcDbLine
 10
92.35
 20
240.4666666666667
 30
0.0
 11
92.35
 21
263.4666666666667
 31
0.0
  0
LINE
  5
BF1
330
17
100
AcDbEntity
  8
ESTRIBOS
 62
8
370
9
100
AcDbLine
 10
93.15
 20
240.4666666666667
 30
0.0
 11
93.15
 21
263.4666666666667
 31
0.0
  0
LINE
  5
BF2
330
17
100
AcDbEntity
  8
ESTRIBOS
 62
8
370
9
100
AcDbLine
 10
93.95
 20
240.4666666666667
 30
0.0
 11
93.95
 21
263.4666666666667
 31
0.0
  0
LINE
  5
BF3
330
17
100
AcDbEntity
  8
ESTRIBOS
 62
8
370
9
100
AcDbLine
 10
94.85
 20
240.4666666666667
 30
0.0
 11
94.85
 21
263.4666666666667
 31
0.0
  0
LINE
  5
BF4
330
17
100
AcDbEntity
  8
ESTRIBOS
 62
8
370
9
100
AcDbLine
 10
95.65
 20
240.4666666666667
 30
0.0
 11
95.65
 21
263.4666666666667
 31
0.0
  0
LINE
  5
BF5
330
17
100
AcDbEntity
  8
ESTRIBOS
 62
8
370
9
100
AcDbLine
 10
96.45
 20
240.4666666666667
 30
0.0
 11
96.45
 21
263.4666666666667
 31
0.0
  0
LINE
  5
BF6
330
17
100
AcDbEntity
  8
ESTRIBOS
 62
8
370
9
100
AcDbLine
 10
97.25
 20
240.4666666666667
 30
0.0
 11
97.25
 21
263.4666666666667
 31
0.0
  0
LINE
  5
BF7
330
17
100
AcDbEntity
  8
ESTRIBOS
 62
8
370
9
100
AcDbLine
 10
98.05
 20
240.4666666666667
 30
0.0
 11
98.05
 21
263.4666666666667
 31
0.0
  0
LINE
  5
BF8
330
17
100
AcDbEntity
  8
ESTRIBOS
 62
8
370
9
100
AcDbLine
 10
98.85
 20
240.4666666666667
 30
0.0
 11
98.85
 21
263.4666666666667
 31
0.0
  0
LINE
  5
BF9
330
17
100
AcDbEntity
  8
ESTRIBOS
 62
8
370
9
100
AcDbLine
 10
99.65
 20
240.4666666666667
 30
0.0
 11
99.65
 21
263.4666666666667
 31
0.0
  0
LINE
  5
BFA
330
17
100
AcDbEntity
  8
ESTRIBOS
 62
8
370
9
100
AcDbLine
 10
100.45
 20
240.4666666666667
 30
0.0
 11
100.45
 21
263.4666666666667
 31
0.0
  0
LINE
  5
BFB
330
17
100
AcDbEntity
  8
ESTRIBOS
 62
8
370
9
100
AcDbLine
 10
101.25
 20
240.4666666666667
 30
0.0
 11
101.25
 21
263.4666666666667
 31
0.0
  0
LINE
  5
BFC
330
17
100
AcDbEntity
  8
ESTRIBOS
 62
8
370
9
100
AcDbLine
 10
102.05
 20
240.4666666666667
 30
0.0
 11
102.05
 21
263.4666666666667
 31
0.0
  0
LINE
  5
BFD
330
17
100
AcDbEntity
  8
ESTRIBOS
 62
8
370
9
100
AcDbLine
 10
102.85
 20
240.4666666666667
 30
0.0
 11
102.85
 21
263.4666666666667
 31
0.0
  0
LINE
  5
BFE
330
17
100
AcDbEntity
  8
ESTRIBOS
 62
8
370
9
100
AcDbLine
 10
103.65
 20
240.4666666666667
 30
0.0
 11
103.65
 21
263.4666666666667
 31
0.0
  0
LINE
  5
BFF
330
17
100
AcDbEntity
  8
ESTRIBOS
 62
8
370
9
100
AcDbLine
 10
104.45
 20
240.4666666666667
 30
0.0
 11
104.45
 21
263.4666666666667
 31
0.0
  0
LINE
  5
C00
330
17
100
AcDbEntity
  8
ESTRIBOS
 62
8
370
9
100
AcDbLine
 10
105.25
 20
240.4666666666667
 30
0.0
 11
105.25
 21
263.4666666666667
 31
0.0
  0
LINE
  5
C01
330
17
100
AcDbEntity
  8
ESTRIBOS
 62
8
370
9
100
AcDbLine
 10
106.05
 20
240.4666666666667
 30
0.0
 11
106.05
 21
263.4666666666667
 31
0.0
  0
LINE
  5
C02
330
17
100
AcDbEntity
  8
ESTRIBOS
 62
8
370
9
100
AcDbLine
 10
106.85
 20
240.4666666666667
 30
0.0
 11
106.85
 21
263.4666666666667
 31
0.0
  0
LINE
  5
C03
330
17
100
AcDbEntity
  8
ESTRIBOS
 62
8
370
9
100
AcDbLine
 10
107.65
 20
240.4666666666667
 30
0.0
 11
107.65
 21
263.4666666666667
 31
0.0
  0
LINE
  5
C04
330
17
100
AcDbEntity
  8
ESTRIBOS
 62
8
370
9
100
AcDbLine
 10
108.45
 20
240.4666666666667
 30
0.0
 11
108.45
 21
263.4666666666667
 31
0.0
  0
LINE
  5
C05
330
17
100
AcDbEntity
  8
ESTRIBOS
 62
8
370
9
100
AcDbLine
 10
108.65
 20
240.4666666666667
 30
0.0
 11
108.65
 21
263.4666666666667
 31
0.0
  0
LINE
  5
C06
330
17
100
AcDbEntity
  8
ESTRIBOS
 62
8
370
9
100
AcDbLine
 10
109.45
 20
240.4666666666667
 30
0.0
 11
109.45
 21
263.4666666666667
 31
0.0
  0
LINE
  5
C07
330
17
100
AcDbEntity
  8
ESTRIBOS
 62
8
370
9
100
AcDbLine
 10
110.25
 20
240.4666666666667
 30
0.0
 11
110.25
 21
263.4666666666667
 31
0.0
  0
LINE
  5
C08
330
17
100
AcDbEntity
  8
ESTRIBOS
 62
8
370
9
100
AcDbLine
 10
111.05
 20
240.4666666666667
 30
0.0
 11
111.05
 21
263.4666666666667
 31
0.0
  0
LINE
  5
C09
330
17
100
AcDbEntity
  8
ESTRIBOS
 62
8
370
9
100
AcDbLine
 10
111.85
 20
240.4666666666667
 30
0.0
 11
111.85
 21
263.4666666666667
 31
0.0
  0
LINE
  5
C0A
330
17
100
AcDbEntity
  8
ESTRIBOS
 62
8
370
9
100
AcDbLine
 10
112.65
 20
240.4666666666667
 30
0.0
 11
112.65
 21
263.4666666666667
 31
0.0
  0
LINE
  5
C0B
330
17
100
AcDbEntity
  8
ESTRIBOS
 62
8
370
9
100
AcDbLine
 10
113.45
 20
240.4666666666667
 30
0.0
 11
113.45
 21
263.4666666666667
 31
0.0
  0
LINE
  5
C0C
330
17
100
AcDbEntity
  8
ESTRIBOS
 62
8
370
9
100
AcDbLine
 10
114.25
 20
240.4666666666667
 30
0.0
 11
114.25
 21
263.4666666666667
 31
0.0
  0
LINE
  5
C0D
330
17
100
AcDbEntity
  8
ESTRIBOS
 62
8
370
9
100
AcDbLine
 10
115.05
 20
240.4666666666667
 30
0.0
 11
115.05
 21
263.4666666666667
 31
0.0
  0
LINE
  5
C0E
330
17
100
AcDbEntity
  8
ESTRIBOS
 62
8
370
9
100
AcDbLine
 10
115.85
 20
240.4666666666667
 30
0.0
 11
115.85
 21
263.4666666666667
 31
0.0
  0
LINE
  5
C0F
330
17
100
AcDbEntity
  8
ESTRIBOS
 62
8
370
9
100
AcDbLine
 10
116.65
 20
240.4666666666667
 30
0.0
 11
116.65
 21
263.4666666666667
 31
0.0
  0
LINE
  5
C10
330
17
100
AcDbEntity
  8
ESTRIBOS
 62
8
370
9
100
AcDbLine
 10
117.45
 20
240.4666666666667
 30
0.0
 11
117.45
 21
263.4666666666667
 31
0.0
  0
LINE
  5
C11
330
17
100
AcDbEntity
  8
ESTRIBOS
 62
8
370
9
100
AcDbLine
 10
118.25
 20
240.4666666666667
 30
0.0
 11
118.25
 21
263.4666666666667
 31
0.0
  0
LINE
  5
C12
330
17
100
AcDbEntity
  8
ESTRIBOS
 62
8
370
9
100
AcDbLine
 10
119.05
 20
240.4666666666667
 30
0.0
 11
119.05
 21
263.4666666666667
 31
0.0
  0
TEXT
  5
C13
330
17
100
AcDbEntity
  8
ESTRIBOS
 62
8
100
AcDbText
 10
101.3
 20
251.16666666666669
 30
0.0
 40
1.6
  1
Nº4 2R @80/@80
 72
1
 11
101.3
 21
251.16666666666669
 31
0.0
100
AcDbText
 73
2
  0
LINE
  5
C14
330
17
100
AcDbEntity
  8
ESTRIBOS
 62
8
370
9
100
AcDbLine
 10
120.05
 20
240.4666666666667
 30
0.0
 11
120.05
 21
263.4666666666667
 31
0.0
  0
LINE
  5
C15
330
17
100
AcDbEntity
  8
ESTRIBOS
 62
8
370
9
100
AcDbLine
 10
120.85
 20
240.4666666666667
 30
0.0
 11
120.85
 21
263.4666666666667
 31
0.0
  0
LINE
  5
C16
330
17
100
AcDbEntity
  8
ESTRIBOS
 62
8
370
9
100
AcDbLine
 10
121.65
 20
240.4666666666667
 30
0.0
 11
121.65
 21
263.4666666666667
 31
0.0
  0
LINE
  5
C17
330
17
100
AcDbEntity
  8
ESTRIBOS
 62
8
370
9
100
AcDbLine
 10
122.45
 20
240.4666666666667
 30
0.0
 11
122.45
 21
263.4666666666667
 31
0.0
  0
LINE
  5
C18
330
17
100
AcDbEntity
  8
ESTRIBOS
 62
8
370
9
100
AcDbLine
 10
123.25
 20
240.4666666666667
 30
0.0
 11
123.25
 21
263.4666666666667
 31
0.0
  0
LINE
  5
C19
330
17
100
AcDbEntity
  8
ESTRIBOS
 62
8
370
9
100
AcDbLine
 10
124.05
 20
240.4666666666667
 30
0.0
 11
124.05
 21
263.4666666666667
 31
0.0
  0
LINE
  5
C1A
330
17
100
AcDbEntity
  8
ESTRIBOS
 62
8
370
9
100
AcDbLine
 10
124.85
 20
240.4666666666667
 30
0.0
 11
124.85
 21
263.4666666666667
 31
0.0
  0
LINE
  5
C1B
330
17
100
AcDbEntity
  8
ESTRIBOS
 62
8
370
9
100
AcDbLine
 10
125.65
 20
240.4666666666667
 30
0.0
 11
125.65
 21
263.4666666666667
 31
0.0
  0
LINE
  5
C1C
330
17
100
AcDbEntity
  8
ESTRIBOS
 62
8
370
9
100
AcDbLine
 10
126.45
 20
240.4666666666667
 30
0.0
 11
126.45
 21
263.4666666666667
 31
0.0
  0
LINE
  5
C1D
330
17
100
AcDbEntity
  8
ESTRIBOS
 62
8
370
9
100
AcDbLine
 10
127.25
 20
240.4666666666667
 30
0.0
 11
127.25
 21
263.4666666666667
 31
0.0
  0
LINE
  5
C1E
330
17
100
AcDbEntity
  8
ESTRIBOS
 62
8
370
9
100
AcDbLine
 10
128.05
 20
240.4666666666667
 30
0.0
 11
128.05
 21
263.4666666666667
 31
0.0
  0
LINE
  5
C1F
330
17
100
AcDbEntity
  8
ESTRIBOS
 62
8
370
9
100
AcDbLine
 10
128.85
 20
240.4666666666667
 30
0.0
 11
128.85
 21
263.4666666666667
 31
0.0
  0
LINE
  5
C20
330
17
100
AcDbEntity
  8
ESTRIBOS
 62
8
370
9
100
AcDbLine
 10
129.65
 20
240.4666666666667
 30
0.0
 11
129.65
 21
263.4666666666667
 31
0.0
  0
LINE
  5
C21
330
17
100
AcDbEntity
  8
ESTRIBOS
 62
8
370
9
100
AcDbLine
 10
130.45
 20
240.4666666666667
 30
0.0
 11
130.45
 21
263.4666666666667
 31
0.0
  0
LINE
  5
C22
330
17
100
AcDbEntity
  8
ESTRIBOS
 62
8
370
9
100
AcDbLine
 10
131.35
 20
240.4666666666667
 30
0.0
 11
131.35
 21
263.4666666666667
 31
0.0
  0
LINE
  5
C23
330
17
100
AcDbEntity
  8
ESTRIBOS
 62
8
370
9
100
AcDbLine
 10
132.15
 20
240.4666666666667
 30
0.0
 11
132.15
 21
263.4666666666667
 31
0.0
  0
LINE
  5
C24
330
17
100
AcDbEntity
  8
ESTRIBOS
 62
8
370
9
100
AcDbLine
 10
132.95
 20
240.4666666666667
 30
0.0
 11
132.95
 21
263.4666666666667
 31
0.0
  0
LINE
  5
C25
330
17
100
AcDbEntity
  8
ESTRIBOS
 62
8
370
9
100
AcDbLine
 10
133.75
 20
240.4666666666667
 30
0.0
 11
133.75
 21
263.4666666666667
 31
0.0
  0
LINE
  5
C26
330
17
100
AcDbEntity
  8
ESTRIBOS
 62
8
370
9
100
AcDbLine
 10
134.65
 20
240.4666666666667
 30
0.0
 11
134.65
 21
263.4666666666667
 31
0.0
  0
LINE
  5
C27
330
17
100
AcDbEntity
  8
ESTRIBOS
 62
8
370
9
100
AcDbLine
 10
135.45
 20
240.4666666666667
 30
0.0
 11
135.45
 21
263.4666666666667
 31
0.0
  0
LINE
  5
C28
330
17
100
AcDbEntity
  8
ESTRIBOS
 62
8
370
9
100
AcDbLine
 10
136.25
 20
240.4666666666667
 30
0.0
 11
136.25
 21
263.4666666666667
 31
0.0
  0
LINE
  5
C29
330
17
100
AcDbEntity
  8
ESTRIBOS
 62
8
370
9
100
AcDbLine
 10
137.05
 20
240.4666666666667
 30
0.0
 11
137.05
 21
263.4666666666667
 31
0.0
  0
LINE
  5
C2A
330
17
100
AcDbEntity
  8
ESTRIBOS
 62
8
370
9
100
AcDbLine
 10
137.85
 20
240.4666666666667
 30
0.0
 11
137.85
 21
263.4666666666667
 31
0.0
  0
LINE
  5
C2B
330
17
100
AcDbEntity
  8
ESTRIBOS
 62
8
370
9
100
AcDbLine
 10
138.65
 20
240.4666666666667
 30
0.0
 11
138.65
 21
263.4666666666667
 31
0.0
  0
LINE
  5
C2C
330
17
100
AcDbEntity
  8
ESTRIBOS
 62
8
370
9
100
AcDbLine
 10
139.45
 20
240.4666666666667
 30
0.0
 11
139.45
 21
263.4666666666667
 31
0.0
  0
LINE
  5
C2D
330
17
100
AcDbEntity
  8
ESTRIBOS
 62
8
370
9
100
AcDbLine
 10
140.25
 20
240.4666666666667
 30
0.0
 11
140.25
 21
263.4666666666667
 31
0.0
  0
LINE
  5
C2E
330
17
100
AcDbEntity
  8
ESTRIBOS
 62
8
370
9
100
AcDbLine
 10
141.05
 20
240.4666666666667
 30
0.0
 11
141.05
 21
263.4666666666667
 31
0.0
  0
LINE
  5
C2F
330
17
100
AcDbEntity
  8
ESTRIBOS
 62
8
370
9
100
AcDbLine
 10
141.85
 20
240.4666666666667
 30
0.0
 11
141.85
 21
263.4666666666667
 31
0.0
  0
LINE
  5
C30
330
17
100
AcDbEntity
  8
ESTRIBOS
 62
8
370
9
100
AcDbLine
 10
142.65
 20
240.4666666666667
 30
0.0
 11
142.65
 21
263.4666666666667
 31
0.0
  0
LINE
  5
C31
330
17
100
AcDbEntity
  8
ESTRIBOS
 62
8
370
9
100
AcDbLine
 10
143.45
 20
240.4666666666667
 30
0.0
 11
143.45
 21
263.4666666666667
 31
0.0
  0
LINE
  5
C32
330
17
100
AcDbEntity
  8
ESTRIBOS
 62
8
370
9
100
AcDbLine
 10
144.25
 20
240.4666666666667
 30
0.0
 11
144.25
 21
263.4666666666667
 31
0.0
  0
LINE
  5
C33
330
17
100
AcDbEntity
  8
ESTRIBOS
 62
8
370
9
100
AcDbLine
 10
145.05
 20
240.4666666666667
 30
0.0
 11
145.05
 21
263.4666666666667
 31
0.0
  0
TEXT
  5
C34
330
17
100
AcDbEntity
  8
ESTRIBOS
 62
8
100
AcDbText
 10
132.55
 20
251.16666666666669
 30
0.0
 40
1.6
  1
Nº4 2R @80/@80
 72
1
 11
132.55
 21
251.16666666666669
 31
0.0
100
AcDbText
 73
2
  0
LINE
  5
C35
330
17
100
AcDbEntity
  8
ESTRIBOS
 62
8
370
9
100
AcDbLine
 10
146.05
 20
240.4666666666667
 30
0.0
 11
146.05
 21
263.4666666666667
 31
0.0
  0
LINE
  5
C36
330
17
100
AcDbEntity
  8
ESTRIBOS
 62
8
370
9
100
AcDbLine
 10
146.85
 20
240.4666666666667
 30
0.0
 11
146.85
 21
263.4666666666667
 31
0.0
  0
LINE
  5
C37
330
17
100
AcDbEntity
  8
ESTRIBOS
 62
8
370
9
100
AcDbLine
 10
147.65
 20
240.4666666666667
 30
0.0
 11
147.65
 21
263.4666666666667
 31
0.0
  0
LINE
  5
C38
330
17
100
AcDbEntity
  8
ESTRIBOS
 62
8
370
9
100
AcDbLine
 10
148.45
 20
240.4666666666667
 30
0.0
 11
148.45
 21
263.4666666666667
 31
0.0
  0
LINE
  5
C39
330
17
100
AcDbEntity
  8
ESTRIBOS
 62
8
370
9
100
AcDbLine
 10
149.25
 20
240.4666666666667
 30
0.0
 11
149.25
 21
263.4666666666667
 31
0.0
  0
LINE
  5
C3A
330
17
100
AcDbEntity
  8
ESTRIBOS
 62
8
370
9
100
AcDbLine
 10
150.05
 20
240.4666666666667
 30
0.0
 11
150.05
 21
263.4666666666667
 31
0.0
  0
LINE
  5
C3B
330
17
100
AcDbEntity
  8
ESTRIBOS
 62
8
370
9
100
AcDbLine
 10
150.85
 20
240.4666666666667
 30
0.0
 11
150.85
 21
263.4666666666667
 31
0.0
  0
LINE
  5
C3C
330
17
100
AcDbEntity
  8
ESTRIBOS
 62
8
370
9
100
AcDbLine
 10
151.65
 20
240.4666666666667
 30
0.0
 11
151.65
 21
263.4666666666667
 31
0.0
  0
LINE
  5
C3D
330
17
100
AcDbEntity
  8
ESTRIBOS
 62
8
370
9
100
AcDbLine
 10
152.45
 20
240.4666666666667
 30
0.0
 11
152.45
 21
263.4666666666667
 31
0.0
  0
LINE
  5
C3E
330
17
100
AcDbEntity
  8
ESTRIBOS
 62
8
370
9
100
AcDbLine
 10
153.25
 20
240.4666666666667
 30
0.0
 11
153.25
 21
263.4666666666667
 31
0.0
  0
LINE
  5
C3F
330
17
100
AcDbEntity
  8
ESTRIBOS
 62
8
370
9
100
AcDbLine
 10
154.05
 20
240.4666666666667
 30
0.0
 11
154.05
 21
263.4666666666667
 31
0.0
  0
LINE
  5
C40
330
17
100
AcDbEntity
  8
ESTRIBOS
 62
8
370
9
100
AcDbLine
 10
154.85
 20
240.4666666666667
 30
0.0
 11
154.85
 21
263.4666666666667
 31
0.0
  0
LINE
  5
C41
330
17
100
AcDbEntity
  8
ESTRIBOS
 62
8
370
9
100
AcDbLine
 10
155.65
 20
240.4666666666667
 30
0.0
 11
155.65
 21
263.4666666666667
 31
0.0
  0
LINE
  5
C42
330
17
100
AcDbEntity
  8
ESTRIBOS
 62
8
370
9
100
AcDbLine
 10
156.45
 20
240.4666666666667
 30
0.0
 11
156.45
 21
263.4666666666667
 31
0.0
  0
LINE
  5
C43
330
17
100
AcDbEntity
  8
ESTRIBOS
 62
8
370
9
100
AcDbLine
 10
157.35
 20
240.4666666666667
 30
0.0
 11
157.35
 21
263.4666666666667
 31
0.0
  0
LINE
  5
C44
330
17
100
AcDbEntity
  8
ESTRIBOS
 62
8
370
9
100
AcDbLine
 10
158.15
 20
240.4666666666667
 30
0.0
 11
158.15
 21
263.4666666666667
 31
0.0
  0
LINE
  5
C45
330
17
100
AcDbEntity
  8
ESTRIBOS
 62
8
370
9
100
AcDbLine
 10
158.95
 20
240.4666666666667
 30
0.0
 11
158.95
 21
263.4666666666667
 31
0.0
  0
LINE
  5
C46
330
17
100
AcDbEntity
  8
ESTRIBOS
 62
8
370
9
100
AcDbLine
 10
159.65
 20
240.4666666666667
 30
0.0
 11
159.65
 21
263.4666666666667
 31
0.0
  0
LINE
  5
C47
330
17
100
AcDbEntity
  8
ESTRIBOS
 62
8
370
9
100
AcDbLine
 10
160.45
 20
240.4666666666667
 30
0.0
 11
160.45
 21
263.4666666666667
 31
0.0
  0
LINE
  5
C48
330
17
100
AcDbEntity
  8
ESTRIBOS
 62
8
370
9
100
AcDbLine
 10
161.25
 20
240.4666666666667
 30
0.0
 11
161.25
 21
263.4666666666667
 31
0.0
  0
LINE
  5
C49
330
17
100
AcDbEntity
  8
ESTRIBOS
 62
8
370
9
100
AcDbLine
 10
162.05
 20
240.4666666666667
 30
0.0
 11
162.05
 21
263.4666666666667
 31
0.0
  0
LINE
  5
C4A
330
17
100
AcDbEntity
  8
ESTRIBOS
 62
8
370
9
100
AcDbLine
 10
162.85
 20
240.4666666666667
 30
0.0
 11
162.85
 21
263.4666666666667
 31
0.0
  0
LINE
  5
C4B
330
17
100
AcDbEntity
  8
ESTRIBOS
 62
8
370
9
100
AcDbLine
 10
163.65
 20
240.4666666666667
 30
0.0
 11
163.65
 21
263.4666666666667
 31
0.0
  0
LINE
  5
C4C
330
17
100
AcDbEntity
  8
ESTRIBOS
 62
8
370
9
100
AcDbLine
 10
164.45
 20
240.4666666666667
 30
0.0
 11
164.45
 21
263.4666666666667
 31
0.0
  0
LINE
  5
C4D
330
17
100
AcDbEntity
  8
ESTRIBOS
 62
8
370
9
100
AcDbLine
 10
165.25
 20
240.4666666666667
 30
0.0
 11
165.25
 21
263.4666666666667
 31
0.0
  0
LINE
  5
C4E
330
17
100
AcDbEntity
  8
ESTRIBOS
 62
8
370
9
100
AcDbLine
 10
166.05
 20
240.4666666666667
 30
0.0
 11
166.05
 21
263.4666666666667
 31
0.0
  0
LINE
  5
C4F
330
17
100
AcDbEntity
  8
ESTRIBOS
 62
8
370
9
100
AcDbLine
 10
166.85
 20
240.4666666666667
 30
0.0
 11
166.85
 21
263.4666666666667
 31
0.0
  0
LINE
  5
C50
330
17
100
AcDbEntity
  8
ESTRIBOS
 62
8
370
9
100
AcDbLine
 10
167.65
 20
240.4666666666667
 30
0.0
 11
167.65
 21
263.4666666666667
 31
0.0
  0
LINE
  5
C51
330
17
100
AcDbEntity
  8
ESTRIBOS
 62
8
370
9
100
AcDbLine
 10
168.45
 20
240.4666666666667
 30
0.0
 11
168.45
 21
263.4666666666667
 31
0.0
  0
LINE
  5
C52
330
17
100
AcDbEntity
  8
ESTRIBOS
 62
8
370
9
100
AcDbLine
 10
169.25
 20
240.4666666666667
 30
0.0
 11
169.25
 21
263.4666666666667
 31
0.0
  0
LINE
  5
C53
330
17
100
AcDbEntity
  8
ESTRIBOS
 62
8
370
9
100
AcDbLine
 10
170.05
 20
240.4666666666667
 30
0.0
 11
170.05
 21
263.4666666666667
 31
0.0
  0
TEXT
  5
C54
330
17
100
AcDbEntity
  8
ESTRIBOS
 62
8
100
AcDbText
 10
158.05
 20
251.16666666666669
 30
0.0
 40
1.6
  1
Nº4 2R @80/@80
 72
1
 11
158.05
 21
251.16666666666669
 31
0.0
100
AcDbText
 73
2
  0
LINE
  5
C55
330
17
100
AcDbEntity
  8
ESTRIBOS
 62
8
370
9
100
AcDbLine
 10
171.05
 20
240.4666666666667
 30
0.0
 11
171.05
 21
263.4666666666667
 31
0.0
  0
LINE
  5
C56
330
17
100
AcDbEntity
  8
ESTRIBOS
 62
8
370
9
100
AcDbLine
 10
171.85
 20
240.4666666666667
 30
0.0
 11
171.85
 21
263.4666666666667
 31
0.0
  0
LINE
  5
C57
330
17
100
AcDbEntity
  8
ESTRIBOS
 62
8
370
9
100
AcDbLine
 10
172.65
 20
240.4666666666667
 30
0.0
 11
172.65
 21
263.4666666666667
 31
0.0
  0
LINE
  5
C58
330
17
100
AcDbEntity
  8
ESTRIBOS
 62
8
370
9
100
AcDbLine
 10
173.45
 20
240.4666666666667
 30
0.0
 11
173.45
 21
263.4666666666667
 31
0.0
  0
LINE
  5
C59
330
17
100
AcDbEntity
  8
ESTRIBOS
 62
8
370
9
100
AcDbLine
 10
174.25
 20
240.4666666666667
 30
0.0
 11
174.25
 21
263.4666666666667
 31
0.0
  0
LINE
  5
C5A
330
17
100
AcDbEntity
  8
ESTRIBOS
 62
8
370
9
100
AcDbLine
 10
175.05
 20
240.4666666666667
 30
0.0
 11
175.05
 21
263.4666666666667
 31
0.0
  0
LINE
  5
C5B
330
17
100
AcDbEntity
  8
ESTRIBOS
 62
8
370
9
100
AcDbLine
 10
175.85
 20
240.4666666666667
 30
0.0
 11
175.85
 21
263.4666666666667
 31
0.0
  0
LINE
  5
C5C
330
17
100
AcDbEntity
  8
ESTRIBOS
 62
8
370
9
100
AcDbLine
 10
176.65
 20
240.4666666666667
 30
0.0
 11
176.65
 21
263.4666666666667
 31
0.0
  0
LINE
  5
C5D
330
17
100
AcDbEntity
  8
ESTRIBOS
 62
8
370
9
100
AcDbLine
 10
177.45
 20
240.4666666666667
 30
0.0
 11
177.45
 21
263.4666666666667
 31
0.0
  0
LINE
  5
C5E
330
17
100
AcDbEntity
  8
ESTRIBOS
 62
8
370
9
100
AcDbLine
 10
178.25
 20
240.4666666666667
 30
0.0
 11
178.25
 21
263.4666666666667
 31
0.0
  0
LINE
  5
C5F
330
17
100
AcDbEntity
  8
ESTRIBOS
 62
8
370
9
100
AcDbLine
 10
179.05
 20
240.4666666666667
 30
0.0
 11
179.05
 21
263.4666666666667
 31
0.0
  0
LINE
  5
C60
330
17
100
AcDbEntity
  8
ESTRIBOS
 62
8
370
9
100
AcDbLine
 10
179.85
 20
240.4666666666667
 30
0.0
 11
179.85
 21
263.4666666666667
 31
0.0
  0
LINE
  5
C61
330
17
100
AcDbEntity
  8
ESTRIBOS
 62
8
370
9
100
AcDbLine
 10
180.65
 20
240.4666666666667
 30
0.0
 11
180.65
 21
263.4666666666667
 31
0.0
  0
LINE
  5
C62
330
17
100
AcDbEntity
  8
ESTRIBOS
 62
8
370
9
100
AcDbLine
 10
181.45
 20
240.4666666666667
 30
0.0
 11
181.45
 21
263.4666666666667
 31
0.0
  0
LINE
  5
C63
330
17
100
AcDbEntity
  8
ESTRIBOS
 62
8
370
9
100
AcDbLine
 10
182.35
 20
240.4666666666667
 30
0.0
 11
182.35
 21
263.4666666666667
 31
0.0
  0
LINE
  5
C64
330
17
100
AcDbEntity
  8
ESTRIBOS
 62
8
370
9
100
AcDbLine
 10
183.15
 20
240.4666666666667
 30
0.0
 11
183.15
 21
263.4666666666667
 31
0.0
  0
LINE
  5
C65
330
17
100
AcDbEntity
  8
ESTRIBOS
 62
8
370
9
100
AcDbLine
 10
183.95
 20
240.4666666666667
 30
0.0
 11
183.95
 21
263.4666666666667
 31
0.0
  0
LINE
  5
C66
330
17
100
AcDbEntity
  8
ESTRIBOS
 62
8
370
9
100
AcDbLine
 10
184.75
 20
240.4666666666667
 30
0.0
 11
184.75
 21
263.4666666666667
 31
0.0
  0
LINE
  5
C67
330
17
100
AcDbEntity
  8
ESTRIBOS
 62
8
370
9
100
AcDbLine
 10
185.55
 20
240.4666666666667
 30
0.0
 11
185.55
 21
263.4666666666667
 31
0.0
  0
LINE
  5
C68
330
17
100
AcDbEntity
  8
ESTRIBOS
 62
8
370
9
100
AcDbLine
 10
186.35
 20
240.4666666666667
 30
0.0
 11
186.35
 21
263.4666666666667
 31
0.0
  0
LINE
  5
C69
330
17
100
AcDbEntity
  8
ESTRIBOS
 62
8
370
9
100
AcDbLine
 10
187.15
 20
240.4666666666667
 30
0.0
 11
187.15
 21
263.4666666666667
 31
0.0
  0
LINE
  5
C6A
330
17
100
AcDbEntity
  8
ESTRIBOS
 62
8
370
9
100
AcDbLine
 10
187.95
 20
240.4666666666667
 30
0.0
 11
187.95
 21
263.4666666666667
 31
0.0
  0
LINE
  5
C6B
330
17
100
AcDbEntity
  8
ESTRIBOS
 62
8
370
9
100
AcDbLine
 10
188.75
 20
240.4666666666667
 30
0.0
 11
188.75
 21
263.4666666666667
 31
0.0
  0
LINE
  5
C6C
330
17
100
AcDbEntity
  8
ESTRIBOS
 62
8
370
9
100
AcDbLine
 10
189.55
 20
240.4666666666667
 30
0.0
 11
189.55
 21
263.4666666666667
 31
0.0
  0
LINE
  5
C6D
330
17
100
AcDbEntity
  8
ESTRIBOS
 62
8
370
9
100
AcDbLine
 10
190.35
 20
240.4666666666667
 30
0.0
 11
190.35
 21
263.4666666666667
 31
0.0
  0
LINE
  5
C6E
330
17
100
AcDbEntity
  8
ESTRIBOS
 62
8
370
9
100
AcDbLine
 10
191.15
 20
240.4666666666667
 30
0.0
 11
191.15
 21
263.4666666666667
 31
0.0
  0
LINE
  5
C6F
330
17
100
AcDbEntity
  8
ESTRIBOS
 62
8
370
9
100
AcDbLine
 10
191.95
 20
240.4666666666667
 30
0.0
 11
191.95
 21
263.4666666666667
 31
0.0
  0
LINE
  5
C70
330
17
100
AcDbEntity
  8
ESTRIBOS
 62
8
370
9
100
AcDbLine
 10
192.75
 20
240.4666666666667
 30
0.0
 11
192.75
 21
263.4666666666667
 31
0.0
  0
LINE
  5
C71
330
17
100
AcDbEntity
  8
ESTRIBOS
 62
8
370
9
100
AcDbLine
 10
193.55
 20
240.4666666666667
 30
0.0
 11
193.55
 21
263.4666666666667
 31
0.0
  0
LINE
  5
C72
330
17
100
AcDbEntity
  8
ESTRIBOS
 62
8
370
9
100
AcDbLine
 10
194.35
 20
240.4666666666667
 30
0.0
 11
194.35
 21
263.4666666666667
 31
0.0
  0
LINE
  5
C73
330
17
100
AcDbEntity
  8
ESTRIBOS
 62
8
370
9
100
AcDbLine
 10
195.15
 20
240.4666666666667
 30
0.0
 11
195.15
 21
263.4666666666667
 31
0.0
  0
LINE
  5
C74
330
17
100
AcDbEntity
  8
ESTRIBOS
 62
8
370
9
100
AcDbLine
 10
195.95
 20
240.4666666666667
 30
0.0
 11
195.95
 21
263.4666666666667
 31
0.0
  0
LINE
  5
C75
330
17
100
AcDbEntity
  8
ESTRIBOS
 62
8
370
9
100
AcDbLine
 10
196.75
 20
240.4666666666667
 30
0.0
 11
196.75
 21
263.4666666666667
 31
0.0
  0
LINE
  5
C76
330
17
100
AcDbEntity
  8
ESTRIBOS
 62
8
370
9
100
AcDbLine
 10
197.55
 20
240.4666666666667
 30
0.0
 11
197.55
 21
263.4666666666667
 31
0.0
  0
LINE
  5
C77
330
17
100
AcDbEntity
  8
ESTRIBOS
 62
8
370
9
100
AcDbLine
 10
198.35
 20
240.4666666666667
 30
0.0
 11
198.35
 21
263.4666666666667
 31
0.0
  0
LINE
  5
C78
330
17
100
AcDbEntity
  8
ESTRIBOS
 62
8
370
9
100
AcDbLine
 10
199.15
 20
240.4666666666667
 30
0.0
 11
199.15
 21
263.4666666666667
 31
0.0
  0
LINE
  5
C79
330
17
100
AcDbEntity
  8
ESTRIBOS
 62
8
370
9
100
AcDbLine
 10
199.65
 20
240.4666666666667
 30
0.0
 11
199.65
 21
263.4666666666667
 31
0.0
  0
LINE
  5
C7A
330
17
100
AcDbEntity
  8
ESTRIBOS
 62
8
370
9
100
AcDbLine
 10
200.45
 20
240.4666666666667
 30
0.0
 11
200.45
 21
263.4666666666667
 31
0.0
  0
LINE
  5
C7B
330
17
100
AcDbEntity
  8
ESTRIBOS
 62
8
370
9
100
AcDbLine
 10
201.25
 20
240.4666666666667
 30
0.0
 11
201.25
 21
263.4666666666667
 31
0.0
  0
LINE
  5
C7C
330
17
100
AcDbEntity
  8
ESTRIBOS
 62
8
370
9
100
AcDbLine
 10
202.05
 20
240.4666666666667
 30
0.0
 11
202.05
 21
263.4666666666667
 31
0.0
  0
LINE
  5
C7D
330
17
100
AcDbEntity
  8
ESTRIBOS
 62
8
370
9
100
AcDbLine
 10
202.85
 20
240.4666666666667
 30
0.0
 11
202.85
 21
263.4666666666667
 31
0.0
  0
LINE
  5
C7E
330
17
100
AcDbEntity
  8
ESTRIBOS
 62
8
370
9
100
AcDbLine
 10
203.65
 20
240.4666666666667
 30
0.0
 11
203.65
 21
263.4666666666667
 31
0.0
  0
LINE
  5
C7F
330
17
100
AcDbEntity
  8
ESTRIBOS
 62
8
370
9
100
AcDbLine
 10
204.45
 20
240.4666666666667
 30
0.0
 11
204.45
 21
263.4666666666667
 31
0.0
  0
LINE
  5
C80
330
17
100
AcDbEntity
  8
ESTRIBOS
 62
8
370
9
100
AcDbLine
 10
205.25
 20
240.4666666666667
 30
0.0
 11
205.25
 21
263.4666666666667
 31
0.0
  0
LINE
  5
C81
330
17
100
AcDbEntity
  8
ESTRIBOS
 62
8
370
9
100
AcDbLine
 10
206.05
 20
240.4666666666667
 30
0.0
 11
206.05
 21
263.4666666666667
 31
0.0
  0
LINE
  5
C82
330
17
100
AcDbEntity
  8
ESTRIBOS
 62
8
370
9
100
AcDbLine
 10
206.85
 20
240.4666666666667
 30
0.0
 11
206.85
 21
263.4666666666667
 31
0.0
  0
LINE
  5
C83
330
17
100
AcDbEntity
  8
ESTRIBOS
 62
8
370
9
100
AcDbLine
 10
207.65
 20
240.4666666666667
 30
0.0
 11
207.65
 21
263.4666666666667
 31
0.0
  0
LINE
  5
C84
330
17
100
AcDbEntity
  8
ESTRIBOS
 62
8
370
9
100
AcDbLine
 10
208.45
 20
240.4666666666667
 30
0.0
 11
208.45
 21
263.4666666666667
 31
0.0
  0
LINE
  5
C85
330
17
100
AcDbEntity
  8
ESTRIBOS
 62
8
370
9
100
AcDbLine
 10
209.25
 20
240.4666666666667
 30
0.0
 11
209.25
 21
263.4666666666667
 31
0.0
  0
LINE
  5
C86
330
17
100
AcDbEntity
  8
ESTRIBOS
 62
8
370
9
100
AcDbLine
 10
210.05
 20
240.4666666666667
 30
0.0
 11
210.05
 21
263.4666666666667
 31
0.0
  0
TEXT
  5
C87
330
17
100
AcDbEntity
  8
ESTRIBOS
 62
8
100
AcDbText
 10
190.55
 20
251.16666666666669
 30
0.0
 40
1.6
  1
Nº4 2R @80/@80
 72
1
 11
190.55
 21
251.16666666666669
 31
0.0
100
AcDbText
 73
2
  0
LINE
  5
C88
330
17
100
AcDbEntity
  8
ESTRIBOS
 62
8
370
9
100
AcDbLine
 10
211.05
 20
240.4666666666667
 30
0.0
 11
211.05
 21
263.4666666666667
 31
0.0
  0
LINE
  5
C89
330
17
100
AcDbEntity
  8
ESTRIBOS
 62
8
370
9
100
AcDbLine
 10
211.85
 20
240.4666666666667
 30
0.0
 11
211.85
 21
263.4666666666667
 31
0.0
  0
LINE
  5
C8A
330
17
100
AcDbEntity
  8
ESTRIBOS
 62
8
370
9
100
AcDbLine
 10
212.65
 20
240.4666666666667
 30
0.0
 11
212.65
 21
263.4666666666667
 31
0.0
  0
LINE
  5
C8B
330
17
100
AcDbEntity
  8
ESTRIBOS
 62
8
370
9
100
AcDbLine
 10
213.45
 20
240.4666666666667
 30
0.0
 11
213.45
 21
263.4666666666667
 31
0.0
  0
LINE
  5
C8C
330
17
100
AcDbEntity
  8
ESTRIBOS
 62
8
370
9
100
AcDbLine
 10
214.25
 20
240.4666666666667
 30
0.0
 11
214.25
 21
263.4666666666667
 31
0.0
  0
LINE
  5
C8D
330
17
100
AcDbEntity
  8
ESTRIBOS
 62
8
370
9
100
AcDbLine
 10
215.05
 20
240.4666666666667
 30
0.0
 11
215.05
 21
263.4666666666667
 31
0.0
  0
LINE
  5
C8E
330
17
100
AcDbEntity
  8
ESTRIBOS
 62
8
370
9
100
AcDbLine
 10
215.85
 20
240.4666666666667
 30
0.0
 11
215.85
 21
263.4666666666667
 31
0.0
  0
LINE
  5
C8F
330
17
100
AcDbEntity
  8
ESTRIBOS
 62
8
370
9
100
AcDbLine
 10
216.65
 20
240.4666666666667
 30
0.0
 11
216.65
 21
263.4666666666667
 31
0.0
  0
LINE
  5
C90
330
17
100
AcDbEntity
  8
ESTRIBOS
 62
8
370
9
100
AcDbLine
 10
217.45
 20
240.4666666666667
 30
0.0
 11
217.45
 21
263.4666666666667
 31
0.0
  0
LINE
  5
C91
330
17
100
AcDbEntity
  8
ESTRIBOS
 62
8
370
9
100
AcDbLine
 10
218.25
 20
240.4666666666667
 30
0.0
 11
218.25
 21
263.4666666666667
 31
0.0
  0
LINE
  5
C92
330
17
100
AcDbEntity
  8
ESTRIBOS
 62
8
370
9
100
AcDbLine
 10
219.05
 20
240.4666666666667
 30
0.0
 11
219.05
 21
263.4666666666667
 31
0.0
  0
LINE
  5
C93
330
17
100
AcDbEntity
  8
ESTRIBOS
 62
8
370
9
100
AcDbLine
 10
219.85
 20
240.4666666666667
 30
0.0
 11
219.85
 21
263.4666666666667
 31
0.0
  0
LINE
  5
C94
330
17
100
AcDbEntity
  8
ESTRIBOS
 62
8
370
9
100
AcDbLine
 10
220.65
 20
240.4666666666667
 30
0.0
 11
220.65
 21
263.4666666666667
 31
0.0
  0
LINE
  5
C95
330
17
100
AcDbEntity
  8
ESTRIBOS
 62
8
370
9
100
AcDbLine
 10
221.45
 20
240.4666666666667
 30
0.0
 11
221.45
 21
263.4666666666667
 31
0.0
  0
LINE
  5
C96
330
17
100
AcDbEntity
  8
ESTRIBOS
 62
8
370
9
100
AcDbLine
 10
222.35
 20
240.4666666666667
 30
0.0
 11
222.35
 21
263.4666666666667
 31
0.0
  0
LINE
  5
C97
330
17
100
AcDbEntity
  8
ESTRIBOS
 62
8
370
9
100
AcDbLine
 10
223.15
 20
240.4666666666667
 30
0.0
 11
223.15
 21
263.4666666666667
 31
0.0
  0
LINE
  5
C98
330
17
100
AcDbEntity
  8
ESTRIBOS
 62
8
370
9
100
AcDbLine
 10
223.95
 20
240.4666666666667
 30
0.0
 11
223.95
 21
263.4666666666667
 31
0.0
  0
LINE
  5
C99
330
17
100
AcDbEntity
  8
ESTRIBOS
 62
8
370
9
100
AcDbLine
 10
224.75
 20
240.4666666666667
 30
0.0
 11
224.75
 21
263.4666666666667
 31
0.0
  0
LINE
  5
C9A
330
17
100
AcDbEntity
  8
ESTRIBOS
 62
8
370
9
100
AcDbLine
 10
225.55
 20
240.4666666666667
 30
0.0
 11
225.55
 21
263.4666666666667
 31
0.0
  0
LINE
  5
C9B
330
17
100
AcDbEntity
  8
ESTRIBOS
 62
8
370
9
100
AcDbLine
 10
226.35
 20
240.4666666666667
 30
0.0
 11
226.35
 21
263.4666666666667
 31
0.0
  0
LINE
  5
C9C
330
17
100
AcDbEntity
  8
ESTRIBOS
 62
8
370
9
100
AcDbLine
 10
227.15
 20
240.4666666666667
 30
0.0
 11
227.15
 21
263.4666666666667
 31
0.0
  0
LINE
  5
C9D
330
17
100
AcDbEntity
  8
ESTRIBOS
 62
8
370
9
100
AcDbLine
 10
227.95
 20
240.4666666666667
 30
0.0
 11
227.95
 21
263.4666666666667
 31
0.0
  0
LINE
  5
C9E
330
17
100
AcDbEntity
  8
ESTRIBOS
 62
8
370
9
100
AcDbLine
 10
228.75
 20
240.4666666666667
 30
0.0
 11
228.75
 21
263.4666666666667
 31
0.0
  0
LINE
  5
C9F
330
17
100
AcDbEntity
  8
ESTRIBOS
 62
8
370
9
100
AcDbLine
 10
229.55
 20
240.4666666666667
 30
0.0
 11
229.55
 21
263.4666666666667
 31
0.0
  0
LINE
  5
CA0
330
17
100
AcDbEntity
  8
ESTRIBOS
 62
8
370
9
100
AcDbLine
 10
230.35
 20
240.4666666666667
 30
0.0
 11
230.35
 21
263.4666666666667
 31
0.0
  0
LINE
  5
CA1
330
17
100
AcDbEntity
  8
ESTRIBOS
 62
8
370
9
100
AcDbLine
 10
231.15
 20
240.4666666666667
 30
0.0
 11
231.15
 21
263.4666666666667
 31
0.0
  0
LINE
  5
CA2
330
17
100
AcDbEntity
  8
ESTRIBOS
 62
8
370
9
100
AcDbLine
 10
231.95
 20
240.4666666666667
 30
0.0
 11
231.95
 21
263.4666666666667
 31
0.0
  0
LINE
  5
CA3
330
17
100
AcDbEntity
  8
ESTRIBOS
 62
8
370
9
100
AcDbLine
 10
232.75
 20
240.4666666666667
 30
0.0
 11
232.75
 21
263.4666666666667
 31
0.0
  0
LINE
  5
CA4
330
17
100
AcDbEntity
  8
ESTRIBOS
 62
8
370
9
100
AcDbLine
 10
233.55
 20
240.4666666666667
 30
0.0
 11
233.55
 21
263.4666666666667
 31
0.0
  0
LINE
  5
CA5
330
17
100
AcDbEntity
  8
ESTRIBOS
 62
8
370
9
100
AcDbLine
 10
234.35
 20
240.4666666666667
 30
0.0
 11
234.35
 21
263.4666666666667
 31
0.0
  0
LINE
  5
CA6
330
17
100
AcDbEntity
  8
ESTRIBOS
 62
8
370
9
100
AcDbLine
 10
235.15
 20
240.4666666666667
 30
0.0
 11
235.15
 21
263.4666666666667
 31
0.0
  0
LINE
  5
CA7
330
17
100
AcDbEntity
  8
ESTRIBOS
 62
8
370
9
100
AcDbLine
 10
235.95
 20
240.4666666666667
 30
0.0
 11
235.95
 21
263.4666666666667
 31
0.0
  0
LINE
  5
CA8
330
17
100
AcDbEntity
  8
ESTRIBOS
 62
8
370
9
100
AcDbLine
 10
236.75
 20
240.4666666666667
 30
0.0
 11
236.75
 21
263.4666666666667
 31
0.0
  0
LINE
  5
CA9
330
17
100
AcDbEntity
  8
ESTRIBOS
 62
8
370
9
100
AcDbLine
 10
237.55
 20
240.4666666666667
 30
0.0
 11
237.55
 21
263.4666666666667
 31
0.0
  0
LINE
  5
CAA
330
17
100
AcDbEntity
  8
ESTRIBOS
 62
8
370
9
100
AcDbLine
 10
238.35
 20
240.4666666666667
 30
0.0
 11
238.35
 21
263.4666666666667
 31
0.0
  0
LINE
  5
CAB
330
17
100
AcDbEntity
  8
ESTRIBOS
 62
8
370
9
100
AcDbLine
 10
239.15
 20
240.4666666666667
 30
0.0
 11
239.15
 21
263.4666666666667
 31
0.0
  0
LINE
  5
CAC
330
17
100
AcDbEntity
  8
ESTRIBOS
 62
8
370
9
100
AcDbLine
 10
239.95
 20
240.4666666666667
 30
0.0
 11
239.95
 21
263.4666666666667
 31
0.0
  0
LINE
  5
CAD
330
17
100
AcDbEntity
  8
ESTRIBOS
 62
8
370
9
100
AcDbLine
 10
240.75
 20
240.4666666666667
 30
0.0
 11
240.75
 21
263.4666666666667
 31
0.0
  0
LINE
  5
CAE
330
17
100
AcDbEntity
  8
ESTRIBOS
 62
8
370
9
100
AcDbLine
 10
241.55
 20
240.4666666666667
 30
0.0
 11
241.55
 21
263.4666666666667
 31
0.0
  0
LINE
  5
CAF
330
17
100
AcDbEntity
  8
ESTRIBOS
 62
8
370
9
100
AcDbLine
 10
242.35
 20
240.4666666666667
 30
0.0
 11
242.35
 21
263.4666666666667
 31
0.0
  0
LINE
  5
CB0
330
17
100
AcDbEntity
  8
ESTRIBOS
 62
8
370
9
100
AcDbLine
 10
243.15
 20
240.4666666666667
 30
0.0
 11
243.15
 21
263.4666666666667
 31
0.0
  0
LINE
  5
CB1
330
17
100
AcDbEntity
  8
ESTRIBOS
 62
8
370
9
100
AcDbLine
 10
243.95
 20
240.4666666666667
 30
0.0
 11
243.95
 21
263.4666666666667
 31
0.0
  0
LINE
  5
CB2
330
17
100
AcDbEntity
  8
ESTRIBOS
 62
8
370
9
100
AcDbLine
 10
244.75
 20
240.4666666666667
 30
0.0
 11
244.75
 21
263.4666666666667
 31
0.0
  0
LINE
  5
CB3
330
17
100
AcDbEntity
  8
ESTRIBOS
 62
8
370
9
100
AcDbLine
 10
245.55
 20
240.4666666666667
 30
0.0
 11
245.55
 21
263.4666666666667
 31
0.0
  0
LINE
  5
CB4
330
17
100
AcDbEntity
  8
ESTRIBOS
 62
8
370
9
100
AcDbLine
 10
246.35
 20
240.4666666666667
 30
0.0
 11
246.35
 21
263.4666666666667
 31
0.0
  0
LINE
  5
CB5
330
17
100
AcDbEntity
  8
ESTRIBOS
 62
8
370
9
100
AcDbLine
 10
247.15
 20
240.4666666666667
 30
0.0
 11
247.15
 21
263.4666666666667
 31
0.0
  0
LINE
  5
CB6
330
17
100
AcDbEntity
  8
ESTRIBOS
 62
8
370
9
100
AcDbLine
 10
247.95
 20
240.4666666666667
 30
0.0
 11
247.95
 21
263.4666666666667
 31
0.0
  0
LINE
  5
CB7
330
17
100
AcDbEntity
  8
ESTRIBOS
 62
8
370
9
100
AcDbLine
 10
248.75
 20
240.4666666666667
 30
0.0
 11
248.75
 21
263.4666666666667
 31
0.0
  0
LINE
  5
CB8
330
17
100
AcDbEntity
  8
ESTRIBOS
 62
8
370
9
100
AcDbLine
 10
249.55
 20
240.4666666666667
 30
0.0
 11
249.55
 21
263.4666666666667
 31
0.0
  0
LINE
  5
CB9
330
17
100
AcDbEntity
  8
ESTRIBOS
 62
8
370
9
100
AcDbLine
 10
250.35
 20
240.4666666666667
 30
0.0
 11
250.35
 21
263.4666666666667
 31
0.0
  0
LINE
  5
CBA
330
17
100
AcDbEntity
  8
ESTRIBOS
 62
8
370
9
100
AcDbLine
 10
251.15
 20
240.4666666666667
 30
0.0
 11
251.15
 21
263.4666666666667
 31
0.0
  0
LINE
  5
CBB
330
17
100
AcDbEntity
  8
ESTRIBOS
 62
8
370
9
100
AcDbLine
 10
251.95
 20
240.4666666666667
 30
0.0
 11
251.95
 21
263.4666666666667
 31
0.0
  0
LINE
  5
CBC
330
17
100
AcDbEntity
  8
ESTRIBOS
 62
8
370
9
100
AcDbLine
 10
252.75
 20
240.4666666666667
 30
0.0
 11
252.75
 21
263.4666666666667
 31
0.0
  0
LINE
  5
CBD
330
17
100
AcDbEntity
  8
ESTRIBOS
 62
8
370
9
100
AcDbLine
 10
253.55
 20
240.4666666666667
 30
0.0
 11
253.55
 21
263.4666666666667
 31
0.0
  0
LINE
  5
CBE
330
17
100
AcDbEntity
  8
ESTRIBOS
 62
8
370
9
100
AcDbLine
 10
254.35
 20
240.4666666666667
 30
0.0
 11
254.35
 21
263.4666666666667
 31
0.0
  0
LINE
  5
CBF
330
17
100
AcDbEntity
  8
ESTRIBOS
 62
8
370
9
100
AcDbLine
 10
254.65
 20
240.4666666666667
 30
0.0
 11
254.65
 21
263.4666666666667
 31
0.0
  0
LINE
  5
CC0
330
17
100
AcDbEntity
  8
ESTRIBOS
 62
8
370
9
100
AcDbLine
 10
255.45
 20
240.4666666666667
 30
0.0
 11
255.45
 21
263.4666666666667
 31
0.0
  0
LINE
  5
CC1
330
17
100
AcDbEntity
  8
ESTRIBOS
 62
8
370
9
100
AcDbLine
 10
256.25
 20
240.4666666666667
 30
0.0
 11
256.25
 21
263.4666666666667
 31
0.0
  0
LINE
  5
CC2
330
17
100
AcDbEntity
  8
ESTRIBOS
 62
8
370
9
100
AcDbLine
 10
257.05
 20
240.4666666666667
 30
0.0
 11
257.05
 21
263.4666666666667
 31
0.0
  0
LINE
  5
CC3
330
17
100
AcDbEntity
  8
ESTRIBOS
 62
8
370
9
100
AcDbLine
 10
257.85
 20
240.4666666666667
 30
0.0
 11
257.85
 21
263.4666666666667
 31
0.0
  0
LINE
  5
CC4
330
17
100
AcDbEntity
  8
ESTRIBOS
 62
8
370
9
100
AcDbLine
 10
258.65
 20
240.4666666666667
 30
0.0
 11
258.65
 21
263.4666666666667
 31
0.0
  0
LINE
  5
CC5
330
17
100
AcDbEntity
  8
ESTRIBOS
 62
8
370
9
100
AcDbLine
 10
259.45
 20
240.4666666666667
 30
0.0
 11
259.45
 21
263.4666666666667
 31
0.0
  0
LINE
  5
CC6
330
17
100
AcDbEntity
  8
ESTRIBOS
 62
8
370
9
100
AcDbLine
 10
260.25
 20
240.4666666666667
 30
0.0
 11
260.25
 21
263.4666666666667
 31
0.0
  0
LINE
  5
CC7
330
17
100
AcDbEntity
  8
ESTRIBOS
 62
8
370
9
100
AcDbLine
 10
261.05
 20
240.4666666666667
 30
0.0
 11
261.05
 21
263.4666666666667
 31
0.0
  0
LINE
  5
CC8
330
17
100
AcDbEntity
  8
ESTRIBOS
 62
8
370
9
100
AcDbLine
 10
261.85
 20
240.4666666666667
 30
0.0
 11
261.85
 21
263.4666666666667
 31
0.0
  0
LINE
  5
CC9
330
17
100
AcDbEntity
  8
ESTRIBOS
 62
8
370
9
100
AcDbLine
 10
262.65
 20
240.4666666666667
 30
0.0
 11
262.65
 21
263.4666666666667
 31
0.0
  0
LINE
  5
CCA
330
17
100
AcDbEntity
  8
ESTRIBOS
 62
8
370
9
100
AcDbLine
 10
263.45
 20
240.4666666666667
 30
0.0
 11
263.45
 21
263.4666666666667
 31
0.0
  0
LINE
  5
CCB
330
17
100
AcDbEntity
  8
ESTRIBOS
 62
8
370
9
100
AcDbLine
 10
264.25
 20
240.4666666666667
 30
0.0
 11
264.25
 21
263.4666666666667
 31
0.0
  0
LINE
  5
CCC
330
17
100
AcDbEntity
  8
ESTRIBOS
 62
8
370
9
100
AcDbLine
 10
265.05
 20
240.4666666666667
 30
0.0
 11
265.05
 21
263.4666666666667
 31
0.0
  0
TEXT
  5
CCD
330
17
100
AcDbEntity
  8
ESTRIBOS
 62
8
100
AcDbText
 10
238.05
 20
251.16666666666669
 30
0.0
 40
1.6
  1
Nº4 2R @80/@80
 72
1
 11
238.05
 21
251.16666666666669
 31
0.0
100
AcDbText
 73
2
  0
LINE
  5
CCE
330
17
100
AcDbEntity
  8
ESTRIBOS
 62
8
370
9
100
AcDbLine
 10
266.05
 20
240.4666666666667
 30
0.0
 11
266.05
 21
263.4666666666667
 31
0.0
  0
LINE
  5
CCF
330
17
100
AcDbEntity
  8
ESTRIBOS
 62
8
370
9
100
AcDbLine
 10
266.85
 20
240.4666666666667
 30
0.0
 11
266.85
 21
263.4666666666667
 31
0.0
  0
LINE
  5
CD0
330
17
100
AcDbEntity
  8
ESTRIBOS
 62
8
370
9
100
AcDbLine
 10
267.65
 20
240.4666666666667
 30
0.0
 11
267.65
 21
263.4666666666667
 31
0.0
  0
LINE
  5
CD1
330
17
100
AcDbEntity
  8
ESTRIBOS
 62
8
370
9
100
AcDbLine
 10
268.45
 20
240.4666666666667
 30
0.0
 11
268.45
 21
263.4666666666667
 31
0.0
  0
LINE
  5
CD2
330
17
100
AcDbEntity
  8
ESTRIBOS
 62
8
370
9
100
AcDbLine
 10
269.25
 20
240.4666666666667
 30
0.0
 11
269.25
 21
263.4666666666667
 31
0.0
  0
LINE
  5
CD3
330
17
100
AcDbEntity
  8
ESTRIBOS
 62
8
370
9
100
AcDbLine
 10
270.05
 20
240.4666666666667
 30
0.0
 11
270.05
 21
263.4666666666667
 31
0.0
  0
LINE
  5
CD4
330
17
100
AcDbEntity
  8
ESTRIBOS
 62
8
370
9
100
AcDbLine
 10
270.85
 20
240.4666666666667
 30
0.0
 11
270.85
 21
263.4666666666667
 31
0.0
  0
LINE
  5
CD5
330
17
100
AcDbEntity
  8
ESTRIBOS
 62
8
370
9
100
AcDbLine
 10
271.65
 20
240.4666666666667
 30
0.0
 11
271.65
 21
263.4666666666667
 31
0.0
  0
LINE
  5
CD6
330
17
100
AcDbEntity
  8
ESTRIBOS
 62
8
370
9
100
AcDbLine
 10
272.45
 20
240.4666666666667
 30
0.0
 11
272.45
 21
263.4666666666667
 31
0.0
  0
LINE
  5
CD7
330
17
100
AcDbEntity
  8
ESTRIBOS
 62
8
370
9
100
AcDbLine
 10
273.25
 20
240.4666666666667
 30
0.0
 11
273.25
 21
263.4666666666667
 31
0.0
  0
LINE
  5
CD8
330
17
100
AcDbEntity
  8
ESTRIBOS
 62
8
370
9
100
AcDbLine
 10
274.05
 20
240.4666666666667
 30
0.0
 11
274.05
 21
263.4666666666667
 31
0.0
  0
LINE
  5
CD9
330
17
100
AcDbEntity
  8
ESTRIBOS
 62
8
370
9
100
AcDbLine
 10
274.85
 20
240.4666666666667
 30
0.0
 11
274.85
 21
263.4666666666667
 31
0.0
  0
LINE
  5
CDA
330
17
100
AcDbEntity
  8
ESTRIBOS
 62
8
370
9
100
AcDbLine
 10
275.65
 20
240.4666666666667
 30
0.0
 11
275.65
 21
263.4666666666667
 31
0.0
  0
LINE
  5
CDB
330
17
100
AcDbEntity
  8
ESTRIBOS
 62
8
370
9
100
AcDbLine
 10
276.45
 20
240.4666666666667
 30
0.0
 11
276.45
 21
263.4666666666667
 31
0.0
  0
LINE
  5
CDC
330
17
100
AcDbEntity
  8
ESTRIBOS
 62
8
370
9
100
AcDbLine
 10
277.35
 20
240.4666666666667
 30
0.0
 11
277.35
 21
263.4666666666667
 31
0.0
  0
LINE
  5
CDD
330
17
100
AcDbEntity
  8
ESTRIBOS
 62
8
370
9
100
AcDbLine
 10
278.15
 20
240.4666666666667
 30
0.0
 11
278.15
 21
263.4666666666667
 31
0.0
  0
LINE
  5
CDE
330
17
100
AcDbEntity
  8
ESTRIBOS
 62
8
370
9
100
AcDbLine
 10
278.95
 20
240.4666666666667
 30
0.0
 11
278.95
 21
263.4666666666667
 31
0.0
  0
LINE
  5
CDF
330
17
100
AcDbEntity
  8
ESTRIBOS
 62
8
370
9
100
AcDbLine
 10
279.75
 20
240.4666666666667
 30
0.0
 11
279.75
 21
263.4666666666667
 31
0.0
  0
LINE
  5
CE0
330
17
100
AcDbEntity
  8
ESTRIBOS
 62
8
370
9
100
AcDbLine
 10
280.55
 20
240.4666666666667
 30
0.0
 11
280.55
 21
263.4666666666667
 31
0.0
  0
LINE
  5
CE1
330
17
100
AcDbEntity
  8
ESTRIBOS
 62
8
370
9
100
AcDbLine
 10
281.35
 20
240.4666666666667
 30
0.0
 11
281.35
 21
263.4666666666667
 31
0.0
  0
LINE
  5
CE2
330
17
100
AcDbEntity
  8
ESTRIBOS
 62
8
370
9
100
AcDbLine
 10
282.15
 20
240.4666666666667
 30
0.0
 11
282.15
 21
263.4666666666667
 31
0.0
  0
LINE
  5
CE3
330
17
100
AcDbEntity
  8
ESTRIBOS
 62
8
370
9
100
AcDbLine
 10
282.95
 20
240.4666666666667
 30
0.0
 11
282.95
 21
263.4666666666667
 31
0.0
  0
LINE
  5
CE4
330
17
100
AcDbEntity
  8
ESTRIBOS
 62
8
370
9
100
AcDbLine
 10
283.75
 20
240.4666666666667
 30
0.0
 11
283.75
 21
263.4666666666667
 31
0.0
  0
LINE
  5
CE5
330
17
100
AcDbEntity
  8
ESTRIBOS
 62
8
370
9
100
AcDbLine
 10
284.55
 20
240.4666666666667
 30
0.0
 11
284.55
 21
263.4666666666667
 31
0.0
  0
LINE
  5
CE6
330
17
100
AcDbEntity
  8
ESTRIBOS
 62
8
370
9
100
AcDbLine
 10
285.35
 20
240.4666666666667
 30
0.0
 11
285.35
 21
263.4666666666667
 31
0.0
  0
LINE
  5
CE7
330
17
100
AcDbEntity
  8
ESTRIBOS
 62
8
370
9
100
AcDbLine
 10
286.15
 20
240.4666666666667
 30
0.0
 11
286.15
 21
263.4666666666667
 31
0.0
  0
LINE
  5
CE8
330
17
100
AcDbEntity
  8
ESTRIBOS
 62
8
370
9
100
AcDbLine
 10
286.95
 20
240.4666666666667
 30
0.0
 11
286.95
 21
263.4666666666667
 31
0.0
  0
LINE
  5
CE9
330
17
100
AcDbEntity
  8
ESTRIBOS
 62
8
370
9
100
AcDbLine
 10
287.75
 20
240.4666666666667
 30
0.0
 11
287.75
 21
263.4666666666667
 31
0.0
  0
LINE
  5
CEA
330
17
100
AcDbEntity
  8
ESTRIBOS
 62
8
370
9
100
AcDbLine
 10
288.55
 20
240.4666666666667
 30
0.0
 11
288.55
 21
263.4666666666667
 31
0.0
  0
LINE
  5
CEB
330
17
100
AcDbEntity
  8
ESTRIBOS
 62
8
370
9
100
AcDbLine
 10
289.35
 20
240.4666666666667
 30
0.0
 11
289.35
 21
263.4666666666667
 31
0.0
  0
LINE
  5
CEC
330
17
100
AcDbEntity
  8
ESTRIBOS
 62
8
370
9
100
AcDbLine
 10
290.15
 20
240.4666666666667
 30
0.0
 11
290.15
 21
263.4666666666667
 31
0.0
  0
LINE
  5
CED
330
17
100
AcDbEntity
  8
ESTRIBOS
 62
8
370
9
100
AcDbLine
 10
290.95
 20
240.4666666666667
 30
0.0
 11
290.95
 21
263.4666666666667
 31
0.0
  0
LINE
  5
CEE
330
17
100
AcDbEntity
  8
ESTRIBOS
 62
8
370
9
100
AcDbLine
 10
291.75
 20
240.4666666666667
 30
0.0
 11
291.75
 21
263.4666666666667
 31
0.0
  0
LINE
  5
CEF
330
17
100
AcDbEntity
  8
ESTRIBOS
 62
8
370
9
100
AcDbLine
 10
292.55
 20
240.4666666666667
 30
0.0
 11
292.55
 21
263.4666666666667
 31
0.0
  0
LINE
  5
CF0
330
17
100
AcDbEntity
  8
ESTRIBOS
 62
8
370
9
100
AcDbLine
 10
293.35
 20
240.4666666666667
 30
0.0
 11
293.35
 21
263.4666666666667
 31
0.0
  0
LINE
  5
CF1
330
17
100
AcDbEntity
  8
ESTRIBOS
 62
8
370
9
100
AcDbLine
 10
294.15
 20
240.4666666666667
 30
0.0
 11
294.15
 21
263.4666666666667
 31
0.0
  0
LINE
  5
CF2
330
17
100
AcDbEntity
  8
ESTRIBOS
 62
8
370
9
100
AcDbLine
 10
294.65
 20
240.4666666666667
 30
0.0
 11
294.65
 21
263.4666666666667
 31
0.0
  0
LINE
  5
CF3
330
17
100
AcDbEntity
  8
ESTRIBOS
 62
8
370
9
100
AcDbLine
 10
295.45
 20
240.4666666666667
 30
0.0
 11
295.45
 21
263.4666666666667
 31
0.0
  0
LINE
  5
CF4
330
17
100
AcDbEntity
  8
ESTRIBOS
 62
8
370
9
100
AcDbLine
 10
296.25
 20
240.4666666666667
 30
0.0
 11
296.25
 21
263.4666666666667
 31
0.0
  0
LINE
  5
CF5
330
17
100
AcDbEntity
  8
ESTRIBOS
 62
8
370
9
100
AcDbLine
 10
297.05
 20
240.4666666666667
 30
0.0
 11
297.05
 21
263.4666666666667
 31
0.0
  0
LINE
  5
CF6
330
17
100
AcDbEntity
  8
ESTRIBOS
 62
8
370
9
100
AcDbLine
 10
297.85
 20
240.4666666666667
 30
0.0
 11
297.85
 21
263.4666666666667
 31
0.0
  0
LINE
  5
CF7
330
17
100
AcDbEntity
  8
ESTRIBOS
 62
8
370
9
100
AcDbLine
 10
298.65
 20
240.4666666666667
 30
0.0
 11
298.65
 21
263.4666666666667
 31
0.0
  0
LINE
  5
CF8
330
17
100
AcDbEntity
  8
ESTRIBOS
 62
8
370
9
100
AcDbLine
 10
299.45
 20
240.4666666666667
 30
0.0
 11
299.45
 21
263.4666666666667
 31
0.0
  0
LINE
  5
CF9
330
17
100
AcDbEntity
  8
ESTRIBOS
 62
8
370
9
100
AcDbLine
 10
300.25
 20
240.4666666666667
 30
0.0
 11
300.25
 21
263.4666666666667
 31
0.0
  0
LINE
  5
CFA
330
17
100
AcDbEntity
  8
ESTRIBOS
 62
8
370
9
100
AcDbLine
 10
301.05
 20
240.4666666666667
 30
0.0
 11
301.05
 21
263.4666666666667
 31
0.0
  0
LINE
  5
CFB
330
17
100
AcDbEntity
  8
ESTRIBOS
 62
8
370
9
100
AcDbLine
 10
301.85
 20
240.4666666666667
 30
0.0
 11
301.85
 21
263.4666666666667
 31
0.0
  0
LINE
  5
CFC
330
17
100
AcDbEntity
  8
ESTRIBOS
 62
8
370
9
100
AcDbLine
 10
302.65
 20
240.4666666666667
 30
0.0
 11
302.65
 21
263.4666666666667
 31
0.0
  0
LINE
  5
CFD
330
17
100
AcDbEntity
  8
ESTRIBOS
 62
8
370
9
100
AcDbLine
 10
303.45
 20
240.4666666666667
 30
0.0
 11
303.45
 21
263.4666666666667
 31
0.0
  0
LINE
  5
CFE
330
17
100
AcDbEntity
  8
ESTRIBOS
 62
8
370
9
100
AcDbLine
 10
304.25
 20
240.4666666666667
 30
0.0
 11
304.25
 21
263.4666666666667
 31
0.0
  0
LINE
  5
CFF
330
17
100
AcDbEntity
  8
ESTRIBOS
 62
8
370
9
100
AcDbLine
 10
305.05
 20
240.4666666666667
 30
0.0
 11
305.05
 21
263.4666666666667
 31
0.0
  0
TEXT
  5
D00
330
17
100
AcDbEntity
  8
ESTRIBOS
 62
8
100
AcDbText
 10
285.55
 20
251.16666666666669
 30
0.0
 40
1.6
  1
Nº4 2R @80/@80
 72
1
 11
285.55
 21
251.16666666666669
 31
0.0
100
AcDbText
 73
2
  0
LINE
  5
D01
330
17
100
AcDbEntity
  8
ESTRIBOS
 62
8
370
9
100
AcDbLine
 10
306.05
 20
240.4666666666667
 30
0.0
 11
306.05
 21
263.4666666666667
 31
0.0
  0
LINE
  5
D02
330
17
100
AcDbEntity
  8
ESTRIBOS
 62
8
370
9
100
AcDbLine
 10
306.85
 20
240.4666666666667
 30
0.0
 11
306.85
 21
263.4666666666667
 31
0.0
  0
LINE
  5
D03
330
17
100
AcDbEntity
  8
ESTRIBOS
 62
8
370
9
100
AcDbLine
 10
307.65
 20
240.4666666666667
 30
0.0
 11
307.65
 21
263.4666666666667
 31
0.0
  0
LINE
  5
D04
330
17
100
AcDbEntity
  8
ESTRIBOS
 62
8
370
9
100
AcDbLine
 10
308.45
 20
240.4666666666667
 30
0.0
 11
308.45
 21
263.4666666666667
 31
0.0
  0
LINE
  5
D05
330
17
100
AcDbEntity
  8
ESTRIBOS
 62
8
370
9
100
AcDbLine
 10
309.25
 20
240.4666666666667
 30
0.0
 11
309.25
 21
263.4666666666667
 31
0.0
  0
LINE
  5
D06
330
17
100
AcDbEntity
  8
ESTRIBOS
 62
8
370
9
100
AcDbLine
 10
310.05
 20
240.4666666666667
 30
0.0
 11
310.05
 21
263.4666666666667
 31
0.0
  0
LINE
  5
D07
330
17
100
AcDbEntity
  8
ESTRIBOS
 62
8
370
9
100
AcDbLine
 10
310.85
 20
240.4666666666667
 30
0.0
 11
310.85
 21
263.4666666666667
 31
0.0
  0
LINE
  5
D08
330
17
100
AcDbEntity
  8
ESTRIBOS
 62
8
370
9
100
AcDbLine
 10
311.65
 20
240.4666666666667
 30
0.0
 11
311.65
 21
263.4666666666667
 31
0.0
  0
LINE
  5
D09
330
17
100
AcDbEntity
  8
ESTRIBOS
 62
8
370
9
100
AcDbLine
 10
312.45
 20
240.4666666666667
 30
0.0
 11
312.45
 21
263.4666666666667
 31
0.0
  0
LINE
  5
D0A
330
17
100
AcDbEntity
  8
ESTRIBOS
 62
8
370
9
100
AcDbLine
 10
313.25
 20
240.4666666666667
 30
0.0
 11
313.25
 21
263.4666666666667
 31
0.0
  0
LINE
  5
D0B
330
17
100
AcDbEntity
  8
ESTRIBOS
 62
8
370
9
100
AcDbLine
 10
314.05
 20
240.4666666666667
 30
0.0
 11
314.05
 21
263.4666666666667
 31
0.0
  0
LINE
  5
D0C
330
17
100
AcDbEntity
  8
ESTRIBOS
 62
8
370
9
100
AcDbLine
 10
314.85
 20
240.4666666666667
 30
0.0
 11
314.85
 21
263.4666666666667
 31
0.0
  0
LINE
  5
D0D
330
17
100
AcDbEntity
  8
ESTRIBOS
 62
8
370
9
100
AcDbLine
 10
315.65
 20
240.4666666666667
 30
0.0
 11
315.65
 21
263.4666666666667
 31
0.0
  0
LINE
  5
D0E
330
17
100
AcDbEntity
  8
ESTRIBOS
 62
8
370
9
100
AcDbLine
 10
316.45
 20
240.4666666666667
 30
0.0
 11
316.45
 21
263.4666666666667
 31
0.0
  0
LINE
  5
D0F
330
17
100
AcDbEntity
  8
ESTRIBOS
 62
8
370
9
100
AcDbLine
 10
317.35
 20
240.4666666666667
 30
0.0
 11
317.35
 21
263.4666666666667
 31
0.0
  0
LINE
  5
D10
330
17
100
AcDbEntity
  8
ESTRIBOS
 62
8
370
9
100
AcDbLine
 10
318.15
 20
240.4666666666667
 30
0.0
 11
318.15
 21
263.4666666666667
 31
0.0
  0
LINE
  5
D11
330
17
100
AcDbEntity
  8
ESTRIBOS
 62
8
370
9
100
AcDbLine
 10
318.95
 20
240.4666666666667
 30
0.0
 11
318.95
 21
263.4666666666667
 31
0.0
  0
LINE
  5
D12
330
17
100
AcDbEntity
  8
ESTRIBOS
 62
8
370
9
100
AcDbLine
 10
319.65
 20
240.4666666666667
 30
0.0
 11
319.65
 21
263.4666666666667
 31
0.0
  0
LINE
  5
D13
330
17
100
AcDbEntity
  8
ESTRIBOS
 62
8
370
9
100
AcDbLine
 10
320.45
 20
240.4666666666667
 30
0.0
 11
320.45
 21
263.4666666666667
 31
0.0
  0
LINE
  5
D14
330
17
100
AcDbEntity
  8
ESTRIBOS
 62
8
370
9
100
AcDbLine
 10
321.25
 20
240.4666666666667
 30
0.0
 11
321.25
 21
263.4666666666667
 31
0.0
  0
LINE
  5
D15
330
17
100
AcDbEntity
  8
ESTRIBOS
 62
8
370
9
100
AcDbLine
 10
322.05
 20
240.4666666666667
 30
0.0
 11
322.05
 21
263.4666666666667
 31
0.0
  0
LINE
  5
D16
330
17
100
AcDbEntity
  8
ESTRIBOS
 62
8
370
9
100
AcDbLine
 10
322.85
 20
240.4666666666667
 30
0.0
 11
322.85
 21
263.4666666666667
 31
0.0
  0
LINE
  5
D17
330
17
100
AcDbEntity
  8
ESTRIBOS
 62
8
370
9
100
AcDbLine
 10
323.65
 20
240.4666666666667
 30
0.0
 11
323.65
 21
263.4666666666667
 31
0.0
  0
LINE
  5
D18
330
17
100
AcDbEntity
  8
ESTRIBOS
 62
8
370
9
100
AcDbLine
 10
324.45
 20
240.4666666666667
 30
0.0
 11
324.45
 21
263.4666666666667
 31
0.0
  0
LINE
  5
D19
330
17
100
AcDbEntity
  8
ESTRIBOS
 62
8
370
9
100
AcDbLine
 10
325.25
 20
240.4666666666667
 30
0.0
 11
325.25
 21
263.4666666666667
 31
0.0
  0
LINE
  5
D1A
330
17
100
AcDbEntity
  8
ESTRIBOS
 62
8
370
9
100
AcDbLine
 10
326.05
 20
240.4666666666667
 30
0.0
 11
326.05
 21
263.4666666666667
 31
0.0
  0
LINE
  5
D1B
330
17
100
AcDbEntity
  8
ESTRIBOS
 62
8
370
9
100
AcDbLine
 10
326.85
 20
240.4666666666667
 30
0.0
 11
326.85
 21
263.4666666666667
 31
0.0
  0
LINE
  5
D1C
330
17
100
AcDbEntity
  8
ESTRIBOS
 62
8
370
9
100
AcDbLine
 10
327.65
 20
240.4666666666667
 30
0.0
 11
327.65
 21
263.4666666666667
 31
0.0
  0
LINE
  5
D1D
330
17
100
AcDbEntity
  8
ESTRIBOS
 62
8
370
9
100
AcDbLine
 10
328.45
 20
240.4666666666667
 30
0.0
 11
328.45
 21
263.4666666666667
 31
0.0
  0
LINE
  5
D1E
330
17
100
AcDbEntity
  8
ESTRIBOS
 62
8
370
9
100
AcDbLine
 10
329.25
 20
240.4666666666667
 30
0.0
 11
329.25
 21
263.4666666666667
 31
0.0
  0
LINE
  5
D1F
330
17
100
AcDbEntity
  8
ESTRIBOS
 62
8
370
9
100
AcDbLine
 10
330.05
 20
240.4666666666667
 30
0.0
 11
330.05
 21
263.4666666666667
 31
0.0
  0
TEXT
  5
D20
330
17
100
AcDbEntity
  8
ESTRIBOS
 62
8
100
AcDbText
 10
318.05
 20
251.16666666666669
 30
0.0
 40
1.6
  1
Nº4 2R @80/@80
 72
1
 11
318.05
 21
251.16666666666669
 31
0.0
100
AcDbText
 73
2
  0
LINE
  5
D21
330
17
100
AcDbEntity
  8
ESTRIBOS
 62
8
370
9
100
AcDbLine
 10
331.05
 20
240.4666666666667
 30
0.0
 11
331.05
 21
263.4666666666667
 31
0.0
  0
LINE
  5
D22
330
17
100
AcDbEntity
  8
ESTRIBOS
 62
8
370
9
100
AcDbLine
 10
331.85
 20
240.4666666666667
 30
0.0
 11
331.85
 21
263.4666666666667
 31
0.0
  0
LINE
  5
D23
330
17
100
AcDbEntity
  8
ESTRIBOS
 62
8
370
9
100
AcDbLine
 10
332.65
 20
240.4666666666667
 30
0.0
 11
332.65
 21
263.4666666666667
 31
0.0
  0
LINE
  5
D24
330
17
100
AcDbEntity
  8
ESTRIBOS
 62
8
370
9
100
AcDbLine
 10
333.45
 20
240.4666666666667
 30
0.0
 11
333.45
 21
263.4666666666667
 31
0.0
  0
LINE
  5
D25
330
17
100
AcDbEntity
  8
ESTRIBOS
 62
8
370
9
100
AcDbLine
 10
334.25
 20
240.4666666666667
 30
0.0
 11
334.25
 21
263.4666666666667
 31
0.0
  0
LINE
  5
D26
330
17
100
AcDbEntity
  8
ESTRIBOS
 62
8
370
9
100
AcDbLine
 10
335.05
 20
240.4666666666667
 30
0.0
 11
335.05
 21
263.4666666666667
 31
0.0
  0
LINE
  5
D27
330
17
100
AcDbEntity
  8
ESTRIBOS
 62
8
370
9
100
AcDbLine
 10
335.85
 20
240.4666666666667
 30
0.0
 11
335.85
 21
263.4666666666667
 31
0.0
  0
LINE
  5
D28
330
17
100
AcDbEntity
  8
ESTRIBOS
 62
8
370
9
100
AcDbLine
 10
336.65
 20
240.4666666666667
 30
0.0
 11
336.65
 21
263.4666666666667
 31
0.0
  0
LINE
  5
D29
330
17
100
AcDbEntity
  8
ESTRIBOS
 62
8
370
9
100
AcDbLine
 10
337.45
 20
240.4666666666667
 30
0.0
 11
337.45
 21
263.4666666666667
 31
0.0
  0
LINE
  5
D2A
330
17
100
AcDbEntity
  8
ESTRIBOS
 62
8
370
9
100
AcDbLine
 10
338.25
 20
240.4666666666667
 30
0.0
 11
338.25
 21
263.4666666666667
 31
0.0
  0
LINE
  5
D2B
330
17
100
AcDbEntity
  8
ESTRIBOS
 62
8
370
9
100
AcDbLine
 10
339.05
 20
240.4666666666667
 30
0.0
 11
339.05
 21
263.4666666666667
 31
0.0
  0
LINE
  5
D2C
330
17
100
AcDbEntity
  8
ESTRIBOS
 62
8
370
9
100
AcDbLine
 10
339.85
 20
240.4666666666667
 30
0.0
 11
339.85
 21
263.4666666666667
 31
0.0
  0
LINE
  5
D2D
330
17
100
AcDbEntity
  8
ESTRIBOS
 62
8
370
9
100
AcDbLine
 10
340.65
 20
240.4666666666667
 30
0.0
 11
340.65
 21
263.4666666666667
 31
0.0
  0
LINE
  5
D2E
330
17
100
AcDbEntity
  8
ESTRIBOS
 62
8
370
9
100
AcDbLine
 10
341.45
 20
240.4666666666667
 30
0.0
 11
341.45
 21
263.4666666666667
 31
0.0
  0
LINE
  5
D2F
330
17
100
AcDbEntity
  8
ESTRIBOS
 62
8
370
9
100
AcDbLine
 10
342.35
 20
240.4666666666667
 30
0.0
 11
342.35
 21
263.4666666666667
 31
0.0
  0
LINE
  5
D30
330
17
100
AcDbEntity
  8
ESTRIBOS
 62
8
370
9
100
AcDbLine
 10
343.15
 20
240.4666666666667
 30
0.0
 11
343.15
 21
263.4666666666667
 31
0.0
  0
LINE
  5
D31
330
17
100
AcDbEntity
  8
ESTRIBOS
 62
8
370
9
100
AcDbLine
 10
343.95
 20
240.4666666666667
 30
0.0
 11
343.95
 21
263.4666666666667
 31
0.0
  0
LINE
  5
D32
330
17
100
AcDbEntity
  8
ESTRIBOS
 62
8
370
9
100
AcDbLine
 10
344.75
 20
240.4666666666667
 30
0.0
 11
344.75
 21
263.4666666666667
 31
0.0
  0
LINE
  5
D33
330
17
100
AcDbEntity
  8
ESTRIBOS
 62
8
370
9
100
AcDbLine
 10
345.65
 20
240.4666666666667
 30
0.0
 11
345.65
 21
263.4666666666667
 31
0.0
  0
LINE
  5
D34
330
17
100
AcDbEntity
  8
ESTRIBOS
 62
8
370
9
100
AcDbLine
 10
346.45
 20
240.4666666666667
 30
0.0
 11
346.45
 21
263.4666666666667
 31
0.0
  0
LINE
  5
D35
330
17
100
AcDbEntity
  8
ESTRIBOS
 62
8
370
9
100
AcDbLine
 10
347.25
 20
240.4666666666667
 30
0.0
 11
347.25
 21
263.4666666666667
 31
0.0
  0
LINE
  5
D36
330
17
100
AcDbEntity
  8
ESTRIBOS
 62
8
370
9
100
AcDbLine
 10
348.05
 20
240.4666666666667
 30
0.0
 11
348.05
 21
263.4666666666667
 31
0.0
  0
LINE
  5
D37
330
17
100
AcDbEntity
  8
ESTRIBOS
 62
8
370
9
100
AcDbLine
 10
348.85
 20
240.4666666666667
 30
0.0
 11
348.85
 21
263.4666666666667
 31
0.0
  0
LINE
  5
D38
330
17
100
AcDbEntity
  8
ESTRIBOS
 62
8
370
9
100
AcDbLine
 10
349.65
 20
240.4666666666667
 30
0.0
 11
349.65
 21
263.4666666666667
 31
0.0
  0
LINE
  5
D39
330
17
100
AcDbEntity
  8
ESTRIBOS
 62
8
370
9
100
AcDbLine
 10
350.45
 20
240.4666666666667
 30
0.0
 11
350.45
 21
263.4666666666667
 31
0.0
  0
LINE
  5
D3A
330
17
100
AcDbEntity
  8
ESTRIBOS
 62
8
370
9
100
AcDbLine
 10
351.25
 20
240.4666666666667
 30
0.0
 11
351.25
 21
263.4666666666667
 31
0.0
  0
LINE
  5
D3B
330
17
100
AcDbEntity
  8
ESTRIBOS
 62
8
370
9
100
AcDbLine
 10
352.05
 20
240.4666666666667
 30
0.0
 11
352.05
 21
263.4666666666667
 31
0.0
  0
LINE
  5
D3C
330
17
100
AcDbEntity
  8
ESTRIBOS
 62
8
370
9
100
AcDbLine
 10
352.85
 20
240.4666666666667
 30
0.0
 11
352.85
 21
263.4666666666667
 31
0.0
  0
LINE
  5
D3D
330
17
100
AcDbEntity
  8
ESTRIBOS
 62
8
370
9
100
AcDbLine
 10
353.65
 20
240.4666666666667
 30
0.0
 11
353.65
 21
263.4666666666667
 31
0.0
  0
LINE
  5
D3E
330
17
100
AcDbEntity
  8
ESTRIBOS
 62
8
370
9
100
AcDbLine
 10
354.45
 20
240.4666666666667
 30
0.0
 11
354.45
 21
263.4666666666667
 31
0.0
  0
LINE
  5
D3F
330
17
100
AcDbEntity
  8
ESTRIBOS
 62
8
370
9
100
AcDbLine
 10
355.25
 20
240.4666666666667
 30
0.0
 11
355.25
 21
263.4666666666667
 31
0.0
  0
LINE
  5
D40
330
17
100
AcDbEntity
  8
ESTRIBOS
 62
8
370
9
100
AcDbLine
 10
356.05
 20
240.4666666666667
 30
0.0
 11
356.05
 21
263.4666666666667
 31
0.0
  0
TEXT
  5
D41
330
17
100
AcDbEntity
  8
ESTRIBOS
 62
8
100
AcDbText
 10
343.55
 20
251.16666666666669
 30
0.0
 40
1.6
  1
Nº4 2R @80/@80
 72
1
 11
343.55
 21
251.16666666666669
 31
0.0
100
AcDbText
 73
2
  0
LINE
  5
D42
330
17
100
AcDbEntity
  8
ESTRIBOS
 62
8
370
9
100
AcDbLine
 10
357.05
 20
240.4666666666667
 30
0.0
 11
357.05
 21
263.4666666666667
 31
0.0
  0
LINE
  5
D43
330
17
100
AcDbEntity
  8
ESTRIBOS
 62
8
370
9
100
AcDbLine
 10
357.85
 20
240.4666666666667
 30
0.0
 11
357.85
 21
263.4666666666667
 31
0.0
  0
LINE
  5
D44
330
17
100
AcDbEntity
  8
ESTRIBOS
 62
8
370
9
100
AcDbLine
 10
358.65
 20
240.4666666666667
 30
0.0
 11
358.65
 21
263.4666666666667
 31
0.0
  0
LINE
  5
D45
330
17
100
AcDbEntity
  8
ESTRIBOS
 62
8
370
9
100
AcDbLine
 10
359.45
 20
240.4666666666667
 30
0.0
 11
359.45
 21
263.4666666666667
 31
0.0
  0
LINE
  5
D46
330
17
100
AcDbEntity
  8
ESTRIBOS
 62
8
370
9
100
AcDbLine
 10
360.25
 20
240.4666666666667
 30
0.0
 11
360.25
 21
263.4666666666667
 31
0.0
  0
LINE
  5
D47
330
17
100
AcDbEntity
  8
ESTRIBOS
 62
8
370
9
100
AcDbLine
 10
361.05
 20
240.4666666666667
 30
0.0
 11
361.05
 21
263.4666666666667
 31
0.0
  0
LINE
  5
D48
330
17
100
AcDbEntity
  8
ESTRIBOS
 62
8
370
9
100
AcDbLine
 10
361.85
 20
240.4666666666667
 30
0.0
 11
361.85
 21
263.4666666666667
 31
0.0
  0
LINE
  5
D49
330
17
100
AcDbEntity
  8
ESTRIBOS
 62
8
370
9
100
AcDbLine
 10
362.65
 20
240.4666666666667
 30
0.0
 11
362.65
 21
263.4666666666667
 31
0.0
  0
LINE
  5
D4A
330
17
100
AcDbEntity
  8
ESTRIBOS
 62
8
370
9
100
AcDbLine
 10
363.45
 20
240.4666666666667
 30
0.0
 11
363.45
 21
263.4666666666667
 31
0.0
  0
LINE
  5
D4B
330
17
100
AcDbEntity
  8
ESTRIBOS
 62
8
370
9
100
AcDbLine
 10
364.25
 20
240.4666666666667
 30
0.0
 11
364.25
 21
263.4666666666667
 31
0.0
  0
LINE
  5
D4C
330
17
100
AcDbEntity
  8
ESTRIBOS
 62
8
370
9
100
AcDbLine
 10
365.05
 20
240.4666666666667
 30
0.0
 11
365.05
 21
263.4666666666667
 31
0.0
  0
LINE
  5
D4D
330
17
100
AcDbEntity
  8
ESTRIBOS
 62
8
370
9
100
AcDbLine
 10
365.85
 20
240.4666666666667
 30
0.0
 11
365.85
 21
263.4666666666667
 31
0.0
  0
LINE
  5
D4E
330
17
100
AcDbEntity
  8
ESTRIBOS
 62
8
370
9
100
AcDbLine
 10
366.65
 20
240.4666666666667
 30
0.0
 11
366.65
 21
263.4666666666667
 31
0.0
  0
LINE
  5
D4F
330
17
100
AcDbEntity
  8
ESTRIBOS
 62
8
370
9
100
AcDbLine
 10
367.45
 20
240.4666666666667
 30
0.0
 11
367.45
 21
263.4666666666667
 31
0.0
  0
LINE
  5
D50
330
17
100
AcDbEntity
  8
ESTRIBOS
 62
8
370
9
100
AcDbLine
 10
368.35
 20
240.4666666666667
 30
0.0
 11
368.35
 21
263.4666666666667
 31
0.0
  0
LINE
  5
D51
330
17
100
AcDbEntity
  8
ESTRIBOS
 62
8
370
9
100
AcDbLine
 10
369.15
 20
240.4666666666667
 30
0.0
 11
369.15
 21
263.4666666666667
 31
0.0
  0
LINE
  5
D52
330
17
100
AcDbEntity
  8
ESTRIBOS
 62
8
370
9
100
AcDbLine
 10
369.95
 20
240.4666666666667
 30
0.0
 11
369.95
 21
263.4666666666667
 31
0.0
  0
LINE
  5
D53
330
17
100
AcDbEntity
  8
ESTRIBOS
 62
8
370
9
100
AcDbLine
 10
370.75
 20
240.4666666666667
 30
0.0
 11
370.75
 21
263.4666666666667
 31
0.0
  0
LINE
  5
D54
330
17
100
AcDbEntity
  8
ESTRIBOS
 62
8
370
9
100
AcDbLine
 10
371.55
 20
240.4666666666667
 30
0.0
 11
371.55
 21
263.4666666666667
 31
0.0
  0
LINE
  5
D55
330
17
100
AcDbEntity
  8
ESTRIBOS
 62
8
370
9
100
AcDbLine
 10
372.35
 20
240.4666666666667
 30
0.0
 11
372.35
 21
263.4666666666667
 31
0.0
  0
LINE
  5
D56
330
17
100
AcDbEntity
  8
ESTRIBOS
 62
8
370
9
100
AcDbLine
 10
373.15
 20
240.4666666666667
 30
0.0
 11
373.15
 21
263.4666666666667
 31
0.0
  0
LINE
  5
D57
330
17
100
AcDbEntity
  8
ESTRIBOS
 62
8
370
9
100
AcDbLine
 10
373.95
 20
240.4666666666667
 30
0.0
 11
373.95
 21
263.4666666666667
 31
0.0
  0
LINE
  5
D58
330
17
100
AcDbEntity
  8
ESTRIBOS
 62
8
370
9
100
AcDbLine
 10
374.75
 20
240.4666666666667
 30
0.0
 11
374.75
 21
263.4666666666667
 31
0.0
  0
LINE
  5
D59
330
17
100
AcDbEntity
  8
ESTRIBOS
 62
8
370
9
100
AcDbLine
 10
375.55
 20
240.4666666666667
 30
0.0
 11
375.55
 21
263.4666666666667
 31
0.0
  0
LINE
  5
D5A
330
17
100
AcDbEntity
  8
ESTRIBOS
 62
8
370
9
100
AcDbLine
 10
376.35
 20
240.4666666666667
 30
0.0
 11
376.35
 21
263.4666666666667
 31
0.0
  0
LINE
  5
D5B
330
17
100
AcDbEntity
  8
ESTRIBOS
 62
8
370
9
100
AcDbLine
 10
377.15
 20
240.4666666666667
 30
0.0
 11
377.15
 21
263.4666666666667
 31
0.0
  0
LINE
  5
D5C
330
17
100
AcDbEntity
  8
ESTRIBOS
 62
8
370
9
100
AcDbLine
 10
377.95
 20
240.4666666666667
 30
0.0
 11
377.95
 21
263.4666666666667
 31
0.0
  0
LINE
  5
D5D
330
17
100
AcDbEntity
  8
ESTRIBOS
 62
8
370
9
100
AcDbLine
 10
378.75
 20
240.4666666666667
 30
0.0
 11
378.75
 21
263.4666666666667
 31
0.0
  0
LINE
  5
D5E
330
17
100
AcDbEntity
  8
ESTRIBOS
 62
8
370
9
100
AcDbLine
 10
379.55
 20
240.4666666666667
 30
0.0
 11
379.55
 21
263.4666666666667
 31
0.0
  0
LINE
  5
D5F
330
17
100
AcDbEntity
  8
ESTRIBOS
 62
8
370
9
100
AcDbLine
 10
380.35
 20
240.4666666666667
 30
0.0
 11
380.35
 21
263.4666666666667
 31
0.0
  0
LINE
  5
D60
330
17
100
AcDbEntity
  8
ESTRIBOS
 62
8
370
9
100
AcDbLine
 10
381.15
 20
240.4666666666667
 30
0.0
 11
381.15
 21
263.4666666666667
 31
0.0
  0
LINE
  5
D61
330
17
100
AcDbEntity
  8
ESTRIBOS
 62
8
370
9
100
AcDbLine
 10
381.95
 20
240.4666666666667
 30
0.0
 11
381.95
 21
263.4666666666667
 31
0.0
  0
LINE
  5
D62
330
17
100
AcDbEntity
  8
ESTRIBOS
 62
8
370
9
100
AcDbLine
 10
382.15
 20
240.4666666666667
 30
0.0
 11
382.15
 21
263.4666666666667
 31
0.0
  0
LINE
  5
D63
330
17
100
AcDbEntity
  8
ESTRIBOS
 62
8
370
9
100
AcDbLine
 10
382.95
 20
240.4666666666667
 30
0.0
 11
382.95
 21
263.4666666666667
 31
0.0
  0
LINE
  5
D64
330
17
100
AcDbEntity
  8
ESTRIBOS
 62
8
370
9
100
AcDbLine
 10
383.75
 20
240.4666666666667
 30
0.0
 11
383.75
 21
263.4666666666667
 31
0.0
  0
LINE
  5
D65
330
17
100
AcDbEntity
  8
ESTRIBOS
 62
8
370
9
100
AcDbLine
 10
384.55
 20
240.4666666666667
 30
0.0
 11
384.55
 21
263.4666666666667
 31
0.0
  0
LINE
  5
D66
330
17
100
AcDbEntity
  8
ESTRIBOS
 62
8
370
9
100
AcDbLine
 10
385.35
 20
240.4666666666667
 30
0.0
 11
385.35
 21
263.4666666666667
 31
0.0
  0
LINE
  5
D67
330
17
100
AcDbEntity
  8
ESTRIBOS
 62
8
370
9
100
AcDbLine
 10
386.15
 20
240.4666666666667
 30
0.0
 11
386.15
 21
263.4666666666667
 31
0.0
  0
LINE
  5
D68
330
17
100
AcDbEntity
  8
ESTRIBOS
 62
8
370
9
100
AcDbLine
 10
386.95
 20
240.4666666666667
 30
0.0
 11
386.95
 21
263.4666666666667
 31
0.0
  0
LINE
  5
D69
330
17
100
AcDbEntity
  8
ESTRIBOS
 62
8
370
9
100
AcDbLine
 10
387.75
 20
240.4666666666667
 30
0.0
 11
387.75
 21
263.4666666666667
 31
0.0
  0
LINE
  5
D6A
330
17
100
AcDbEntity
  8
ESTRIBOS
 62
8
370
9
100
AcDbLine
 10
388.55
 20
240.4666666666667
 30
0.0
 11
388.55
 21
263.4666666666667
 31
0.0
  0
LINE
  5
D6B
330
17
100
AcDbEntity
  8
ESTRIBOS
 62
8
370
9
100
AcDbLine
 10
389.35
 20
240.4666666666667
 30
0.0
 11
389.35
 21
263.4666666666667
 31
0.0
  0
LINE
  5
D6C
330
17
100
AcDbEntity
  8
ESTRIBOS
 62
8
370
9
100
AcDbLine
 10
390.15
 20
240.4666666666667
 30
0.0
 11
390.15
 21
263.4666666666667
 31
0.0
  0
LINE
  5
D6D
330
17
100
AcDbEntity
  8
ESTRIBOS
 62
8
370
9
100
AcDbLine
 10
390.95
 20
240.4666666666667
 30
0.0
 11
390.95
 21
263.4666666666667
 31
0.0
  0
LINE
  5
D6E
330
17
100
AcDbEntity
  8
ESTRIBOS
 62
8
370
9
100
AcDbLine
 10
391.75
 20
240.4666666666667
 30
0.0
 11
391.75
 21
263.4666666666667
 31
0.0
  0
LINE
  5
D6F
330
17
100
AcDbEntity
  8
ESTRIBOS
 62
8
370
9
100
AcDbLine
 10
392.55
 20
240.4666666666667
 30
0.0
 11
392.55
 21
263.4666666666667
 31
0.0
  0
TEXT
  5
D70
330
17
100
AcDbEntity
  8
ESTRIBOS
 62
8
100
AcDbText
 10
374.8
 20
251.16666666666669
 30
0.0
 40
1.6
  1
Nº4 2R @80/@80
 72
1
 11
374.8
 21
251.16666666666669
 31
0.0
100
AcDbText
 73
2
  0
LINE
  5
D71
330
17
100
AcDbEntity
  8
ESTRIBOS
 62
8
370
9
100
AcDbLine
 10
393.55
 20
240.4666666666667
 30
0.0
 11
393.55
 21
263.4666666666667
 31
0.0
  0
LINE
  5
D72
330
17
100
AcDbEntity
  8
ESTRIBOS
 62
8
370
9
100
AcDbLine
 10
394.35
 20
240.4666666666667
 30
0.0
 11
394.35
 21
263.4666666666667
 31
0.0
  0
LINE
  5
D73
330
17
100
AcDbEntity
  8
ESTRIBOS
 62
8
370
9
100
AcDbLine
 10
395.15
 20
240.4666666666667
 30
0.0
 11
395.15
 21
263.4666666666667
 31
0.0
  0
LINE
  5
D74
330
17
100
AcDbEntity
  8
ESTRIBOS
 62
8
370
9
100
AcDbLine
 10
395.95
 20
240.4666666666667
 30
0.0
 11
395.95
 21
263.4666666666667
 31
0.0
  0
LINE
  5
D75
330
17
100
AcDbEntity
  8
ESTRIBOS
 62
8
370
9
100
AcDbLine
 10
396.75
 20
240.4666666666667
 30
0.0
 11
396.75
 21
263.4666666666667
 31
0.0
  0
LINE
  5
D76
330
17
100
AcDbEntity
  8
ESTRIBOS
 62
8
370
9
100
AcDbLine
 10
397.55
 20
240.4666666666667
 30
0.0
 11
397.55
 21
263.4666666666667
 31
0.0
  0
LINE
  5
D77
330
17
100
AcDbEntity
  8
ESTRIBOS
 62
8
370
9
100
AcDbLine
 10
398.35
 20
240.4666666666667
 30
0.0
 11
398.35
 21
263.4666666666667
 31
0.0
  0
LINE
  5
D78
330
17
100
AcDbEntity
  8
ESTRIBOS
 62
8
370
9
100
AcDbLine
 10
399.15
 20
240.4666666666667
 30
0.0
 11
399.15
 21
263.4666666666667
 31
0.0
  0
LINE
  5
D79
330
17
100
AcDbEntity
  8
ESTRIBOS
 62
8
370
9
100
AcDbLine
 10
399.95
 20
240.4666666666667
 30
0.0
 11
399.95
 21
263.4666666666667
 31
0.0
  0
LINE
  5
D7A
330
17
100
AcDbEntity
  8
ESTRIBOS
 62
8
370
9
100
AcDbLine
 10
400.75
 20
240.4666666666667
 30
0.0
 11
400.75
 21
263.4666666666667
 31
0.0
  0
LINE
  5
D7B
330
17
100
AcDbEntity
  8
ESTRIBOS
 62
8
370
9
100
AcDbLine
 10
401.55
 20
240.4666666666667
 30
0.0
 11
401.55
 21
263.4666666666667
 31
0.0
  0
LINE
  5
D7C
330
17
100
AcDbEntity
  8
ESTRIBOS
 62
8
370
9
100
AcDbLine
 10
402.35
 20
240.4666666666667
 30
0.0
 11
402.35
 21
263.4666666666667
 31
0.0
  0
LINE
  5
D7D
330
17
100
AcDbEntity
  8
ESTRIBOS
 62
8
370
9
100
AcDbLine
 10
403.15
 20
240.4666666666667
 30
0.0
 11
403.15
 21
263.4666666666667
 31
0.0
  0
LINE
  5
D7E
330
17
100
AcDbEntity
  8
ESTRIBOS
 62
8
370
9
100
AcDbLine
 10
403.95
 20
240.4666666666667
 30
0.0
 11
403.95
 21
263.4666666666667
 31
0.0
  0
LINE
  5
D7F
330
17
100
AcDbEntity
  8
ESTRIBOS
 62
8
370
9
100
AcDbLine
 10
404.85
 20
240.4666666666667
 30
0.0
 11
404.85
 21
263.4666666666667
 31
0.0
  0
LINE
  5
D80
330
17
100
AcDbEntity
  8
ESTRIBOS
 62
8
370
9
100
AcDbLine
 10
405.65
 20
240.4666666666667
 30
0.0
 11
405.65
 21
263.4666666666667
 31
0.0
  0
LINE
  5
D81
330
17
100
AcDbEntity
  8
ESTRIBOS
 62
8
370
9
100
AcDbLine
 10
406.45
 20
240.4666666666667
 30
0.0
 11
406.45
 21
263.4666666666667
 31
0.0
  0
LINE
  5
D82
330
17
100
AcDbEntity
  8
ESTRIBOS
 62
8
370
9
100
AcDbLine
 10
407.25
 20
240.4666666666667
 30
0.0
 11
407.25
 21
263.4666666666667
 31
0.0
  0
LINE
  5
D83
330
17
100
AcDbEntity
  8
ESTRIBOS
 62
8
370
9
100
AcDbLine
 10
408.15
 20
240.4666666666667
 30
0.0
 11
408.15
 21
263.4666666666667
 31
0.0
  0
LINE
  5
D84
330
17
100
AcDbEntity
  8
ESTRIBOS
 62
8
370
9
100
AcDbLine
 10
408.95
 20
240.4666666666667
 30
0.0
 11
408.95
 21
263.4666666666667
 31
0.0
  0
LINE
  5
D85
330
17
100
AcDbEntity
  8
ESTRIBOS
 62
8
370
9
100
AcDbLine
 10
409.75
 20
240.4666666666667
 30
0.0
 11
409.75
 21
263.4666666666667
 31
0.0
  0
LINE
  5
D86
330
17
100
AcDbEntity
  8
ESTRIBOS
 62
8
370
9
100
AcDbLine
 10
410.55
 20
240.4666666666667
 30
0.0
 11
410.55
 21
263.4666666666667
 31
0.0
  0
LINE
  5
D87
330
17
100
AcDbEntity
  8
ESTRIBOS
 62
8
370
9
100
AcDbLine
 10
411.35
 20
240.4666666666667
 30
0.0
 11
411.35
 21
263.4666666666667
 31
0.0
  0
LINE
  5
D88
330
17
100
AcDbEntity
  8
ESTRIBOS
 62
8
370
9
100
AcDbLine
 10
412.15
 20
240.4666666666667
 30
0.0
 11
412.15
 21
263.4666666666667
 31
0.0
  0
LINE
  5
D89
330
17
100
AcDbEntity
  8
ESTRIBOS
 62
8
370
9
100
AcDbLine
 10
412.95
 20
240.4666666666667
 30
0.0
 11
412.95
 21
263.4666666666667
 31
0.0
  0
LINE
  5
D8A
330
17
100
AcDbEntity
  8
ESTRIBOS
 62
8
370
9
100
AcDbLine
 10
413.75
 20
240.4666666666667
 30
0.0
 11
413.75
 21
263.4666666666667
 31
0.0
  0
LINE
  5
D8B
330
17
100
AcDbEntity
  8
ESTRIBOS
 62
8
370
9
100
AcDbLine
 10
414.55
 20
240.4666666666667
 30
0.0
 11
414.55
 21
263.4666666666667
 31
0.0
  0
LINE
  5
D8C
330
17
100
AcDbEntity
  8
ESTRIBOS
 62
8
370
9
100
AcDbLine
 10
415.35
 20
240.4666666666667
 30
0.0
 11
415.35
 21
263.4666666666667
 31
0.0
  0
LINE
  5
D8D
330
17
100
AcDbEntity
  8
ESTRIBOS
 62
8
370
9
100
AcDbLine
 10
416.15
 20
240.4666666666667
 30
0.0
 11
416.15
 21
263.4666666666667
 31
0.0
  0
LINE
  5
D8E
330
17
100
AcDbEntity
  8
ESTRIBOS
 62
8
370
9
100
AcDbLine
 10
416.95
 20
240.4666666666667
 30
0.0
 11
416.95
 21
263.4666666666667
 31
0.0
  0
LINE
  5
D8F
330
17
100
AcDbEntity
  8
ESTRIBOS
 62
8
370
9
100
AcDbLine
 10
417.75
 20
240.4666666666667
 30
0.0
 11
417.75
 21
263.4666666666667
 31
0.0
  0
LINE
  5
D90
330
17
100
AcDbEntity
  8
ESTRIBOS
 62
8
370
9
100
AcDbLine
 10
418.55
 20
240.4666666666667
 30
0.0
 11
418.55
 21
263.4666666666667
 31
0.0
  0
TEXT
  5
D91
330
17
100
AcDbEntity
  8
ESTRIBOS
 62
8
100
AcDbText
 10
406.05
 20
251.16666666666669
 30
0.0
 40
1.6
  1
Nº4 2R @80/@80
 72
1
 11
406.05
 21
251.16666666666669
 31
0.0
100
AcDbText
 73
2
  0
LWPOLYLINE
  5
D92
330
17
100
AcDbEntity
  8
ACERO_SUP_CONT
 62
4
370
35
100
AcDbPolyline
 90
4
 70
0
 10
57.05
 20
256.4666666666667
 10
57.05
 20
262.4666666666667
 10
419.05
 20
262.4666666666667
 10
419.05
 20
256.4666666666667
  0
TEXT
  5
D93
330
17
100
AcDbEntity
  8
ACERO_SUP_CONT
 62
4
100
AcDbText
 10
238.05
 20
265.4666666666667
 30
0.0
 40
2.2
  1
M1  2#5 CONT.  Lc=36210 mm
 72
1
 11
238.05
 21
265.4666666666667
 31
0.0
100
AcDbText
 73
2
  0
LWPOLYLINE
  5
D94
330
17
100
AcDbEntity
  8
ACERO_SUP_APOYO
 62
5
370
30
100
AcDbPolyline
 90
3
 70
0
 10
54.0
 20
254.9666666666667
 10
54.0
 20
259.9666666666667
 10
63.55
 20
259.9666666666667
  0
TEXT
  5
D95
330
17
100
AcDbEntity
  8
ACERO_SUP_APOYO
 62
5
100
AcDbText
 10
57.05
 20
261.4666666666667
 30
0.0
 40
1.7
  1
M2 3#5 L=805
 72
1
 11
57.05
 21
261.4666666666667
 31
0.0
100
AcDbText
 73
2
  0
LWPOLYLINE
  5
D96
330
17
100
AcDbEntity
  8
ACERO_SUP_APOYO
 62
5
370
30
100
AcDbPolyline
 90
2
 70
0
 10
76.55
 20
257.7666666666667
 10
92.175
 20
257.7666666666667
  0
TEXT
  5
D97
330
17
100
AcDbEntity
  8
ACERO_SUP_APOYO
 62
5
100
AcDbText
 10
83.05
 20
259.2666666666667
 30
0.0
 40
1.7
  1
M2 3#5 L=2062
 72
1
 11
83.05
 21
259.2666666666667
 31
0.0
100
AcDbText
 73
2
  0
LWPOLYLINE
  5
D98
330
17
100
AcDbEntity
  8
ACERO_SUP_APOYO
 62
5
370
30
100
AcDbPolyline
 90
2
 70
0
 10
110.425
 20
259.9666666666667
 10
126.05
 20
259.9666666666667
  0
TEXT
  5
D99
330
17
100
AcDbEntity
  8
ACERO_SUP_APOYO
 62
5
100
AcDbText
 10
119.55
 20
261.4666666666667
 30
0.0
 40
1.7
  1
M2 3#5 L=2062
 72
1
 11
119.55
 21
261.4666666666667
 31
0.0
100
AcDbText
 73
2
  0
LWPOLYLINE
  5
D9A
330
17
100
AcDbEntity
  8
ACERO_SUP_APOYO
 62
5
370
30
100
AcDbPolyline
 90
2
 70
0
 10
139.05
 20
257.7666666666667
 10
151.8
 20
257.7666666666667
  0
TEXT
  5
D9B
330
17
100
AcDbEntity
  8
ACERO_SUP_APOYO
 62
5
100
AcDbText
 10
145.55
 20
259.2666666666667
 30
0.0
 40
1.7
  1
M2 3#5 L=1775
 72
1
 11
145.55
 21
259.2666666666667
 31
0.0
100
AcDbText
 73
2
  0
LWPOLYLINE
  5
D9C
330
17
100
AcDbEntity
  8
ACERO_SUP_APOYO
 62
5
370
30
100
AcDbPolyline
 90
2
 70
0
 10
164.3
 20
259.9666666666667
 10
180.55
 20
259.9666666666667
  0
TEXT
  5
D9D
330
17
100
AcDbEntity
  8
ACERO_SUP_APOYO
 62
5
100
AcDbText
 10
170.55
 20
261.4666666666667
 30
0.0
 40
1.7
  1
M2 3#5 L=2125
 72
1
 11
170.55
 21
261.4666666666667
 31
0.0
100
AcDbText
 73
2
  0
LWPOLYLINE
  5
D9E
330
17
100
AcDbEntity
  8
ACERO_SUP_APOYO
 62
5
370
30
100
AcDbPolyline
 90
2
 70
0
 10
200.55
 20
257.7666666666667
 10
224.3
 20
257.7666666666667
  0
TEXT
  5
D9F
330
17
100
AcDbEntity
  8
ACERO_SUP_APOYO
 62
5
100
AcDbText
 10
210.55
 20
259.2666666666667
 30
0.0
 40
1.7
  1
M2 3#5 L=2875
 72
1
 11
210.55
 21
259.2666666666667
 31
0.0
100
AcDbText
 73
2
  0
LWPOLYLINE
  5
DA0
330
17
100
AcDbEntity
  8
ACERO_SUP_APOYO
 62
5
370
30
100
AcDbPolyline
 90
2
 70
0
 10
251.8
 20
259.9666666666667
 10
275.55
 20
259.9666666666667
  0
TEXT
  5
DA1
330
17
100
AcDbEntity
  8
ACERO_SUP_APOYO
 62
5
100
AcDbText
 10
265.55
 20
261.4666666666667
 30
0.0
 40
1.7
  1
M2 3#5 L=2875
 72
1
 11
265.55
 21
261.4666666666667
 31
0.0
100
AcDbText
 73
2
  0
LWPOLYLINE
  5
DA2
330
17
100
AcDbEntity
  8
ACERO_SUP_APOYO
 62
5
370
30
100
AcDbPolyline
 90
2
 70
0
 10
295.55
 20
257.7666666666667
 10
311.8
 20
257.7666666666667
  0
TEXT
  5
DA3
330
17
100
AcDbEntity
  8
ACERO_SUP_APOYO
 62
5
100
AcDbText
 10
305.55
 20
259.2666666666667
 30
0.0
 40
1.7
  1
M2 3#5 L=2125
 72
1
 11
305.55
 21
259.2666666666667
 31
0.0
100
AcDbText
 73
2
  0
LWPOLYLINE
  5
DA4
330
17
100
AcDbEntity
  8
ACERO_SUP_APOYO
 62
5
370
30
100
AcDbPolyline
 90
2
 70
0
 10
324.3
 20
259.9666666666667
 10
337.05
 20
259.9666666666667
  0
TEXT
  5
DA5
330
17
100
AcDbEntity
  8
ACERO_SUP_APOYO
 62
5
100
AcDbText
 10
330.55
 20
261.4666666666667
 30
0.0
 40
1.7
  1
M2 3#5 L=1775
 72
1
 11
330.55
 21
261.4666666666667
 31
0.0
100
AcDbText
 73
2
  0
LWPOLYLINE
  5
DA6
330
17
100
AcDbEntity
  8
ACERO_SUP_APOYO
 62
5
370
30
100
AcDbPolyline
 90
2
 70
0
 10
350.05
 20
257.7666666666667
 10
365.675
 20
257.7666666666667
  0
TEXT
  5
DA7
330
17
100
AcDbEntity
  8
ACERO_SUP_APOYO
 62
5
100
AcDbText
 10
356.55
 20
259.2666666666667
 30
0.0
 40
1.7
  1
M2 3#5 L=2062
 72
1
 11
356.55
 21
259.2666666666667
 31
0.0
100
AcDbText
 73
2
  0
LWPOLYLINE
  5
DA8
330
17
100
AcDbEntity
  8
ACERO_SUP_APOYO
 62
5
370
30
100
AcDbPolyline
 90
2
 70
0
 10
383.925
 20
259.9666666666667
 10
399.55
 20
259.9666666666667
  0
TEXT
  5
DA9
330
17
100
AcDbEntity
  8
ACERO_SUP_APOYO
 62
5
100
AcDbText
 10
393.05
 20
261.4666666666667
 30
0.0
 40
1.7
  1
M2 3#5 L=2062
 72
1
 11
393.05
 21
261.4666666666667
 31
0.0
100
AcDbText
 73
2
  0
LWPOLYLINE
  5
DAA
330
17
100
AcDbEntity
  8
ACERO_SUP_APOYO
 62
5
370
30
100
AcDbPolyline
 90
3
 70
0
 10
412.55
 20
257.7666666666667
 10
422.1
 20
257.7666666666667
 10
422.1
 20
252.7666666666667
  0
TEXT
  5
DAB
330
17
100
AcDbEntity
  8
ACERO_SUP_APOYO
 62
5
100
AcDbText
 10
419.05
 20
259.2666666666667
 30
0.0
 40
1.7
  1
M2 3#5 L=805
 72
1
 11
419.05
 21
259.2666666666667
 31
0.0
100
AcDbText
 73
2
  0
LWPOLYLINE
  5
DAC
330
17
100
AcDbEntity
  8
ACERO_INF
 62
1
370
35
100
AcDbPolyline
 90
4
 70
0
 10
58.55
 20
246.4666666666667
 10
58.55
 20
241.4666666666667
 10
81.55
 20
241.4666666666667
 10
81.55
 20
246.4666666666667
  0
TEXT
  5
DAD
330
17
100
AcDbEntity
  8
ACERO_INF
 62
1
100
AcDbText
 10
70.05
 20
238.7666666666667
 30
0.0
 40
1.7
  1
M3 5#5 L=2610
 72
1
 11
70.05
 21
238.7666666666667
 31
0.0
100
AcDbText
 73
2
  0
LWPOLYLINE
  5
DAE
330
17
100
AcDbEntity
  8
ACERO_INF
 62
1
370
35
100
AcDbPolyline
 90
4
 70
0
 10
84.55
 20
248.2666666666667
 10
84.55
 20
243.2666666666667
 10
118.05
 20
243.2666666666667
 10
118.05
 20
248.2666666666667
  0
TEXT
  5
DAF
330
17
100
AcDbEntity
  8
ACERO_INF
 62
1
100
AcDbText
 10
101.3
 20
240.56666666666672
 30
0.0
 40
1.7
  1
M3 5#5 L=3660
 72
1
 11
101.3
 21
240.56666666666672
 31
0.0
100
AcDbText
 73
2
  0
LWPOLYLINE
  5
DB0
330
17
100
AcDbEntity
  8
ACERO_INF
 62
1
370
35
100
AcDbPolyline
 90
4
 70
0
 10
121.05
 20
246.4666666666667
 10
121.05
 20
241.4666666666667
 10
144.05
 20
241.4666666666667
 10
144.05
 20
246.4666666666667
  0
TEXT
  5
DB1
330
17
100
AcDbEntity
  8
ACERO_INF
 62
1
100
AcDbText
 10
132.55
 20
238.7666666666667
 30
0.0
 40
1.7
  1
M3 5#5 L=2610
 72
1
 11
132.55
 21
238.7666666666667
 31
0.0
100
AcDbText
 73
2
  0
LWPOLYLINE
  5
DB2
330
17
100
AcDbEntity
  8
ACERO_INF
 62
1
370
35
100
AcDbPolyline
 90
4
 70
0
 10
147.05
 20
248.2666666666667
 10
147.05
 20
243.2666666666667
 10
169.05
 20
243.2666666666667
 10
169.05
 20
248.2666666666667
  0
TEXT
  5
DB3
330
17
100
AcDbEntity
  8
ACERO_INF
 62
1
100
AcDbText
 10
158.05
 20
240.56666666666672
 30
0.0
 40
1.7
  1
M3 5#5 L=2510
 72
1
 11
158.05
 21
240.56666666666672
 31
0.0
100
AcDbText
 73
2
  0
LWPOLYLINE
  5
DB4
330
17
100
AcDbEntity
  8
ACERO_INF
 62
1
370
35
100
AcDbPolyline
 90
4
 70
0
 10
172.05
 20
246.4666666666667
 10
172.05
 20
241.4666666666667
 10
209.05
 20
241.4666666666667
 10
209.05
 20
246.4666666666667
  0
TEXT
  5
DB5
330
17
100
AcDbEntity
  8
ACERO_INF
 62
1
100
AcDbText
 10
190.55
 20
238.7666666666667
 30
0.0
 40
1.7
  1
M3 5#5 L=4010
 72
1
 11
190.55
 21
238.7666666666667
 31
0.0
100
AcDbText
 73
2
  0
LWPOLYLINE
  5
DB6
330
17
100
AcDbEntity
  8
ACERO_INF
 62
1
370
35
100
AcDbPolyline
 90
4
 70
0
 10
212.05
 20
248.2666666666667
 10
212.05
 20
243.2666666666667
 10
264.05
 20
243.2666666666667
 10
264.05
 20
248.2666666666667
  0
TEXT
  5
DB7
330
17
100
AcDbEntity
  8
ACERO_INF
 62
1
100
AcDbText
 10
238.05
 20
240.56666666666672
 30
0.0
 40
1.7
  1
M3 5#5 L=5510
 72
1
 11
238.05
 21
240.56666666666672
 31
0.0
100
AcDbText
 73
2
  0
LWPOLYLINE
  5
DB8
330
17
100
AcDbEntity
  8
ACERO_INF
 62
1
370
35
100
AcDbPolyline
 90
4
 70
0
 10
267.05
 20
246.4666666666667
 10
267.05
 20
241.4666666666667
 10
304.05
 20
241.4666666666667
 10
304.05
 20
246.4666666666667
  0
TEXT
  5
DB9
330
17
100
AcDbEntity
  8
ACERO_INF
 62
1
100
AcDbText
 10
285.55
 20
238.7666666666667
 30
0.0
 40
1.7
  1
M3 5#5 L=4010
 72
1
 11
285.55
 21
238.7666666666667
 31
0.0
100
AcDbText
 73
2
  0
LWPOLYLINE
  5
DBA
330
17
100
AcDbEntity
  8
ACERO_INF
 62
1
370
35
100
AcDbPolyline
 90
4
 70
0
 10
307.05
 20
248.2666666666667
 10
307.05
 20
243.2666666666667
 10
329.05
 20
243.2666666666667
 10
329.05
 20
248.2666666666667
  0
TEXT
  5
DBB
330
17
100
AcDbEntity
  8
ACERO_INF
 62
1
100
AcDbText
 10
318.05
 20
240.56666666666672
 30
0.0
 40
1.7
  1
M3 5#5 L=2510
 72
1
 11
318.05
 21
240.56666666666672
 31
0.0
100
AcDbText
 73
2
  0
LWPOLYLINE
  5
DBC
330
17
100
AcDbEntity
  8
ACERO_INF
 62
1
370
35
100
AcDbPolyline
 90
4
 70
0
 10
332.05
 20
246.4666666666667
 10
332.05
 20
241.4666666666667
 10
355.05
 20
241.4666666666667
 10
355.05
 20
246.4666666666667
  0
TEXT
  5
DBD
330
17
100
AcDbEntity
  8
ACERO_INF
 62
1
100
AcDbText
 10
343.55
 20
238.7666666666667
 30
0.0
 40
1.7
  1
M3 5#5 L=2610
 72
1
 11
343.55
 21
238.7666666666667
 31
0.0
100
AcDbText
 73
2
  0
LWPOLYLINE
  5
DBE
330
17
100
AcDbEntity
  8
ACERO_INF
 62
1
370
35
100
AcDbPolyline
 90
4
 70
0
 10
358.05
 20
248.2666666666667
 10
358.05
 20
243.2666666666667
 10
391.55
 20
243.2666666666667
 10
391.55
 20
248.2666666666667
  0
TEXT
  5
DBF
330
17
100
AcDbEntity
  8
ACERO_INF
 62
1
100
AcDbText
 10
374.8
 20
240.56666666666672
 30
0.0
 40
1.7
  1
M3 5#5 L=3660
 72
1
 11
374.8
 21
240.56666666666672
 31
0.0
100
AcDbText
 73
2
  0
LWPOLYLINE
  5
DC0
330
17
100
AcDbEntity
  8
ACERO_INF
 62
1
370
35
100
AcDbPolyline
 90
4
 70
0
 10
394.55
 20
246.4666666666667
 10
394.55
 20
241.4666666666667
 10
417.55
 20
241.4666666666667
 10
417.55
 20
246.4666666666667
  0
TEXT
  5
DC1
330
17
100
AcDbEntity
  8
ACERO_INF
 62
1
100
AcDbText
 10
406.05
 20
238.7666666666667
 30
0.0
 40
1.7
  1
M3 5#5 L=2610
 72
1
 11
406.05
 21
238.7666666666667
 31
0.0
100
AcDbText
 73
2
  0
LINE
  5
DC2
330
17
100
AcDbEntity
  8
CORTE
 62
6
370
13
100
AcDbLine
 10
61.73
 20
236.9666666666667
 30
0.0
 11
61.73
 21
266.9666666666667
 31
0.0
  0
TEXT
  5
DC3
330
17
100
AcDbEntity
  8
CORTE
 62
6
100
AcDbText
 10
61.73
 20
271.9666666666667
 30
0.0
 40
2.0
  1
A
 72
1
 11
61.73
 21
271.9666666666667
 31
0.0
100
AcDbText
 73
2
  0
LINE
  5
DC4
330
17
100
AcDbEntity
  8
CORTE
 62
6
370
13
100
AcDbLine
 10
247.95000000000002
 20
236.9666666666667
 30
0.0
 11
247.95000000000002
 21
266.9666666666667
 31
0.0
  0
TEXT
  5
DC5
330
17
100
AcDbEntity
  8
CORTE
 62
6
100
AcDbText
 10
247.95000000000002
 20
271.9666666666667
 30
0.0
 40
2.0
  1
B
 72
1
 11
247.95000000000002
 21
271.9666666666667
 31
0.0
100
AcDbText
 73
2
  0
LINE
  5
DC6
330
17
100
AcDbEntity
  8
CORTE
 62
6
370
13
100
AcDbLine
 10
414.37
 20
236.9666666666667
 30
0.0
 11
414.37
 21
266.9666666666667
 31
0.0
  0
TEXT
  5
DC7
330
17
100
AcDbEntity
  8
CORTE
 62
6
100
AcDbText
 10
414.37
 20
271.9666666666667
 30
0.0
 40
2.0
  1
C
 72
1
 11
414.37
 21
271.9666666666667
 31
0.0
100
AcDbText
 73
2
  0
LINE
  5
DC8
330
17
100
AcDbEntity
  8
COTAS
 62
3
370
13
100
AcDbLine
 10
57.05
 20
229.4666666666667
 30
0.0
 11
83.05
 21
229.4666666666667
 31
0.0
  0
LINE
  5
DC9
330
17
100
AcDbEntity
  8
COTAS
 62
3
370
13
100
AcDbLine
 10
57.05
 20
228.2666666666667
 30
0.0
 11
57.05
 21
230.66666666666669
 31
0.0
  0
LINE
  5
DCA
330
17
100
AcDbEntity
  8
COTAS
 62
3
370
13
100
AcDbLine
 10
83.05
 20
228.2666666666667
 30
0.0
 11
83.05
 21
230.66666666666669
 31
0.0
  0
TEXT
  5
DCB
330
17
100
AcDbEntity
  8
COTAS
 62
3
100
AcDbText
 10
70.05
 20
230.4666666666667
 30
0.0
 40
1.8
  1
2.600 m
 72
1
 11
70.05
 21
230.4666666666667
 31
0.0
100
AcDbText
 73
2
  0
TEXT
  5
DCC
330
17
100
AcDbEntity
  8
TEXTO
 62
7
100
AcDbText
 10
70.05
 20
226.2666666666667
 30
0.0
 40
1.55
  1
F1
 72
1
 11
70.05
 21
226.2666666666667
 31
0.0
100
AcDbText
 73
2
  0
LINE
  5
DCD
330
17
100
AcDbEntity
  8
COTAS
 62
3
370
13
100
AcDbLine
 10
83.05
 20
229.4666666666667
 30
0.0
 11
119.55
 21
229.4666666666667
 31
0.0
  0
LINE
  5
DCE
330
17
100
AcDbEntity
  8
COTAS
 62
3
370
13
100
AcDbLine
 10
83.05
 20
228.2666666666667
 30
0.0
 11
83.05
 21
230.66666666666669
 31
0.0
  0
LINE
  5
DCF
330
17
100
AcDbEntity
  8
COTAS
 62
3
370
13
100
AcDbLine
 10
119.55
 20
228.2666666666667
 30
0.0
 11
119.55
 21
230.66666666666669
 31
0.0
  0
TEXT
  5
DD0
330
17
100
AcDbEntity
  8
COTAS
 62
3
100
AcDbText
 10
101.3
 20
230.4666666666667
 30
0.0
 40
1.8
  1
3.650 m
 72
1
 11
101.3
 21
230.4666666666667
 31
0.0
100
AcDbText
 73
2
  0
TEXT
  5
DD1
330
17
100
AcDbEntity
  8
TEXTO
 62
7
100
AcDbText
 10
101.3
 20
226.2666666666667
 30
0.0
 40
1.55
  1
F2
 72
1
 11
101.3
 21
226.2666666666667
 31
0.0
100
AcDbText
 73
2
  0
LINE
  5
DD2
330
17
100
AcDbEntity
  8
COTAS
 62
3
370
13
100
AcDbLine
 10
119.55
 20
229.4666666666667
 30
0.0
 11
145.55
 21
229.4666666666667
 31
0.0
  0
LINE
  5
DD3
330
17
100
AcDbEntity
  8
COTAS
 62
3
370
13
100
AcDbLine
 10
119.55
 20
228.2666666666667
 30
0.0
 11
119.55
 21
230.66666666666669
 31
0.0
  0
LINE
  5
DD4
330
17
100
AcDbEntity
  8
COTAS
 62
3
370
13
100
AcDbLine
 10
145.55
 20
228.2666666666667
 30
0.0
 11
145.55
 21
230.66666666666669
 31
0.0
  0
TEXT
  5
DD5
330
17
100
AcDbEntity
  8
COTAS
 62
3
100
AcDbText
 10
132.55
 20
230.4666666666667
 30
0.0
 40
1.8
  1
2.600 m
 72
1
 11
132.55
 21
230.4666666666667
 31
0.0
100
AcDbText
 73
2
  0
TEXT
  5
DD6
330
17
100
AcDbEntity
  8
TEXTO
 62
7
100
AcDbText
 10
132.55
 20
226.2666666666667
 30
0.0
 40
1.55
  1
F3
 72
1
 11
132.55
 21
226.2666666666667
 31
0.0
100
AcDbText
 73
2
  0
LINE
  5
DD7
330
17
100
AcDbEntity
  8
COTAS
 62
3
370
13
100
AcDbLine
 10
145.55
 20
229.4666666666667
 30
0.0
 11
170.55
 21
229.4666666666667
 31
0.0
  0
LINE
  5
DD8
330
17
100
AcDbEntity
  8
COTAS
 62
3
370
13
100
AcDbLine
 10
145.55
 20
228.2666666666667
 30
0.0
 11
145.55
 21
230.66666666666669
 31
0.0
  0
LINE
  5
DD9
330
17
100
AcDbEntity
  8
COTAS
 62
3
370
13
100
AcDbLine
 10
170.55
 20
228.2666666666667
 30
0.0
 11
170.55
 21
230.66666666666669
 31
0.0
  0
TEXT
  5
DDA
330
17
100
AcDbEntity
  8
COTAS
 62
3
100
AcDbText
 10
158.05
 20
230.4666666666667
 30
0.0
 40
1.8
  1
2.500 m
 72
1
 11
158.05
 21
230.4666666666667
 31
0.0
100
AcDbText
 73
2
  0
TEXT
  5
DDB
330
17
100
AcDbEntity
  8
TEXTO
 62
7
100
AcDbText
 10
158.05
 20
226.2666666666667
 30
0.0
 40
1.55
  1
F4
 72
1
 11
158.05
 21
226.2666666666667
 31
0.0
100
AcDbText
 73
2
  0
LINE
  5
DDC
330
17
100
AcDbEntity
  8
COTAS
 62
3
370
13
100
AcDbLine
 10
170.55
 20
229.4666666666667
 30
0.0
 11
210.55
 21
229.4666666666667
 31
0.0
  0
LINE
  5
DDD
330
17
100
AcDbEntity
  8
COTAS
 62
3
370
13
100
AcDbLine
 10
170.55
 20
228.2666666666667
 30
0.0
 11
170.55
 21
230.66666666666669
 31
0.0
  0
LINE
  5
DDE
330
17
100
AcDbEntity
  8
COTAS
 62
3
370
13
100
AcDbLine
 10
210.55
 20
228.2666666666667
 30
0.0
 11
210.55
 21
230.66666666666669
 31
0.0
  0
TEXT
  5
DDF
330
17
100
AcDbEntity
  8
COTAS
 62
3
100
AcDbText
 10
190.55
 20
230.4666666666667
 30
0.0
 40
1.8
  1
4.000 m
 72
1
 11
190.55
 21
230.4666666666667
 31
0.0
100
AcDbText
 73
2
  0
TEXT
  5
DE0
330
17
100
AcDbEntity
  8
TEXTO
 62
7
100
AcDbText
 10
190.55
 20
226.2666666666667
 30
0.0
 40
1.55
  1
F5
 72
1
 11
190.55
 21
226.2666666666667
 31
0.0
100
AcDbText
 73
2
  0
LINE
  5
DE1
330
17
100
AcDbEntity
  8
COTAS
 62
3
370
13
100
AcDbLine
 10
210.55
 20
229.4666666666667
 30
0.0
 11
265.55
 21
229.4666666666667
 31
0.0
  0
LINE
  5
DE2
330
17
100
AcDbEntity
  8
COTAS
 62
3
370
13
100
AcDbLine
 10
210.55
 20
228.2666666666667
 30
0.0
 11
210.55
 21
230.66666666666669
 31
0.0
  0
LINE
  5
DE3
330
17
100
AcDbEntity
  8
COTAS
 62
3
370
13
100
AcDbLine
 10
265.55
 20
228.2666666666667
 30
0.0
 11
265.55
 21
230.66666666666669
 31
0.0
  0
TEXT
  5
DE4
330
17
100
AcDbEntity
  8
COTAS
 62
3
100
AcDbText
 10
238.05
 20
230.4666666666667
 30
0.0
 40
1.8
  1
5.500 m
 72
1
 11
238.05
 21
230.4666666666667
 31
0.0
100
AcDbText
 73
2
  0
TEXT
  5
DE5
330
17
100
AcDbEntity
  8
TEXTO
 62
7
100
AcDbText
 10
238.05
 20
226.2666666666667
 30
0.0
 40
1.55
  1
F99
 72
1
 11
238.05
 21
226.2666666666667
 31
0.0
100
AcDbText
 73
2
  0
LINE
  5
DE6
330
17
100
AcDbEntity
  8
COTAS
 62
3
370
13
100
AcDbLine
 10
265.55
 20
229.4666666666667
 30
0.0
 11
305.55
 21
229.4666666666667
 31
0.0
  0
LINE
  5
DE7
330
17
100
AcDbEntity
  8
COTAS
 62
3
370
13
100
AcDbLine
 10
265.55
 20
228.2666666666667
 30
0.0
 11
265.55
 21
230.66666666666669
 31
0.0
  0
LINE
  5
DE8
330
17
100
AcDbEntity
  8
COTAS
 62
3
370
13
100
AcDbLine
 10
305.55
 20
228.2666666666667
 30
0.0
 11
305.55
 21
230.66666666666669
 31
0.0
  0
TEXT
  5
DE9
330
17
100
AcDbEntity
  8
COTAS
 62
3
100
AcDbText
 10
285.55
 20
230.4666666666667
 30
0.0
 40
1.8
  1
4.000 m
 72
1
 11
285.55
 21
230.4666666666667
 31
0.0
100
AcDbText
 73
2
  0
TEXT
  5
DEA
330
17
100
AcDbEntity
  8
TEXTO
 62
7
100
AcDbText
 10
285.55
 20
226.2666666666667
 30
0.0
 40
1.55
  1
F6
 72
1
 11
285.55
 21
226.2666666666667
 31
0.0
100
AcDbText
 73
2
  0
LINE
  5
DEB
330
17
100
AcDbEntity
  8
COTAS
 62
3
370
13
100
AcDbLine
 10
305.55
 20
229.4666666666667
 30
0.0
 11
330.55
 21
229.4666666666667
 31
0.0
  0
LINE
  5
DEC
330
17
100
AcDbEntity
  8
COTAS
 62
3
370
13
100
AcDbLine
 10
305.55
 20
228.2666666666667
 30
0.0
 11
305.55
 21
230.66666666666669
 31
0.0
  0
LINE
  5
DED
330
17
100
AcDbEntity
  8
COTAS
 62
3
370
13
100
AcDbLine
 10
330.55
 20
228.2666666666667
 30
0.0
 11
330.55
 21
230.66666666666669
 31
0.0
  0
TEXT
  5
DEE
330
17
100
AcDbEntity
  8
COTAS
 62
3
100
AcDbText
 10
318.05
 20
230.4666666666667
 30
0.0
 40
1.8
  1
2.500 m
 72
1
 11
318.05
 21
230.4666666666667
 31
0.0
100
AcDbText
 73
2
  0
TEXT
  5
DEF
330
17
100
AcDbEntity
  8
TEXTO
 62
7
100
AcDbText
 10
318.05
 20
226.2666666666667
 30
0.0
 40
1.55
  1
F7
 72
1
 11
318.05
 21
226.2666666666667
 31
0.0
100
AcDbText
 73
2
  0
LINE
  5
DF0
330
17
100
AcDbEntity
  8
COTAS
 62
3
370
13
100
AcDbLine
 10
330.55
 20
229.4666666666667
 30
0.0
 11
356.55
 21
229.4666666666667
 31
0.0
  0
LINE
  5
DF1
330
17
100
AcDbEntity
  8
COTAS
 62
3
370
13
100
AcDbLine
 10
330.55
 20
228.2666666666667
 30
0.0
 11
330.55
 21
230.66666666666669
 31
0.0
  0
LINE
  5
DF2
330
17
100
AcDbEntity
  8
COTAS
 62
3
370
13
100
AcDbLine
 10
356.55
 20
228.2666666666667
 30
0.0
 11
356.55
 21
230.66666666666669
 31
0.0
  0
TEXT
  5
DF3
330
17
100
AcDbEntity
  8
COTAS
 62
3
100
AcDbText
 10
343.55
 20
230.4666666666667
 30
0.0
 40
1.8
  1
2.600 m
 72
1
 11
343.55
 21
230.4666666666667
 31
0.0
100
AcDbText
 73
2
  0
TEXT
  5
DF4
330
17
100
AcDbEntity
  8
TEXTO
 62
7
100
AcDbText
 10
343.55
 20
226.2666666666667
 30
0.0
 40
1.55
  1
F8
 72
1
 11
343.55
 21
226.2666666666667
 31
0.0
100
AcDbText
 73
2
  0
LINE
  5
DF5
330
17
100
AcDbEntity
  8
COTAS
 62
3
370
13
100
AcDbLine
 10
356.55
 20
229.4666666666667
 30
0.0
 11
393.05
 21
229.4666666666667
 31
0.0
  0
LINE
  5
DF6
330
17
100
AcDbEntity
  8
COTAS
 62
3
370
13
100
AcDbLine
 10
356.55
 20
228.2666666666667
 30
0.0
 11
356.55
 21
230.66666666666669
 31
0.0
  0
LINE
  5
DF7
330
17
100
AcDbEntity
  8
COTAS
 62
3
370
13
100
AcDbLine
 10
393.05
 20
228.2666666666667
 30
0.0
 11
393.05
 21
230.66666666666669
 31
0.0
  0
TEXT
  5
DF8
330
17
100
AcDbEntity
  8
COTAS
 62
3
100
AcDbText
 10
374.8
 20
230.4666666666667
 30
0.0
 40
1.8
  1
3.650 m
 72
1
 11
374.8
 21
230.4666666666667
 31
0.0
100
AcDbText
 73
2
  0
TEXT
  5
DF9
330
17
100
AcDbEntity
  8
TEXTO
 62
7
100
AcDbText
 10
374.8
 20
226.2666666666667
 30
0.0
 40
1.55
  1
F9
 72
1
 11
374.8
 21
226.2666666666667
 31
0.0
100
AcDbText
 73
2
  0
LINE
  5
DFA
330
17
100
AcDbEntity
  8
COTAS
 62
3
370
13
100
AcDbLine
 10
393.05
 20
229.4666666666667
 30
0.0
 11
419.05
 21
229.4666666666667
 31
0.0
  0
LINE
  5
DFB
330
17
100
AcDbEntity
  8
COTAS
 62
3
370
13
100
AcDbLine
 10
393.05
 20
228.2666666666667
 30
0.0
 11
393.05
 21
230.66666666666669
 31
0.0
  0
LINE
  5
DFC
330
17
100
AcDbEntity
  8
COTAS
 62
3
370
13
100
AcDbLine
 10
419.05
 20
228.2666666666667
 30
0.0
 11
419.05
 21
230.66666666666669
 31
0.0
  0
TEXT
  5
DFD
330
17
100
AcDbEntity
  8
COTAS
 62
3
100
AcDbText
 10
406.05
 20
230.4666666666667
 30
0.0
 40
1.8
  1
2.600 m
 72
1
 11
406.05
 21
230.4666666666667
 31
0.0
100
AcDbText
 73
2
  0
TEXT
  5
DFE
330
17
100
AcDbEntity
  8
TEXTO
 62
7
100
AcDbText
 10
406.05
 20
226.2666666666667
 30
0.0
 40
1.55
  1
F10
 72
1
 11
406.05
 21
226.2666666666667
 31
0.0
100
AcDbText
 73
2
  0
LINE
  5
DFF
330
17
100
AcDbEntity
  8
COTAS
 62
3
370
13
100
AcDbLine
 10
57.05
 20
222.4666666666667
 30
0.0
 11
419.05
 21
222.4666666666667
 31
0.0
  0
LINE
  5
E00
330
17
100
AcDbEntity
  8
COTAS
 62
3
370
13
100
AcDbLine
 10
57.05
 20
221.2666666666667
 30
0.0
 11
57.05
 21
223.66666666666669
 31
0.0
  0
LINE
  5
E01
330
17
100
AcDbEntity
  8
COTAS
 62
3
370
13
100
AcDbLine
 10
419.05
 20
221.2666666666667
 30
0.0
 11
419.05
 21
223.66666666666669
 31
0.0
  0
TEXT
  5
E02
330
17
100
AcDbEntity
  8
COTAS
 62
3
100
AcDbText
 10
238.05
 20
223.4666666666667
 30
0.0
 40
2.0
  1
TOTAL SAP I-J = 36.200 m
 72
1
 11
238.05
 21
223.4666666666667
 31
0.0
100
AcDbText
 73
2
  0
TEXT
  5
E03
330
17
100
AcDbEntity
  8
TEXTO
 62
7
100
AcDbText
 10
419.05
 20
170.66666666666669
 30
0.0
 40
1.9
  1
ESC. H 1:100 | V 1:22 | EJES Y TRAMOS SAP
 72
2
 11
419.05
 21
170.66666666666669
 31
0.0
100
AcDbText
  0
LWPOLYLINE
  5
E04
330
17
100
AcDbEntity
  8
MARCO
 62
7
370
25
100
AcDbPolyline
 90
4
 70
1
 10
538.0
 20
166.66666666666669
 10
697.0
 20
166.66666666666669
 10
697.0
 20
318.33333333333337
 10
538.0
 20
318.33333333333337
  0
TEXT
  5
E05
330
17
100
AcDbEntity
  8
TEXTO
 62
7
100
AcDbText
 10
617.5
 20
311.33333333333337
 30
0.0
 40
3.4
  1
VIGA TIPO VR N1
 72
1
 11
617.5
 21
311.33333333333337
 31
0.0
100
AcDbText
 73
2
  0
TEXT
  5
E06
330
17
100
AcDbEntity
  8
TEXTO
 62
7
100
AcDbText
 10
617.5
 20
304.33333333333337
 30
0.0
 40
2.0
  1
500x550 mm — DATOS EXCEL
 72
1
 11
617.5
 21
304.33333333333337
 31
0.0
100
AcDbText
 73
2
  0
LWPOLYLINE
  5
E07
330
17
100
AcDbEntity
  8
CONTORNO
 62
7
370
20
100
AcDbPolyline
 90
4
 70
1
 10
549.5
 20
225.7166666666667
 10
574.5
 20
225.7166666666667
 10
574.5
 20
253.2166666666667
 10
549.5
 20
253.2166666666667
  0
LWPOLYLINE
  5
E08
330
17
100
AcDbEntity
  8
ESTRIBOS
 62
8
370
18
100
AcDbPolyline
 90
4
 70
1
 10
551.5
 20
227.7166666666667
 10
572.5
 20
227.7166666666667
 10
572.5
 20
251.2166666666667
 10
551.5
 20
251.2166666666667
  0
CIRCLE
  5
E09
330
17
100
AcDbEntity
  8
ACERO_SUP_CONT
 62
4
100
AcDbCircle
 10
552.75
 20
250.1841666666667
 30
0.0
 40
0.55
  0
CIRCLE
  5
E0A
330
17
100
AcDbEntity
  8
ACERO_SUP_CONT
 62
4
100
AcDbCircle
 10
557.375
 20
250.1841666666667
 30
0.0
 40
0.55
  0
CIRCLE
  5
E0B
330
17
100
AcDbEntity
  8
ACERO_SUP_CONT
 62
4
100
AcDbCircle
 10
562.0
 20
250.1841666666667
 30
0.0
 40
0.55
  0
CIRCLE
  5
E0C
330
17
100
AcDbEntity
  8
ACERO_SUP_CONT
 62
4
100
AcDbCircle
 10
566.625
 20
250.1841666666667
 30
0.0
 40
0.55
  0
CIRCLE
  5
E0D
330
17
100
AcDbEntity
  8
ACERO_SUP_CONT
 62
4
100
AcDbCircle
 10
571.25
 20
250.1841666666667
 30
0.0
 40
0.55
  0
CIRCLE
  5
E0E
330
17
100
AcDbEntity
  8
ACERO_INF
 62
1
100
AcDbCircle
 10
552.75
 20
228.7491666666667
 30
0.0
 40
0.55
  0
CIRCLE
  5
E0F
330
17
100
AcDbEntity
  8
ACERO_INF
 62
1
100
AcDbCircle
 10
557.375
 20
228.7491666666667
 30
0.0
 40
0.55
  0
CIRCLE
  5
E10
330
17
100
AcDbEntity
  8
ACERO_INF
 62
1
100
AcDbCircle
 10
562.0
 20
228.7491666666667
 30
0.0
 40
0.55
  0
CIRCLE
  5
E11
330
17
100
AcDbEntity
  8
ACERO_INF
 62
1
100
AcDbCircle
 10
566.625
 20
228.7491666666667
 30
0.0
 40
0.55
  0
CIRCLE
  5
E12
330
17
100
AcDbEntity
  8
ACERO_INF
 62
1
100
AcDbCircle
 10
571.25
 20
228.7491666666667
 30
0.0
 40
0.55
  0
TEXT
  5
E13
330
17
100
AcDbEntity
  8
TEXTO
 62
7
100
AcDbText
 10
562.0
 20
222.1166666666667
 30
0.0
 40
1.9
  1
SECCIÓN APOYO
 72
1
 11
562.0
 21
222.1166666666667
 31
0.0
100
AcDbText
 73
2
  0
TEXT
  5
E14
330
17
100
AcDbEntity
  8
TEXTO
 62
7
100
AcDbText
 10
562.0
 20
219.3166666666667
 30
0.0
 40
1.55
  1
500x550 | 1:20
 72
1
 11
562.0
 21
219.3166666666667
 31
0.0
100
AcDbText
 73
2
  0
TEXT
  5
E15
330
17
100
AcDbEntity
  8
TEXTO
100
AcDbText
 10
585.0
 20
291.33333333333337
 30
0.0
 40
2.0
  1
SUP: 5#5
 11
585.0
 21
291.33333333333337
 31
0.0
100
AcDbText
  0
TEXT
  5
E16
330
17
100
AcDbEntity
  8
TEXTO
100
AcDbText
 10
585.0
 20
283.33333333333337
 30
0.0
 40
2.0
  1
INF: 5#5
 11
585.0
 21
283.33333333333337
 31
0.0
100
AcDbText
  0
TEXT
  5
E17
330
17
100
AcDbEntity
  8
TEXTO
100
AcDbText
 10
585.0
 20
275.33333333333337
 30
0.0
 40
2.0
  1
TORSIÓN: 0#5
 11
585.0
 21
275.33333333333337
 31
0.0
100
AcDbText
  0
TEXT
  5
E18
330
17
100
AcDbEntity
  8
TEXTO
100
AcDbText
 10
585.0
 20
267.33333333333337
 30
0.0
 40
2.0
  1
EST: Nº4 — 2 RAMAS
 11
585.0
 21
267.33333333333337
 31
0.0
100
AcDbText
  0
TEXT
  5
E19
330
17
100
AcDbEntity
  8
TEXTO
100
AcDbText
 10
585.0
 20
259.33333333333337
 30
0.0
 40
2.0
  1
s EXT/CENTRO: 80/80 mm
 11
585.0
 21
259.33333333333337
 31
0.0
100
AcDbText
  0
TEXT
  5
E1A
330
17
100
AcDbEntity
  8
TEXTO
100
AcDbText
 10
585.0
 20
251.33333333333337
 30
0.0
 40
2.0
  1
FRAMES SAP: 22
 11
585.0
 21
251.33333333333337
 31
0.0
100
AcDbText
  0
TEXT
  5
E1B
330
17
100
AcDbEntity
  8
TEXTO
100
AcDbText
 10
585.0
 20
243.33333333333337
 30
0.0
 40
2.0
  1
EJE a/e: 1-2-3-4-5-6-8-9-10-11-12-13
 11
585.0
 21
243.33333333333337
 31
0.0
100
AcDbText
  0
LINE
  5
E1C
330
17
100
AcDbEntity
  8
MARCO
 62
8
370
13
100
AcDbLine
 10
10.0
 20
166.66666666666669
 30
0.0
 11
697.0
 21
166.66666666666669
 31
0.0
  0
LWPOLYLINE
  5
E1D
330
17
100
AcDbEntity
  8
MARCO
 62
7
370
25
100
AcDbPolyline
 90
4
 70
1
 10
10.0
 20
72.8
 10
50.0
 20
72.8
 10
50.0
 20
122.8
 10
10.0
 20
122.8
  0
TEXT
  5
E1E
330
17
100
AcDbEntity
  8
TEXTO
 62
7
100
AcDbText
 10
30.0
 20
116.8
 30
0.0
 40
2.8
  1
VIGA VR2
 72
1
 11
30.0
 21
116.8
 31
0.0
100
AcDbText
 73
2
  0
TEXT
  5
E1F
330
17
100
AcDbEntity
  8
TEXTO
 62
7
100
AcDbText
 10
30.0
 20
109.8
 30
0.0
 40
2.5
  1
EJE b
 72
1
 11
30.0
 21
109.8
 31
0.0
100
AcDbText
 73
2
  0
TEXT
  5
E20
330
17
100
AcDbEntity
  8
TEXTO
 62
7
100
AcDbText
 10
30.0
 20
102.8
 30
0.0
 40
2.2
  1
500x550 mm
 72
1
 11
30.0
 21
102.8
 31
0.0
100
AcDbText
 73
2
  0
TEXT
  5
E21
330
17
100
AcDbEntity
  8
TEXTO
100
AcDbText
 10
13.0
 20
94.8
 30
0.0
 40
2.0
  1
SUP 5#5
 11
13.0
 21
94.8
 31
0.0
100
AcDbText
  0
TEXT
  5
E22
330
17
100
AcDbEntity
  8
TEXTO
100
AcDbText
 10
13.0
 20
88.8
 30
0.0
 40
2.0
  1
INF 5#5
 11
13.0
 21
88.8
 31
0.0
100
AcDbText
  0
TEXT
  5
E23
330
17
100
AcDbEntity
  8
TEXTO
100
AcDbText
 10
13.0
 20
82.8
 30
0.0
 40
2.0
  1
TOR 16#5
 11
13.0
 21
82.8
 31
0.0
100
AcDbText
  0
TEXT
  5
E24
330
17
100
AcDbEntity
  8
TEXTO
100
AcDbText
 10
13.0
 20
76.8
 30
0.0
 40
1.8
  1
z=3.5 m
 11
13.0
 21
76.8
 31
0.0
100
AcDbText
  0
LWPOLYLINE
  5
E25
330
17
100
AcDbEntity
  8
CONTORNO
 62
7
370
25
100
AcDbPolyline
 90
4
 70
1
 10
57.05
 20
87.8
 10
452.634
 20
87.8
 10
452.634
 20
112.8
 10
57.05
 20
112.8
  0
LWPOLYLINE
  5
E26
330
17
100
AcDbEntity
  8
APOYOS
 62
9
370
15
100
AcDbPolyline
 90
4
 70
1
 10
54.55
 20
83.8
 10
59.55
 20
83.8
 10
59.55
 20
116.8
 10
54.55
 20
116.8
  0
LINE
  5
E27
330
17
100
AcDbEntity
  8
EJES
  6
DASHED
 62
1
370
9
100
AcDbLine
 10
57.05
 20
76.8
 30
0.0
 11
57.05
 21
128.8
 31
0.0
  0
CIRCLE
  5
E28
330
17
100
AcDbEntity
  8
EJES
 62
1
370
18
100
AcDbCircle
 10
57.05
 20
124.8
 30
0.0
 40
3.5
  0
TEXT
  5
E29
330
17
100
AcDbEntity
  8
EJES
 62
1
100
AcDbText
 10
57.05
 20
124.8
 30
0.0
 40
2.5
  1
14
 72
1
 11
57.05
 21
124.8
 31
0.0
100
AcDbText
 73
2
  0
LWPOLYLINE
  5
E2A
330
17
100
AcDbEntity
  8
APOYOS
 62
9
370
15
100
AcDbPolyline
 90
4
 70
1
 10
69.55
 20
83.8
 10
74.55
 20
83.8
 10
74.55
 20
116.8
 10
69.55
 20
116.8
  0
LINE
  5
E2B
330
17
100
AcDbEntity
  8
EJES
  6
DASHED
 62
1
370
9
100
AcDbLine
 10
72.05
 20
76.8
 30
0.0
 11
72.05
 21
136.8
 31
0.0
  0
CIRCLE
  5
E2C
330
17
100
AcDbEntity
  8
EJES
 62
1
370
18
100
AcDbCircle
 10
72.05
 20
132.8
 30
0.0
 40
3.5
  0
TEXT
  5
E2D
330
17
100
AcDbEntity
  8
EJES
 62
1
100
AcDbText
 10
72.05
 20
132.8
 30
0.0
 40
2.5
  1
1
 72
1
 11
72.05
 21
132.8
 31
0.0
100
AcDbText
 73
2
  0
LWPOLYLINE
  5
E2E
330
17
100
AcDbEntity
  8
APOYOS
 62
9
370
15
100
AcDbPolyline
 90
4
 70
1
 10
95.55
 20
83.8
 10
100.55
 20
83.8
 10
100.55
 20
116.8
 10
95.55
 20
116.8
  0
LINE
  5
E2F
330
17
100
AcDbEntity
  8
EJES
  6
DASHED
 62
1
370
9
100
AcDbLine
 10
98.05
 20
76.8
 30
0.0
 11
98.05
 21
128.8
 31
0.0
  0
CIRCLE
  5
E30
330
17
100
AcDbEntity
  8
EJES
 62
1
370
18
100
AcDbCircle
 10
98.05
 20
124.8
 30
0.0
 40
3.5
  0
TEXT
  5
E31
330
17
100
AcDbEntity
  8
EJES
 62
1
100
AcDbText
 10
98.05
 20
124.8
 30
0.0
 40
2.5
  1
2
 72
1
 11
98.05
 21
124.8
 31
0.0
100
AcDbText
 73
2
  0
LWPOLYLINE
  5
E32
330
17
100
AcDbEntity
  8
APOYOS
 62
9
370
15
100
AcDbPolyline
 90
4
 70
1
 10
132.0808
 20
83.8
 10
137.0808
 20
83.8
 10
137.0808
 20
116.8
 10
132.0808
 20
116.8
  0
LINE
  5
E33
330
17
100
AcDbEntity
  8
EJES
  6
DASHED
 62
1
370
9
100
AcDbLine
 10
134.5808
 20
76.8
 30
0.0
 11
134.5808
 21
136.8
 31
0.0
  0
CIRCLE
  5
E34
330
17
100
AcDbEntity
  8
EJES
 62
1
370
18
100
AcDbCircle
 10
134.5808
 20
132.8
 30
0.0
 40
3.5
  0
TEXT
  5
E35
330
17
100
AcDbEntity
  8
EJES
 62
1
100
AcDbText
 10
134.5808
 20
132.8
 30
0.0
 40
2.5
  1
3
 72
1
 11
134.5808
 21
132.8
 31
0.0
100
AcDbText
 73
2
  0
LWPOLYLINE
  5
E36
330
17
100
AcDbEntity
  8
APOYOS
 62
9
370
15
100
AcDbPolyline
 90
4
 70
1
 10
158.0808
 20
83.8
 10
163.0808
 20
83.8
 10
163.0808
 20
116.8
 10
158.0808
 20
116.8
  0
LINE
  5
E37
330
17
100
AcDbEntity
  8
EJES
  6
DASHED
 62
1
370
9
100
AcDbLine
 10
160.5808
 20
76.8
 30
0.0
 11
160.5808
 21
128.8
 31
0.0
  0
CIRCLE
  5
E38
330
17
100
AcDbEntity
  8
EJES
 62
1
370
18
100
AcDbCircle
 10
160.5808
 20
124.8
 30
0.0
 40
3.5
  0
TEXT
  5
E39
330
17
100
AcDbEntity
  8
EJES
 62
1
100
AcDbText
 10
160.5808
 20
124.8
 30
0.0
 40
2.5
  1
4
 72
1
 11
160.5808
 21
124.8
 31
0.0
100
AcDbText
 73
2
  0
LWPOLYLINE
  5
E3A
330
17
100
AcDbEntity
  8
APOYOS
 62
9
370
15
100
AcDbPolyline
 90
4
 70
1
 10
183.0808
 20
83.8
 10
188.0808
 20
83.8
 10
188.0808
 20
116.8
 10
183.0808
 20
116.8
  0
LINE
  5
E3B
330
17
100
AcDbEntity
  8
EJES
  6
DASHED
 62
1
370
9
100
AcDbLine
 10
185.5808
 20
76.8
 30
0.0
 11
185.5808
 21
136.8
 31
0.0
  0
CIRCLE
  5
E3C
330
17
100
AcDbEntity
  8
EJES
 62
1
370
18
100
AcDbCircle
 10
185.5808
 20
132.8
 30
0.0
 40
3.5
  0
TEXT
  5
E3D
330
17
100
AcDbEntity
  8
EJES
 62
1
100
AcDbText
 10
185.5808
 20
132.8
 30
0.0
 40
2.5
  1
5
 72
1
 11
185.5808
 21
132.8
 31
0.0
100
AcDbText
 73
2
  0
LWPOLYLINE
  5
E3E
330
17
100
AcDbEntity
  8
APOYOS
 62
9
370
15
100
AcDbPolyline
 90
4
 70
1
 10
224.842
 20
83.8
 10
229.842
 20
83.8
 10
229.842
 20
116.8
 10
224.842
 20
116.8
  0
LINE
  5
E3F
330
17
100
AcDbEntity
  8
EJES
  6
DASHED
 62
1
370
9
100
AcDbLine
 10
227.342
 20
76.8
 30
0.0
 11
227.342
 21
128.8
 31
0.0
  0
CIRCLE
  5
E40
330
17
100
AcDbEntity
  8
EJES
 62
1
370
18
100
AcDbCircle
 10
227.342
 20
124.8
 30
0.0
 40
3.5
  0
TEXT
  5
E41
330
17
100
AcDbEntity
  8
EJES
 62
1
100
AcDbText
 10
227.342
 20
124.8
 30
0.0
 40
2.5
  1
6
 72
1
 11
227.342
 21
124.8
 31
0.0
100
AcDbText
 73
2
  0
LWPOLYLINE
  5
E42
330
17
100
AcDbEntity
  8
APOYOS
 62
9
370
15
100
AcDbPolyline
 90
4
 70
1
 10
252.842
 20
83.8
 10
257.842
 20
83.8
 10
257.842
 20
116.8
 10
252.842
 20
116.8
  0
LINE
  5
E43
330
17
100
AcDbEntity
  8
EJES
  6
DASHED
 62
1
370
9
100
AcDbLine
 10
255.342
 20
76.8
 30
0.0
 11
255.342
 21
136.8
 31
0.0
  0
CIRCLE
  5
E44
330
17
100
AcDbEntity
  8
EJES
 62
1
370
18
100
AcDbCircle
 10
255.342
 20
132.8
 30
0.0
 40
3.5
  0
TEXT
  5
E45
330
17
100
AcDbEntity
  8
EJES
 62
1
100
AcDbText
 10
255.342
 20
132.8
 30
0.0
 40
2.5
  1
7
 72
1
 11
255.342
 21
132.8
 31
0.0
100
AcDbText
 73
2
  0
LWPOLYLINE
  5
E46
330
17
100
AcDbEntity
  8
APOYOS
 62
9
370
15
100
AcDbPolyline
 90
4
 70
1
 10
279.842
 20
83.8
 10
284.842
 20
83.8
 10
284.842
 20
116.8
 10
279.842
 20
116.8
  0
LINE
  5
E47
330
17
100
AcDbEntity
  8
EJES
  6
DASHED
 62
1
370
9
100
AcDbLine
 10
282.342
 20
76.8
 30
0.0
 11
282.342
 21
128.8
 31
0.0
  0
CIRCLE
  5
E48
330
17
100
AcDbEntity
  8
EJES
 62
1
370
18
100
AcDbCircle
 10
282.342
 20
124.8
 30
0.0
 40
3.5
  0
TEXT
  5
E49
330
17
100
AcDbEntity
  8
EJES
 62
1
100
AcDbText
 10
282.342
 20
124.8
 30
0.0
 40
2.5
  1
8
 72
1
 11
282.342
 21
124.8
 31
0.0
100
AcDbText
 73
2
  0
LWPOLYLINE
  5
E4A
330
17
100
AcDbEntity
  8
APOYOS
 62
9
370
15
100
AcDbPolyline
 90
4
 70
1
 10
321.6032
 20
83.8
 10
326.6032
 20
83.8
 10
326.6032
 20
116.8
 10
321.6032
 20
116.8
  0
LINE
  5
E4B
330
17
100
AcDbEntity
  8
EJES
  6
DASHED
 62
1
370
9
100
AcDbLine
 10
324.1032
 20
76.8
 30
0.0
 11
324.1032
 21
136.8
 31
0.0
  0
CIRCLE
  5
E4C
330
17
100
AcDbEntity
  8
EJES
 62
1
370
18
100
AcDbCircle
 10
324.1032
 20
132.8
 30
0.0
 40
3.5
  0
TEXT
  5
E4D
330
17
100
AcDbEntity
  8
EJES
 62
1
100
AcDbText
 10
324.1032
 20
132.8
 30
0.0
 40
2.5
  1
9
 72
1
 11
324.1032
 21
132.8
 31
0.0
100
AcDbText
 73
2
  0
LWPOLYLINE
  5
E4E
330
17
100
AcDbEntity
  8
APOYOS
 62
9
370
15
100
AcDbPolyline
 90
4
 70
1
 10
346.6032
 20
83.8
 10
351.6032
 20
83.8
 10
351.6032
 20
116.8
 10
346.6032
 20
116.8
  0
LINE
  5
E4F
330
17
100
AcDbEntity
  8
EJES
  6
DASHED
 62
1
370
9
100
AcDbLine
 10
349.1032
 20
76.8
 30
0.0
 11
349.1032
 21
128.8
 31
0.0
  0
CIRCLE
  5
E50
330
17
100
AcDbEntity
  8
EJES
 62
1
370
18
100
AcDbCircle
 10
349.1032
 20
124.8
 30
0.0
 40
3.5
  0
TEXT
  5
E51
330
17
100
AcDbEntity
  8
EJES
 62
1
100
AcDbText
 10
349.1032
 20
124.8
 30
0.0
 40
2.5
  1
10
 72
1
 11
349.1032
 21
124.8
 31
0.0
100
AcDbText
 73
2
  0
LWPOLYLINE
  5
E52
330
17
100
AcDbEntity
  8
APOYOS
 62
9
370
15
100
AcDbPolyline
 90
4
 70
1
 10
372.6032
 20
83.8
 10
377.6032
 20
83.8
 10
377.6032
 20
116.8
 10
372.6032
 20
116.8
  0
LINE
  5
E53
330
17
100
AcDbEntity
  8
EJES
  6
DASHED
 62
1
370
9
100
AcDbLine
 10
375.1032
 20
76.8
 30
0.0
 11
375.1032
 21
136.8
 31
0.0
  0
CIRCLE
  5
E54
330
17
100
AcDbEntity
  8
EJES
 62
1
370
18
100
AcDbCircle
 10
375.1032
 20
132.8
 30
0.0
 40
3.5
  0
TEXT
  5
E55
330
17
100
AcDbEntity
  8
EJES
 62
1
100
AcDbText
 10
375.1032
 20
132.8
 30
0.0
 40
2.5
  1
11
 72
1
 11
375.1032
 21
132.8
 31
0.0
100
AcDbText
 73
2
  0
LWPOLYLINE
  5
E56
330
17
100
AcDbEntity
  8
APOYOS
 62
9
370
15
100
AcDbPolyline
 90
4
 70
1
 10
409.134
 20
83.8
 10
414.134
 20
83.8
 10
414.134
 20
116.8
 10
409.134
 20
116.8
  0
LINE
  5
E57
330
17
100
AcDbEntity
  8
EJES
  6
DASHED
 62
1
370
9
100
AcDbLine
 10
411.634
 20
76.8
 30
0.0
 11
411.634
 21
128.8
 31
0.0
  0
CIRCLE
  5
E58
330
17
100
AcDbEntity
  8
EJES
 62
1
370
18
100
AcDbCircle
 10
411.634
 20
124.8
 30
0.0
 40
3.5
  0
TEXT
  5
E59
330
17
100
AcDbEntity
  8
EJES
 62
1
100
AcDbText
 10
411.634
 20
124.8
 30
0.0
 40
2.5
  1
12
 72
1
 11
411.634
 21
124.8
 31
0.0
100
AcDbText
 73
2
  0
LWPOLYLINE
  5
E5A
330
17
100
AcDbEntity
  8
APOYOS
 62
9
370
15
100
AcDbPolyline
 90
4
 70
1
 10
435.134
 20
83.8
 10
440.134
 20
83.8
 10
440.134
 20
116.8
 10
435.134
 20
116.8
  0
LINE
  5
E5B
330
17
100
AcDbEntity
  8
EJES
  6
DASHED
 62
1
370
9
100
AcDbLine
 10
437.634
 20
76.8
 30
0.0
 11
437.634
 21
136.8
 31
0.0
  0
CIRCLE
  5
E5C
330
17
100
AcDbEntity
  8
EJES
 62
1
370
18
100
AcDbCircle
 10
437.634
 20
132.8
 30
0.0
 40
3.5
  0
TEXT
  5
E5D
330
17
100
AcDbEntity
  8
EJES
 62
1
100
AcDbText
 10
437.634
 20
132.8
 30
0.0
 40
2.5
  1
13
 72
1
 11
437.634
 21
132.8
 31
0.0
100
AcDbText
 73
2
  0
LWPOLYLINE
  5
E5E
330
17
100
AcDbEntity
  8
APOYOS
 62
9
370
15
100
AcDbPolyline
 90
4
 70
1
 10
450.134
 20
83.8
 10
455.134
 20
83.8
 10
455.134
 20
116.8
 10
450.134
 20
116.8
  0
LINE
  5
E5F
330
17
100
AcDbEntity
  8
EJES
  6
DASHED
 62
1
370
9
100
AcDbLine
 10
452.634
 20
76.8
 30
0.0
 11
452.634
 21
128.8
 31
0.0
  0
CIRCLE
  5
E60
330
17
100
AcDbEntity
  8
EJES
 62
1
370
18
100
AcDbCircle
 10
452.634
 20
124.8
 30
0.0
 40
3.5
  0
TEXT
  5
E61
330
17
100
AcDbEntity
  8
EJES
 62
1
100
AcDbText
 10
452.634
 20
124.8
 30
0.0
 40
2.5
  1
15
 72
1
 11
452.634
 21
124.8
 31
0.0
100
AcDbText
 73
2
  0
LINE
  5
E62
330
17
100
AcDbEntity
  8
ESTRIBOS
 62
8
370
9
100
AcDbLine
 10
57.55
 20
88.8
 30
0.0
 11
57.55
 21
111.8
 31
0.0
  0
LINE
  5
E63
330
17
100
AcDbEntity
  8
ESTRIBOS
 62
8
370
9
100
AcDbLine
 10
58.45
 20
88.8
 30
0.0
 11
58.45
 21
111.8
 31
0.0
  0
LINE
  5
E64
330
17
100
AcDbEntity
  8
ESTRIBOS
 62
8
370
9
100
AcDbLine
 10
59.35
 20
88.8
 30
0.0
 11
59.35
 21
111.8
 31
0.0
  0
LINE
  5
E65
330
17
100
AcDbEntity
  8
ESTRIBOS
 62
8
370
9
100
AcDbLine
 10
60.25
 20
88.8
 30
0.0
 11
60.25
 21
111.8
 31
0.0
  0
LINE
  5
E66
330
17
100
AcDbEntity
  8
ESTRIBOS
 62
8
370
9
100
AcDbLine
 10
61.15
 20
88.8
 30
0.0
 11
61.15
 21
111.8
 31
0.0
  0
LINE
  5
E67
330
17
100
AcDbEntity
  8
ESTRIBOS
 62
8
370
9
100
AcDbLine
 10
62.05
 20
88.8
 30
0.0
 11
62.05
 21
111.8
 31
0.0
  0
LINE
  5
E68
330
17
100
AcDbEntity
  8
ESTRIBOS
 62
8
370
9
100
AcDbLine
 10
62.95
 20
88.8
 30
0.0
 11
62.95
 21
111.8
 31
0.0
  0
LINE
  5
E69
330
17
100
AcDbEntity
  8
ESTRIBOS
 62
8
370
9
100
AcDbLine
 10
63.85
 20
88.8
 30
0.0
 11
63.85
 21
111.8
 31
0.0
  0
LINE
  5
E6A
330
17
100
AcDbEntity
  8
ESTRIBOS
 62
8
370
9
100
AcDbLine
 10
65.25
 20
88.8
 30
0.0
 11
65.25
 21
111.8
 31
0.0
  0
LINE
  5
E6B
330
17
100
AcDbEntity
  8
ESTRIBOS
 62
8
370
9
100
AcDbLine
 10
66.15
 20
88.8
 30
0.0
 11
66.15
 21
111.8
 31
0.0
  0
LINE
  5
E6C
330
17
100
AcDbEntity
  8
ESTRIBOS
 62
8
370
9
100
AcDbLine
 10
67.05
 20
88.8
 30
0.0
 11
67.05
 21
111.8
 31
0.0
  0
LINE
  5
E6D
330
17
100
AcDbEntity
  8
ESTRIBOS
 62
8
370
9
100
AcDbLine
 10
67.95
 20
88.8
 30
0.0
 11
67.95
 21
111.8
 31
0.0
  0
LINE
  5
E6E
330
17
100
AcDbEntity
  8
ESTRIBOS
 62
8
370
9
100
AcDbLine
 10
68.85
 20
88.8
 30
0.0
 11
68.85
 21
111.8
 31
0.0
  0
LINE
  5
E6F
330
17
100
AcDbEntity
  8
ESTRIBOS
 62
8
370
9
100
AcDbLine
 10
69.75
 20
88.8
 30
0.0
 11
69.75
 21
111.8
 31
0.0
  0
LINE
  5
E70
330
17
100
AcDbEntity
  8
ESTRIBOS
 62
8
370
9
100
AcDbLine
 10
70.65
 20
88.8
 30
0.0
 11
70.65
 21
111.8
 31
0.0
  0
LINE
  5
E71
330
17
100
AcDbEntity
  8
ESTRIBOS
 62
8
370
9
100
AcDbLine
 10
71.55
 20
88.8
 30
0.0
 11
71.55
 21
111.8
 31
0.0
  0
TEXT
  5
E72
330
17
100
AcDbEntity
  8
ESTRIBOS
 62
8
100
AcDbText
 10
64.55
 20
99.5
 30
0.0
 40
1.6
  1
Nº4 4R @90/@90
 72
1
 11
64.55
 21
99.5
 31
0.0
100
AcDbText
 73
2
  0
LINE
  5
E73
330
17
100
AcDbEntity
  8
ESTRIBOS
 62
8
370
9
100
AcDbLine
 10
72.55
 20
88.8
 30
0.0
 11
72.55
 21
111.8
 31
0.0
  0
LINE
  5
E74
330
17
100
AcDbEntity
  8
ESTRIBOS
 62
8
370
9
100
AcDbLine
 10
73.45
 20
88.8
 30
0.0
 11
73.45
 21
111.8
 31
0.0
  0
LINE
  5
E75
330
17
100
AcDbEntity
  8
ESTRIBOS
 62
8
370
9
100
AcDbLine
 10
74.35
 20
88.8
 30
0.0
 11
74.35
 21
111.8
 31
0.0
  0
LINE
  5
E76
330
17
100
AcDbEntity
  8
ESTRIBOS
 62
8
370
9
100
AcDbLine
 10
75.25
 20
88.8
 30
0.0
 11
75.25
 21
111.8
 31
0.0
  0
LINE
  5
E77
330
17
100
AcDbEntity
  8
ESTRIBOS
 62
8
370
9
100
AcDbLine
 10
76.15
 20
88.8
 30
0.0
 11
76.15
 21
111.8
 31
0.0
  0
LINE
  5
E78
330
17
100
AcDbEntity
  8
ESTRIBOS
 62
8
370
9
100
AcDbLine
 10
77.05
 20
88.8
 30
0.0
 11
77.05
 21
111.8
 31
0.0
  0
LINE
  5
E79
330
17
100
AcDbEntity
  8
ESTRIBOS
 62
8
370
9
100
AcDbLine
 10
77.95
 20
88.8
 30
0.0
 11
77.95
 21
111.8
 31
0.0
  0
LINE
  5
E7A
330
17
100
AcDbEntity
  8
ESTRIBOS
 62
8
370
9
100
AcDbLine
 10
78.85
 20
88.8
 30
0.0
 11
78.85
 21
111.8
 31
0.0
  0
LINE
  5
E7B
330
17
100
AcDbEntity
  8
ESTRIBOS
 62
8
370
9
100
AcDbLine
 10
79.75
 20
88.8
 30
0.0
 11
79.75
 21
111.8
 31
0.0
  0
LINE
  5
E7C
330
17
100
AcDbEntity
  8
ESTRIBOS
 62
8
370
9
100
AcDbLine
 10
80.65
 20
88.8
 30
0.0
 11
80.65
 21
111.8
 31
0.0
  0
LINE
  5
E7D
330
17
100
AcDbEntity
  8
ESTRIBOS
 62
8
370
9
100
AcDbLine
 10
81.55
 20
88.8
 30
0.0
 11
81.55
 21
111.8
 31
0.0
  0
LINE
  5
E7E
330
17
100
AcDbEntity
  8
ESTRIBOS
 62
8
370
9
100
AcDbLine
 10
82.45
 20
88.8
 30
0.0
 11
82.45
 21
111.8
 31
0.0
  0
LINE
  5
E7F
330
17
100
AcDbEntity
  8
ESTRIBOS
 62
8
370
9
100
AcDbLine
 10
83.95
 20
88.8
 30
0.0
 11
83.95
 21
111.8
 31
0.0
  0
LINE
  5
E80
330
17
100
AcDbEntity
  8
ESTRIBOS
 62
8
370
9
100
AcDbLine
 10
84.85
 20
88.8
 30
0.0
 11
84.85
 21
111.8
 31
0.0
  0
LINE
  5
E81
330
17
100
AcDbEntity
  8
ESTRIBOS
 62
8
370
9
100
AcDbLine
 10
85.75
 20
88.8
 30
0.0
 11
85.75
 21
111.8
 31
0.0
  0
LINE
  5
E82
330
17
100
AcDbEntity
  8
ESTRIBOS
 62
8
370
9
100
AcDbLine
 10
86.65
 20
88.8
 30
0.0
 11
86.65
 21
111.8
 31
0.0
  0
LINE
  5
E83
330
17
100
AcDbEntity
  8
ESTRIBOS
 62
8
370
9
100
AcDbLine
 10
87.65
 20
88.8
 30
0.0
 11
87.65
 21
111.8
 31
0.0
  0
LINE
  5
E84
330
17
100
AcDbEntity
  8
ESTRIBOS
 62
8
370
9
100
AcDbLine
 10
88.55
 20
88.8
 30
0.0
 11
88.55
 21
111.8
 31
0.0
  0
LINE
  5
E85
330
17
100
AcDbEntity
  8
ESTRIBOS
 62
8
370
9
100
AcDbLine
 10
89.45
 20
88.8
 30
0.0
 11
89.45
 21
111.8
 31
0.0
  0
LINE
  5
E86
330
17
100
AcDbEntity
  8
ESTRIBOS
 62
8
370
9
100
AcDbLine
 10
90.35
 20
88.8
 30
0.0
 11
90.35
 21
111.8
 31
0.0
  0
LINE
  5
E87
330
17
100
AcDbEntity
  8
ESTRIBOS
 62
8
370
9
100
AcDbLine
 10
91.25
 20
88.8
 30
0.0
 11
91.25
 21
111.8
 31
0.0
  0
LINE
  5
E88
330
17
100
AcDbEntity
  8
ESTRIBOS
 62
8
370
9
100
AcDbLine
 10
92.15
 20
88.8
 30
0.0
 11
92.15
 21
111.8
 31
0.0
  0
LINE
  5
E89
330
17
100
AcDbEntity
  8
ESTRIBOS
 62
8
370
9
100
AcDbLine
 10
93.05
 20
88.8
 30
0.0
 11
93.05
 21
111.8
 31
0.0
  0
LINE
  5
E8A
330
17
100
AcDbEntity
  8
ESTRIBOS
 62
8
370
9
100
AcDbLine
 10
93.95
 20
88.8
 30
0.0
 11
93.95
 21
111.8
 31
0.0
  0
LINE
  5
E8B
330
17
100
AcDbEntity
  8
ESTRIBOS
 62
8
370
9
100
AcDbLine
 10
94.85
 20
88.8
 30
0.0
 11
94.85
 21
111.8
 31
0.0
  0
LINE
  5
E8C
330
17
100
AcDbEntity
  8
ESTRIBOS
 62
8
370
9
100
AcDbLine
 10
95.75
 20
88.8
 30
0.0
 11
95.75
 21
111.8
 31
0.0
  0
LINE
  5
E8D
330
17
100
AcDbEntity
  8
ESTRIBOS
 62
8
370
9
100
AcDbLine
 10
96.65
 20
88.8
 30
0.0
 11
96.65
 21
111.8
 31
0.0
  0
LINE
  5
E8E
330
17
100
AcDbEntity
  8
ESTRIBOS
 62
8
370
9
100
AcDbLine
 10
97.55
 20
88.8
 30
0.0
 11
97.55
 21
111.8
 31
0.0
  0
TEXT
  5
E8F
330
17
100
AcDbEntity
  8
ESTRIBOS
 62
8
100
AcDbText
 10
85.05
 20
99.5
 30
0.0
 40
1.6
  1
Nº4 4R @90/@90
 72
1
 11
85.05
 21
99.5
 31
0.0
100
AcDbText
 73
2
  0
LINE
  5
E90
330
17
100
AcDbEntity
  8
ESTRIBOS
 62
8
370
9
100
AcDbLine
 10
98.55
 20
88.8
 30
0.0
 11
98.55
 21
111.8
 31
0.0
  0
LINE
  5
E91
330
17
100
AcDbEntity
  8
ESTRIBOS
 62
8
370
9
100
AcDbLine
 10
99.45
 20
88.8
 30
0.0
 11
99.45
 21
111.8
 31
0.0
  0
LINE
  5
E92
330
17
100
AcDbEntity
  8
ESTRIBOS
 62
8
370
9
100
AcDbLine
 10
100.35
 20
88.8
 30
0.0
 11
100.35
 21
111.8
 31
0.0
  0
LINE
  5
E93
330
17
100
AcDbEntity
  8
ESTRIBOS
 62
8
370
9
100
AcDbLine
 10
101.25
 20
88.8
 30
0.0
 11
101.25
 21
111.8
 31
0.0
  0
LINE
  5
E94
330
17
100
AcDbEntity
  8
ESTRIBOS
 62
8
370
9
100
AcDbLine
 10
102.15
 20
88.8
 30
0.0
 11
102.15
 21
111.8
 31
0.0
  0
LINE
  5
E95
330
17
100
AcDbEntity
  8
ESTRIBOS
 62
8
370
9
100
AcDbLine
 10
103.05
 20
88.8
 30
0.0
 11
103.05
 21
111.8
 31
0.0
  0
LINE
  5
E96
330
17
100
AcDbEntity
  8
ESTRIBOS
 62
8
370
9
100
AcDbLine
 10
103.95
 20
88.8
 30
0.0
 11
103.95
 21
111.8
 31
0.0
  0
LINE
  5
E97
330
17
100
AcDbEntity
  8
ESTRIBOS
 62
8
370
9
100
AcDbLine
 10
104.85
 20
88.8
 30
0.0
 11
104.85
 21
111.8
 31
0.0
  0
LINE
  5
E98
330
17
100
AcDbEntity
  8
ESTRIBOS
 62
8
370
9
100
AcDbLine
 10
105.75
 20
88.8
 30
0.0
 11
105.75
 21
111.8
 31
0.0
  0
LINE
  5
E99
330
17
100
AcDbEntity
  8
ESTRIBOS
 62
8
370
9
100
AcDbLine
 10
106.65
 20
88.8
 30
0.0
 11
106.65
 21
111.8
 31
0.0
  0
LINE
  5
E9A
330
17
100
AcDbEntity
  8
ESTRIBOS
 62
8
370
9
100
AcDbLine
 10
107.55
 20
88.8
 30
0.0
 11
107.55
 21
111.8
 31
0.0
  0
LINE
  5
E9B
330
17
100
AcDbEntity
  8
ESTRIBOS
 62
8
370
9
100
AcDbLine
 10
108.45
 20
88.8
 30
0.0
 11
108.45
 21
111.8
 31
0.0
  0
LINE
  5
E9C
330
17
100
AcDbEntity
  8
ESTRIBOS
 62
8
370
9
100
AcDbLine
 10
109.95
 20
88.8
 30
0.0
 11
109.95
 21
111.8
 31
0.0
  0
LINE
  5
E9D
330
17
100
AcDbEntity
  8
ESTRIBOS
 62
8
370
9
100
AcDbLine
 10
110.85
 20
88.8
 30
0.0
 11
110.85
 21
111.8
 31
0.0
  0
LINE
  5
E9E
330
17
100
AcDbEntity
  8
ESTRIBOS
 62
8
370
9
100
AcDbLine
 10
111.75
 20
88.8
 30
0.0
 11
111.75
 21
111.8
 31
0.0
  0
LINE
  5
E9F
330
17
100
AcDbEntity
  8
ESTRIBOS
 62
8
370
9
100
AcDbLine
 10
112.65
 20
88.8
 30
0.0
 11
112.65
 21
111.8
 31
0.0
  0
LINE
  5
EA0
330
17
100
AcDbEntity
  8
ESTRIBOS
 62
8
370
9
100
AcDbLine
 10
113.55
 20
88.8
 30
0.0
 11
113.55
 21
111.8
 31
0.0
  0
LINE
  5
EA1
330
17
100
AcDbEntity
  8
ESTRIBOS
 62
8
370
9
100
AcDbLine
 10
114.45
 20
88.8
 30
0.0
 11
114.45
 21
111.8
 31
0.0
  0
LINE
  5
EA2
330
17
100
AcDbEntity
  8
ESTRIBOS
 62
8
370
9
100
AcDbLine
 10
115.35
 20
88.8
 30
0.0
 11
115.35
 21
111.8
 31
0.0
  0
LINE
  5
EA3
330
17
100
AcDbEntity
  8
ESTRIBOS
 62
8
370
9
100
AcDbLine
 10
116.25
 20
88.8
 30
0.0
 11
116.25
 21
111.8
 31
0.0
  0
LINE
  5
EA4
330
17
100
AcDbEntity
  8
ESTRIBOS
 62
8
370
9
100
AcDbLine
 10
117.15
 20
88.8
 30
0.0
 11
117.15
 21
111.8
 31
0.0
  0
LINE
  5
EA5
330
17
100
AcDbEntity
  8
ESTRIBOS
 62
8
370
9
100
AcDbLine
 10
118.05
 20
88.8
 30
0.0
 11
118.05
 21
111.8
 31
0.0
  0
LINE
  5
EA6
330
17
100
AcDbEntity
  8
ESTRIBOS
 62
8
370
9
100
AcDbLine
 10
118.95
 20
88.8
 30
0.0
 11
118.95
 21
111.8
 31
0.0
  0
LINE
  5
EA7
330
17
100
AcDbEntity
  8
ESTRIBOS
 62
8
370
9
100
AcDbLine
 10
119.85
 20
88.8
 30
0.0
 11
119.85
 21
111.8
 31
0.0
  0
LINE
  5
EA8
330
17
100
AcDbEntity
  8
ESTRIBOS
 62
8
370
9
100
AcDbLine
 10
120.75
 20
88.8
 30
0.0
 11
120.75
 21
111.8
 31
0.0
  0
LINE
  5
EA9
330
17
100
AcDbEntity
  8
ESTRIBOS
 62
8
370
9
100
AcDbLine
 10
121.65
 20
88.8
 30
0.0
 11
121.65
 21
111.8
 31
0.0
  0
LINE
  5
EAA
330
17
100
AcDbEntity
  8
ESTRIBOS
 62
8
370
9
100
AcDbLine
 10
122.55
 20
88.8
 30
0.0
 11
122.55
 21
111.8
 31
0.0
  0
LINE
  5
EAB
330
17
100
AcDbEntity
  8
ESTRIBOS
 62
8
370
9
100
AcDbLine
 10
123.45
 20
88.8
 30
0.0
 11
123.45
 21
111.8
 31
0.0
  0
LINE
  5
EAC
330
17
100
AcDbEntity
  8
ESTRIBOS
 62
8
370
9
100
AcDbLine
 10
124.1808
 20
88.8
 30
0.0
 11
124.1808
 21
111.8
 31
0.0
  0
LINE
  5
EAD
330
17
100
AcDbEntity
  8
ESTRIBOS
 62
8
370
9
100
AcDbLine
 10
125.0808
 20
88.8
 30
0.0
 11
125.0808
 21
111.8
 31
0.0
  0
LINE
  5
EAE
330
17
100
AcDbEntity
  8
ESTRIBOS
 62
8
370
9
100
AcDbLine
 10
125.9808
 20
88.8
 30
0.0
 11
125.9808
 21
111.8
 31
0.0
  0
LINE
  5
EAF
330
17
100
AcDbEntity
  8
ESTRIBOS
 62
8
370
9
100
AcDbLine
 10
126.8808
 20
88.8
 30
0.0
 11
126.8808
 21
111.8
 31
0.0
  0
LINE
  5
EB0
330
17
100
AcDbEntity
  8
ESTRIBOS
 62
8
370
9
100
AcDbLine
 10
127.7808
 20
88.8
 30
0.0
 11
127.7808
 21
111.8
 31
0.0
  0
LINE
  5
EB1
330
17
100
AcDbEntity
  8
ESTRIBOS
 62
8
370
9
100
AcDbLine
 10
128.6808
 20
88.8
 30
0.0
 11
128.6808
 21
111.8
 31
0.0
  0
LINE
  5
EB2
330
17
100
AcDbEntity
  8
ESTRIBOS
 62
8
370
9
100
AcDbLine
 10
129.5808
 20
88.8
 30
0.0
 11
129.5808
 21
111.8
 31
0.0
  0
LINE
  5
EB3
330
17
100
AcDbEntity
  8
ESTRIBOS
 62
8
370
9
100
AcDbLine
 10
130.4808
 20
88.8
 30
0.0
 11
130.4808
 21
111.8
 31
0.0
  0
LINE
  5
EB4
330
17
100
AcDbEntity
  8
ESTRIBOS
 62
8
370
9
100
AcDbLine
 10
131.3808
 20
88.8
 30
0.0
 11
131.3808
 21
111.8
 31
0.0
  0
LINE
  5
EB5
330
17
100
AcDbEntity
  8
ESTRIBOS
 62
8
370
9
100
AcDbLine
 10
132.2808
 20
88.8
 30
0.0
 11
132.2808
 21
111.8
 31
0.0
  0
LINE
  5
EB6
330
17
100
AcDbEntity
  8
ESTRIBOS
 62
8
370
9
100
AcDbLine
 10
133.1808
 20
88.8
 30
0.0
 11
133.1808
 21
111.8
 31
0.0
  0
LINE
  5
EB7
330
17
100
AcDbEntity
  8
ESTRIBOS
 62
8
370
9
100
AcDbLine
 10
134.0808
 20
88.8
 30
0.0
 11
134.0808
 21
111.8
 31
0.0
  0
TEXT
  5
EB8
330
17
100
AcDbEntity
  8
ESTRIBOS
 62
8
100
AcDbText
 10
116.31540000000001
 20
99.5
 30
0.0
 40
1.6
  1
Nº4 4R @90/@90
 72
1
 11
116.31540000000001
 21
99.5
 31
0.0
100
AcDbText
 73
2
  0
LINE
  5
EB9
330
17
100
AcDbEntity
  8
ESTRIBOS
 62
8
370
9
100
AcDbLine
 10
135.0808
 20
88.8
 30
0.0
 11
135.0808
 21
111.8
 31
0.0
  0
LINE
  5
EBA
330
17
100
AcDbEntity
  8
ESTRIBOS
 62
8
370
9
100
AcDbLine
 10
135.9808
 20
88.8
 30
0.0
 11
135.9808
 21
111.8
 31
0.0
  0
LINE
  5
EBB
330
17
100
AcDbEntity
  8
ESTRIBOS
 62
8
370
9
100
AcDbLine
 10
136.8808
 20
88.8
 30
0.0
 11
136.8808
 21
111.8
 31
0.0
  0
LINE
  5
EBC
330
17
100
AcDbEntity
  8
ESTRIBOS
 62
8
370
9
100
AcDbLine
 10
137.7808
 20
88.8
 30
0.0
 11
137.7808
 21
111.8
 31
0.0
  0
LINE
  5
EBD
330
17
100
AcDbEntity
  8
ESTRIBOS
 62
8
370
9
100
AcDbLine
 10
138.6808
 20
88.8
 30
0.0
 11
138.6808
 21
111.8
 31
0.0
  0
LINE
  5
EBE
330
17
100
AcDbEntity
  8
ESTRIBOS
 62
8
370
9
100
AcDbLine
 10
139.5808
 20
88.8
 30
0.0
 11
139.5808
 21
111.8
 31
0.0
  0
LINE
  5
EBF
330
17
100
AcDbEntity
  8
ESTRIBOS
 62
8
370
9
100
AcDbLine
 10
140.4808
 20
88.8
 30
0.0
 11
140.4808
 21
111.8
 31
0.0
  0
LINE
  5
EC0
330
17
100
AcDbEntity
  8
ESTRIBOS
 62
8
370
9
100
AcDbLine
 10
141.3808
 20
88.8
 30
0.0
 11
141.3808
 21
111.8
 31
0.0
  0
LINE
  5
EC1
330
17
100
AcDbEntity
  8
ESTRIBOS
 62
8
370
9
100
AcDbLine
 10
142.2808
 20
88.8
 30
0.0
 11
142.2808
 21
111.8
 31
0.0
  0
LINE
  5
EC2
330
17
100
AcDbEntity
  8
ESTRIBOS
 62
8
370
9
100
AcDbLine
 10
143.1808
 20
88.8
 30
0.0
 11
143.1808
 21
111.8
 31
0.0
  0
LINE
  5
EC3
330
17
100
AcDbEntity
  8
ESTRIBOS
 62
8
370
9
100
AcDbLine
 10
144.0808
 20
88.8
 30
0.0
 11
144.0808
 21
111.8
 31
0.0
  0
LINE
  5
EC4
330
17
100
AcDbEntity
  8
ESTRIBOS
 62
8
370
9
100
AcDbLine
 10
144.9808
 20
88.8
 30
0.0
 11
144.9808
 21
111.8
 31
0.0
  0
LINE
  5
EC5
330
17
100
AcDbEntity
  8
ESTRIBOS
 62
8
370
9
100
AcDbLine
 10
146.4808
 20
88.8
 30
0.0
 11
146.4808
 21
111.8
 31
0.0
  0
LINE
  5
EC6
330
17
100
AcDbEntity
  8
ESTRIBOS
 62
8
370
9
100
AcDbLine
 10
147.3808
 20
88.8
 30
0.0
 11
147.3808
 21
111.8
 31
0.0
  0
LINE
  5
EC7
330
17
100
AcDbEntity
  8
ESTRIBOS
 62
8
370
9
100
AcDbLine
 10
148.2808
 20
88.8
 30
0.0
 11
148.2808
 21
111.8
 31
0.0
  0
LINE
  5
EC8
330
17
100
AcDbEntity
  8
ESTRIBOS
 62
8
370
9
100
AcDbLine
 10
149.1808
 20
88.8
 30
0.0
 11
149.1808
 21
111.8
 31
0.0
  0
LINE
  5
EC9
330
17
100
AcDbEntity
  8
ESTRIBOS
 62
8
370
9
100
AcDbLine
 10
150.1808
 20
88.8
 30
0.0
 11
150.1808
 21
111.8
 31
0.0
  0
LINE
  5
ECA
330
17
100
AcDbEntity
  8
ESTRIBOS
 62
8
370
9
100
AcDbLine
 10
151.0808
 20
88.8
 30
0.0
 11
151.0808
 21
111.8
 31
0.0
  0
LINE
  5
ECB
330
17
100
AcDbEntity
  8
ESTRIBOS
 62
8
370
9
100
AcDbLine
 10
151.9808
 20
88.8
 30
0.0
 11
151.9808
 21
111.8
 31
0.0
  0
LINE
  5
ECC
330
17
100
AcDbEntity
  8
ESTRIBOS
 62
8
370
9
100
AcDbLine
 10
152.8808
 20
88.8
 30
0.0
 11
152.8808
 21
111.8
 31
0.0
  0
LINE
  5
ECD
330
17
100
AcDbEntity
  8
ESTRIBOS
 62
8
370
9
100
AcDbLine
 10
153.7808
 20
88.8
 30
0.0
 11
153.7808
 21
111.8
 31
0.0
  0
LINE
  5
ECE
330
17
100
AcDbEntity
  8
ESTRIBOS
 62
8
370
9
100
AcDbLine
 10
154.6808
 20
88.8
 30
0.0
 11
154.6808
 21
111.8
 31
0.0
  0
LINE
  5
ECF
330
17
100
AcDbEntity
  8
ESTRIBOS
 62
8
370
9
100
AcDbLine
 10
155.5808
 20
88.8
 30
0.0
 11
155.5808
 21
111.8
 31
0.0
  0
LINE
  5
ED0
330
17
100
AcDbEntity
  8
ESTRIBOS
 62
8
370
9
100
AcDbLine
 10
156.4808
 20
88.8
 30
0.0
 11
156.4808
 21
111.8
 31
0.0
  0
LINE
  5
ED1
330
17
100
AcDbEntity
  8
ESTRIBOS
 62
8
370
9
100
AcDbLine
 10
157.3808
 20
88.8
 30
0.0
 11
157.3808
 21
111.8
 31
0.0
  0
LINE
  5
ED2
330
17
100
AcDbEntity
  8
ESTRIBOS
 62
8
370
9
100
AcDbLine
 10
158.2808
 20
88.8
 30
0.0
 11
158.2808
 21
111.8
 31
0.0
  0
LINE
  5
ED3
330
17
100
AcDbEntity
  8
ESTRIBOS
 62
8
370
9
100
AcDbLine
 10
159.1808
 20
88.8
 30
0.0
 11
159.1808
 21
111.8
 31
0.0
  0
LINE
  5
ED4
330
17
100
AcDbEntity
  8
ESTRIBOS
 62
8
370
9
100
AcDbLine
 10
160.0808
 20
88.8
 30
0.0
 11
160.0808
 21
111.8
 31
0.0
  0
TEXT
  5
ED5
330
17
100
AcDbEntity
  8
ESTRIBOS
 62
8
100
AcDbText
 10
147.5808
 20
99.5
 30
0.0
 40
1.6
  1
Nº4 4R @90/@90
 72
1
 11
147.5808
 21
99.5
 31
0.0
100
AcDbText
 73
2
  0
LINE
  5
ED6
330
17
100
AcDbEntity
  8
ESTRIBOS
 62
8
370
9
100
AcDbLine
 10
161.0808
 20
88.8
 30
0.0
 11
161.0808
 21
111.8
 31
0.0
  0
LINE
  5
ED7
330
17
100
AcDbEntity
  8
ESTRIBOS
 62
8
370
9
100
AcDbLine
 10
161.9808
 20
88.8
 30
0.0
 11
161.9808
 21
111.8
 31
0.0
  0
LINE
  5
ED8
330
17
100
AcDbEntity
  8
ESTRIBOS
 62
8
370
9
100
AcDbLine
 10
162.8808
 20
88.8
 30
0.0
 11
162.8808
 21
111.8
 31
0.0
  0
LINE
  5
ED9
330
17
100
AcDbEntity
  8
ESTRIBOS
 62
8
370
9
100
AcDbLine
 10
163.7808
 20
88.8
 30
0.0
 11
163.7808
 21
111.8
 31
0.0
  0
LINE
  5
EDA
330
17
100
AcDbEntity
  8
ESTRIBOS
 62
8
370
9
100
AcDbLine
 10
164.6808
 20
88.8
 30
0.0
 11
164.6808
 21
111.8
 31
0.0
  0
LINE
  5
EDB
330
17
100
AcDbEntity
  8
ESTRIBOS
 62
8
370
9
100
AcDbLine
 10
165.5808
 20
88.8
 30
0.0
 11
165.5808
 21
111.8
 31
0.0
  0
LINE
  5
EDC
330
17
100
AcDbEntity
  8
ESTRIBOS
 62
8
370
9
100
AcDbLine
 10
166.4808
 20
88.8
 30
0.0
 11
166.4808
 21
111.8
 31
0.0
  0
LINE
  5
EDD
330
17
100
AcDbEntity
  8
ESTRIBOS
 62
8
370
9
100
AcDbLine
 10
167.3808
 20
88.8
 30
0.0
 11
167.3808
 21
111.8
 31
0.0
  0
LINE
  5
EDE
330
17
100
AcDbEntity
  8
ESTRIBOS
 62
8
370
9
100
AcDbLine
 10
168.2808
 20
88.8
 30
0.0
 11
168.2808
 21
111.8
 31
0.0
  0
LINE
  5
EDF
330
17
100
AcDbEntity
  8
ESTRIBOS
 62
8
370
9
100
AcDbLine
 10
169.1808
 20
88.8
 30
0.0
 11
169.1808
 21
111.8
 31
0.0
  0
LINE
  5
EE0
330
17
100
AcDbEntity
  8
ESTRIBOS
 62
8
370
9
100
AcDbLine
 10
170.0808
 20
88.8
 30
0.0
 11
170.0808
 21
111.8
 31
0.0
  0
LINE
  5
EE1
330
17
100
AcDbEntity
  8
ESTRIBOS
 62
8
370
9
100
AcDbLine
 10
170.9808
 20
88.8
 30
0.0
 11
170.9808
 21
111.8
 31
0.0
  0
LINE
  5
EE2
330
17
100
AcDbEntity
  8
ESTRIBOS
 62
8
370
9
100
AcDbLine
 10
172.4808
 20
88.8
 30
0.0
 11
172.4808
 21
111.8
 31
0.0
  0
LINE
  5
EE3
330
17
100
AcDbEntity
  8
ESTRIBOS
 62
8
370
9
100
AcDbLine
 10
173.3808
 20
88.8
 30
0.0
 11
173.3808
 21
111.8
 31
0.0
  0
LINE
  5
EE4
330
17
100
AcDbEntity
  8
ESTRIBOS
 62
8
370
9
100
AcDbLine
 10
174.2808
 20
88.8
 30
0.0
 11
174.2808
 21
111.8
 31
0.0
  0
LINE
  5
EE5
330
17
100
AcDbEntity
  8
ESTRIBOS
 62
8
370
9
100
AcDbLine
 10
175.1808
 20
88.8
 30
0.0
 11
175.1808
 21
111.8
 31
0.0
  0
LINE
  5
EE6
330
17
100
AcDbEntity
  8
ESTRIBOS
 62
8
370
9
100
AcDbLine
 10
176.0808
 20
88.8
 30
0.0
 11
176.0808
 21
111.8
 31
0.0
  0
LINE
  5
EE7
330
17
100
AcDbEntity
  8
ESTRIBOS
 62
8
370
9
100
AcDbLine
 10
176.9808
 20
88.8
 30
0.0
 11
176.9808
 21
111.8
 31
0.0
  0
LINE
  5
EE8
330
17
100
AcDbEntity
  8
ESTRIBOS
 62
8
370
9
100
AcDbLine
 10
177.8808
 20
88.8
 30
0.0
 11
177.8808
 21
111.8
 31
0.0
  0
LINE
  5
EE9
330
17
100
AcDbEntity
  8
ESTRIBOS
 62
8
370
9
100
AcDbLine
 10
178.7808
 20
88.8
 30
0.0
 11
178.7808
 21
111.8
 31
0.0
  0
LINE
  5
EEA
330
17
100
AcDbEntity
  8
ESTRIBOS
 62
8
370
9
100
AcDbLine
 10
179.6808
 20
88.8
 30
0.0
 11
179.6808
 21
111.8
 31
0.0
  0
LINE
  5
EEB
330
17
100
AcDbEntity
  8
ESTRIBOS
 62
8
370
9
100
AcDbLine
 10
180.5808
 20
88.8
 30
0.0
 11
180.5808
 21
111.8
 31
0.0
  0
LINE
  5
EEC
330
17
100
AcDbEntity
  8
ESTRIBOS
 62
8
370
9
100
AcDbLine
 10
181.4808
 20
88.8
 30
0.0
 11
181.4808
 21
111.8
 31
0.0
  0
LINE
  5
EED
330
17
100
AcDbEntity
  8
ESTRIBOS
 62
8
370
9
100
AcDbLine
 10
182.3808
 20
88.8
 30
0.0
 11
182.3808
 21
111.8
 31
0.0
  0
LINE
  5
EEE
330
17
100
AcDbEntity
  8
ESTRIBOS
 62
8
370
9
100
AcDbLine
 10
183.2808
 20
88.8
 30
0.0
 11
183.2808
 21
111.8
 31
0.0
  0
LINE
  5
EEF
330
17
100
AcDbEntity
  8
ESTRIBOS
 62
8
370
9
100
AcDbLine
 10
184.1808
 20
88.8
 30
0.0
 11
184.1808
 21
111.8
 31
0.0
  0
LINE
  5
EF0
330
17
100
AcDbEntity
  8
ESTRIBOS
 62
8
370
9
100
AcDbLine
 10
185.0808
 20
88.8
 30
0.0
 11
185.0808
 21
111.8
 31
0.0
  0
TEXT
  5
EF1
330
17
100
AcDbEntity
  8
ESTRIBOS
 62
8
100
AcDbText
 10
173.0808
 20
99.5
 30
0.0
 40
1.6
  1
Nº4 4R @90/@90
 72
1
 11
173.0808
 21
99.5
 31
0.0
100
AcDbText
 73
2
  0
LINE
  5
EF2
330
17
100
AcDbEntity
  8
ESTRIBOS
 62
8
370
9
100
AcDbLine
 10
186.0808
 20
88.8
 30
0.0
 11
186.0808
 21
111.8
 31
0.0
  0
LINE
  5
EF3
330
17
100
AcDbEntity
  8
ESTRIBOS
 62
8
370
9
100
AcDbLine
 10
186.9808
 20
88.8
 30
0.0
 11
186.9808
 21
111.8
 31
0.0
  0
LINE
  5
EF4
330
17
100
AcDbEntity
  8
ESTRIBOS
 62
8
370
9
100
AcDbLine
 10
187.8808
 20
88.8
 30
0.0
 11
187.8808
 21
111.8
 31
0.0
  0
LINE
  5
EF5
330
17
100
AcDbEntity
  8
ESTRIBOS
 62
8
370
9
100
AcDbLine
 10
188.7808
 20
88.8
 30
0.0
 11
188.7808
 21
111.8
 31
0.0
  0
LINE
  5
EF6
330
17
100
AcDbEntity
  8
ESTRIBOS
 62
8
370
9
100
AcDbLine
 10
189.6808
 20
88.8
 30
0.0
 11
189.6808
 21
111.8
 31
0.0
  0
LINE
  5
EF7
330
17
100
AcDbEntity
  8
ESTRIBOS
 62
8
370
9
100
AcDbLine
 10
190.5808
 20
88.8
 30
0.0
 11
190.5808
 21
111.8
 31
0.0
  0
LINE
  5
EF8
330
17
100
AcDbEntity
  8
ESTRIBOS
 62
8
370
9
100
AcDbLine
 10
191.4808
 20
88.8
 30
0.0
 11
191.4808
 21
111.8
 31
0.0
  0
LINE
  5
EF9
330
17
100
AcDbEntity
  8
ESTRIBOS
 62
8
370
9
100
AcDbLine
 10
192.3808
 20
88.8
 30
0.0
 11
192.3808
 21
111.8
 31
0.0
  0
LINE
  5
EFA
330
17
100
AcDbEntity
  8
ESTRIBOS
 62
8
370
9
100
AcDbLine
 10
193.2808
 20
88.8
 30
0.0
 11
193.2808
 21
111.8
 31
0.0
  0
LINE
  5
EFB
330
17
100
AcDbEntity
  8
ESTRIBOS
 62
8
370
9
100
AcDbLine
 10
194.1808
 20
88.8
 30
0.0
 11
194.1808
 21
111.8
 31
0.0
  0
LINE
  5
EFC
330
17
100
AcDbEntity
  8
ESTRIBOS
 62
8
370
9
100
AcDbLine
 10
195.0808
 20
88.8
 30
0.0
 11
195.0808
 21
111.8
 31
0.0
  0
LINE
  5
EFD
330
17
100
AcDbEntity
  8
ESTRIBOS
 62
8
370
9
100
AcDbLine
 10
195.9808
 20
88.8
 30
0.0
 11
195.9808
 21
111.8
 31
0.0
  0
LINE
  5
EFE
330
17
100
AcDbEntity
  8
ESTRIBOS
 62
8
370
9
100
AcDbLine
 10
197.4808
 20
88.8
 30
0.0
 11
197.4808
 21
111.8
 31
0.0
  0
LINE
  5
EFF
330
17
100
AcDbEntity
  8
ESTRIBOS
 62
8
370
9
100
AcDbLine
 10
198.3808
 20
88.8
 30
0.0
 11
198.3808
 21
111.8
 31
0.0
  0
LINE
  5
F00
330
17
100
AcDbEntity
  8
ESTRIBOS
 62
8
370
9
100
AcDbLine
 10
199.2808
 20
88.8
 30
0.0
 11
199.2808
 21
111.8
 31
0.0
  0
LINE
  5
F01
330
17
100
AcDbEntity
  8
ESTRIBOS
 62
8
370
9
100
AcDbLine
 10
200.1808
 20
88.8
 30
0.0
 11
200.1808
 21
111.8
 31
0.0
  0
LINE
  5
F02
330
17
100
AcDbEntity
  8
ESTRIBOS
 62
8
370
9
100
AcDbLine
 10
201.0808
 20
88.8
 30
0.0
 11
201.0808
 21
111.8
 31
0.0
  0
LINE
  5
F03
330
17
100
AcDbEntity
  8
ESTRIBOS
 62
8
370
9
100
AcDbLine
 10
201.9808
 20
88.8
 30
0.0
 11
201.9808
 21
111.8
 31
0.0
  0
LINE
  5
F04
330
17
100
AcDbEntity
  8
ESTRIBOS
 62
8
370
9
100
AcDbLine
 10
202.8808
 20
88.8
 30
0.0
 11
202.8808
 21
111.8
 31
0.0
  0
LINE
  5
F05
330
17
100
AcDbEntity
  8
ESTRIBOS
 62
8
370
9
100
AcDbLine
 10
203.7808
 20
88.8
 30
0.0
 11
203.7808
 21
111.8
 31
0.0
  0
LINE
  5
F06
330
17
100
AcDbEntity
  8
ESTRIBOS
 62
8
370
9
100
AcDbLine
 10
204.6808
 20
88.8
 30
0.0
 11
204.6808
 21
111.8
 31
0.0
  0
LINE
  5
F07
330
17
100
AcDbEntity
  8
ESTRIBOS
 62
8
370
9
100
AcDbLine
 10
205.5808
 20
88.8
 30
0.0
 11
205.5808
 21
111.8
 31
0.0
  0
LINE
  5
F08
330
17
100
AcDbEntity
  8
ESTRIBOS
 62
8
370
9
100
AcDbLine
 10
206.4808
 20
88.8
 30
0.0
 11
206.4808
 21
111.8
 31
0.0
  0
LINE
  5
F09
330
17
100
AcDbEntity
  8
ESTRIBOS
 62
8
370
9
100
AcDbLine
 10
207.3808
 20
88.8
 30
0.0
 11
207.3808
 21
111.8
 31
0.0
  0
LINE
  5
F0A
330
17
100
AcDbEntity
  8
ESTRIBOS
 62
8
370
9
100
AcDbLine
 10
208.2808
 20
88.8
 30
0.0
 11
208.2808
 21
111.8
 31
0.0
  0
LINE
  5
F0B
330
17
100
AcDbEntity
  8
ESTRIBOS
 62
8
370
9
100
AcDbLine
 10
209.1808
 20
88.8
 30
0.0
 11
209.1808
 21
111.8
 31
0.0
  0
LINE
  5
F0C
330
17
100
AcDbEntity
  8
ESTRIBOS
 62
8
370
9
100
AcDbLine
 10
210.0808
 20
88.8
 30
0.0
 11
210.0808
 21
111.8
 31
0.0
  0
LINE
  5
F0D
330
17
100
AcDbEntity
  8
ESTRIBOS
 62
8
370
9
100
AcDbLine
 10
210.9808
 20
88.8
 30
0.0
 11
210.9808
 21
111.8
 31
0.0
  0
LINE
  5
F0E
330
17
100
AcDbEntity
  8
ESTRIBOS
 62
8
370
9
100
AcDbLine
 10
211.8808
 20
88.8
 30
0.0
 11
211.8808
 21
111.8
 31
0.0
  0
LINE
  5
F0F
330
17
100
AcDbEntity
  8
ESTRIBOS
 62
8
370
9
100
AcDbLine
 10
212.7808
 20
88.8
 30
0.0
 11
212.7808
 21
111.8
 31
0.0
  0
LINE
  5
F10
330
17
100
AcDbEntity
  8
ESTRIBOS
 62
8
370
9
100
AcDbLine
 10
213.6808
 20
88.8
 30
0.0
 11
213.6808
 21
111.8
 31
0.0
  0
LINE
  5
F11
330
17
100
AcDbEntity
  8
ESTRIBOS
 62
8
370
9
100
AcDbLine
 10
214.5808
 20
88.8
 30
0.0
 11
214.5808
 21
111.8
 31
0.0
  0
LINE
  5
F12
330
17
100
AcDbEntity
  8
ESTRIBOS
 62
8
370
9
100
AcDbLine
 10
215.4808
 20
88.8
 30
0.0
 11
215.4808
 21
111.8
 31
0.0
  0
LINE
  5
F13
330
17
100
AcDbEntity
  8
ESTRIBOS
 62
8
370
9
100
AcDbLine
 10
216.942
 20
88.8
 30
0.0
 11
216.942
 21
111.8
 31
0.0
  0
LINE
  5
F14
330
17
100
AcDbEntity
  8
ESTRIBOS
 62
8
370
9
100
AcDbLine
 10
217.842
 20
88.8
 30
0.0
 11
217.842
 21
111.8
 31
0.0
  0
LINE
  5
F15
330
17
100
AcDbEntity
  8
ESTRIBOS
 62
8
370
9
100
AcDbLine
 10
218.742
 20
88.8
 30
0.0
 11
218.742
 21
111.8
 31
0.0
  0
LINE
  5
F16
330
17
100
AcDbEntity
  8
ESTRIBOS
 62
8
370
9
100
AcDbLine
 10
219.642
 20
88.8
 30
0.0
 11
219.642
 21
111.8
 31
0.0
  0
LINE
  5
F17
330
17
100
AcDbEntity
  8
ESTRIBOS
 62
8
370
9
100
AcDbLine
 10
220.542
 20
88.8
 30
0.0
 11
220.542
 21
111.8
 31
0.0
  0
LINE
  5
F18
330
17
100
AcDbEntity
  8
ESTRIBOS
 62
8
370
9
100
AcDbLine
 10
221.442
 20
88.8
 30
0.0
 11
221.442
 21
111.8
 31
0.0
  0
LINE
  5
F19
330
17
100
AcDbEntity
  8
ESTRIBOS
 62
8
370
9
100
AcDbLine
 10
222.342
 20
88.8
 30
0.0
 11
222.342
 21
111.8
 31
0.0
  0
LINE
  5
F1A
330
17
100
AcDbEntity
  8
ESTRIBOS
 62
8
370
9
100
AcDbLine
 10
223.242
 20
88.8
 30
0.0
 11
223.242
 21
111.8
 31
0.0
  0
LINE
  5
F1B
330
17
100
AcDbEntity
  8
ESTRIBOS
 62
8
370
9
100
AcDbLine
 10
224.142
 20
88.8
 30
0.0
 11
224.142
 21
111.8
 31
0.0
  0
LINE
  5
F1C
330
17
100
AcDbEntity
  8
ESTRIBOS
 62
8
370
9
100
AcDbLine
 10
225.042
 20
88.8
 30
0.0
 11
225.042
 21
111.8
 31
0.0
  0
LINE
  5
F1D
330
17
100
AcDbEntity
  8
ESTRIBOS
 62
8
370
9
100
AcDbLine
 10
225.942
 20
88.8
 30
0.0
 11
225.942
 21
111.8
 31
0.0
  0
LINE
  5
F1E
330
17
100
AcDbEntity
  8
ESTRIBOS
 62
8
370
9
100
AcDbLine
 10
226.842
 20
88.8
 30
0.0
 11
226.842
 21
111.8
 31
0.0
  0
TEXT
  5
F1F
330
17
100
AcDbEntity
  8
ESTRIBOS
 62
8
100
AcDbText
 10
206.46140000000003
 20
99.5
 30
0.0
 40
1.6
  1
Nº4 4R @90/@90
 72
1
 11
206.46140000000003
 21
99.5
 31
0.0
100
AcDbText
 73
2
  0
LINE
  5
F20
330
17
100
AcDbEntity
  8
ESTRIBOS
 62
8
370
9
100
AcDbLine
 10
227.842
 20
88.8
 30
0.0
 11
227.842
 21
111.8
 31
0.0
  0
LINE
  5
F21
330
17
100
AcDbEntity
  8
ESTRIBOS
 62
8
370
9
100
AcDbLine
 10
228.742
 20
88.8
 30
0.0
 11
228.742
 21
111.8
 31
0.0
  0
LINE
  5
F22
330
17
100
AcDbEntity
  8
ESTRIBOS
 62
8
370
9
100
AcDbLine
 10
229.642
 20
88.8
 30
0.0
 11
229.642
 21
111.8
 31
0.0
  0
LINE
  5
F23
330
17
100
AcDbEntity
  8
ESTRIBOS
 62
8
370
9
100
AcDbLine
 10
230.542
 20
88.8
 30
0.0
 11
230.542
 21
111.8
 31
0.0
  0
LINE
  5
F24
330
17
100
AcDbEntity
  8
ESTRIBOS
 62
8
370
9
100
AcDbLine
 10
231.442
 20
88.8
 30
0.0
 11
231.442
 21
111.8
 31
0.0
  0
LINE
  5
F25
330
17
100
AcDbEntity
  8
ESTRIBOS
 62
8
370
9
100
AcDbLine
 10
232.342
 20
88.8
 30
0.0
 11
232.342
 21
111.8
 31
0.0
  0
LINE
  5
F26
330
17
100
AcDbEntity
  8
ESTRIBOS
 62
8
370
9
100
AcDbLine
 10
233.242
 20
88.8
 30
0.0
 11
233.242
 21
111.8
 31
0.0
  0
LINE
  5
F27
330
17
100
AcDbEntity
  8
ESTRIBOS
 62
8
370
9
100
AcDbLine
 10
234.142
 20
88.8
 30
0.0
 11
234.142
 21
111.8
 31
0.0
  0
LINE
  5
F28
330
17
100
AcDbEntity
  8
ESTRIBOS
 62
8
370
9
100
AcDbLine
 10
235.042
 20
88.8
 30
0.0
 11
235.042
 21
111.8
 31
0.0
  0
LINE
  5
F29
330
17
100
AcDbEntity
  8
ESTRIBOS
 62
8
370
9
100
AcDbLine
 10
235.942
 20
88.8
 30
0.0
 11
235.942
 21
111.8
 31
0.0
  0
LINE
  5
F2A
330
17
100
AcDbEntity
  8
ESTRIBOS
 62
8
370
9
100
AcDbLine
 10
236.842
 20
88.8
 30
0.0
 11
236.842
 21
111.8
 31
0.0
  0
LINE
  5
F2B
330
17
100
AcDbEntity
  8
ESTRIBOS
 62
8
370
9
100
AcDbLine
 10
237.742
 20
88.8
 30
0.0
 11
237.742
 21
111.8
 31
0.0
  0
LINE
  5
F2C
330
17
100
AcDbEntity
  8
ESTRIBOS
 62
8
370
9
100
AcDbLine
 10
239.242
 20
88.8
 30
0.0
 11
239.242
 21
111.8
 31
0.0
  0
LINE
  5
F2D
330
17
100
AcDbEntity
  8
ESTRIBOS
 62
8
370
9
100
AcDbLine
 10
240.142
 20
88.8
 30
0.0
 11
240.142
 21
111.8
 31
0.0
  0
LINE
  5
F2E
330
17
100
AcDbEntity
  8
ESTRIBOS
 62
8
370
9
100
AcDbLine
 10
241.042
 20
88.8
 30
0.0
 11
241.042
 21
111.8
 31
0.0
  0
LINE
  5
F2F
330
17
100
AcDbEntity
  8
ESTRIBOS
 62
8
370
9
100
AcDbLine
 10
241.942
 20
88.8
 30
0.0
 11
241.942
 21
111.8
 31
0.0
  0
LINE
  5
F30
330
17
100
AcDbEntity
  8
ESTRIBOS
 62
8
370
9
100
AcDbLine
 10
242.842
 20
88.8
 30
0.0
 11
242.842
 21
111.8
 31
0.0
  0
LINE
  5
F31
330
17
100
AcDbEntity
  8
ESTRIBOS
 62
8
370
9
100
AcDbLine
 10
243.742
 20
88.8
 30
0.0
 11
243.742
 21
111.8
 31
0.0
  0
LINE
  5
F32
330
17
100
AcDbEntity
  8
ESTRIBOS
 62
8
370
9
100
AcDbLine
 10
244.942
 20
88.8
 30
0.0
 11
244.942
 21
111.8
 31
0.0
  0
LINE
  5
F33
330
17
100
AcDbEntity
  8
ESTRIBOS
 62
8
370
9
100
AcDbLine
 10
245.842
 20
88.8
 30
0.0
 11
245.842
 21
111.8
 31
0.0
  0
LINE
  5
F34
330
17
100
AcDbEntity
  8
ESTRIBOS
 62
8
370
9
100
AcDbLine
 10
246.742
 20
88.8
 30
0.0
 11
246.742
 21
111.8
 31
0.0
  0
LINE
  5
F35
330
17
100
AcDbEntity
  8
ESTRIBOS
 62
8
370
9
100
AcDbLine
 10
247.642
 20
88.8
 30
0.0
 11
247.642
 21
111.8
 31
0.0
  0
LINE
  5
F36
330
17
100
AcDbEntity
  8
ESTRIBOS
 62
8
370
9
100
AcDbLine
 10
248.542
 20
88.8
 30
0.0
 11
248.542
 21
111.8
 31
0.0
  0
LINE
  5
F37
330
17
100
AcDbEntity
  8
ESTRIBOS
 62
8
370
9
100
AcDbLine
 10
249.442
 20
88.8
 30
0.0
 11
249.442
 21
111.8
 31
0.0
  0
LINE
  5
F38
330
17
100
AcDbEntity
  8
ESTRIBOS
 62
8
370
9
100
AcDbLine
 10
250.342
 20
88.8
 30
0.0
 11
250.342
 21
111.8
 31
0.0
  0
LINE
  5
F39
330
17
100
AcDbEntity
  8
ESTRIBOS
 62
8
370
9
100
AcDbLine
 10
251.242
 20
88.8
 30
0.0
 11
251.242
 21
111.8
 31
0.0
  0
LINE
  5
F3A
330
17
100
AcDbEntity
  8
ESTRIBOS
 62
8
370
9
100
AcDbLine
 10
252.142
 20
88.8
 30
0.0
 11
252.142
 21
111.8
 31
0.0
  0
LINE
  5
F3B
330
17
100
AcDbEntity
  8
ESTRIBOS
 62
8
370
9
100
AcDbLine
 10
253.042
 20
88.8
 30
0.0
 11
253.042
 21
111.8
 31
0.0
  0
LINE
  5
F3C
330
17
100
AcDbEntity
  8
ESTRIBOS
 62
8
370
9
100
AcDbLine
 10
253.942
 20
88.8
 30
0.0
 11
253.942
 21
111.8
 31
0.0
  0
LINE
  5
F3D
330
17
100
AcDbEntity
  8
ESTRIBOS
 62
8
370
9
100
AcDbLine
 10
254.842
 20
88.8
 30
0.0
 11
254.842
 21
111.8
 31
0.0
  0
TEXT
  5
F3E
330
17
100
AcDbEntity
  8
ESTRIBOS
 62
8
100
AcDbText
 10
241.342
 20
99.5
 30
0.0
 40
1.6
  1
Nº4 4R @90/@90
 72
1
 11
241.342
 21
99.5
 31
0.0
100
AcDbText
 73
2
  0
LINE
  5
F3F
330
17
100
AcDbEntity
  8
ESTRIBOS
 62
8
370
9
100
AcDbLine
 10
255.842
 20
88.8
 30
0.0
 11
255.842
 21
111.8
 31
0.0
  0
LINE
  5
F40
330
17
100
AcDbEntity
  8
ESTRIBOS
 62
8
370
9
100
AcDbLine
 10
256.742
 20
88.8
 30
0.0
 11
256.742
 21
111.8
 31
0.0
  0
LINE
  5
F41
330
17
100
AcDbEntity
  8
ESTRIBOS
 62
8
370
9
100
AcDbLine
 10
257.642
 20
88.8
 30
0.0
 11
257.642
 21
111.8
 31
0.0
  0
LINE
  5
F42
330
17
100
AcDbEntity
  8
ESTRIBOS
 62
8
370
9
100
AcDbLine
 10
258.542
 20
88.8
 30
0.0
 11
258.542
 21
111.8
 31
0.0
  0
LINE
  5
F43
330
17
100
AcDbEntity
  8
ESTRIBOS
 62
8
370
9
100
AcDbLine
 10
259.442
 20
88.8
 30
0.0
 11
259.442
 21
111.8
 31
0.0
  0
LINE
  5
F44
330
17
100
AcDbEntity
  8
ESTRIBOS
 62
8
370
9
100
AcDbLine
 10
260.342
 20
88.8
 30
0.0
 11
260.342
 21
111.8
 31
0.0
  0
LINE
  5
F45
330
17
100
AcDbEntity
  8
ESTRIBOS
 62
8
370
9
100
AcDbLine
 10
261.242
 20
88.8
 30
0.0
 11
261.242
 21
111.8
 31
0.0
  0
LINE
  5
F46
330
17
100
AcDbEntity
  8
ESTRIBOS
 62
8
370
9
100
AcDbLine
 10
262.142
 20
88.8
 30
0.0
 11
262.142
 21
111.8
 31
0.0
  0
LINE
  5
F47
330
17
100
AcDbEntity
  8
ESTRIBOS
 62
8
370
9
100
AcDbLine
 10
263.042
 20
88.8
 30
0.0
 11
263.042
 21
111.8
 31
0.0
  0
LINE
  5
F48
330
17
100
AcDbEntity
  8
ESTRIBOS
 62
8
370
9
100
AcDbLine
 10
263.942
 20
88.8
 30
0.0
 11
263.942
 21
111.8
 31
0.0
  0
LINE
  5
F49
330
17
100
AcDbEntity
  8
ESTRIBOS
 62
8
370
9
100
AcDbLine
 10
264.842
 20
88.8
 30
0.0
 11
264.842
 21
111.8
 31
0.0
  0
LINE
  5
F4A
330
17
100
AcDbEntity
  8
ESTRIBOS
 62
8
370
9
100
AcDbLine
 10
265.742
 20
88.8
 30
0.0
 11
265.742
 21
111.8
 31
0.0
  0
LINE
  5
F4B
330
17
100
AcDbEntity
  8
ESTRIBOS
 62
8
370
9
100
AcDbLine
 10
267.242
 20
88.8
 30
0.0
 11
267.242
 21
111.8
 31
0.0
  0
LINE
  5
F4C
330
17
100
AcDbEntity
  8
ESTRIBOS
 62
8
370
9
100
AcDbLine
 10
268.142
 20
88.8
 30
0.0
 11
268.142
 21
111.8
 31
0.0
  0
LINE
  5
F4D
330
17
100
AcDbEntity
  8
ESTRIBOS
 62
8
370
9
100
AcDbLine
 10
269.042
 20
88.8
 30
0.0
 11
269.042
 21
111.8
 31
0.0
  0
LINE
  5
F4E
330
17
100
AcDbEntity
  8
ESTRIBOS
 62
8
370
9
100
AcDbLine
 10
269.942
 20
88.8
 30
0.0
 11
269.942
 21
111.8
 31
0.0
  0
LINE
  5
F4F
330
17
100
AcDbEntity
  8
ESTRIBOS
 62
8
370
9
100
AcDbLine
 10
270.842
 20
88.8
 30
0.0
 11
270.842
 21
111.8
 31
0.0
  0
LINE
  5
F50
330
17
100
AcDbEntity
  8
ESTRIBOS
 62
8
370
9
100
AcDbLine
 10
271.942
 20
88.8
 30
0.0
 11
271.942
 21
111.8
 31
0.0
  0
LINE
  5
F51
330
17
100
AcDbEntity
  8
ESTRIBOS
 62
8
370
9
100
AcDbLine
 10
272.842
 20
88.8
 30
0.0
 11
272.842
 21
111.8
 31
0.0
  0
LINE
  5
F52
330
17
100
AcDbEntity
  8
ESTRIBOS
 62
8
370
9
100
AcDbLine
 10
273.742
 20
88.8
 30
0.0
 11
273.742
 21
111.8
 31
0.0
  0
LINE
  5
F53
330
17
100
AcDbEntity
  8
ESTRIBOS
 62
8
370
9
100
AcDbLine
 10
274.642
 20
88.8
 30
0.0
 11
274.642
 21
111.8
 31
0.0
  0
LINE
  5
F54
330
17
100
AcDbEntity
  8
ESTRIBOS
 62
8
370
9
100
AcDbLine
 10
275.542
 20
88.8
 30
0.0
 11
275.542
 21
111.8
 31
0.0
  0
LINE
  5
F55
330
17
100
AcDbEntity
  8
ESTRIBOS
 62
8
370
9
100
AcDbLine
 10
276.442
 20
88.8
 30
0.0
 11
276.442
 21
111.8
 31
0.0
  0
LINE
  5
F56
330
17
100
AcDbEntity
  8
ESTRIBOS
 62
8
370
9
100
AcDbLine
 10
277.342
 20
88.8
 30
0.0
 11
277.342
 21
111.8
 31
0.0
  0
LINE
  5
F57
330
17
100
AcDbEntity
  8
ESTRIBOS
 62
8
370
9
100
AcDbLine
 10
278.242
 20
88.8
 30
0.0
 11
278.242
 21
111.8
 31
0.0
  0
LINE
  5
F58
330
17
100
AcDbEntity
  8
ESTRIBOS
 62
8
370
9
100
AcDbLine
 10
279.142
 20
88.8
 30
0.0
 11
279.142
 21
111.8
 31
0.0
  0
LINE
  5
F59
330
17
100
AcDbEntity
  8
ESTRIBOS
 62
8
370
9
100
AcDbLine
 10
280.042
 20
88.8
 30
0.0
 11
280.042
 21
111.8
 31
0.0
  0
LINE
  5
F5A
330
17
100
AcDbEntity
  8
ESTRIBOS
 62
8
370
9
100
AcDbLine
 10
280.942
 20
88.8
 30
0.0
 11
280.942
 21
111.8
 31
0.0
  0
LINE
  5
F5B
330
17
100
AcDbEntity
  8
ESTRIBOS
 62
8
370
9
100
AcDbLine
 10
281.842
 20
88.8
 30
0.0
 11
281.842
 21
111.8
 31
0.0
  0
TEXT
  5
F5C
330
17
100
AcDbEntity
  8
ESTRIBOS
 62
8
100
AcDbText
 10
268.842
 20
99.5
 30
0.0
 40
1.6
  1
Nº4 4R @90/@90
 72
1
 11
268.842
 21
99.5
 31
0.0
100
AcDbText
 73
2
  0
LINE
  5
F5D
330
17
100
AcDbEntity
  8
ESTRIBOS
 62
8
370
9
100
AcDbLine
 10
282.842
 20
88.8
 30
0.0
 11
282.842
 21
111.8
 31
0.0
  0
LINE
  5
F5E
330
17
100
AcDbEntity
  8
ESTRIBOS
 62
8
370
9
100
AcDbLine
 10
283.742
 20
88.8
 30
0.0
 11
283.742
 21
111.8
 31
0.0
  0
LINE
  5
F5F
330
17
100
AcDbEntity
  8
ESTRIBOS
 62
8
370
9
100
AcDbLine
 10
284.642
 20
88.8
 30
0.0
 11
284.642
 21
111.8
 31
0.0
  0
LINE
  5
F60
330
17
100
AcDbEntity
  8
ESTRIBOS
 62
8
370
9
100
AcDbLine
 10
285.542
 20
88.8
 30
0.0
 11
285.542
 21
111.8
 31
0.0
  0
LINE
  5
F61
330
17
100
AcDbEntity
  8
ESTRIBOS
 62
8
370
9
100
AcDbLine
 10
286.442
 20
88.8
 30
0.0
 11
286.442
 21
111.8
 31
0.0
  0
LINE
  5
F62
330
17
100
AcDbEntity
  8
ESTRIBOS
 62
8
370
9
100
AcDbLine
 10
287.342
 20
88.8
 30
0.0
 11
287.342
 21
111.8
 31
0.0
  0
LINE
  5
F63
330
17
100
AcDbEntity
  8
ESTRIBOS
 62
8
370
9
100
AcDbLine
 10
288.242
 20
88.8
 30
0.0
 11
288.242
 21
111.8
 31
0.0
  0
LINE
  5
F64
330
17
100
AcDbEntity
  8
ESTRIBOS
 62
8
370
9
100
AcDbLine
 10
289.142
 20
88.8
 30
0.0
 11
289.142
 21
111.8
 31
0.0
  0
LINE
  5
F65
330
17
100
AcDbEntity
  8
ESTRIBOS
 62
8
370
9
100
AcDbLine
 10
290.042
 20
88.8
 30
0.0
 11
290.042
 21
111.8
 31
0.0
  0
LINE
  5
F66
330
17
100
AcDbEntity
  8
ESTRIBOS
 62
8
370
9
100
AcDbLine
 10
290.942
 20
88.8
 30
0.0
 11
290.942
 21
111.8
 31
0.0
  0
LINE
  5
F67
330
17
100
AcDbEntity
  8
ESTRIBOS
 62
8
370
9
100
AcDbLine
 10
291.842
 20
88.8
 30
0.0
 11
291.842
 21
111.8
 31
0.0
  0
LINE
  5
F68
330
17
100
AcDbEntity
  8
ESTRIBOS
 62
8
370
9
100
AcDbLine
 10
292.742
 20
88.8
 30
0.0
 11
292.742
 21
111.8
 31
0.0
  0
LINE
  5
F69
330
17
100
AcDbEntity
  8
ESTRIBOS
 62
8
370
9
100
AcDbLine
 10
294.242
 20
88.8
 30
0.0
 11
294.242
 21
111.8
 31
0.0
  0
LINE
  5
F6A
330
17
100
AcDbEntity
  8
ESTRIBOS
 62
8
370
9
100
AcDbLine
 10
295.142
 20
88.8
 30
0.0
 11
295.142
 21
111.8
 31
0.0
  0
LINE
  5
F6B
330
17
100
AcDbEntity
  8
ESTRIBOS
 62
8
370
9
100
AcDbLine
 10
296.042
 20
88.8
 30
0.0
 11
296.042
 21
111.8
 31
0.0
  0
LINE
  5
F6C
330
17
100
AcDbEntity
  8
ESTRIBOS
 62
8
370
9
100
AcDbLine
 10
296.942
 20
88.8
 30
0.0
 11
296.942
 21
111.8
 31
0.0
  0
LINE
  5
F6D
330
17
100
AcDbEntity
  8
ESTRIBOS
 62
8
370
9
100
AcDbLine
 10
297.842
 20
88.8
 30
0.0
 11
297.842
 21
111.8
 31
0.0
  0
LINE
  5
F6E
330
17
100
AcDbEntity
  8
ESTRIBOS
 62
8
370
9
100
AcDbLine
 10
298.742
 20
88.8
 30
0.0
 11
298.742
 21
111.8
 31
0.0
  0
LINE
  5
F6F
330
17
100
AcDbEntity
  8
ESTRIBOS
 62
8
370
9
100
AcDbLine
 10
299.642
 20
88.8
 30
0.0
 11
299.642
 21
111.8
 31
0.0
  0
LINE
  5
F70
330
17
100
AcDbEntity
  8
ESTRIBOS
 62
8
370
9
100
AcDbLine
 10
300.542
 20
88.8
 30
0.0
 11
300.542
 21
111.8
 31
0.0
  0
LINE
  5
F71
330
17
100
AcDbEntity
  8
ESTRIBOS
 62
8
370
9
100
AcDbLine
 10
301.442
 20
88.8
 30
0.0
 11
301.442
 21
111.8
 31
0.0
  0
LINE
  5
F72
330
17
100
AcDbEntity
  8
ESTRIBOS
 62
8
370
9
100
AcDbLine
 10
302.342
 20
88.8
 30
0.0
 11
302.342
 21
111.8
 31
0.0
  0
LINE
  5
F73
330
17
100
AcDbEntity
  8
ESTRIBOS
 62
8
370
9
100
AcDbLine
 10
303.242
 20
88.8
 30
0.0
 11
303.242
 21
111.8
 31
0.0
  0
LINE
  5
F74
330
17
100
AcDbEntity
  8
ESTRIBOS
 62
8
370
9
100
AcDbLine
 10
304.142
 20
88.8
 30
0.0
 11
304.142
 21
111.8
 31
0.0
  0
LINE
  5
F75
330
17
100
AcDbEntity
  8
ESTRIBOS
 62
8
370
9
100
AcDbLine
 10
305.042
 20
88.8
 30
0.0
 11
305.042
 21
111.8
 31
0.0
  0
LINE
  5
F76
330
17
100
AcDbEntity
  8
ESTRIBOS
 62
8
370
9
100
AcDbLine
 10
305.942
 20
88.8
 30
0.0
 11
305.942
 21
111.8
 31
0.0
  0
LINE
  5
F77
330
17
100
AcDbEntity
  8
ESTRIBOS
 62
8
370
9
100
AcDbLine
 10
306.842
 20
88.8
 30
0.0
 11
306.842
 21
111.8
 31
0.0
  0
LINE
  5
F78
330
17
100
AcDbEntity
  8
ESTRIBOS
 62
8
370
9
100
AcDbLine
 10
307.742
 20
88.8
 30
0.0
 11
307.742
 21
111.8
 31
0.0
  0
LINE
  5
F79
330
17
100
AcDbEntity
  8
ESTRIBOS
 62
8
370
9
100
AcDbLine
 10
308.642
 20
88.8
 30
0.0
 11
308.642
 21
111.8
 31
0.0
  0
LINE
  5
F7A
330
17
100
AcDbEntity
  8
ESTRIBOS
 62
8
370
9
100
AcDbLine
 10
309.542
 20
88.8
 30
0.0
 11
309.542
 21
111.8
 31
0.0
  0
LINE
  5
F7B
330
17
100
AcDbEntity
  8
ESTRIBOS
 62
8
370
9
100
AcDbLine
 10
310.442
 20
88.8
 30
0.0
 11
310.442
 21
111.8
 31
0.0
  0
LINE
  5
F7C
330
17
100
AcDbEntity
  8
ESTRIBOS
 62
8
370
9
100
AcDbLine
 10
311.342
 20
88.8
 30
0.0
 11
311.342
 21
111.8
 31
0.0
  0
LINE
  5
F7D
330
17
100
AcDbEntity
  8
ESTRIBOS
 62
8
370
9
100
AcDbLine
 10
312.242
 20
88.8
 30
0.0
 11
312.242
 21
111.8
 31
0.0
  0
LINE
  5
F7E
330
17
100
AcDbEntity
  8
ESTRIBOS
 62
8
370
9
100
AcDbLine
 10
313.7032
 20
88.8
 30
0.0
 11
313.7032
 21
111.8
 31
0.0
  0
LINE
  5
F7F
330
17
100
AcDbEntity
  8
ESTRIBOS
 62
8
370
9
100
AcDbLine
 10
314.6032
 20
88.8
 30
0.0
 11
314.6032
 21
111.8
 31
0.0
  0
LINE
  5
F80
330
17
100
AcDbEntity
  8
ESTRIBOS
 62
8
370
9
100
AcDbLine
 10
315.5032
 20
88.8
 30
0.0
 11
315.5032
 21
111.8
 31
0.0
  0
LINE
  5
F81
330
17
100
AcDbEntity
  8
ESTRIBOS
 62
8
370
9
100
AcDbLine
 10
316.4032
 20
88.8
 30
0.0
 11
316.4032
 21
111.8
 31
0.0
  0
LINE
  5
F82
330
17
100
AcDbEntity
  8
ESTRIBOS
 62
8
370
9
100
AcDbLine
 10
317.3032
 20
88.8
 30
0.0
 11
317.3032
 21
111.8
 31
0.0
  0
LINE
  5
F83
330
17
100
AcDbEntity
  8
ESTRIBOS
 62
8
370
9
100
AcDbLine
 10
318.2032
 20
88.8
 30
0.0
 11
318.2032
 21
111.8
 31
0.0
  0
LINE
  5
F84
330
17
100
AcDbEntity
  8
ESTRIBOS
 62
8
370
9
100
AcDbLine
 10
319.1032
 20
88.8
 30
0.0
 11
319.1032
 21
111.8
 31
0.0
  0
LINE
  5
F85
330
17
100
AcDbEntity
  8
ESTRIBOS
 62
8
370
9
100
AcDbLine
 10
320.0032
 20
88.8
 30
0.0
 11
320.0032
 21
111.8
 31
0.0
  0
LINE
  5
F86
330
17
100
AcDbEntity
  8
ESTRIBOS
 62
8
370
9
100
AcDbLine
 10
320.9032
 20
88.8
 30
0.0
 11
320.9032
 21
111.8
 31
0.0
  0
LINE
  5
F87
330
17
100
AcDbEntity
  8
ESTRIBOS
 62
8
370
9
100
AcDbLine
 10
321.8032
 20
88.8
 30
0.0
 11
321.8032
 21
111.8
 31
0.0
  0
LINE
  5
F88
330
17
100
AcDbEntity
  8
ESTRIBOS
 62
8
370
9
100
AcDbLine
 10
322.7032
 20
88.8
 30
0.0
 11
322.7032
 21
111.8
 31
0.0
  0
LINE
  5
F89
330
17
100
AcDbEntity
  8
ESTRIBOS
 62
8
370
9
100
AcDbLine
 10
323.6032
 20
88.8
 30
0.0
 11
323.6032
 21
111.8
 31
0.0
  0
TEXT
  5
F8A
330
17
100
AcDbEntity
  8
ESTRIBOS
 62
8
100
AcDbText
 10
303.2226
 20
99.5
 30
0.0
 40
1.6
  1
Nº4 4R @90/@90
 72
1
 11
303.2226
 21
99.5
 31
0.0
100
AcDbText
 73
2
  0
LINE
  5
F8B
330
17
100
AcDbEntity
  8
ESTRIBOS
 62
8
370
9
100
AcDbLine
 10
324.6032
 20
88.8
 30
0.0
 11
324.6032
 21
111.8
 31
0.0
  0
LINE
  5
F8C
330
17
100
AcDbEntity
  8
ESTRIBOS
 62
8
370
9
100
AcDbLine
 10
325.5032
 20
88.8
 30
0.0
 11
325.5032
 21
111.8
 31
0.0
  0
LINE
  5
F8D
330
17
100
AcDbEntity
  8
ESTRIBOS
 62
8
370
9
100
AcDbLine
 10
326.4032
 20
88.8
 30
0.0
 11
326.4032
 21
111.8
 31
0.0
  0
LINE
  5
F8E
330
17
100
AcDbEntity
  8
ESTRIBOS
 62
8
370
9
100
AcDbLine
 10
327.3032
 20
88.8
 30
0.0
 11
327.3032
 21
111.8
 31
0.0
  0
LINE
  5
F8F
330
17
100
AcDbEntity
  8
ESTRIBOS
 62
8
370
9
100
AcDbLine
 10
328.2032
 20
88.8
 30
0.0
 11
328.2032
 21
111.8
 31
0.0
  0
LINE
  5
F90
330
17
100
AcDbEntity
  8
ESTRIBOS
 62
8
370
9
100
AcDbLine
 10
329.1032
 20
88.8
 30
0.0
 11
329.1032
 21
111.8
 31
0.0
  0
LINE
  5
F91
330
17
100
AcDbEntity
  8
ESTRIBOS
 62
8
370
9
100
AcDbLine
 10
330.0032
 20
88.8
 30
0.0
 11
330.0032
 21
111.8
 31
0.0
  0
LINE
  5
F92
330
17
100
AcDbEntity
  8
ESTRIBOS
 62
8
370
9
100
AcDbLine
 10
330.9032
 20
88.8
 30
0.0
 11
330.9032
 21
111.8
 31
0.0
  0
LINE
  5
F93
330
17
100
AcDbEntity
  8
ESTRIBOS
 62
8
370
9
100
AcDbLine
 10
331.8032
 20
88.8
 30
0.0
 11
331.8032
 21
111.8
 31
0.0
  0
LINE
  5
F94
330
17
100
AcDbEntity
  8
ESTRIBOS
 62
8
370
9
100
AcDbLine
 10
332.7032
 20
88.8
 30
0.0
 11
332.7032
 21
111.8
 31
0.0
  0
LINE
  5
F95
330
17
100
AcDbEntity
  8
ESTRIBOS
 62
8
370
9
100
AcDbLine
 10
333.6032
 20
88.8
 30
0.0
 11
333.6032
 21
111.8
 31
0.0
  0
LINE
  5
F96
330
17
100
AcDbEntity
  8
ESTRIBOS
 62
8
370
9
100
AcDbLine
 10
334.5032
 20
88.8
 30
0.0
 11
334.5032
 21
111.8
 31
0.0
  0
LINE
  5
F97
330
17
100
AcDbEntity
  8
ESTRIBOS
 62
8
370
9
100
AcDbLine
 10
336.0032
 20
88.8
 30
0.0
 11
336.0032
 21
111.8
 31
0.0
  0
LINE
  5
F98
330
17
100
AcDbEntity
  8
ESTRIBOS
 62
8
370
9
100
AcDbLine
 10
336.9032
 20
88.8
 30
0.0
 11
336.9032
 21
111.8
 31
0.0
  0
LINE
  5
F99
330
17
100
AcDbEntity
  8
ESTRIBOS
 62
8
370
9
100
AcDbLine
 10
337.8032
 20
88.8
 30
0.0
 11
337.8032
 21
111.8
 31
0.0
  0
LINE
  5
F9A
330
17
100
AcDbEntity
  8
ESTRIBOS
 62
8
370
9
100
AcDbLine
 10
338.7032
 20
88.8
 30
0.0
 11
338.7032
 21
111.8
 31
0.0
  0
LINE
  5
F9B
330
17
100
AcDbEntity
  8
ESTRIBOS
 62
8
370
9
100
AcDbLine
 10
339.6032
 20
88.8
 30
0.0
 11
339.6032
 21
111.8
 31
0.0
  0
LINE
  5
F9C
330
17
100
AcDbEntity
  8
ESTRIBOS
 62
8
370
9
100
AcDbLine
 10
340.5032
 20
88.8
 30
0.0
 11
340.5032
 21
111.8
 31
0.0
  0
LINE
  5
F9D
330
17
100
AcDbEntity
  8
ESTRIBOS
 62
8
370
9
100
AcDbLine
 10
341.4032
 20
88.8
 30
0.0
 11
341.4032
 21
111.8
 31
0.0
  0
LINE
  5
F9E
330
17
100
AcDbEntity
  8
ESTRIBOS
 62
8
370
9
100
AcDbLine
 10
342.3032
 20
88.8
 30
0.0
 11
342.3032
 21
111.8
 31
0.0
  0
LINE
  5
F9F
330
17
100
AcDbEntity
  8
ESTRIBOS
 62
8
370
9
100
AcDbLine
 10
343.2032
 20
88.8
 30
0.0
 11
343.2032
 21
111.8
 31
0.0
  0
LINE
  5
FA0
330
17
100
AcDbEntity
  8
ESTRIBOS
 62
8
370
9
100
AcDbLine
 10
344.1032
 20
88.8
 30
0.0
 11
344.1032
 21
111.8
 31
0.0
  0
LINE
  5
FA1
330
17
100
AcDbEntity
  8
ESTRIBOS
 62
8
370
9
100
AcDbLine
 10
345.0032
 20
88.8
 30
0.0
 11
345.0032
 21
111.8
 31
0.0
  0
LINE
  5
FA2
330
17
100
AcDbEntity
  8
ESTRIBOS
 62
8
370
9
100
AcDbLine
 10
345.9032
 20
88.8
 30
0.0
 11
345.9032
 21
111.8
 31
0.0
  0
LINE
  5
FA3
330
17
100
AcDbEntity
  8
ESTRIBOS
 62
8
370
9
100
AcDbLine
 10
346.8032
 20
88.8
 30
0.0
 11
346.8032
 21
111.8
 31
0.0
  0
LINE
  5
FA4
330
17
100
AcDbEntity
  8
ESTRIBOS
 62
8
370
9
100
AcDbLine
 10
347.7032
 20
88.8
 30
0.0
 11
347.7032
 21
111.8
 31
0.0
  0
LINE
  5
FA5
330
17
100
AcDbEntity
  8
ESTRIBOS
 62
8
370
9
100
AcDbLine
 10
348.6032
 20
88.8
 30
0.0
 11
348.6032
 21
111.8
 31
0.0
  0
TEXT
  5
FA6
330
17
100
AcDbEntity
  8
ESTRIBOS
 62
8
100
AcDbText
 10
336.6032
 20
99.5
 30
0.0
 40
1.6
  1
Nº4 4R @90/@90
 72
1
 11
336.6032
 21
99.5
 31
0.0
100
AcDbText
 73
2
  0
LINE
  5
FA7
330
17
100
AcDbEntity
  8
ESTRIBOS
 62
8
370
9
100
AcDbLine
 10
349.6032
 20
88.8
 30
0.0
 11
349.6032
 21
111.8
 31
0.0
  0
LINE
  5
FA8
330
17
100
AcDbEntity
  8
ESTRIBOS
 62
8
370
9
100
AcDbLine
 10
350.5032
 20
88.8
 30
0.0
 11
350.5032
 21
111.8
 31
0.0
  0
LINE
  5
FA9
330
17
100
AcDbEntity
  8
ESTRIBOS
 62
8
370
9
100
AcDbLine
 10
351.4032
 20
88.8
 30
0.0
 11
351.4032
 21
111.8
 31
0.0
  0
LINE
  5
FAA
330
17
100
AcDbEntity
  8
ESTRIBOS
 62
8
370
9
100
AcDbLine
 10
352.3032
 20
88.8
 30
0.0
 11
352.3032
 21
111.8
 31
0.0
  0
LINE
  5
FAB
330
17
100
AcDbEntity
  8
ESTRIBOS
 62
8
370
9
100
AcDbLine
 10
353.2032
 20
88.8
 30
0.0
 11
353.2032
 21
111.8
 31
0.0
  0
LINE
  5
FAC
330
17
100
AcDbEntity
  8
ESTRIBOS
 62
8
370
9
100
AcDbLine
 10
354.1032
 20
88.8
 30
0.0
 11
354.1032
 21
111.8
 31
0.0
  0
LINE
  5
FAD
330
17
100
AcDbEntity
  8
ESTRIBOS
 62
8
370
9
100
AcDbLine
 10
355.0032
 20
88.8
 30
0.0
 11
355.0032
 21
111.8
 31
0.0
  0
LINE
  5
FAE
330
17
100
AcDbEntity
  8
ESTRIBOS
 62
8
370
9
100
AcDbLine
 10
355.9032
 20
88.8
 30
0.0
 11
355.9032
 21
111.8
 31
0.0
  0
LINE
  5
FAF
330
17
100
AcDbEntity
  8
ESTRIBOS
 62
8
370
9
100
AcDbLine
 10
356.8032
 20
88.8
 30
0.0
 11
356.8032
 21
111.8
 31
0.0
  0
LINE
  5
FB0
330
17
100
AcDbEntity
  8
ESTRIBOS
 62
8
370
9
100
AcDbLine
 10
357.7032
 20
88.8
 30
0.0
 11
357.7032
 21
111.8
 31
0.0
  0
LINE
  5
FB1
330
17
100
AcDbEntity
  8
ESTRIBOS
 62
8
370
9
100
AcDbLine
 10
358.6032
 20
88.8
 30
0.0
 11
358.6032
 21
111.8
 31
0.0
  0
LINE
  5
FB2
330
17
100
AcDbEntity
  8
ESTRIBOS
 62
8
370
9
100
AcDbLine
 10
359.5032
 20
88.8
 30
0.0
 11
359.5032
 21
111.8
 31
0.0
  0
LINE
  5
FB3
330
17
100
AcDbEntity
  8
ESTRIBOS
 62
8
370
9
100
AcDbLine
 10
361.0032
 20
88.8
 30
0.0
 11
361.0032
 21
111.8
 31
0.0
  0
LINE
  5
FB4
330
17
100
AcDbEntity
  8
ESTRIBOS
 62
8
370
9
100
AcDbLine
 10
361.9032
 20
88.8
 30
0.0
 11
361.9032
 21
111.8
 31
0.0
  0
LINE
  5
FB5
330
17
100
AcDbEntity
  8
ESTRIBOS
 62
8
370
9
100
AcDbLine
 10
362.8032
 20
88.8
 30
0.0
 11
362.8032
 21
111.8
 31
0.0
  0
LINE
  5
FB6
330
17
100
AcDbEntity
  8
ESTRIBOS
 62
8
370
9
100
AcDbLine
 10
363.7032
 20
88.8
 30
0.0
 11
363.7032
 21
111.8
 31
0.0
  0
LINE
  5
FB7
330
17
100
AcDbEntity
  8
ESTRIBOS
 62
8
370
9
100
AcDbLine
 10
364.7032
 20
88.8
 30
0.0
 11
364.7032
 21
111.8
 31
0.0
  0
LINE
  5
FB8
330
17
100
AcDbEntity
  8
ESTRIBOS
 62
8
370
9
100
AcDbLine
 10
365.6032
 20
88.8
 30
0.0
 11
365.6032
 21
111.8
 31
0.0
  0
LINE
  5
FB9
330
17
100
AcDbEntity
  8
ESTRIBOS
 62
8
370
9
100
AcDbLine
 10
366.5032
 20
88.8
 30
0.0
 11
366.5032
 21
111.8
 31
0.0
  0
LINE
  5
FBA
330
17
100
AcDbEntity
  8
ESTRIBOS
 62
8
370
9
100
AcDbLine
 10
367.4032
 20
88.8
 30
0.0
 11
367.4032
 21
111.8
 31
0.0
  0
LINE
  5
FBB
330
17
100
AcDbEntity
  8
ESTRIBOS
 62
8
370
9
100
AcDbLine
 10
368.3032
 20
88.8
 30
0.0
 11
368.3032
 21
111.8
 31
0.0
  0
LINE
  5
FBC
330
17
100
AcDbEntity
  8
ESTRIBOS
 62
8
370
9
100
AcDbLine
 10
369.2032
 20
88.8
 30
0.0
 11
369.2032
 21
111.8
 31
0.0
  0
LINE
  5
FBD
330
17
100
AcDbEntity
  8
ESTRIBOS
 62
8
370
9
100
AcDbLine
 10
370.1032
 20
88.8
 30
0.0
 11
370.1032
 21
111.8
 31
0.0
  0
LINE
  5
FBE
330
17
100
AcDbEntity
  8
ESTRIBOS
 62
8
370
9
100
AcDbLine
 10
371.0032
 20
88.8
 30
0.0
 11
371.0032
 21
111.8
 31
0.0
  0
LINE
  5
FBF
330
17
100
AcDbEntity
  8
ESTRIBOS
 62
8
370
9
100
AcDbLine
 10
371.9032
 20
88.8
 30
0.0
 11
371.9032
 21
111.8
 31
0.0
  0
LINE
  5
FC0
330
17
100
AcDbEntity
  8
ESTRIBOS
 62
8
370
9
100
AcDbLine
 10
372.8032
 20
88.8
 30
0.0
 11
372.8032
 21
111.8
 31
0.0
  0
LINE
  5
FC1
330
17
100
AcDbEntity
  8
ESTRIBOS
 62
8
370
9
100
AcDbLine
 10
373.7032
 20
88.8
 30
0.0
 11
373.7032
 21
111.8
 31
0.0
  0
LINE
  5
FC2
330
17
100
AcDbEntity
  8
ESTRIBOS
 62
8
370
9
100
AcDbLine
 10
374.6032
 20
88.8
 30
0.0
 11
374.6032
 21
111.8
 31
0.0
  0
TEXT
  5
FC3
330
17
100
AcDbEntity
  8
ESTRIBOS
 62
8
100
AcDbText
 10
362.1032
 20
99.5
 30
0.0
 40
1.6
  1
Nº4 4R @90/@90
 72
1
 11
362.1032
 21
99.5
 31
0.0
100
AcDbText
 73
2
  0
LINE
  5
FC4
330
17
100
AcDbEntity
  8
ESTRIBOS
 62
8
370
9
100
AcDbLine
 10
375.6032
 20
88.8
 30
0.0
 11
375.6032
 21
111.8
 31
0.0
  0
LINE
  5
FC5
330
17
100
AcDbEntity
  8
ESTRIBOS
 62
8
370
9
100
AcDbLine
 10
376.5032
 20
88.8
 30
0.0
 11
376.5032
 21
111.8
 31
0.0
  0
LINE
  5
FC6
330
17
100
AcDbEntity
  8
ESTRIBOS
 62
8
370
9
100
AcDbLine
 10
377.4032
 20
88.8
 30
0.0
 11
377.4032
 21
111.8
 31
0.0
  0
LINE
  5
FC7
330
17
100
AcDbEntity
  8
ESTRIBOS
 62
8
370
9
100
AcDbLine
 10
378.3032
 20
88.8
 30
0.0
 11
378.3032
 21
111.8
 31
0.0
  0
LINE
  5
FC8
330
17
100
AcDbEntity
  8
ESTRIBOS
 62
8
370
9
100
AcDbLine
 10
379.2032
 20
88.8
 30
0.0
 11
379.2032
 21
111.8
 31
0.0
  0
LINE
  5
FC9
330
17
100
AcDbEntity
  8
ESTRIBOS
 62
8
370
9
100
AcDbLine
 10
380.1032
 20
88.8
 30
0.0
 11
380.1032
 21
111.8
 31
0.0
  0
LINE
  5
FCA
330
17
100
AcDbEntity
  8
ESTRIBOS
 62
8
370
9
100
AcDbLine
 10
381.0032
 20
88.8
 30
0.0
 11
381.0032
 21
111.8
 31
0.0
  0
LINE
  5
FCB
330
17
100
AcDbEntity
  8
ESTRIBOS
 62
8
370
9
100
AcDbLine
 10
381.9032
 20
88.8
 30
0.0
 11
381.9032
 21
111.8
 31
0.0
  0
LINE
  5
FCC
330
17
100
AcDbEntity
  8
ESTRIBOS
 62
8
370
9
100
AcDbLine
 10
382.8032
 20
88.8
 30
0.0
 11
382.8032
 21
111.8
 31
0.0
  0
LINE
  5
FCD
330
17
100
AcDbEntity
  8
ESTRIBOS
 62
8
370
9
100
AcDbLine
 10
383.7032
 20
88.8
 30
0.0
 11
383.7032
 21
111.8
 31
0.0
  0
LINE
  5
FCE
330
17
100
AcDbEntity
  8
ESTRIBOS
 62
8
370
9
100
AcDbLine
 10
384.6032
 20
88.8
 30
0.0
 11
384.6032
 21
111.8
 31
0.0
  0
LINE
  5
FCF
330
17
100
AcDbEntity
  8
ESTRIBOS
 62
8
370
9
100
AcDbLine
 10
385.5032
 20
88.8
 30
0.0
 11
385.5032
 21
111.8
 31
0.0
  0
LINE
  5
FD0
330
17
100
AcDbEntity
  8
ESTRIBOS
 62
8
370
9
100
AcDbLine
 10
387.0032
 20
88.8
 30
0.0
 11
387.0032
 21
111.8
 31
0.0
  0
LINE
  5
FD1
330
17
100
AcDbEntity
  8
ESTRIBOS
 62
8
370
9
100
AcDbLine
 10
387.9032
 20
88.8
 30
0.0
 11
387.9032
 21
111.8
 31
0.0
  0
LINE
  5
FD2
330
17
100
AcDbEntity
  8
ESTRIBOS
 62
8
370
9
100
AcDbLine
 10
388.8032
 20
88.8
 30
0.0
 11
388.8032
 21
111.8
 31
0.0
  0
LINE
  5
FD3
330
17
100
AcDbEntity
  8
ESTRIBOS
 62
8
370
9
100
AcDbLine
 10
389.7032
 20
88.8
 30
0.0
 11
389.7032
 21
111.8
 31
0.0
  0
LINE
  5
FD4
330
17
100
AcDbEntity
  8
ESTRIBOS
 62
8
370
9
100
AcDbLine
 10
390.6032
 20
88.8
 30
0.0
 11
390.6032
 21
111.8
 31
0.0
  0
LINE
  5
FD5
330
17
100
AcDbEntity
  8
ESTRIBOS
 62
8
370
9
100
AcDbLine
 10
391.5032
 20
88.8
 30
0.0
 11
391.5032
 21
111.8
 31
0.0
  0
LINE
  5
FD6
330
17
100
AcDbEntity
  8
ESTRIBOS
 62
8
370
9
100
AcDbLine
 10
392.4032
 20
88.8
 30
0.0
 11
392.4032
 21
111.8
 31
0.0
  0
LINE
  5
FD7
330
17
100
AcDbEntity
  8
ESTRIBOS
 62
8
370
9
100
AcDbLine
 10
393.3032
 20
88.8
 30
0.0
 11
393.3032
 21
111.8
 31
0.0
  0
LINE
  5
FD8
330
17
100
AcDbEntity
  8
ESTRIBOS
 62
8
370
9
100
AcDbLine
 10
394.2032
 20
88.8
 30
0.0
 11
394.2032
 21
111.8
 31
0.0
  0
LINE
  5
FD9
330
17
100
AcDbEntity
  8
ESTRIBOS
 62
8
370
9
100
AcDbLine
 10
395.1032
 20
88.8
 30
0.0
 11
395.1032
 21
111.8
 31
0.0
  0
LINE
  5
FDA
330
17
100
AcDbEntity
  8
ESTRIBOS
 62
8
370
9
100
AcDbLine
 10
396.0032
 20
88.8
 30
0.0
 11
396.0032
 21
111.8
 31
0.0
  0
LINE
  5
FDB
330
17
100
AcDbEntity
  8
ESTRIBOS
 62
8
370
9
100
AcDbLine
 10
396.9032
 20
88.8
 30
0.0
 11
396.9032
 21
111.8
 31
0.0
  0
LINE
  5
FDC
330
17
100
AcDbEntity
  8
ESTRIBOS
 62
8
370
9
100
AcDbLine
 10
397.8032
 20
88.8
 30
0.0
 11
397.8032
 21
111.8
 31
0.0
  0
LINE
  5
FDD
330
17
100
AcDbEntity
  8
ESTRIBOS
 62
8
370
9
100
AcDbLine
 10
398.7032
 20
88.8
 30
0.0
 11
398.7032
 21
111.8
 31
0.0
  0
LINE
  5
FDE
330
17
100
AcDbEntity
  8
ESTRIBOS
 62
8
370
9
100
AcDbLine
 10
399.6032
 20
88.8
 30
0.0
 11
399.6032
 21
111.8
 31
0.0
  0
LINE
  5
FDF
330
17
100
AcDbEntity
  8
ESTRIBOS
 62
8
370
9
100
AcDbLine
 10
400.5032
 20
88.8
 30
0.0
 11
400.5032
 21
111.8
 31
0.0
  0
LINE
  5
FE0
330
17
100
AcDbEntity
  8
ESTRIBOS
 62
8
370
9
100
AcDbLine
 10
401.234
 20
88.8
 30
0.0
 11
401.234
 21
111.8
 31
0.0
  0
LINE
  5
FE1
330
17
100
AcDbEntity
  8
ESTRIBOS
 62
8
370
9
100
AcDbLine
 10
402.134
 20
88.8
 30
0.0
 11
402.134
 21
111.8
 31
0.0
  0
LINE
  5
FE2
330
17
100
AcDbEntity
  8
ESTRIBOS
 62
8
370
9
100
AcDbLine
 10
403.034
 20
88.8
 30
0.0
 11
403.034
 21
111.8
 31
0.0
  0
LINE
  5
FE3
330
17
100
AcDbEntity
  8
ESTRIBOS
 62
8
370
9
100
AcDbLine
 10
403.934
 20
88.8
 30
0.0
 11
403.934
 21
111.8
 31
0.0
  0
LINE
  5
FE4
330
17
100
AcDbEntity
  8
ESTRIBOS
 62
8
370
9
100
AcDbLine
 10
404.834
 20
88.8
 30
0.0
 11
404.834
 21
111.8
 31
0.0
  0
LINE
  5
FE5
330
17
100
AcDbEntity
  8
ESTRIBOS
 62
8
370
9
100
AcDbLine
 10
405.734
 20
88.8
 30
0.0
 11
405.734
 21
111.8
 31
0.0
  0
LINE
  5
FE6
330
17
100
AcDbEntity
  8
ESTRIBOS
 62
8
370
9
100
AcDbLine
 10
406.634
 20
88.8
 30
0.0
 11
406.634
 21
111.8
 31
0.0
  0
LINE
  5
FE7
330
17
100
AcDbEntity
  8
ESTRIBOS
 62
8
370
9
100
AcDbLine
 10
407.534
 20
88.8
 30
0.0
 11
407.534
 21
111.8
 31
0.0
  0
LINE
  5
FE8
330
17
100
AcDbEntity
  8
ESTRIBOS
 62
8
370
9
100
AcDbLine
 10
408.434
 20
88.8
 30
0.0
 11
408.434
 21
111.8
 31
0.0
  0
LINE
  5
FE9
330
17
100
AcDbEntity
  8
ESTRIBOS
 62
8
370
9
100
AcDbLine
 10
409.334
 20
88.8
 30
0.0
 11
409.334
 21
111.8
 31
0.0
  0
LINE
  5
FEA
330
17
100
AcDbEntity
  8
ESTRIBOS
 62
8
370
9
100
AcDbLine
 10
410.234
 20
88.8
 30
0.0
 11
410.234
 21
111.8
 31
0.0
  0
LINE
  5
FEB
330
17
100
AcDbEntity
  8
ESTRIBOS
 62
8
370
9
100
AcDbLine
 10
411.134
 20
88.8
 30
0.0
 11
411.134
 21
111.8
 31
0.0
  0
TEXT
  5
FEC
330
17
100
AcDbEntity
  8
ESTRIBOS
 62
8
100
AcDbText
 10
393.3686
 20
99.5
 30
0.0
 40
1.6
  1
Nº4 4R @90/@90
 72
1
 11
393.3686
 21
99.5
 31
0.0
100
AcDbText
 73
2
  0
LINE
  5
FED
330
17
100
AcDbEntity
  8
ESTRIBOS
 62
8
370
9
100
AcDbLine
 10
412.134
 20
88.8
 30
0.0
 11
412.134
 21
111.8
 31
0.0
  0
LINE
  5
FEE
330
17
100
AcDbEntity
  8
ESTRIBOS
 62
8
370
9
100
AcDbLine
 10
413.034
 20
88.8
 30
0.0
 11
413.034
 21
111.8
 31
0.0
  0
LINE
  5
FEF
330
17
100
AcDbEntity
  8
ESTRIBOS
 62
8
370
9
100
AcDbLine
 10
413.934
 20
88.8
 30
0.0
 11
413.934
 21
111.8
 31
0.0
  0
LINE
  5
FF0
330
17
100
AcDbEntity
  8
ESTRIBOS
 62
8
370
9
100
AcDbLine
 10
414.834
 20
88.8
 30
0.0
 11
414.834
 21
111.8
 31
0.0
  0
LINE
  5
FF1
330
17
100
AcDbEntity
  8
ESTRIBOS
 62
8
370
9
100
AcDbLine
 10
415.734
 20
88.8
 30
0.0
 11
415.734
 21
111.8
 31
0.0
  0
LINE
  5
FF2
330
17
100
AcDbEntity
  8
ESTRIBOS
 62
8
370
9
100
AcDbLine
 10
416.634
 20
88.8
 30
0.0
 11
416.634
 21
111.8
 31
0.0
  0
LINE
  5
FF3
330
17
100
AcDbEntity
  8
ESTRIBOS
 62
8
370
9
100
AcDbLine
 10
417.534
 20
88.8
 30
0.0
 11
417.534
 21
111.8
 31
0.0
  0
LINE
  5
FF4
330
17
100
AcDbEntity
  8
ESTRIBOS
 62
8
370
9
100
AcDbLine
 10
418.434
 20
88.8
 30
0.0
 11
418.434
 21
111.8
 31
0.0
  0
LINE
  5
FF5
330
17
100
AcDbEntity
  8
ESTRIBOS
 62
8
370
9
100
AcDbLine
 10
419.334
 20
88.8
 30
0.0
 11
419.334
 21
111.8
 31
0.0
  0
LINE
  5
FF6
330
17
100
AcDbEntity
  8
ESTRIBOS
 62
8
370
9
100
AcDbLine
 10
420.234
 20
88.8
 30
0.0
 11
420.234
 21
111.8
 31
0.0
  0
LINE
  5
FF7
330
17
100
AcDbEntity
  8
ESTRIBOS
 62
8
370
9
100
AcDbLine
 10
421.134
 20
88.8
 30
0.0
 11
421.134
 21
111.8
 31
0.0
  0
LINE
  5
FF8
330
17
100
AcDbEntity
  8
ESTRIBOS
 62
8
370
9
100
AcDbLine
 10
422.034
 20
88.8
 30
0.0
 11
422.034
 21
111.8
 31
0.0
  0
LINE
  5
FF9
330
17
100
AcDbEntity
  8
ESTRIBOS
 62
8
370
9
100
AcDbLine
 10
423.534
 20
88.8
 30
0.0
 11
423.534
 21
111.8
 31
0.0
  0
LINE
  5
FFA
330
17
100
AcDbEntity
  8
ESTRIBOS
 62
8
370
9
100
AcDbLine
 10
424.434
 20
88.8
 30
0.0
 11
424.434
 21
111.8
 31
0.0
  0
LINE
  5
FFB
330
17
100
AcDbEntity
  8
ESTRIBOS
 62
8
370
9
100
AcDbLine
 10
425.334
 20
88.8
 30
0.0
 11
425.334
 21
111.8
 31
0.0
  0
LINE
  5
FFC
330
17
100
AcDbEntity
  8
ESTRIBOS
 62
8
370
9
100
AcDbLine
 10
426.234
 20
88.8
 30
0.0
 11
426.234
 21
111.8
 31
0.0
  0
LINE
  5
FFD
330
17
100
AcDbEntity
  8
ESTRIBOS
 62
8
370
9
100
AcDbLine
 10
427.234
 20
88.8
 30
0.0
 11
427.234
 21
111.8
 31
0.0
  0
LINE
  5
FFE
330
17
100
AcDbEntity
  8
ESTRIBOS
 62
8
370
9
100
AcDbLine
 10
428.134
 20
88.8
 30
0.0
 11
428.134
 21
111.8
 31
0.0
  0
LINE
  5
FFF
330
17
100
AcDbEntity
  8
ESTRIBOS
 62
8
370
9
100
AcDbLine
 10
429.034
 20
88.8
 30
0.0
 11
429.034
 21
111.8
 31
0.0
  0
LINE
  5
1000
330
17
100
AcDbEntity
  8
ESTRIBOS
 62
8
370
9
100
AcDbLine
 10
429.934
 20
88.8
 30
0.0
 11
429.934
 21
111.8
 31
0.0
  0
LINE
  5
1001
330
17
100
AcDbEntity
  8
ESTRIBOS
 62
8
370
9
100
AcDbLine
 10
430.834
 20
88.8
 30
0.0
 11
430.834
 21
111.8
 31
0.0
  0
LINE
  5
1002
330
17
100
AcDbEntity
  8
ESTRIBOS
 62
8
370
9
100
AcDbLine
 10
431.734
 20
88.8
 30
0.0
 11
431.734
 21
111.8
 31
0.0
  0
LINE
  5
1003
330
17
100
AcDbEntity
  8
ESTRIBOS
 62
8
370
9
100
AcDbLine
 10
432.634
 20
88.8
 30
0.0
 11
432.634
 21
111.8
 31
0.0
  0
LINE
  5
1004
330
17
100
AcDbEntity
  8
ESTRIBOS
 62
8
370
9
100
AcDbLine
 10
433.534
 20
88.8
 30
0.0
 11
433.534
 21
111.8
 31
0.0
  0
LINE
  5
1005
330
17
100
AcDbEntity
  8
ESTRIBOS
 62
8
370
9
100
AcDbLine
 10
434.434
 20
88.8
 30
0.0
 11
434.434
 21
111.8
 31
0.0
  0
LINE
  5
1006
330
17
100
AcDbEntity
  8
ESTRIBOS
 62
8
370
9
100
AcDbLine
 10
435.334
 20
88.8
 30
0.0
 11
435.334
 21
111.8
 31
0.0
  0
LINE
  5
1007
330
17
100
AcDbEntity
  8
ESTRIBOS
 62
8
370
9
100
AcDbLine
 10
436.234
 20
88.8
 30
0.0
 11
436.234
 21
111.8
 31
0.0
  0
LINE
  5
1008
330
17
100
AcDbEntity
  8
ESTRIBOS
 62
8
370
9
100
AcDbLine
 10
437.134
 20
88.8
 30
0.0
 11
437.134
 21
111.8
 31
0.0
  0
TEXT
  5
1009
330
17
100
AcDbEntity
  8
ESTRIBOS
 62
8
100
AcDbText
 10
424.634
 20
99.5
 30
0.0
 40
1.6
  1
Nº4 4R @90/@90
 72
1
 11
424.634
 21
99.5
 31
0.0
100
AcDbText
 73
2
  0
LINE
  5
100A
330
17
100
AcDbEntity
  8
ESTRIBOS
 62
8
370
9
100
AcDbLine
 10
438.134
 20
88.8
 30
0.0
 11
438.134
 21
111.8
 31
0.0
  0
LINE
  5
100B
330
17
100
AcDbEntity
  8
ESTRIBOS
 62
8
370
9
100
AcDbLine
 10
439.034
 20
88.8
 30
0.0
 11
439.034
 21
111.8
 31
0.0
  0
LINE
  5
100C
330
17
100
AcDbEntity
  8
ESTRIBOS
 62
8
370
9
100
AcDbLine
 10
439.934
 20
88.8
 30
0.0
 11
439.934
 21
111.8
 31
0.0
  0
LINE
  5
100D
330
17
100
AcDbEntity
  8
ESTRIBOS
 62
8
370
9
100
AcDbLine
 10
440.834
 20
88.8
 30
0.0
 11
440.834
 21
111.8
 31
0.0
  0
LINE
  5
100E
330
17
100
AcDbEntity
  8
ESTRIBOS
 62
8
370
9
100
AcDbLine
 10
441.734
 20
88.8
 30
0.0
 11
441.734
 21
111.8
 31
0.0
  0
LINE
  5
100F
330
17
100
AcDbEntity
  8
ESTRIBOS
 62
8
370
9
100
AcDbLine
 10
442.634
 20
88.8
 30
0.0
 11
442.634
 21
111.8
 31
0.0
  0
LINE
  5
1010
330
17
100
AcDbEntity
  8
ESTRIBOS
 62
8
370
9
100
AcDbLine
 10
443.534
 20
88.8
 30
0.0
 11
443.534
 21
111.8
 31
0.0
  0
LINE
  5
1011
330
17
100
AcDbEntity
  8
ESTRIBOS
 62
8
370
9
100
AcDbLine
 10
444.434
 20
88.8
 30
0.0
 11
444.434
 21
111.8
 31
0.0
  0
LINE
  5
1012
330
17
100
AcDbEntity
  8
ESTRIBOS
 62
8
370
9
100
AcDbLine
 10
445.834
 20
88.8
 30
0.0
 11
445.834
 21
111.8
 31
0.0
  0
LINE
  5
1013
330
17
100
AcDbEntity
  8
ESTRIBOS
 62
8
370
9
100
AcDbLine
 10
446.734
 20
88.8
 30
0.0
 11
446.734
 21
111.8
 31
0.0
  0
LINE
  5
1014
330
17
100
AcDbEntity
  8
ESTRIBOS
 62
8
370
9
100
AcDbLine
 10
447.634
 20
88.8
 30
0.0
 11
447.634
 21
111.8
 31
0.0
  0
LINE
  5
1015
330
17
100
AcDbEntity
  8
ESTRIBOS
 62
8
370
9
100
AcDbLine
 10
448.534
 20
88.8
 30
0.0
 11
448.534
 21
111.8
 31
0.0
  0
LINE
  5
1016
330
17
100
AcDbEntity
  8
ESTRIBOS
 62
8
370
9
100
AcDbLine
 10
449.434
 20
88.8
 30
0.0
 11
449.434
 21
111.8
 31
0.0
  0
LINE
  5
1017
330
17
100
AcDbEntity
  8
ESTRIBOS
 62
8
370
9
100
AcDbLine
 10
450.334
 20
88.8
 30
0.0
 11
450.334
 21
111.8
 31
0.0
  0
LINE
  5
1018
330
17
100
AcDbEntity
  8
ESTRIBOS
 62
8
370
9
100
AcDbLine
 10
451.234
 20
88.8
 30
0.0
 11
451.234
 21
111.8
 31
0.0
  0
LINE
  5
1019
330
17
100
AcDbEntity
  8
ESTRIBOS
 62
8
370
9
100
AcDbLine
 10
452.134
 20
88.8
 30
0.0
 11
452.134
 21
111.8
 31
0.0
  0
TEXT
  5
101A
330
17
100
AcDbEntity
  8
ESTRIBOS
 62
8
100
AcDbText
 10
445.134
 20
99.5
 30
0.0
 40
1.6
  1
Nº4 4R @90/@90
 72
1
 11
445.134
 21
99.5
 31
0.0
100
AcDbText
 73
2
  0
LWPOLYLINE
  5
101B
330
17
100
AcDbEntity
  8
ACERO_SUP_CONT
 62
4
370
35
100
AcDbPolyline
 90
4
 70
0
 10
57.05
 20
104.8
 10
57.05
 20
110.8
 10
452.634
 20
110.8
 10
452.634
 20
104.8
  0
TEXT
  5
101C
330
17
100
AcDbEntity
  8
ACERO_SUP_CONT
 62
4
100
AcDbText
 10
254.842
 20
113.8
 30
0.0
 40
2.2
  1
M1  2#5 CONT.  Lc=39568 mm
 72
1
 11
254.842
 21
113.8
 31
0.0
100
AcDbText
 73
2
  0
LWPOLYLINE
  5
101D
330
17
100
AcDbEntity
  8
ACERO_SUP_APOYO
 62
5
370
30
100
AcDbPolyline
 90
3
 70
0
 10
54.0
 20
103.3
 10
54.0
 20
108.3
 10
60.8
 20
108.3
  0
TEXT
  5
101E
330
17
100
AcDbEntity
  8
ACERO_SUP_APOYO
 62
5
100
AcDbText
 10
57.05
 20
109.8
 30
0.0
 40
1.7
  1
M2 3#5 L=530
 72
1
 11
57.05
 21
109.8
 31
0.0
100
AcDbText
 73
2
  0
LWPOLYLINE
  5
101F
330
17
100
AcDbEntity
  8
ACERO_SUP_APOYO
 62
5
370
30
100
AcDbPolyline
 90
2
 70
0
 10
68.3
 20
106.1
 10
78.55
 20
106.1
  0
TEXT
  5
1020
330
17
100
AcDbEntity
  8
ACERO_SUP_APOYO
 62
5
100
AcDbText
 10
72.05
 20
107.6
 30
0.0
 40
1.7
  1
M2 3#5 L=1525
 72
1
 11
72.05
 21
107.6
 31
0.0
100
AcDbText
 73
2
  0
LWPOLYLINE
  5
1021
330
17
100
AcDbEntity
  8
ACERO_SUP_APOYO
 62
5
370
30
100
AcDbPolyline
 90
2
 70
0
 10
91.55
 20
108.3
 10
107.1827
 20
108.3
  0
TEXT
  5
1022
330
17
100
AcDbEntity
  8
ACERO_SUP_APOYO
 62
5
100
AcDbText
 10
98.05
 20
109.8
 30
0.0
 40
1.7
  1
M2 3#5 L=2063
 72
1
 11
98.05
 21
109.8
 31
0.0
100
AcDbText
 73
2
  0
LWPOLYLINE
  5
1023
330
17
100
AcDbEntity
  8
ACERO_SUP_APOYO
 62
5
370
30
100
AcDbPolyline
 90
2
 70
0
 10
125.44810000000001
 20
106.1
 10
141.0808
 20
106.1
  0
TEXT
  5
1024
330
17
100
AcDbEntity
  8
ACERO_SUP_APOYO
 62
5
100
AcDbText
 10
134.5808
 20
107.6
 30
0.0
 40
1.7
  1
M2 3#5 L=2063
 72
1
 11
134.5808
 21
107.6
 31
0.0
100
AcDbText
 73
2
  0
LWPOLYLINE
  5
1025
330
17
100
AcDbEntity
  8
ACERO_SUP_APOYO
 62
5
370
30
100
AcDbPolyline
 90
2
 70
0
 10
154.0808
 20
108.3
 10
166.8308
 20
108.3
  0
TEXT
  5
1026
330
17
100
AcDbEntity
  8
ACERO_SUP_APOYO
 62
5
100
AcDbText
 10
160.5808
 20
109.8
 30
0.0
 40
1.7
  1
M2 3#5 L=1775
 72
1
 11
160.5808
 21
109.8
 31
0.0
100
AcDbText
 73
2
  0
LWPOLYLINE
  5
1027
330
17
100
AcDbEntity
  8
ACERO_SUP_APOYO
 62
5
370
30
100
AcDbPolyline
 90
2
 70
0
 10
179.3308
 20
106.1
 10
196.02110000000002
 20
106.1
  0
TEXT
  5
1028
330
17
100
AcDbEntity
  8
ACERO_SUP_APOYO
 62
5
100
AcDbText
 10
185.5808
 20
107.6
 30
0.0
 40
1.7
  1
M2 3#5 L=2169
 72
1
 11
185.5808
 21
107.6
 31
0.0
100
AcDbText
 73
2
  0
LWPOLYLINE
  5
1029
330
17
100
AcDbEntity
  8
ACERO_SUP_APOYO
 62
5
370
30
100
AcDbPolyline
 90
2
 70
0
 10
216.9017
 20
108.3
 10
234.342
 20
108.3
  0
TEXT
  5
102A
330
17
100
AcDbEntity
  8
ACERO_SUP_APOYO
 62
5
100
AcDbText
 10
227.342
 20
109.8
 30
0.0
 40
1.7
  1
M2 3#5 L=2244
 72
1
 11
227.342
 21
109.8
 31
0.0
100
AcDbText
 73
2
  0
LWPOLYLINE
  5
102B
330
17
100
AcDbEntity
  8
ACERO_SUP_APOYO
 62
5
370
30
100
AcDbPolyline
 90
2
 70
0
 10
248.342
 20
106.1
 10
262.092
 20
106.1
  0
TEXT
  5
102C
330
17
100
AcDbEntity
  8
ACERO_SUP_APOYO
 62
5
100
AcDbText
 10
255.342
 20
107.6
 30
0.0
 40
1.7
  1
M2 3#5 L=1875
 72
1
 11
255.342
 21
107.6
 31
0.0
100
AcDbText
 73
2
  0
LWPOLYLINE
  5
102D
330
17
100
AcDbEntity
  8
ACERO_SUP_APOYO
 62
5
370
30
100
AcDbPolyline
 90
2
 70
0
 10
275.592
 20
108.3
 10
292.78229999999996
 20
108.3
  0
TEXT
  5
102E
330
17
100
AcDbEntity
  8
ACERO_SUP_APOYO
 62
5
100
AcDbText
 10
282.342
 20
109.8
 30
0.0
 40
1.7
  1
M2 3#5 L=2219
 72
1
 11
282.342
 21
109.8
 31
0.0
100
AcDbText
 73
2
  0
LWPOLYLINE
  5
102F
330
17
100
AcDbEntity
  8
ACERO_SUP_APOYO
 62
5
370
30
100
AcDbPolyline
 90
2
 70
0
 10
313.66290000000004
 20
106.1
 10
330.3532
 20
106.1
  0
TEXT
  5
1030
330
17
100
AcDbEntity
  8
ACERO_SUP_APOYO
 62
5
100
AcDbText
 10
324.1032
 20
107.6
 30
0.0
 40
1.7
  1
M2 3#5 L=2169
 72
1
 11
324.1032
 21
107.6
 31
0.0
100
AcDbText
 73
2
  0
LWPOLYLINE
  5
1031
330
17
100
AcDbEntity
  8
ACERO_SUP_APOYO
 62
5
370
30
100
AcDbPolyline
 90
2
 70
0
 10
342.8532
 20
108.3
 10
355.6032
 20
108.3
  0
TEXT
  5
1032
330
17
100
AcDbEntity
  8
ACERO_SUP_APOYO
 62
5
100
AcDbText
 10
349.1032
 20
109.8
 30
0.0
 40
1.7
  1
M2 3#5 L=1775
 72
1
 11
349.1032
 21
109.8
 31
0.0
100
AcDbText
 73
2
  0
LWPOLYLINE
  5
1033
330
17
100
AcDbEntity
  8
ACERO_SUP_APOYO
 62
5
370
30
100
AcDbPolyline
 90
2
 70
0
 10
368.6032
 20
106.1
 10
384.2359
 20
106.1
  0
TEXT
  5
1034
330
17
100
AcDbEntity
  8
ACERO_SUP_APOYO
 62
5
100
AcDbText
 10
375.1032
 20
107.6
 30
0.0
 40
1.7
  1
M2 3#5 L=2063
 72
1
 11
375.1032
 21
107.6
 31
0.0
100
AcDbText
 73
2
  0
LWPOLYLINE
  5
1035
330
17
100
AcDbEntity
  8
ACERO_SUP_APOYO
 62
5
370
30
100
AcDbPolyline
 90
2
 70
0
 10
402.5013
 20
108.3
 10
418.134
 20
108.3
  0
TEXT
  5
1036
330
17
100
AcDbEntity
  8
ACERO_SUP_APOYO
 62
5
100
AcDbText
 10
411.634
 20
109.8
 30
0.0
 40
1.7
  1
M2 3#5 L=2063
 72
1
 11
411.634
 21
109.8
 31
0.0
100
AcDbText
 73
2
  0
LWPOLYLINE
  5
1037
330
17
100
AcDbEntity
  8
ACERO_SUP_APOYO
 62
5
370
30
100
AcDbPolyline
 90
2
 70
0
 10
431.134
 20
106.1
 10
441.384
 20
106.1
  0
TEXT
  5
1038
330
17
100
AcDbEntity
  8
ACERO_SUP_APOYO
 62
5
100
AcDbText
 10
437.634
 20
107.6
 30
0.0
 40
1.7
  1
M2 3#5 L=1525
 72
1
 11
437.634
 21
107.6
 31
0.0
100
AcDbText
 73
2
  0
LWPOLYLINE
  5
1039
330
17
100
AcDbEntity
  8
ACERO_SUP_APOYO
 62
5
370
30
100
AcDbPolyline
 90
3
 70
0
 10
448.884
 20
108.3
 10
455.684
 20
108.3
 10
455.684
 20
103.3
  0
TEXT
  5
103A
330
17
100
AcDbEntity
  8
ACERO_SUP_APOYO
 62
5
100
AcDbText
 10
452.634
 20
109.8
 30
0.0
 40
1.7
  1
M2 3#5 L=530
 72
1
 11
452.634
 21
109.8
 31
0.0
100
AcDbText
 73
2
  0
LWPOLYLINE
  5
103B
330
17
100
AcDbEntity
  8
ACERO_INF
 62
1
370
35
100
AcDbPolyline
 90
4
 70
0
 10
58.55
 20
94.8
 10
58.55
 20
89.8
 10
70.55
 20
89.8
 10
70.55
 20
94.8
  0
TEXT
  5
103C
330
17
100
AcDbEntity
  8
ACERO_INF
 62
1
100
AcDbText
 10
64.55
 20
87.1
 30
0.0
 40
1.7
  1
M3 5#5 L=1510
 72
1
 11
64.55
 21
87.1
 31
0.0
100
AcDbText
 73
2
  0
LWPOLYLINE
  5
103D
330
17
100
AcDbEntity
  8
ACERO_INF
 62
1
370
35
100
AcDbPolyline
 90
4
 70
0
 10
73.55
 20
96.6
 10
73.55
 20
91.6
 10
96.55
 20
91.6
 10
96.55
 20
96.6
  0
TEXT
  5
103E
330
17
100
AcDbEntity
  8
ACERO_INF
 62
1
100
AcDbText
 10
85.05
 20
88.89999999999999
 30
0.0
 40
1.7
  1
M3 5#5 L=2610
 72
1
 11
85.05
 21
88.89999999999999
 31
0.0
100
AcDbText
 73
2
  0
LWPOLYLINE
  5
103F
330
17
100
AcDbEntity
  8
ACERO_INF
 62
1
370
35
100
AcDbPolyline
 90
4
 70
0
 10
99.55
 20
94.8
 10
99.55
 20
89.8
 10
133.0808
 20
89.8
 10
133.0808
 20
94.8
  0
TEXT
  5
1040
330
17
100
AcDbEntity
  8
ACERO_INF
 62
1
100
AcDbText
 10
116.31540000000001
 20
87.1
 30
0.0
 40
1.7
  1
M3 5#5 L=3663
 72
1
 11
116.31540000000001
 21
87.1
 31
0.0
100
AcDbText
 73
2
  0
LWPOLYLINE
  5
1041
330
17
100
AcDbEntity
  8
ACERO_INF
 62
1
370
35
100
AcDbPolyline
 90
4
 70
0
 10
136.0808
 20
96.6
 10
136.0808
 20
91.6
 10
159.0808
 20
91.6
 10
159.0808
 20
96.6
  0
TEXT
  5
1042
330
17
100
AcDbEntity
  8
ACERO_INF
 62
1
100
AcDbText
 10
147.5808
 20
88.89999999999999
 30
0.0
 40
1.7
  1
M3 5#5 L=2610
 72
1
 11
147.5808
 21
88.89999999999999
 31
0.0
100
AcDbText
 73
2
  0
LWPOLYLINE
  5
1043
330
17
100
AcDbEntity
  8
ACERO_INF
 62
1
370
35
100
AcDbPolyline
 90
4
 70
0
 10
162.0808
 20
94.8
 10
162.0808
 20
89.8
 10
184.0808
 20
89.8
 10
184.0808
 20
94.8
  0
TEXT
  5
1044
330
17
100
AcDbEntity
  8
ACERO_INF
 62
1
100
AcDbText
 10
173.0808
 20
87.1
 30
0.0
 40
1.7
  1
M3 5#5 L=2510
 72
1
 11
173.0808
 21
87.1
 31
0.0
100
AcDbText
 73
2
  0
LWPOLYLINE
  5
1045
330
17
100
AcDbEntity
  8
ACERO_INF
 62
1
370
35
100
AcDbPolyline
 90
4
 70
0
 10
187.0808
 20
96.6
 10
187.0808
 20
91.6
 10
225.842
 20
91.6
 10
225.842
 20
96.6
  0
TEXT
  5
1046
330
17
100
AcDbEntity
  8
ACERO_INF
 62
1
100
AcDbText
 10
206.46140000000003
 20
88.89999999999999
 30
0.0
 40
1.7
  1
M3 5#5 L=4186
 72
1
 11
206.46140000000003
 21
88.89999999999999
 31
0.0
100
AcDbText
 73
2
  0
LWPOLYLINE
  5
1047
330
17
100
AcDbEntity
  8
ACERO_INF
 62
1
370
35
100
AcDbPolyline
 90
4
 70
0
 10
228.842
 20
94.8
 10
228.842
 20
89.8
 10
253.842
 20
89.8
 10
253.842
 20
94.8
  0
TEXT
  5
1048
330
17
100
AcDbEntity
  8
ACERO_INF
 62
1
100
AcDbText
 10
241.342
 20
87.1
 30
0.0
 40
1.7
  1
M3 5#5 L=2810
 72
1
 11
241.342
 21
87.1
 31
0.0
100
AcDbText
 73
2
  0
LWPOLYLINE
  5
1049
330
17
100
AcDbEntity
  8
ACERO_INF
 62
1
370
35
100
AcDbPolyline
 90
4
 70
0
 10
256.842
 20
96.6
 10
256.842
 20
91.6
 10
280.842
 20
91.6
 10
280.842
 20
96.6
  0
TEXT
  5
104A
330
17
100
AcDbEntity
  8
ACERO_INF
 62
1
100
AcDbText
 10
268.842
 20
88.89999999999999
 30
0.0
 40
1.7
  1
M3 5#5 L=2710
 72
1
 11
268.842
 21
88.89999999999999
 31
0.0
100
AcDbText
 73
2
  0
LWPOLYLINE
  5
104B
330
17
100
AcDbEntity
  8
ACERO_INF
 62
1
370
35
100
AcDbPolyline
 90
4
 70
0
 10
283.842
 20
94.8
 10
283.842
 20
89.8
 10
322.6032
 20
89.8
 10
322.6032
 20
94.8
  0
TEXT
  5
104C
330
17
100
AcDbEntity
  8
ACERO_INF
 62
1
100
AcDbText
 10
303.2226
 20
87.1
 30
0.0
 40
1.7
  1
M3 5#5 L=4186
 72
1
 11
303.2226
 21
87.1
 31
0.0
100
AcDbText
 73
2
  0
LWPOLYLINE
  5
104D
330
17
100
AcDbEntity
  8
ACERO_INF
 62
1
370
35
100
AcDbPolyline
 90
4
 70
0
 10
325.6032
 20
96.6
 10
325.6032
 20
91.6
 10
347.6032
 20
91.6
 10
347.6032
 20
96.6
  0
TEXT
  5
104E
330
17
100
AcDbEntity
  8
ACERO_INF
 62
1
100
AcDbText
 10
336.6032
 20
88.89999999999999
 30
0.0
 40
1.7
  1
M3 5#5 L=2510
 72
1
 11
336.6032
 21
88.89999999999999
 31
0.0
100
AcDbText
 73
2
  0
LWPOLYLINE
  5
104F
330
17
100
AcDbEntity
  8
ACERO_INF
 62
1
370
35
100
AcDbPolyline
 90
4
 70
0
 10
350.6032
 20
94.8
 10
350.6032
 20
89.8
 10
373.6032
 20
89.8
 10
373.6032
 20
94.8
  0
TEXT
  5
1050
330
17
100
AcDbEntity
  8
ACERO_INF
 62
1
100
AcDbText
 10
362.1032
 20
87.1
 30
0.0
 40
1.7
  1
M3 5#5 L=2610
 72
1
 11
362.1032
 21
87.1
 31
0.0
100
AcDbText
 73
2
  0
LWPOLYLINE
  5
1051
330
17
100
AcDbEntity
  8
ACERO_INF
 62
1
370
35
100
AcDbPolyline
 90
4
 70
0
 10
376.6032
 20
96.6
 10
376.6032
 20
91.6
 10
410.134
 20
91.6
 10
410.134
 20
96.6
  0
TEXT
  5
1052
330
17
100
AcDbEntity
  8
ACERO_INF
 62
1
100
AcDbText
 10
393.3686
 20
88.89999999999999
 30
0.0
 40
1.7
  1
M3 5#5 L=3663
 72
1
 11
393.3686
 21
88.89999999999999
 31
0.0
100
AcDbText
 73
2
  0
LWPOLYLINE
  5
1053
330
17
100
AcDbEntity
  8
ACERO_INF
 62
1
370
35
100
AcDbPolyline
 90
4
 70
0
 10
413.134
 20
94.8
 10
413.134
 20
89.8
 10
436.134
 20
89.8
 10
436.134
 20
94.8
  0
TEXT
  5
1054
330
17
100
AcDbEntity
  8
ACERO_INF
 62
1
100
AcDbText
 10
424.634
 20
87.1
 30
0.0
 40
1.7
  1
M3 5#5 L=2610
 72
1
 11
424.634
 21
87.1
 31
0.0
100
AcDbText
 73
2
  0
LWPOLYLINE
  5
1055
330
17
100
AcDbEntity
  8
ACERO_INF
 62
1
370
35
100
AcDbPolyline
 90
4
 70
0
 10
439.134
 20
96.6
 10
439.134
 20
91.6
 10
451.134
 20
91.6
 10
451.134
 20
96.6
  0
TEXT
  5
1056
330
17
100
AcDbEntity
  8
ACERO_INF
 62
1
100
AcDbText
 10
445.134
 20
88.89999999999999
 30
0.0
 40
1.7
  1
M3 5#5 L=1510
 72
1
 11
445.134
 21
88.89999999999999
 31
0.0
100
AcDbText
 73
2
  0
LWPOLYLINE
  5
1057
330
17
100
AcDbEntity
  8
ACERO_TORSION
 62
30
370
30
100
AcDbPolyline
 90
2
 70
0
 10
58.05
 20
102.7
 10
451.634
 20
102.7
  0
TEXT
  5
1058
330
17
100
AcDbEntity
  8
ACERO_TORSION
 62
30
100
AcDbText
 10
254.842
 20
104.3
 30
0.0
 40
1.7
  1
M4 16#5 TORSIÓN DEDICADA
 72
1
 11
254.842
 21
104.3
 31
0.0
100
AcDbText
 73
2
  0
LINE
  5
1059
330
17
100
AcDbEntity
  8
CORTE
 62
6
370
13
100
AcDbLine
 10
59.75
 20
85.3
 30
0.0
 11
59.75
 21
115.3
 31
0.0
  0
TEXT
  5
105A
330
17
100
AcDbEntity
  8
CORTE
 62
6
100
AcDbText
 10
59.75
 20
120.3
 30
0.0
 40
2.0
  1
A
 72
1
 11
59.75
 21
120.3
 31
0.0
100
AcDbText
 73
2
  0
LINE
  5
105B
330
17
100
AcDbEntity
  8
CORTE
 62
6
370
13
100
AcDbLine
 10
273.702
 20
85.3
 30
0.0
 11
273.702
 21
115.3
 31
0.0
  0
TEXT
  5
105C
330
17
100
AcDbEntity
  8
CORTE
 62
6
100
AcDbText
 10
273.702
 20
120.3
 30
0.0
 40
2.0
  1
B
 72
1
 11
273.702
 21
120.3
 31
0.0
100
AcDbText
 73
2
  0
LINE
  5
105D
330
17
100
AcDbEntity
  8
CORTE
 62
6
370
13
100
AcDbLine
 10
449.934
 20
85.3
 30
0.0
 11
449.934
 21
115.3
 31
0.0
  0
TEXT
  5
105E
330
17
100
AcDbEntity
  8
CORTE
 62
6
100
AcDbText
 10
449.934
 20
120.3
 30
0.0
 40
2.0
  1
C
 72
1
 11
449.934
 21
120.3
 31
0.0
100
AcDbText
 73
2
  0
LINE
  5
105F
330
17
100
AcDbEntity
  8
COTAS
 62
3
370
13
100
AcDbLine
 10
57.05
 20
77.8
 30
0.0
 11
72.05
 21
77.8
 31
0.0
  0
LINE
  5
1060
330
17
100
AcDbEntity
  8
COTAS
 62
3
370
13
100
AcDbLine
 10
57.05
 20
76.6
 30
0.0
 11
57.05
 21
79.0
 31
0.0
  0
LINE
  5
1061
330
17
100
AcDbEntity
  8
COTAS
 62
3
370
13
100
AcDbLine
 10
72.05
 20
76.6
 30
0.0
 11
72.05
 21
79.0
 31
0.0
  0
TEXT
  5
1062
330
17
100
AcDbEntity
  8
COTAS
 62
3
100
AcDbText
 10
64.55
 20
78.8
 30
0.0
 40
1.8
  1
1.500 m
 72
1
 11
64.55
 21
78.8
 31
0.0
100
AcDbText
 73
2
  0
TEXT
  5
1063
330
17
100
AcDbEntity
  8
TEXTO
 62
7
100
AcDbText
 10
64.55
 20
74.6
 30
0.0
 40
1.55
  1
F150
 72
1
 11
64.55
 21
74.6
 31
0.0
100
AcDbText
 73
2
  0
LINE
  5
1064
330
17
100
AcDbEntity
  8
COTAS
 62
3
370
13
100
AcDbLine
 10
72.05
 20
71.8
 30
0.0
 11
98.05
 21
71.8
 31
0.0
  0
LINE
  5
1065
330
17
100
AcDbEntity
  8
COTAS
 62
3
370
13
100
AcDbLine
 10
72.05
 20
70.6
 30
0.0
 11
72.05
 21
73.0
 31
0.0
  0
LINE
  5
1066
330
17
100
AcDbEntity
  8
COTAS
 62
3
370
13
100
AcDbLine
 10
98.05
 20
70.6
 30
0.0
 11
98.05
 21
73.0
 31
0.0
  0
TEXT
  5
1067
330
17
100
AcDbEntity
  8
COTAS
 62
3
100
AcDbText
 10
85.05
 20
72.8
 30
0.0
 40
1.8
  1
2.600 m
 72
1
 11
85.05
 21
72.8
 31
0.0
100
AcDbText
 73
2
  0
TEXT
  5
1068
330
17
100
AcDbEntity
  8
TEXTO
 62
7
100
AcDbText
 10
85.05
 20
68.6
 30
0.0
 40
1.55
  1
F22
 72
1
 11
85.05
 21
68.6
 31
0.0
100
AcDbText
 73
2
  0
LINE
  5
1069
330
17
100
AcDbEntity
  8
COTAS
 62
3
370
13
100
AcDbLine
 10
98.05
 20
77.8
 30
0.0
 11
134.5808
 21
77.8
 31
0.0
  0
LINE
  5
106A
330
17
100
AcDbEntity
  8
COTAS
 62
3
370
13
100
AcDbLine
 10
98.05
 20
76.6
 30
0.0
 11
98.05
 21
79.0
 31
0.0
  0
LINE
  5
106B
330
17
100
AcDbEntity
  8
COTAS
 62
3
370
13
100
AcDbLine
 10
134.5808
 20
76.6
 30
0.0
 11
134.5808
 21
79.0
 31
0.0
  0
TEXT
  5
106C
330
17
100
AcDbEntity
  8
COTAS
 62
3
100
AcDbText
 10
116.31540000000001
 20
78.8
 30
0.0
 40
1.8
  1
3.653 m
 72
1
 11
116.31540000000001
 21
78.8
 31
0.0
100
AcDbText
 73
2
  0
TEXT
  5
106D
330
17
100
AcDbEntity
  8
TEXTO
 62
7
100
AcDbText
 10
116.31540000000001
 20
74.6
 30
0.0
 40
1.55
  1
F21
 72
1
 11
116.31540000000001
 21
74.6
 31
0.0
100
AcDbText
 73
2
  0
LINE
  5
106E
330
17
100
AcDbEntity
  8
COTAS
 62
3
370
13
100
AcDbLine
 10
134.5808
 20
71.8
 30
0.0
 11
160.5808
 21
71.8
 31
0.0
  0
LINE
  5
106F
330
17
100
AcDbEntity
  8
COTAS
 62
3
370
13
100
AcDbLine
 10
134.5808
 20
70.6
 30
0.0
 11
134.5808
 21
73.0
 31
0.0
  0
LINE
  5
1070
330
17
100
AcDbEntity
  8
COTAS
 62
3
370
13
100
AcDbLine
 10
160.5808
 20
70.6
 30
0.0
 11
160.5808
 21
73.0
 31
0.0
  0
TEXT
  5
1071
330
17
100
AcDbEntity
  8
COTAS
 62
3
100
AcDbText
 10
147.5808
 20
72.8
 30
0.0
 40
1.8
  1
2.600 m
 72
1
 11
147.5808
 21
72.8
 31
0.0
100
AcDbText
 73
2
  0
TEXT
  5
1072
330
17
100
AcDbEntity
  8
TEXTO
 62
7
100
AcDbText
 10
147.5808
 20
68.6
 30
0.0
 40
1.55
  1
F20
 72
1
 11
147.5808
 21
68.6
 31
0.0
100
AcDbText
 73
2
  0
LINE
  5
1073
330
17
100
AcDbEntity
  8
COTAS
 62
3
370
13
100
AcDbLine
 10
160.5808
 20
77.8
 30
0.0
 11
185.5808
 21
77.8
 31
0.0
  0
LINE
  5
1074
330
17
100
AcDbEntity
  8
COTAS
 62
3
370
13
100
AcDbLine
 10
160.5808
 20
76.6
 30
0.0
 11
160.5808
 21
79.0
 31
0.0
  0
LINE
  5
1075
330
17
100
AcDbEntity
  8
COTAS
 62
3
370
13
100
AcDbLine
 10
185.5808
 20
76.6
 30
0.0
 11
185.5808
 21
79.0
 31
0.0
  0
TEXT
  5
1076
330
17
100
AcDbEntity
  8
COTAS
 62
3
100
AcDbText
 10
173.0808
 20
78.8
 30
0.0
 40
1.8
  1
2.500 m
 72
1
 11
173.0808
 21
78.8
 31
0.0
100
AcDbText
 73
2
  0
TEXT
  5
1077
330
17
100
AcDbEntity
  8
TEXTO
 62
7
100
AcDbText
 10
173.0808
 20
74.6
 30
0.0
 40
1.55
  1
F19
 72
1
 11
173.0808
 21
74.6
 31
0.0
100
AcDbText
 73
2
  0
LINE
  5
1078
330
17
100
AcDbEntity
  8
COTAS
 62
3
370
13
100
AcDbLine
 10
185.5808
 20
71.8
 30
0.0
 11
227.342
 21
71.8
 31
0.0
  0
LINE
  5
1079
330
17
100
AcDbEntity
  8
COTAS
 62
3
370
13
100
AcDbLine
 10
185.5808
 20
70.6
 30
0.0
 11
185.5808
 21
73.0
 31
0.0
  0
LINE
  5
107A
330
17
100
AcDbEntity
  8
COTAS
 62
3
370
13
100
AcDbLine
 10
227.342
 20
70.6
 30
0.0
 11
227.342
 21
73.0
 31
0.0
  0
TEXT
  5
107B
330
17
100
AcDbEntity
  8
COTAS
 62
3
100
AcDbText
 10
206.46140000000003
 20
72.8
 30
0.0
 40
1.8
  1
4.176 m
 72
1
 11
206.46140000000003
 21
72.8
 31
0.0
100
AcDbText
 73
2
  0
TEXT
  5
107C
330
17
100
AcDbEntity
  8
TEXTO
 62
7
100
AcDbText
 10
206.46140000000003
 20
68.6
 30
0.0
 40
1.55
  1
F18
 72
1
 11
206.46140000000003
 21
68.6
 31
0.0
100
AcDbText
 73
2
  0
LINE
  5
107D
330
17
100
AcDbEntity
  8
COTAS
 62
3
370
13
100
AcDbLine
 10
227.342
 20
77.8
 30
0.0
 11
255.342
 21
77.8
 31
0.0
  0
LINE
  5
107E
330
17
100
AcDbEntity
  8
COTAS
 62
3
370
13
100
AcDbLine
 10
227.342
 20
76.6
 30
0.0
 11
227.342
 21
79.0
 31
0.0
  0
LINE
  5
107F
330
17
100
AcDbEntity
  8
COTAS
 62
3
370
13
100
AcDbLine
 10
255.342
 20
76.6
 30
0.0
 11
255.342
 21
79.0
 31
0.0
  0
TEXT
  5
1080
330
17
100
AcDbEntity
  8
COTAS
 62
3
100
AcDbText
 10
241.342
 20
78.8
 30
0.0
 40
1.8
  1
2.800 m
 72
1
 11
241.342
 21
78.8
 31
0.0
100
AcDbText
 73
2
  0
TEXT
  5
1081
330
17
100
AcDbEntity
  8
TEXTO
 62
7
100
AcDbText
 10
241.342
 20
74.6
 30
0.0
 40
1.55
  1
F17
 72
1
 11
241.342
 21
74.6
 31
0.0
100
AcDbText
 73
2
  0
LINE
  5
1082
330
17
100
AcDbEntity
  8
COTAS
 62
3
370
13
100
AcDbLine
 10
255.342
 20
71.8
 30
0.0
 11
282.342
 21
71.8
 31
0.0
  0
LINE
  5
1083
330
17
100
AcDbEntity
  8
COTAS
 62
3
370
13
100
AcDbLine
 10
255.342
 20
70.6
 30
0.0
 11
255.342
 21
73.0
 31
0.0
  0
LINE
  5
1084
330
17
100
AcDbEntity
  8
COTAS
 62
3
370
13
100
AcDbLine
 10
282.342
 20
70.6
 30
0.0
 11
282.342
 21
73.0
 31
0.0
  0
TEXT
  5
1085
330
17
100
AcDbEntity
  8
COTAS
 62
3
100
AcDbText
 10
268.842
 20
72.8
 30
0.0
 40
1.8
  1
2.700 m
 72
1
 11
268.842
 21
72.8
 31
0.0
100
AcDbText
 73
2
  0
TEXT
  5
1086
330
17
100
AcDbEntity
  8
TEXTO
 62
7
100
AcDbText
 10
268.842
 20
68.6
 30
0.0
 40
1.55
  1
F16
 72
1
 11
268.842
 21
68.6
 31
0.0
100
AcDbText
 73
2
  0
LINE
  5
1087
330
17
100
AcDbEntity
  8
COTAS
 62
3
370
13
100
AcDbLine
 10
282.342
 20
77.8
 30
0.0
 11
324.1032
 21
77.8
 31
0.0
  0
LINE
  5
1088
330
17
100
AcDbEntity
  8
COTAS
 62
3
370
13
100
AcDbLine
 10
282.342
 20
76.6
 30
0.0
 11
282.342
 21
79.0
 31
0.0
  0
LINE
  5
1089
330
17
100
AcDbEntity
  8
COTAS
 62
3
370
13
100
AcDbLine
 10
324.1032
 20
76.6
 30
0.0
 11
324.1032
 21
79.0
 31
0.0
  0
TEXT
  5
108A
330
17
100
AcDbEntity
  8
COTAS
 62
3
100
AcDbText
 10
303.2226
 20
78.8
 30
0.0
 40
1.8
  1
4.176 m
 72
1
 11
303.2226
 21
78.8
 31
0.0
100
AcDbText
 73
2
  0
TEXT
  5
108B
330
17
100
AcDbEntity
  8
TEXTO
 62
7
100
AcDbText
 10
303.2226
 20
74.6
 30
0.0
 40
1.55
  1
F15
 72
1
 11
303.2226
 21
74.6
 31
0.0
100
AcDbText
 73
2
  0
LINE
  5
108C
330
17
100
AcDbEntity
  8
COTAS
 62
3
370
13
100
AcDbLine
 10
324.1032
 20
71.8
 30
0.0
 11
349.1032
 21
71.8
 31
0.0
  0
LINE
  5
108D
330
17
100
AcDbEntity
  8
COTAS
 62
3
370
13
100
AcDbLine
 10
324.1032
 20
70.6
 30
0.0
 11
324.1032
 21
73.0
 31
0.0
  0
LINE
  5
108E
330
17
100
AcDbEntity
  8
COTAS
 62
3
370
13
100
AcDbLine
 10
349.1032
 20
70.6
 30
0.0
 11
349.1032
 21
73.0
 31
0.0
  0
TEXT
  5
108F
330
17
100
AcDbEntity
  8
COTAS
 62
3
100
AcDbText
 10
336.6032
 20
72.8
 30
0.0
 40
1.8
  1
2.500 m
 72
1
 11
336.6032
 21
72.8
 31
0.0
100
AcDbText
 73
2
  0
TEXT
  5
1090
330
17
100
AcDbEntity
  8
TEXTO
 62
7
100
AcDbText
 10
336.6032
 20
68.6
 30
0.0
 40
1.55
  1
F14
 72
1
 11
336.6032
 21
68.6
 31
0.0
100
AcDbText
 73
2
  0
LINE
  5
1091
330
17
100
AcDbEntity
  8
COTAS
 62
3
370
13
100
AcDbLine
 10
349.1032
 20
77.8
 30
0.0
 11
375.1032
 21
77.8
 31
0.0
  0
LINE
  5
1092
330
17
100
AcDbEntity
  8
COTAS
 62
3
370
13
100
AcDbLine
 10
349.1032
 20
76.6
 30
0.0
 11
349.1032
 21
79.0
 31
0.0
  0
LINE
  5
1093
330
17
100
AcDbEntity
  8
COTAS
 62
3
370
13
100
AcDbLine
 10
375.1032
 20
76.6
 30
0.0
 11
375.1032
 21
79.0
 31
0.0
  0
TEXT
  5
1094
330
17
100
AcDbEntity
  8
COTAS
 62
3
100
AcDbText
 10
362.1032
 20
78.8
 30
0.0
 40
1.8
  1
2.600 m
 72
1
 11
362.1032
 21
78.8
 31
0.0
100
AcDbText
 73
2
  0
TEXT
  5
1095
330
17
100
AcDbEntity
  8
TEXTO
 62
7
100
AcDbText
 10
362.1032
 20
74.6
 30
0.0
 40
1.55
  1
F13
 72
1
 11
362.1032
 21
74.6
 31
0.0
100
AcDbText
 73
2
  0
LINE
  5
1096
330
17
100
AcDbEntity
  8
COTAS
 62
3
370
13
100
AcDbLine
 10
375.1032
 20
71.8
 30
0.0
 11
411.634
 21
71.8
 31
0.0
  0
LINE
  5
1097
330
17
100
AcDbEntity
  8
COTAS
 62
3
370
13
100
AcDbLine
 10
375.1032
 20
70.6
 30
0.0
 11
375.1032
 21
73.0
 31
0.0
  0
LINE
  5
1098
330
17
100
AcDbEntity
  8
COTAS
 62
3
370
13
100
AcDbLine
 10
411.634
 20
70.6
 30
0.0
 11
411.634
 21
73.0
 31
0.0
  0
TEXT
  5
1099
330
17
100
AcDbEntity
  8
COTAS
 62
3
100
AcDbText
 10
393.3686
 20
72.8
 30
0.0
 40
1.8
  1
3.653 m
 72
1
 11
393.3686
 21
72.8
 31
0.0
100
AcDbText
 73
2
  0
TEXT
  5
109A
330
17
100
AcDbEntity
  8
TEXTO
 62
7
100
AcDbText
 10
393.3686
 20
68.6
 30
0.0
 40
1.55
  1
F12
 72
1
 11
393.3686
 21
68.6
 31
0.0
100
AcDbText
 73
2
  0
LINE
  5
109B
330
17
100
AcDbEntity
  8
COTAS
 62
3
370
13
100
AcDbLine
 10
411.634
 20
77.8
 30
0.0
 11
437.634
 21
77.8
 31
0.0
  0
LINE
  5
109C
330
17
100
AcDbEntity
  8
COTAS
 62
3
370
13
100
AcDbLine
 10
411.634
 20
76.6
 30
0.0
 11
411.634
 21
79.0
 31
0.0
  0
LINE
  5
109D
330
17
100
AcDbEntity
  8
COTAS
 62
3
370
13
100
AcDbLine
 10
437.634
 20
76.6
 30
0.0
 11
437.634
 21
79.0
 31
0.0
  0
TEXT
  5
109E
330
17
100
AcDbEntity
  8
COTAS
 62
3
100
AcDbText
 10
424.634
 20
78.8
 30
0.0
 40
1.8
  1
2.600 m
 72
1
 11
424.634
 21
78.8
 31
0.0
100
AcDbText
 73
2
  0
TEXT
  5
109F
330
17
100
AcDbEntity
  8
TEXTO
 62
7
100
AcDbText
 10
424.634
 20
74.6
 30
0.0
 40
1.55
  1
F11
 72
1
 11
424.634
 21
74.6
 31
0.0
100
AcDbText
 73
2
  0
LINE
  5
10A0
330
17
100
AcDbEntity
  8
COTAS
 62
3
370
13
100
AcDbLine
 10
437.634
 20
71.8
 30
0.0
 11
452.634
 21
71.8
 31
0.0
  0
LINE
  5
10A1
330
17
100
AcDbEntity
  8
COTAS
 62
3
370
13
100
AcDbLine
 10
437.634
 20
70.6
 30
0.0
 11
437.634
 21
73.0
 31
0.0
  0
LINE
  5
10A2
330
17
100
AcDbEntity
  8
COTAS
 62
3
370
13
100
AcDbLine
 10
452.634
 20
70.6
 30
0.0
 11
452.634
 21
73.0
 31
0.0
  0
TEXT
  5
10A3
330
17
100
AcDbEntity
  8
COTAS
 62
3
100
AcDbText
 10
445.134
 20
72.8
 30
0.0
 40
1.8
  1
1.500 m
 72
1
 11
445.134
 21
72.8
 31
0.0
100
AcDbText
 73
2
  0
TEXT
  5
10A4
330
17
100
AcDbEntity
  8
TEXTO
 62
7
100
AcDbText
 10
445.134
 20
68.6
 30
0.0
 40
1.55
  1
F145
 72
1
 11
445.134
 21
68.6
 31
0.0
100
AcDbText
 73
2
  0
LINE
  5
10A5
330
17
100
AcDbEntity
  8
COTAS
 62
3
370
13
100
AcDbLine
 10
57.05
 20
64.8
 30
0.0
 11
452.634
 21
64.8
 31
0.0
  0
LINE
  5
10A6
330
17
100
AcDbEntity
  8
COTAS
 62
3
370
13
100
AcDbLine
 10
57.05
 20
63.599999999999994
 30
0.0
 11
57.05
 21
66.0
 31
0.0
  0
LINE
  5
10A7
330
17
100
AcDbEntity
  8
COTAS
 62
3
370
13
100
AcDbLine
 10
452.634
 20
63.599999999999994
 30
0.0
 11
452.634
 21
66.0
 31
0.0
  0
TEXT
  5
10A8
330
17
100
AcDbEntity
  8
COTAS
 62
3
100
AcDbText
 10
254.842
 20
65.8
 30
0.0
 40
2.0
  1
TOTAL SAP I-J = 39.558 m
 72
1
 11
254.842
 21
65.8
 31
0.0
100
AcDbText
 73
2
  0
TEXT
  5
10A9
330
17
100
AcDbEntity
  8
TEXTO
 62
7
100
AcDbText
 10
452.634
 20
19.0
 30
0.0
 40
1.9
  1
ESC. H 1:100 | V 1:22 | EJES Y TRAMOS SAP
 72
2
 11
452.634
 21
19.0
 31
0.0
100
AcDbText
  0
LWPOLYLINE
  5
10AA
330
17
100
AcDbEntity
  8
MARCO
 62
7
370
25
100
AcDbPolyline
 90
4
 70
1
 10
538.0
 20
15.0
 10
697.0
 20
15.0
 10
697.0
 20
166.66666666666666
 10
538.0
 20
166.66666666666666
  0
TEXT
  5
10AB
330
17
100
AcDbEntity
  8
TEXTO
 62
7
100
AcDbText
 10
617.5
 20
159.66666666666666
 30
0.0
 40
3.4
  1
VIGA TIPO VR2
 72
1
 11
617.5
 21
159.66666666666666
 31
0.0
100
AcDbText
 73
2
  0
TEXT
  5
10AC
330
17
100
AcDbEntity
  8
TEXTO
 62
7
100
AcDbText
 10
617.5
 20
152.66666666666666
 30
0.0
 40
2.0
  1
500x550 mm — DATOS EXCEL
 72
1
 11
617.5
 21
152.66666666666666
 31
0.0
100
AcDbText
 73
2
  0
LWPOLYLINE
  5
10AD
330
17
100
AcDbEntity
  8
CONTORNO
 62
7
370
20
100
AcDbPolyline
 90
4
 70
1
 10
549.5
 20
74.05
 10
574.5
 20
74.05
 10
574.5
 20
101.55
 10
549.5
 20
101.55
  0
LWPOLYLINE
  5
10AE
330
17
100
AcDbEntity
  8
ESTRIBOS
 62
8
370
18
100
AcDbPolyline
 90
4
 70
1
 10
551.5
 20
76.05
 10
572.5
 20
76.05
 10
572.5
 20
99.55
 10
551.5
 20
99.55
  0
LINE
  5
10AF
330
17
100
AcDbEntity
  8
ESTRIBOS
 62
8
370
13
100
AcDbLine
 10
557.8333333333334
 20
76.05
 30
0.0
 11
557.8333333333334
 21
99.55
 31
0.0
  0
LINE
  5
10B0
330
17
100
AcDbEntity
  8
ESTRIBOS
 62
8
370
13
100
AcDbLine
 10
566.1666666666666
 20
76.05
 30
0.0
 11
566.1666666666666
 21
99.55
 31
0.0
  0
CIRCLE
  5
10B1
330
17
100
AcDbEntity
  8
ACERO_SUP_CONT
 62
4
100
AcDbCircle
 10
552.75
 20
98.5175
 30
0.0
 40
0.55
  0
CIRCLE
  5
10B2
330
17
100
AcDbEntity
  8
ACERO_SUP_CONT
 62
4
100
AcDbCircle
 10
557.375
 20
98.5175
 30
0.0
 40
0.55
  0
CIRCLE
  5
10B3
330
17
100
AcDbEntity
  8
ACERO_SUP_CONT
 62
4
100
AcDbCircle
 10
562.0
 20
98.5175
 30
0.0
 40
0.55
  0
CIRCLE
  5
10B4
330
17
100
AcDbEntity
  8
ACERO_SUP_CONT
 62
4
100
AcDbCircle
 10
566.625
 20
98.5175
 30
0.0
 40
0.55
  0
CIRCLE
  5
10B5
330
17
100
AcDbEntity
  8
ACERO_SUP_CONT
 62
4
100
AcDbCircle
 10
571.25
 20
98.5175
 30
0.0
 40
0.55
  0
CIRCLE
  5
10B6
330
17
100
AcDbEntity
  8
ACERO_INF
 62
1
100
AcDbCircle
 10
552.75
 20
77.0825
 30
0.0
 40
0.55
  0
CIRCLE
  5
10B7
330
17
100
AcDbEntity
  8
ACERO_INF
 62
1
100
AcDbCircle
 10
557.375
 20
77.0825
 30
0.0
 40
0.55
  0
CIRCLE
  5
10B8
330
17
100
AcDbEntity
  8
ACERO_INF
 62
1
100
AcDbCircle
 10
562.0
 20
77.0825
 30
0.0
 40
0.55
  0
CIRCLE
  5
10B9
330
17
100
AcDbEntity
  8
ACERO_INF
 62
1
100
AcDbCircle
 10
566.625
 20
77.0825
 30
0.0
 40
0.55
  0
CIRCLE
  5
10BA
330
17
100
AcDbEntity
  8
ACERO_INF
 62
1
100
AcDbCircle
 10
571.25
 20
77.0825
 30
0.0
 40
0.55
  0
CIRCLE
  5
10BB
330
17
100
AcDbEntity
  8
ACERO_TORSION
 62
30
100
AcDbCircle
 10
557.2
 20
79.55
 30
0.0
 40
0.48
  0
CIRCLE
  5
10BC
330
17
100
AcDbEntity
  8
ACERO_TORSION
 62
30
100
AcDbCircle
 10
557.2
 20
96.05
 30
0.0
 40
0.48
  0
CIRCLE
  5
10BD
330
17
100
AcDbEntity
  8
ACERO_TORSION
 62
30
100
AcDbCircle
 10
560.4
 20
79.55
 30
0.0
 40
0.48
  0
CIRCLE
  5
10BE
330
17
100
AcDbEntity
  8
ACERO_TORSION
 62
30
100
AcDbCircle
 10
560.4
 20
96.05
 30
0.0
 40
0.48
  0
CIRCLE
  5
10BF
330
17
100
AcDbEntity
  8
ACERO_TORSION
 62
30
100
AcDbCircle
 10
563.6
 20
79.55
 30
0.0
 40
0.48
  0
CIRCLE
  5
10C0
330
17
100
AcDbEntity
  8
ACERO_TORSION
 62
30
100
AcDbCircle
 10
563.6
 20
96.05
 30
0.0
 40
0.48
  0
CIRCLE
  5
10C1
330
17
100
AcDbEntity
  8
ACERO_TORSION
 62
30
100
AcDbCircle
 10
566.8
 20
79.55
 30
0.0
 40
0.48
  0
CIRCLE
  5
10C2
330
17
100
AcDbEntity
  8
ACERO_TORSION
 62
30
100
AcDbCircle
 10
566.8
 20
96.05
 30
0.0
 40
0.48
  0
CIRCLE
  5
10C3
330
17
100
AcDbEntity
  8
ACERO_TORSION
 62
30
100
AcDbCircle
 10
554.0
 20
82.85
 30
0.0
 40
0.48
  0
CIRCLE
  5
10C4
330
17
100
AcDbEntity
  8
ACERO_TORSION
 62
30
100
AcDbCircle
 10
570.0
 20
82.85
 30
0.0
 40
0.48
  0
CIRCLE
  5
10C5
330
17
100
AcDbEntity
  8
ACERO_TORSION
 62
30
100
AcDbCircle
 10
554.0
 20
86.14999999999999
 30
0.0
 40
0.48
  0
CIRCLE
  5
10C6
330
17
100
AcDbEntity
  8
ACERO_TORSION
 62
30
100
AcDbCircle
 10
570.0
 20
86.14999999999999
 30
0.0
 40
0.48
  0
CIRCLE
  5
10C7
330
17
100
AcDbEntity
  8
ACERO_TORSION
 62
30
100
AcDbCircle
 10
554.0
 20
89.45
 30
0.0
 40
0.48
  0
CIRCLE
  5
10C8
330
17
100
AcDbEntity
  8
ACERO_TORSION
 62
30
100
AcDbCircle
 10
570.0
 20
89.45
 30
0.0
 40
0.48
  0
CIRCLE
  5
10C9
330
17
100
AcDbEntity
  8
ACERO_TORSION
 62
30
100
AcDbCircle
 10
554.0
 20
92.75
 30
0.0
 40
0.48
  0
CIRCLE
  5
10CA
330
17
100
AcDbEntity
  8
ACERO_TORSION
 62
30
100
AcDbCircle
 10
570.0
 20
92.75
 30
0.0
 40
0.48
  0
TEXT
  5
10CB
330
17
100
AcDbEntity
  8
TEXTO
 62
7
100
AcDbText
 10
562.0
 20
70.45
 30
0.0
 40
1.9
  1
SECCIÓN APOYO
 72
1
 11
562.0
 21
70.45
 31
0.0
100
AcDbText
 73
2
  0
TEXT
  5
10CC
330
17
100
AcDbEntity
  8
TEXTO
 62
7
100
AcDbText
 10
562.0
 20
67.64999999999999
 30
0.0
 40
1.55
  1
500x550 | 1:20
 72
1
 11
562.0
 21
67.64999999999999
 31
0.0
100
AcDbText
 73
2
  0
TEXT
  5
10CD
330
17
100
AcDbEntity
  8
TEXTO
100
AcDbText
 10
585.0
 20
139.66666666666666
 30
0.0
 40
2.0
  1
SUP: 5#5
 11
585.0
 21
139.66666666666666
 31
0.0
100
AcDbText
  0
TEXT
  5
10CE
330
17
100
AcDbEntity
  8
TEXTO
100
AcDbText
 10
585.0
 20
131.66666666666666
 30
0.0
 40
2.0
  1
INF: 5#5
 11
585.0
 21
131.66666666666666
 31
0.0
100
AcDbText
  0
TEXT
  5
10CF
330
17
100
AcDbEntity
  8
TEXTO
100
AcDbText
 10
585.0
 20
123.66666666666666
 30
0.0
 40
2.0
  1
TORSIÓN: 16#5
 11
585.0
 21
123.66666666666666
 31
0.0
100
AcDbText
  0
TEXT
  5
10D0
330
17
100
AcDbEntity
  8
TEXTO
100
AcDbText
 10
585.0
 20
115.66666666666666
 30
0.0
 40
2.0
  1
EST: Nº4 — 4 RAMAS
 11
585.0
 21
115.66666666666666
 31
0.0
100
AcDbText
  0
TEXT
  5
10D1
330
17
100
AcDbEntity
  8
TEXTO
100
AcDbText
 10
585.0
 20
107.66666666666666
 30
0.0
 40
2.0
  1
s EXT/CENTRO: 90/90 mm
 11
585.0
 21
107.66666666666666
 31
0.0
100
AcDbText
  0
TEXT
  5
10D2
330
17
100
AcDbEntity
  8
TEXTO
100
AcDbText
 10
585.0
 20
99.66666666666666
 30
0.0
 40
2.0
  1
FRAMES SAP: 140
 11
585.0
 21
99.66666666666666
 31
0.0
100
AcDbText
  0
TEXT
  5
10D3
330
17
100
AcDbEntity
  8
TEXTO
100
AcDbText
 10
585.0
 20
91.66666666666666
 30
0.0
 40
2.0
  1
EJE b: 14-1-2-3-4-5-6-7-8-9-10-11-12-13-15
 11
585.0
 21
91.66666666666666
 31
0.0
100
AcDbText
  0
TEXT
  5
10D4
330
17
100
AcDbEntity
  8
TEXTO
 62
1
100
AcDbText
 10
353.5
 20
9.5
 30
0.0
 40
1.8
  1
DETALLE ACADÉMICO — NO EMITIR PARA CONSTRUCCIÓN
 72
1
 11
353.5
 21
9.5
 31
0.0
100
AcDbText
 73
2
  0
LWPOLYLINE
  5
10D5
330
17
100
AcDbEntity
  8
MARCO
 62
7
370
30
100
AcDbPolyline
 90
4
 70
1
 10
739.0
 20
7.0
 10
1432.0
 20
7.0
 10
1432.0
 20
493.0
 10
739.0
 20
493.0
  0
TEXT
  5
10D6
330
17
100
AcDbEntity
  8
TEXTO
 62
7
100
AcDbText
 10
1085.5
 20
488.0
 30
0.0
 40
5.0
  1
DESPIECE DE VIGAS DE RIGIDEZ — RIGIDEZ-02
 72
1
 11
1085.5
 21
488.0
 31
0.0
100
AcDbText
 73
2
  0
TEXT
  5
10D7
330
17
100
AcDbEntity
  8
TEXTO
 62
7
100
AcDbText
 10
1085.5
 20
478.0
 30
0.0
 40
2.5
  1
UNA VIGA TIPO POR GRUPO | ARMADURAS TOMADAS DEL EXCEL DE DISEÑO
 72
1
 11
1085.5
 21
478.0
 31
0.0
100
AcDbText
 73
2
  0
LINE
  5
10D8
330
17
100
AcDbEntity
  8
MARCO
 62
7
370
25
100
AcDbLine
 10
742.0
 20
470.0
 30
0.0
 11
1429.0
 21
470.0
 31
0.0
  0
LWPOLYLINE
  5
10D9
330
17
100
AcDbEntity
  8
MARCO
 62
7
370
25
100
AcDbPolyline
 90
4
 70
1
 10
742.0
 20
336.7
 10
782.0
 20
336.7
 10
782.0
 20
386.7
 10
742.0
 20
386.7
  0
TEXT
  5
10DA
330
17
100
AcDbEntity
  8
TEXTO
 62
7
100
AcDbText
 10
762.0
 20
380.7
 30
0.0
 40
2.8
  1
VIGA VR3
 72
1
 11
762.0
 21
380.7
 31
0.0
100
AcDbText
 73
2
  0
TEXT
  5
10DB
330
17
100
AcDbEntity
  8
TEXTO
 62
7
100
AcDbText
 10
762.0
 20
373.7
 30
0.0
 40
2.5
  1
EJE c
 72
1
 11
762.0
 21
373.7
 31
0.0
100
AcDbText
 73
2
  0
TEXT
  5
10DC
330
17
100
AcDbEntity
  8
TEXTO
 62
7
100
AcDbText
 10
762.0
 20
366.7
 30
0.0
 40
2.2
  1
500x550 mm
 72
1
 11
762.0
 21
366.7
 31
0.0
100
AcDbText
 73
2
  0
TEXT
  5
10DD
330
17
100
AcDbEntity
  8
TEXTO
100
AcDbText
 10
745.0
 20
358.7
 30
0.0
 40
2.0
  1
SUP 5#5
 11
745.0
 21
358.7
 31
0.0
100
AcDbText
  0
TEXT
  5
10DE
330
17
100
AcDbEntity
  8
TEXTO
100
AcDbText
 10
745.0
 20
352.7
 30
0.0
 40
2.0
  1
INF 5#5
 11
745.0
 21
352.7
 31
0.0
100
AcDbText
  0
TEXT
  5
10DF
330
17
100
AcDbEntity
  8
TEXTO
100
AcDbText
 10
745.0
 20
346.7
 30
0.0
 40
2.0
  1
TOR 16#5
 11
745.0
 21
346.7
 31
0.0
100
AcDbText
  0
TEXT
  5
10E0
330
17
100
AcDbEntity
  8
TEXTO
100
AcDbText
 10
745.0
 20
340.7
 30
0.0
 40
1.8
  1
z=3.5 m
 11
745.0
 21
340.7
 31
0.0
100
AcDbText
  0
LWPOLYLINE
  5
10E1
330
17
100
AcDbEntity
  8
CONTORNO
 62
7
370
25
100
AcDbPolyline
 90
4
 70
1
 10
789.05
 20
351.7
 10
1181.05
 20
351.7
 10
1181.05
 20
382.25555555555553
 10
789.05
 20
382.25555555555553
  0
LWPOLYLINE
  5
10E2
330
17
100
AcDbEntity
  8
APOYOS
 62
9
370
15
100
AcDbPolyline
 90
4
 70
1
 10
786.55
 20
347.7
 10
791.55
 20
347.7
 10
791.55
 20
386.25555555555553
 10
786.55
 20
386.25555555555553
  0
LINE
  5
10E3
330
17
100
AcDbEntity
  8
EJES
  6
DASHED
 62
1
370
9
100
AcDbLine
 10
789.05
 20
340.7
 30
0.0
 11
789.05
 21
398.25555555555553
 31
0.0
  0
CIRCLE
  5
10E4
330
17
100
AcDbEntity
  8
EJES
 62
1
370
18
100
AcDbCircle
 10
789.05
 20
394.25555555555553
 30
0.0
 40
3.5
  0
TEXT
  5
10E5
330
17
100
AcDbEntity
  8
EJES
 62
1
100
AcDbText
 10
789.05
 20
394.25555555555553
 30
0.0
 40
2.5
  1
14
 72
1
 11
789.05
 21
394.25555555555553
 31
0.0
100
AcDbText
 73
2
  0
LWPOLYLINE
  5
10E6
330
17
100
AcDbEntity
  8
APOYOS
 62
9
370
15
100
AcDbPolyline
 90
4
 70
1
 10
801.55
 20
347.7
 10
806.55
 20
347.7
 10
806.55
 20
386.25555555555553
 10
801.55
 20
386.25555555555553
  0
LINE
  5
10E7
330
17
100
AcDbEntity
  8
EJES
  6
DASHED
 62
1
370
9
100
AcDbLine
 10
804.05
 20
340.7
 30
0.0
 11
804.05
 21
406.25555555555553
 31
0.0
  0
CIRCLE
  5
10E8
330
17
100
AcDbEntity
  8
EJES
 62
1
370
18
100
AcDbCircle
 10
804.05
 20
402.25555555555553
 30
0.0
 40
3.5
  0
TEXT
  5
10E9
330
17
100
AcDbEntity
  8
EJES
 62
1
100
AcDbText
 10
804.05
 20
402.25555555555553
 30
0.0
 40
2.5
  1
1
 72
1
 11
804.05
 21
402.25555555555553
 31
0.0
100
AcDbText
 73
2
  0
LWPOLYLINE
  5
10EA
330
17
100
AcDbEntity
  8
APOYOS
 62
9
370
15
100
AcDbPolyline
 90
4
 70
1
 10
834.55
 20
347.7
 10
839.55
 20
347.7
 10
839.55
 20
386.25555555555553
 10
834.55
 20
386.25555555555553
  0
LINE
  5
10EB
330
17
100
AcDbEntity
  8
EJES
  6
DASHED
 62
1
370
9
100
AcDbLine
 10
837.05
 20
340.7
 30
0.0
 11
837.05
 21
398.25555555555553
 31
0.0
  0
CIRCLE
  5
10EC
330
17
100
AcDbEntity
  8
EJES
 62
1
370
18
100
AcDbCircle
 10
837.05
 20
394.25555555555553
 30
0.0
 40
3.5
  0
TEXT
  5
10ED
330
17
100
AcDbEntity
  8
EJES
 62
1
100
AcDbText
 10
837.05
 20
394.25555555555553
 30
0.0
 40
2.5
  1
3.30
 72
1
 11
837.05
 21
394.25555555555553
 31
0.0
100
AcDbText
 73
2
  0
LWPOLYLINE
  5
10EE
330
17
100
AcDbEntity
  8
APOYOS
 62
9
370
15
100
AcDbPolyline
 90
4
 70
1
 10
864.05
 20
347.7
 10
869.05
 20
347.7
 10
869.05
 20
386.25555555555553
 10
864.05
 20
386.25555555555553
  0
LINE
  5
10EF
330
17
100
AcDbEntity
  8
EJES
  6
DASHED
 62
1
370
9
100
AcDbLine
 10
866.55
 20
340.7
 30
0.0
 11
866.55
 21
406.25555555555553
 31
0.0
  0
CIRCLE
  5
10F0
330
17
100
AcDbEntity
  8
EJES
 62
1
370
18
100
AcDbCircle
 10
866.55
 20
402.25555555555553
 30
0.0
 40
3.5
  0
TEXT
  5
10F1
330
17
100
AcDbEntity
  8
EJES
 62
1
100
AcDbText
 10
866.55
 20
402.25555555555553
 30
0.0
 40
2.5
  1
3
 72
1
 11
866.55
 21
402.25555555555553
 31
0.0
100
AcDbText
 73
2
  0
LWPOLYLINE
  5
10F2
330
17
100
AcDbEntity
  8
APOYOS
 62
9
370
15
100
AcDbPolyline
 90
4
 70
1
 10
890.05
 20
347.7
 10
895.05
 20
347.7
 10
895.05
 20
386.25555555555553
 10
890.05
 20
386.25555555555553
  0
LINE
  5
10F3
330
17
100
AcDbEntity
  8
EJES
  6
DASHED
 62
1
370
9
100
AcDbLine
 10
892.55
 20
340.7
 30
0.0
 11
892.55
 21
398.25555555555553
 31
0.0
  0
CIRCLE
  5
10F4
330
17
100
AcDbEntity
  8
EJES
 62
1
370
18
100
AcDbCircle
 10
892.55
 20
394.25555555555553
 30
0.0
 40
3.5
  0
TEXT
  5
10F5
330
17
100
AcDbEntity
  8
EJES
 62
1
100
AcDbText
 10
892.55
 20
394.25555555555553
 30
0.0
 40
2.5
  1
4
 72
1
 11
892.55
 21
394.25555555555553
 31
0.0
100
AcDbText
 73
2
  0
LWPOLYLINE
  5
10F6
330
17
100
AcDbEntity
  8
APOYOS
 62
9
370
15
100
AcDbPolyline
 90
4
 70
1
 10
915.05
 20
347.7
 10
920.05
 20
347.7
 10
920.05
 20
386.25555555555553
 10
915.05
 20
386.25555555555553
  0
LINE
  5
10F7
330
17
100
AcDbEntity
  8
EJES
  6
DASHED
 62
1
370
9
100
AcDbLine
 10
917.55
 20
340.7
 30
0.0
 11
917.55
 21
406.25555555555553
 31
0.0
  0
CIRCLE
  5
10F8
330
17
100
AcDbEntity
  8
EJES
 62
1
370
18
100
AcDbCircle
 10
917.55
 20
402.25555555555553
 30
0.0
 40
3.5
  0
TEXT
  5
10F9
330
17
100
AcDbEntity
  8
EJES
 62
1
100
AcDbText
 10
917.55
 20
402.25555555555553
 30
0.0
 40
2.5
  1
5
 72
1
 11
917.55
 21
402.25555555555553
 31
0.0
100
AcDbText
 73
2
  0
LWPOLYLINE
  5
10FA
330
17
100
AcDbEntity
  8
APOYOS
 62
9
370
15
100
AcDbPolyline
 90
4
 70
1
 10
955.05
 20
347.7
 10
960.05
 20
347.7
 10
960.05
 20
386.25555555555553
 10
955.05
 20
386.25555555555553
  0
LINE
  5
10FB
330
17
100
AcDbEntity
  8
EJES
  6
DASHED
 62
1
370
9
100
AcDbLine
 10
957.55
 20
340.7
 30
0.0
 11
957.55
 21
398.25555555555553
 31
0.0
  0
CIRCLE
  5
10FC
330
17
100
AcDbEntity
  8
EJES
 62
1
370
18
100
AcDbCircle
 10
957.55
 20
394.25555555555553
 30
0.0
 40
3.5
  0
TEXT
  5
10FD
330
17
100
AcDbEntity
  8
EJES
 62
1
100
AcDbText
 10
957.55
 20
394.25555555555553
 30
0.0
 40
2.5
  1
6
 72
1
 11
957.55
 21
394.25555555555553
 31
0.0
100
AcDbText
 73
2
  0
LWPOLYLINE
  5
10FE
330
17
100
AcDbEntity
  8
APOYOS
 62
9
370
15
100
AcDbPolyline
 90
4
 70
1
 10
983.05
 20
347.7
 10
988.05
 20
347.7
 10
988.05
 20
386.25555555555553
 10
983.05
 20
386.25555555555553
  0
LINE
  5
10FF
330
17
100
AcDbEntity
  8
EJES
  6
DASHED
 62
1
370
9
100
AcDbLine
 10
985.55
 20
340.7
 30
0.0
 11
985.55
 21
406.25555555555553
 31
0.0
  0
CIRCLE
  5
1100
330
17
100
AcDbEntity
  8
EJES
 62
1
370
18
100
AcDbCircle
 10
985.55
 20
402.25555555555553
 30
0.0
 40
3.5
  0
TEXT
  5
1101
330
17
100
AcDbEntity
  8
EJES
 62
1
100
AcDbText
 10
985.55
 20
402.25555555555553
 30
0.0
 40
2.5
  1
7
 72
1
 11
985.55
 21
402.25555555555553
 31
0.0
100
AcDbText
 73
2
  0
LWPOLYLINE
  5
1102
330
17
100
AcDbEntity
  8
APOYOS
 62
9
370
15
100
AcDbPolyline
 90
4
 70
1
 10
1010.05
 20
347.7
 10
1015.05
 20
347.7
 10
1015.05
 20
386.25555555555553
 10
1010.05
 20
386.25555555555553
  0
LINE
  5
1103
330
17
100
AcDbEntity
  8
EJES
  6
DASHED
 62
1
370
9
100
AcDbLine
 10
1012.55
 20
340.7
 30
0.0
 11
1012.55
 21
398.25555555555553
 31
0.0
  0
CIRCLE
  5
1104
330
17
100
AcDbEntity
  8
EJES
 62
1
370
18
100
AcDbCircle
 10
1012.55
 20
394.25555555555553
 30
0.0
 40
3.5
  0
TEXT
  5
1105
330
17
100
AcDbEntity
  8
EJES
 62
1
100
AcDbText
 10
1012.55
 20
394.25555555555553
 30
0.0
 40
2.5
  1
8
 72
1
 11
1012.55
 21
394.25555555555553
 31
0.0
100
AcDbText
 73
2
  0
LWPOLYLINE
  5
1106
330
17
100
AcDbEntity
  8
APOYOS
 62
9
370
15
100
AcDbPolyline
 90
4
 70
1
 10
1050.05
 20
347.7
 10
1055.05
 20
347.7
 10
1055.05
 20
386.25555555555553
 10
1050.05
 20
386.25555555555553
  0
LINE
  5
1107
330
17
100
AcDbEntity
  8
EJES
  6
DASHED
 62
1
370
9
100
AcDbLine
 10
1052.55
 20
340.7
 30
0.0
 11
1052.55
 21
406.25555555555553
 31
0.0
  0
CIRCLE
  5
1108
330
17
100
AcDbEntity
  8
EJES
 62
1
370
18
100
AcDbCircle
 10
1052.55
 20
402.25555555555553
 30
0.0
 40
3.5
  0
TEXT
  5
1109
330
17
100
AcDbEntity
  8
EJES
 62
1
100
AcDbText
 10
1052.55
 20
402.25555555555553
 30
0.0
 40
2.5
  1
9
 72
1
 11
1052.55
 21
402.25555555555553
 31
0.0
100
AcDbText
 73
2
  0
LWPOLYLINE
  5
110A
330
17
100
AcDbEntity
  8
APOYOS
 62
9
370
15
100
AcDbPolyline
 90
4
 70
1
 10
1075.05
 20
347.7
 10
1080.05
 20
347.7
 10
1080.05
 20
386.25555555555553
 10
1075.05
 20
386.25555555555553
  0
LINE
  5
110B
330
17
100
AcDbEntity
  8
EJES
  6
DASHED
 62
1
370
9
100
AcDbLine
 10
1077.55
 20
340.7
 30
0.0
 11
1077.55
 21
398.25555555555553
 31
0.0
  0
CIRCLE
  5
110C
330
17
100
AcDbEntity
  8
EJES
 62
1
370
18
100
AcDbCircle
 10
1077.55
 20
394.25555555555553
 30
0.0
 40
3.5
  0
TEXT
  5
110D
330
17
100
AcDbEntity
  8
EJES
 62
1
100
AcDbText
 10
1077.55
 20
394.25555555555553
 30
0.0
 40
2.5
  1
10
 72
1
 11
1077.55
 21
394.25555555555553
 31
0.0
100
AcDbText
 73
2
  0
LWPOLYLINE
  5
110E
330
17
100
AcDbEntity
  8
APOYOS
 62
9
370
15
100
AcDbPolyline
 90
4
 70
1
 10
1101.05
 20
347.7
 10
1106.05
 20
347.7
 10
1106.05
 20
386.25555555555553
 10
1101.05
 20
386.25555555555553
  0
LINE
  5
110F
330
17
100
AcDbEntity
  8
EJES
  6
DASHED
 62
1
370
9
100
AcDbLine
 10
1103.55
 20
340.7
 30
0.0
 11
1103.55
 21
406.25555555555553
 31
0.0
  0
CIRCLE
  5
1110
330
17
100
AcDbEntity
  8
EJES
 62
1
370
18
100
AcDbCircle
 10
1103.55
 20
402.25555555555553
 30
0.0
 40
3.5
  0
TEXT
  5
1111
330
17
100
AcDbEntity
  8
EJES
 62
1
100
AcDbText
 10
1103.55
 20
402.25555555555553
 30
0.0
 40
2.5
  1
11
 72
1
 11
1103.55
 21
402.25555555555553
 31
0.0
100
AcDbText
 73
2
  0
LWPOLYLINE
  5
1112
330
17
100
AcDbEntity
  8
APOYOS
 62
9
370
15
100
AcDbPolyline
 90
4
 70
1
 10
1130.55
 20
347.7
 10
1135.55
 20
347.7
 10
1135.55
 20
386.25555555555553
 10
1130.55
 20
386.25555555555553
  0
LINE
  5
1113
330
17
100
AcDbEntity
  8
EJES
  6
DASHED
 62
1
370
9
100
AcDbLine
 10
1133.05
 20
340.7
 30
0.0
 11
1133.05
 21
398.25555555555553
 31
0.0
  0
CIRCLE
  5
1114
330
17
100
AcDbEntity
  8
EJES
 62
1
370
18
100
AcDbCircle
 10
1133.05
 20
394.25555555555553
 30
0.0
 40
3.5
  0
TEXT
  5
1115
330
17
100
AcDbEntity
  8
EJES
 62
1
100
AcDbText
 10
1133.05
 20
394.25555555555553
 30
0.0
 40
2.5
  1
32.90
 72
1
 11
1133.05
 21
394.25555555555553
 31
0.0
100
AcDbText
 73
2
  0
LWPOLYLINE
  5
1116
330
17
100
AcDbEntity
  8
APOYOS
 62
9
370
15
100
AcDbPolyline
 90
4
 70
1
 10
1163.55
 20
347.7
 10
1168.55
 20
347.7
 10
1168.55
 20
386.25555555555553
 10
1163.55
 20
386.25555555555553
  0
LINE
  5
1117
330
17
100
AcDbEntity
  8
EJES
  6
DASHED
 62
1
370
9
100
AcDbLine
 10
1166.05
 20
340.7
 30
0.0
 11
1166.05
 21
406.25555555555553
 31
0.0
  0
CIRCLE
  5
1118
330
17
100
AcDbEntity
  8
EJES
 62
1
370
18
100
AcDbCircle
 10
1166.05
 20
402.25555555555553
 30
0.0
 40
3.5
  0
TEXT
  5
1119
330
17
100
AcDbEntity
  8
EJES
 62
1
100
AcDbText
 10
1166.05
 20
402.25555555555553
 30
0.0
 40
2.5
  1
13
 72
1
 11
1166.05
 21
402.25555555555553
 31
0.0
100
AcDbText
 73
2
  0
LWPOLYLINE
  5
111A
330
17
100
AcDbEntity
  8
APOYOS
 62
9
370
15
100
AcDbPolyline
 90
4
 70
1
 10
1178.55
 20
347.7
 10
1183.55
 20
347.7
 10
1183.55
 20
386.25555555555553
 10
1178.55
 20
386.25555555555553
  0
LINE
  5
111B
330
17
100
AcDbEntity
  8
EJES
  6
DASHED
 62
1
370
9
100
AcDbLine
 10
1181.05
 20
340.7
 30
0.0
 11
1181.05
 21
398.25555555555553
 31
0.0
  0
CIRCLE
  5
111C
330
17
100
AcDbEntity
  8
EJES
 62
1
370
18
100
AcDbCircle
 10
1181.05
 20
394.25555555555553
 30
0.0
 40
3.5
  0
TEXT
  5
111D
330
17
100
AcDbEntity
  8
EJES
 62
1
100
AcDbText
 10
1181.05
 20
394.25555555555553
 30
0.0
 40
2.5
  1
15
 72
1
 11
1181.05
 21
394.25555555555553
 31
0.0
100
AcDbText
 73
2
  0
LINE
  5
111E
330
17
100
AcDbEntity
  8
ESTRIBOS
 62
8
370
9
100
AcDbLine
 10
789.55
 20
352.7
 30
0.0
 11
789.55
 21
381.25555555555553
 31
0.0
  0
LINE
  5
111F
330
17
100
AcDbEntity
  8
ESTRIBOS
 62
8
370
9
100
AcDbLine
 10
790.35
 20
352.7
 30
0.0
 11
790.35
 21
381.25555555555553
 31
0.0
  0
LINE
  5
1120
330
17
100
AcDbEntity
  8
ESTRIBOS
 62
8
370
9
100
AcDbLine
 10
791.15
 20
352.7
 30
0.0
 11
791.15
 21
381.25555555555553
 31
0.0
  0
LINE
  5
1121
330
17
100
AcDbEntity
  8
ESTRIBOS
 62
8
370
9
100
AcDbLine
 10
791.95
 20
352.7
 30
0.0
 11
791.95
 21
381.25555555555553
 31
0.0
  0
LINE
  5
1122
330
17
100
AcDbEntity
  8
ESTRIBOS
 62
8
370
9
100
AcDbLine
 10
792.75
 20
352.7
 30
0.0
 11
792.75
 21
381.25555555555553
 31
0.0
  0
LINE
  5
1123
330
17
100
AcDbEntity
  8
ESTRIBOS
 62
8
370
9
100
AcDbLine
 10
793.55
 20
352.7
 30
0.0
 11
793.55
 21
381.25555555555553
 31
0.0
  0
LINE
  5
1124
330
17
100
AcDbEntity
  8
ESTRIBOS
 62
8
370
9
100
AcDbLine
 10
794.35
 20
352.7
 30
0.0
 11
794.35
 21
381.25555555555553
 31
0.0
  0
LINE
  5
1125
330
17
100
AcDbEntity
  8
ESTRIBOS
 62
8
370
9
100
AcDbLine
 10
795.15
 20
352.7
 30
0.0
 11
795.15
 21
381.25555555555553
 31
0.0
  0
LINE
  5
1126
330
17
100
AcDbEntity
  8
ESTRIBOS
 62
8
370
9
100
AcDbLine
 10
795.95
 20
352.7
 30
0.0
 11
795.95
 21
381.25555555555553
 31
0.0
  0
LINE
  5
1127
330
17
100
AcDbEntity
  8
ESTRIBOS
 62
8
370
9
100
AcDbLine
 10
797.15
 20
352.7
 30
0.0
 11
797.15
 21
381.25555555555553
 31
0.0
  0
LINE
  5
1128
330
17
100
AcDbEntity
  8
ESTRIBOS
 62
8
370
9
100
AcDbLine
 10
797.95
 20
352.7
 30
0.0
 11
797.95
 21
381.25555555555553
 31
0.0
  0
LINE
  5
1129
330
17
100
AcDbEntity
  8
ESTRIBOS
 62
8
370
9
100
AcDbLine
 10
798.75
 20
352.7
 30
0.0
 11
798.75
 21
381.25555555555553
 31
0.0
  0
LINE
  5
112A
330
17
100
AcDbEntity
  8
ESTRIBOS
 62
8
370
9
100
AcDbLine
 10
799.55
 20
352.7
 30
0.0
 11
799.55
 21
381.25555555555553
 31
0.0
  0
LINE
  5
112B
330
17
100
AcDbEntity
  8
ESTRIBOS
 62
8
370
9
100
AcDbLine
 10
800.35
 20
352.7
 30
0.0
 11
800.35
 21
381.25555555555553
 31
0.0
  0
LINE
  5
112C
330
17
100
AcDbEntity
  8
ESTRIBOS
 62
8
370
9
100
AcDbLine
 10
801.15
 20
352.7
 30
0.0
 11
801.15
 21
381.25555555555553
 31
0.0
  0
LINE
  5
112D
330
17
100
AcDbEntity
  8
ESTRIBOS
 62
8
370
9
100
AcDbLine
 10
801.95
 20
352.7
 30
0.0
 11
801.95
 21
381.25555555555553
 31
0.0
  0
LINE
  5
112E
330
17
100
AcDbEntity
  8
ESTRIBOS
 62
8
370
9
100
AcDbLine
 10
802.75
 20
352.7
 30
0.0
 11
802.75
 21
381.25555555555553
 31
0.0
  0
LINE
  5
112F
330
17
100
AcDbEntity
  8
ESTRIBOS
 62
8
370
9
100
AcDbLine
 10
803.55
 20
352.7
 30
0.0
 11
803.55
 21
381.25555555555553
 31
0.0
  0
TEXT
  5
1130
330
17
100
AcDbEntity
  8
ESTRIBOS
 62
8
100
AcDbText
 10
796.55
 20
366.17777777777775
 30
0.0
 40
1.6
  1
Nº4 4R @80/@80
 72
1
 11
796.55
 21
366.17777777777775
 31
0.0
100
AcDbText
 73
2
  0
LINE
  5
1131
330
17
100
AcDbEntity
  8
ESTRIBOS
 62
8
370
9
100
AcDbLine
 10
804.55
 20
352.7
 30
0.0
 11
804.55
 21
381.25555555555553
 31
0.0
  0
LINE
  5
1132
330
17
100
AcDbEntity
  8
ESTRIBOS
 62
8
370
9
100
AcDbLine
 10
805.35
 20
352.7
 30
0.0
 11
805.35
 21
381.25555555555553
 31
0.0
  0
LINE
  5
1133
330
17
100
AcDbEntity
  8
ESTRIBOS
 62
8
370
9
100
AcDbLine
 10
806.15
 20
352.7
 30
0.0
 11
806.15
 21
381.25555555555553
 31
0.0
  0
LINE
  5
1134
330
17
100
AcDbEntity
  8
ESTRIBOS
 62
8
370
9
100
AcDbLine
 10
806.95
 20
352.7
 30
0.0
 11
806.95
 21
381.25555555555553
 31
0.0
  0
LINE
  5
1135
330
17
100
AcDbEntity
  8
ESTRIBOS
 62
8
370
9
100
AcDbLine
 10
807.75
 20
352.7
 30
0.0
 11
807.75
 21
381.25555555555553
 31
0.0
  0
LINE
  5
1136
330
17
100
AcDbEntity
  8
ESTRIBOS
 62
8
370
9
100
AcDbLine
 10
808.55
 20
352.7
 30
0.0
 11
808.55
 21
381.25555555555553
 31
0.0
  0
LINE
  5
1137
330
17
100
AcDbEntity
  8
ESTRIBOS
 62
8
370
9
100
AcDbLine
 10
809.35
 20
352.7
 30
0.0
 11
809.35
 21
381.25555555555553
 31
0.0
  0
LINE
  5
1138
330
17
100
AcDbEntity
  8
ESTRIBOS
 62
8
370
9
100
AcDbLine
 10
810.15
 20
352.7
 30
0.0
 11
810.15
 21
381.25555555555553
 31
0.0
  0
LINE
  5
1139
330
17
100
AcDbEntity
  8
ESTRIBOS
 62
8
370
9
100
AcDbLine
 10
810.95
 20
352.7
 30
0.0
 11
810.95
 21
381.25555555555553
 31
0.0
  0
LINE
  5
113A
330
17
100
AcDbEntity
  8
ESTRIBOS
 62
8
370
9
100
AcDbLine
 10
811.75
 20
352.7
 30
0.0
 11
811.75
 21
381.25555555555553
 31
0.0
  0
LINE
  5
113B
330
17
100
AcDbEntity
  8
ESTRIBOS
 62
8
370
9
100
AcDbLine
 10
812.55
 20
352.7
 30
0.0
 11
812.55
 21
381.25555555555553
 31
0.0
  0
LINE
  5
113C
330
17
100
AcDbEntity
  8
ESTRIBOS
 62
8
370
9
100
AcDbLine
 10
813.35
 20
352.7
 30
0.0
 11
813.35
 21
381.25555555555553
 31
0.0
  0
LINE
  5
113D
330
17
100
AcDbEntity
  8
ESTRIBOS
 62
8
370
9
100
AcDbLine
 10
814.15
 20
352.7
 30
0.0
 11
814.15
 21
381.25555555555553
 31
0.0
  0
LINE
  5
113E
330
17
100
AcDbEntity
  8
ESTRIBOS
 62
8
370
9
100
AcDbLine
 10
814.95
 20
352.7
 30
0.0
 11
814.95
 21
381.25555555555553
 31
0.0
  0
LINE
  5
113F
330
17
100
AcDbEntity
  8
ESTRIBOS
 62
8
370
9
100
AcDbLine
 10
815.85
 20
352.7
 30
0.0
 11
815.85
 21
381.25555555555553
 31
0.0
  0
LINE
  5
1140
330
17
100
AcDbEntity
  8
ESTRIBOS
 62
8
370
9
100
AcDbLine
 10
816.65
 20
352.7
 30
0.0
 11
816.65
 21
381.25555555555553
 31
0.0
  0
LINE
  5
1141
330
17
100
AcDbEntity
  8
ESTRIBOS
 62
8
370
9
100
AcDbLine
 10
817.45
 20
352.7
 30
0.0
 11
817.45
 21
381.25555555555553
 31
0.0
  0
LINE
  5
1142
330
17
100
AcDbEntity
  8
ESTRIBOS
 62
8
370
9
100
AcDbLine
 10
818.25
 20
352.7
 30
0.0
 11
818.25
 21
381.25555555555553
 31
0.0
  0
LINE
  5
1143
330
17
100
AcDbEntity
  8
ESTRIBOS
 62
8
370
9
100
AcDbLine
 10
819.05
 20
352.7
 30
0.0
 11
819.05
 21
381.25555555555553
 31
0.0
  0
LINE
  5
1144
330
17
100
AcDbEntity
  8
ESTRIBOS
 62
8
370
9
100
AcDbLine
 10
819.85
 20
352.7
 30
0.0
 11
819.85
 21
381.25555555555553
 31
0.0
  0
LINE
  5
1145
330
17
100
AcDbEntity
  8
ESTRIBOS
 62
8
370
9
100
AcDbLine
 10
820.65
 20
352.7
 30
0.0
 11
820.65
 21
381.25555555555553
 31
0.0
  0
LINE
  5
1146
330
17
100
AcDbEntity
  8
ESTRIBOS
 62
8
370
9
100
AcDbLine
 10
821.45
 20
352.7
 30
0.0
 11
821.45
 21
381.25555555555553
 31
0.0
  0
LINE
  5
1147
330
17
100
AcDbEntity
  8
ESTRIBOS
 62
8
370
9
100
AcDbLine
 10
822.25
 20
352.7
 30
0.0
 11
822.25
 21
381.25555555555553
 31
0.0
  0
LINE
  5
1148
330
17
100
AcDbEntity
  8
ESTRIBOS
 62
8
370
9
100
AcDbLine
 10
823.05
 20
352.7
 30
0.0
 11
823.05
 21
381.25555555555553
 31
0.0
  0
LINE
  5
1149
330
17
100
AcDbEntity
  8
ESTRIBOS
 62
8
370
9
100
AcDbLine
 10
823.85
 20
352.7
 30
0.0
 11
823.85
 21
381.25555555555553
 31
0.0
  0
LINE
  5
114A
330
17
100
AcDbEntity
  8
ESTRIBOS
 62
8
370
9
100
AcDbLine
 10
824.65
 20
352.7
 30
0.0
 11
824.65
 21
381.25555555555553
 31
0.0
  0
LINE
  5
114B
330
17
100
AcDbEntity
  8
ESTRIBOS
 62
8
370
9
100
AcDbLine
 10
825.45
 20
352.7
 30
0.0
 11
825.45
 21
381.25555555555553
 31
0.0
  0
LINE
  5
114C
330
17
100
AcDbEntity
  8
ESTRIBOS
 62
8
370
9
100
AcDbLine
 10
826.15
 20
352.7
 30
0.0
 11
826.15
 21
381.25555555555553
 31
0.0
  0
LINE
  5
114D
330
17
100
AcDbEntity
  8
ESTRIBOS
 62
8
370
9
100
AcDbLine
 10
826.95
 20
352.7
 30
0.0
 11
826.95
 21
381.25555555555553
 31
0.0
  0
LINE
  5
114E
330
17
100
AcDbEntity
  8
ESTRIBOS
 62
8
370
9
100
AcDbLine
 10
827.75
 20
352.7
 30
0.0
 11
827.75
 21
381.25555555555553
 31
0.0
  0
LINE
  5
114F
330
17
100
AcDbEntity
  8
ESTRIBOS
 62
8
370
9
100
AcDbLine
 10
828.55
 20
352.7
 30
0.0
 11
828.55
 21
381.25555555555553
 31
0.0
  0
LINE
  5
1150
330
17
100
AcDbEntity
  8
ESTRIBOS
 62
8
370
9
100
AcDbLine
 10
829.35
 20
352.7
 30
0.0
 11
829.35
 21
381.25555555555553
 31
0.0
  0
LINE
  5
1151
330
17
100
AcDbEntity
  8
ESTRIBOS
 62
8
370
9
100
AcDbLine
 10
830.15
 20
352.7
 30
0.0
 11
830.15
 21
381.25555555555553
 31
0.0
  0
LINE
  5
1152
330
17
100
AcDbEntity
  8
ESTRIBOS
 62
8
370
9
100
AcDbLine
 10
830.95
 20
352.7
 30
0.0
 11
830.95
 21
381.25555555555553
 31
0.0
  0
LINE
  5
1153
330
17
100
AcDbEntity
  8
ESTRIBOS
 62
8
370
9
100
AcDbLine
 10
831.75
 20
352.7
 30
0.0
 11
831.75
 21
381.25555555555553
 31
0.0
  0
LINE
  5
1154
330
17
100
AcDbEntity
  8
ESTRIBOS
 62
8
370
9
100
AcDbLine
 10
832.55
 20
352.7
 30
0.0
 11
832.55
 21
381.25555555555553
 31
0.0
  0
LINE
  5
1155
330
17
100
AcDbEntity
  8
ESTRIBOS
 62
8
370
9
100
AcDbLine
 10
833.35
 20
352.7
 30
0.0
 11
833.35
 21
381.25555555555553
 31
0.0
  0
LINE
  5
1156
330
17
100
AcDbEntity
  8
ESTRIBOS
 62
8
370
9
100
AcDbLine
 10
834.15
 20
352.7
 30
0.0
 11
834.15
 21
381.25555555555553
 31
0.0
  0
LINE
  5
1157
330
17
100
AcDbEntity
  8
ESTRIBOS
 62
8
370
9
100
AcDbLine
 10
834.95
 20
352.7
 30
0.0
 11
834.95
 21
381.25555555555553
 31
0.0
  0
LINE
  5
1158
330
17
100
AcDbEntity
  8
ESTRIBOS
 62
8
370
9
100
AcDbLine
 10
835.75
 20
352.7
 30
0.0
 11
835.75
 21
381.25555555555553
 31
0.0
  0
LINE
  5
1159
330
17
100
AcDbEntity
  8
ESTRIBOS
 62
8
370
9
100
AcDbLine
 10
836.55
 20
352.7
 30
0.0
 11
836.55
 21
381.25555555555553
 31
0.0
  0
TEXT
  5
115A
330
17
100
AcDbEntity
  8
ESTRIBOS
 62
8
100
AcDbText
 10
820.55
 20
366.17777777777775
 30
0.0
 40
1.6
  1
Nº4 4R @80/@80
 72
1
 11
820.55
 21
366.17777777777775
 31
0.0
100
AcDbText
 73
2
  0
LINE
  5
115B
330
17
100
AcDbEntity
  8
ESTRIBOS
 62
8
370
9
100
AcDbLine
 10
837.55
 20
352.7
 30
0.0
 11
837.55
 21
381.25555555555553
 31
0.0
  0
LINE
  5
115C
330
17
100
AcDbEntity
  8
ESTRIBOS
 62
8
370
9
100
AcDbLine
 10
838.35
 20
352.7
 30
0.0
 11
838.35
 21
381.25555555555553
 31
0.0
  0
LINE
  5
115D
330
17
100
AcDbEntity
  8
ESTRIBOS
 62
8
370
9
100
AcDbLine
 10
839.15
 20
352.7
 30
0.0
 11
839.15
 21
381.25555555555553
 31
0.0
  0
LINE
  5
115E
330
17
100
AcDbEntity
  8
ESTRIBOS
 62
8
370
9
100
AcDbLine
 10
839.95
 20
352.7
 30
0.0
 11
839.95
 21
381.25555555555553
 31
0.0
  0
LINE
  5
115F
330
17
100
AcDbEntity
  8
ESTRIBOS
 62
8
370
9
100
AcDbLine
 10
840.75
 20
352.7
 30
0.0
 11
840.75
 21
381.25555555555553
 31
0.0
  0
LINE
  5
1160
330
17
100
AcDbEntity
  8
ESTRIBOS
 62
8
370
9
100
AcDbLine
 10
841.55
 20
352.7
 30
0.0
 11
841.55
 21
381.25555555555553
 31
0.0
  0
LINE
  5
1161
330
17
100
AcDbEntity
  8
ESTRIBOS
 62
8
370
9
100
AcDbLine
 10
842.35
 20
352.7
 30
0.0
 11
842.35
 21
381.25555555555553
 31
0.0
  0
LINE
  5
1162
330
17
100
AcDbEntity
  8
ESTRIBOS
 62
8
370
9
100
AcDbLine
 10
843.15
 20
352.7
 30
0.0
 11
843.15
 21
381.25555555555553
 31
0.0
  0
LINE
  5
1163
330
17
100
AcDbEntity
  8
ESTRIBOS
 62
8
370
9
100
AcDbLine
 10
843.95
 20
352.7
 30
0.0
 11
843.95
 21
381.25555555555553
 31
0.0
  0
LINE
  5
1164
330
17
100
AcDbEntity
  8
ESTRIBOS
 62
8
370
9
100
AcDbLine
 10
844.75
 20
352.7
 30
0.0
 11
844.75
 21
381.25555555555553
 31
0.0
  0
LINE
  5
1165
330
17
100
AcDbEntity
  8
ESTRIBOS
 62
8
370
9
100
AcDbLine
 10
845.55
 20
352.7
 30
0.0
 11
845.55
 21
381.25555555555553
 31
0.0
  0
LINE
  5
1166
330
17
100
AcDbEntity
  8
ESTRIBOS
 62
8
370
9
100
AcDbLine
 10
846.35
 20
352.7
 30
0.0
 11
846.35
 21
381.25555555555553
 31
0.0
  0
LINE
  5
1167
330
17
100
AcDbEntity
  8
ESTRIBOS
 62
8
370
9
100
AcDbLine
 10
847.15
 20
352.7
 30
0.0
 11
847.15
 21
381.25555555555553
 31
0.0
  0
LINE
  5
1168
330
17
100
AcDbEntity
  8
ESTRIBOS
 62
8
370
9
100
AcDbLine
 10
847.95
 20
352.7
 30
0.0
 11
847.95
 21
381.25555555555553
 31
0.0
  0
LINE
  5
1169
330
17
100
AcDbEntity
  8
ESTRIBOS
 62
8
370
9
100
AcDbLine
 10
848.85
 20
352.7
 30
0.0
 11
848.85
 21
381.25555555555553
 31
0.0
  0
LINE
  5
116A
330
17
100
AcDbEntity
  8
ESTRIBOS
 62
8
370
9
100
AcDbLine
 10
849.65
 20
352.7
 30
0.0
 11
849.65
 21
381.25555555555553
 31
0.0
  0
LINE
  5
116B
330
17
100
AcDbEntity
  8
ESTRIBOS
 62
8
370
9
100
AcDbLine
 10
850.45
 20
352.7
 30
0.0
 11
850.45
 21
381.25555555555553
 31
0.0
  0
LINE
  5
116C
330
17
100
AcDbEntity
  8
ESTRIBOS
 62
8
370
9
100
AcDbLine
 10
851.25
 20
352.7
 30
0.0
 11
851.25
 21
381.25555555555553
 31
0.0
  0
LINE
  5
116D
330
17
100
AcDbEntity
  8
ESTRIBOS
 62
8
370
9
100
AcDbLine
 10
852.05
 20
352.7
 30
0.0
 11
852.05
 21
381.25555555555553
 31
0.0
  0
LINE
  5
116E
330
17
100
AcDbEntity
  8
ESTRIBOS
 62
8
370
9
100
AcDbLine
 10
852.85
 20
352.7
 30
0.0
 11
852.85
 21
381.25555555555553
 31
0.0
  0
LINE
  5
116F
330
17
100
AcDbEntity
  8
ESTRIBOS
 62
8
370
9
100
AcDbLine
 10
853.65
 20
352.7
 30
0.0
 11
853.65
 21
381.25555555555553
 31
0.0
  0
LINE
  5
1170
330
17
100
AcDbEntity
  8
ESTRIBOS
 62
8
370
9
100
AcDbLine
 10
854.45
 20
352.7
 30
0.0
 11
854.45
 21
381.25555555555553
 31
0.0
  0
LINE
  5
1171
330
17
100
AcDbEntity
  8
ESTRIBOS
 62
8
370
9
100
AcDbLine
 10
855.25
 20
352.7
 30
0.0
 11
855.25
 21
381.25555555555553
 31
0.0
  0
LINE
  5
1172
330
17
100
AcDbEntity
  8
ESTRIBOS
 62
8
370
9
100
AcDbLine
 10
855.65
 20
352.7
 30
0.0
 11
855.65
 21
381.25555555555553
 31
0.0
  0
LINE
  5
1173
330
17
100
AcDbEntity
  8
ESTRIBOS
 62
8
370
9
100
AcDbLine
 10
856.45
 20
352.7
 30
0.0
 11
856.45
 21
381.25555555555553
 31
0.0
  0
LINE
  5
1174
330
17
100
AcDbEntity
  8
ESTRIBOS
 62
8
370
9
100
AcDbLine
 10
857.25
 20
352.7
 30
0.0
 11
857.25
 21
381.25555555555553
 31
0.0
  0
LINE
  5
1175
330
17
100
AcDbEntity
  8
ESTRIBOS
 62
8
370
9
100
AcDbLine
 10
858.05
 20
352.7
 30
0.0
 11
858.05
 21
381.25555555555553
 31
0.0
  0
LINE
  5
1176
330
17
100
AcDbEntity
  8
ESTRIBOS
 62
8
370
9
100
AcDbLine
 10
858.85
 20
352.7
 30
0.0
 11
858.85
 21
381.25555555555553
 31
0.0
  0
LINE
  5
1177
330
17
100
AcDbEntity
  8
ESTRIBOS
 62
8
370
9
100
AcDbLine
 10
859.65
 20
352.7
 30
0.0
 11
859.65
 21
381.25555555555553
 31
0.0
  0
LINE
  5
1178
330
17
100
AcDbEntity
  8
ESTRIBOS
 62
8
370
9
100
AcDbLine
 10
860.45
 20
352.7
 30
0.0
 11
860.45
 21
381.25555555555553
 31
0.0
  0
LINE
  5
1179
330
17
100
AcDbEntity
  8
ESTRIBOS
 62
8
370
9
100
AcDbLine
 10
861.25
 20
352.7
 30
0.0
 11
861.25
 21
381.25555555555553
 31
0.0
  0
LINE
  5
117A
330
17
100
AcDbEntity
  8
ESTRIBOS
 62
8
370
9
100
AcDbLine
 10
862.05
 20
352.7
 30
0.0
 11
862.05
 21
381.25555555555553
 31
0.0
  0
LINE
  5
117B
330
17
100
AcDbEntity
  8
ESTRIBOS
 62
8
370
9
100
AcDbLine
 10
862.85
 20
352.7
 30
0.0
 11
862.85
 21
381.25555555555553
 31
0.0
  0
LINE
  5
117C
330
17
100
AcDbEntity
  8
ESTRIBOS
 62
8
370
9
100
AcDbLine
 10
863.65
 20
352.7
 30
0.0
 11
863.65
 21
381.25555555555553
 31
0.0
  0
LINE
  5
117D
330
17
100
AcDbEntity
  8
ESTRIBOS
 62
8
370
9
100
AcDbLine
 10
864.45
 20
352.7
 30
0.0
 11
864.45
 21
381.25555555555553
 31
0.0
  0
LINE
  5
117E
330
17
100
AcDbEntity
  8
ESTRIBOS
 62
8
370
9
100
AcDbLine
 10
865.25
 20
352.7
 30
0.0
 11
865.25
 21
381.25555555555553
 31
0.0
  0
LINE
  5
117F
330
17
100
AcDbEntity
  8
ESTRIBOS
 62
8
370
9
100
AcDbLine
 10
866.05
 20
352.7
 30
0.0
 11
866.05
 21
381.25555555555553
 31
0.0
  0
TEXT
  5
1180
330
17
100
AcDbEntity
  8
ESTRIBOS
 62
8
100
AcDbText
 10
851.8
 20
366.17777777777775
 30
0.0
 40
1.6
  1
Nº4 4R @80/@80
 72
1
 11
851.8
 21
366.17777777777775
 31
0.0
100
AcDbText
 73
2
  0
LINE
  5
1181
330
17
100
AcDbEntity
  8
ESTRIBOS
 62
8
370
9
100
AcDbLine
 10
867.05
 20
352.7
 30
0.0
 11
867.05
 21
381.25555555555553
 31
0.0
  0
LINE
  5
1182
330
17
100
AcDbEntity
  8
ESTRIBOS
 62
8
370
9
100
AcDbLine
 10
867.85
 20
352.7
 30
0.0
 11
867.85
 21
381.25555555555553
 31
0.0
  0
LINE
  5
1183
330
17
100
AcDbEntity
  8
ESTRIBOS
 62
8
370
9
100
AcDbLine
 10
868.65
 20
352.7
 30
0.0
 11
868.65
 21
381.25555555555553
 31
0.0
  0
LINE
  5
1184
330
17
100
AcDbEntity
  8
ESTRIBOS
 62
8
370
9
100
AcDbLine
 10
869.45
 20
352.7
 30
0.0
 11
869.45
 21
381.25555555555553
 31
0.0
  0
LINE
  5
1185
330
17
100
AcDbEntity
  8
ESTRIBOS
 62
8
370
9
100
AcDbLine
 10
870.25
 20
352.7
 30
0.0
 11
870.25
 21
381.25555555555553
 31
0.0
  0
LINE
  5
1186
330
17
100
AcDbEntity
  8
ESTRIBOS
 62
8
370
9
100
AcDbLine
 10
871.05
 20
352.7
 30
0.0
 11
871.05
 21
381.25555555555553
 31
0.0
  0
LINE
  5
1187
330
17
100
AcDbEntity
  8
ESTRIBOS
 62
8
370
9
100
AcDbLine
 10
871.85
 20
352.7
 30
0.0
 11
871.85
 21
381.25555555555553
 31
0.0
  0
LINE
  5
1188
330
17
100
AcDbEntity
  8
ESTRIBOS
 62
8
370
9
100
AcDbLine
 10
872.65
 20
352.7
 30
0.0
 11
872.65
 21
381.25555555555553
 31
0.0
  0
LINE
  5
1189
330
17
100
AcDbEntity
  8
ESTRIBOS
 62
8
370
9
100
AcDbLine
 10
873.45
 20
352.7
 30
0.0
 11
873.45
 21
381.25555555555553
 31
0.0
  0
LINE
  5
118A
330
17
100
AcDbEntity
  8
ESTRIBOS
 62
8
370
9
100
AcDbLine
 10
874.25
 20
352.7
 30
0.0
 11
874.25
 21
381.25555555555553
 31
0.0
  0
LINE
  5
118B
330
17
100
AcDbEntity
  8
ESTRIBOS
 62
8
370
9
100
AcDbLine
 10
875.05
 20
352.7
 30
0.0
 11
875.05
 21
381.25555555555553
 31
0.0
  0
LINE
  5
118C
330
17
100
AcDbEntity
  8
ESTRIBOS
 62
8
370
9
100
AcDbLine
 10
875.85
 20
352.7
 30
0.0
 11
875.85
 21
381.25555555555553
 31
0.0
  0
LINE
  5
118D
330
17
100
AcDbEntity
  8
ESTRIBOS
 62
8
370
9
100
AcDbLine
 10
876.65
 20
352.7
 30
0.0
 11
876.65
 21
381.25555555555553
 31
0.0
  0
LINE
  5
118E
330
17
100
AcDbEntity
  8
ESTRIBOS
 62
8
370
9
100
AcDbLine
 10
877.45
 20
352.7
 30
0.0
 11
877.45
 21
381.25555555555553
 31
0.0
  0
LINE
  5
118F
330
17
100
AcDbEntity
  8
ESTRIBOS
 62
8
370
9
100
AcDbLine
 10
878.35
 20
352.7
 30
0.0
 11
878.35
 21
381.25555555555553
 31
0.0
  0
LINE
  5
1190
330
17
100
AcDbEntity
  8
ESTRIBOS
 62
8
370
9
100
AcDbLine
 10
879.15
 20
352.7
 30
0.0
 11
879.15
 21
381.25555555555553
 31
0.0
  0
LINE
  5
1191
330
17
100
AcDbEntity
  8
ESTRIBOS
 62
8
370
9
100
AcDbLine
 10
879.95
 20
352.7
 30
0.0
 11
879.95
 21
381.25555555555553
 31
0.0
  0
LINE
  5
1192
330
17
100
AcDbEntity
  8
ESTRIBOS
 62
8
370
9
100
AcDbLine
 10
880.75
 20
352.7
 30
0.0
 11
880.75
 21
381.25555555555553
 31
0.0
  0
LINE
  5
1193
330
17
100
AcDbEntity
  8
ESTRIBOS
 62
8
370
9
100
AcDbLine
 10
881.65
 20
352.7
 30
0.0
 11
881.65
 21
381.25555555555553
 31
0.0
  0
LINE
  5
1194
330
17
100
AcDbEntity
  8
ESTRIBOS
 62
8
370
9
100
AcDbLine
 10
882.45
 20
352.7
 30
0.0
 11
882.45
 21
381.25555555555553
 31
0.0
  0
LINE
  5
1195
330
17
100
AcDbEntity
  8
ESTRIBOS
 62
8
370
9
100
AcDbLine
 10
883.25
 20
352.7
 30
0.0
 11
883.25
 21
381.25555555555553
 31
0.0
  0
LINE
  5
1196
330
17
100
AcDbEntity
  8
ESTRIBOS
 62
8
370
9
100
AcDbLine
 10
884.05
 20
352.7
 30
0.0
 11
884.05
 21
381.25555555555553
 31
0.0
  0
LINE
  5
1197
330
17
100
AcDbEntity
  8
ESTRIBOS
 62
8
370
9
100
AcDbLine
 10
884.85
 20
352.7
 30
0.0
 11
884.85
 21
381.25555555555553
 31
0.0
  0
LINE
  5
1198
330
17
100
AcDbEntity
  8
ESTRIBOS
 62
8
370
9
100
AcDbLine
 10
885.65
 20
352.7
 30
0.0
 11
885.65
 21
381.25555555555553
 31
0.0
  0
LINE
  5
1199
330
17
100
AcDbEntity
  8
ESTRIBOS
 62
8
370
9
100
AcDbLine
 10
886.45
 20
352.7
 30
0.0
 11
886.45
 21
381.25555555555553
 31
0.0
  0
LINE
  5
119A
330
17
100
AcDbEntity
  8
ESTRIBOS
 62
8
370
9
100
AcDbLine
 10
887.25
 20
352.7
 30
0.0
 11
887.25
 21
381.25555555555553
 31
0.0
  0
LINE
  5
119B
330
17
100
AcDbEntity
  8
ESTRIBOS
 62
8
370
9
100
AcDbLine
 10
888.05
 20
352.7
 30
0.0
 11
888.05
 21
381.25555555555553
 31
0.0
  0
LINE
  5
119C
330
17
100
AcDbEntity
  8
ESTRIBOS
 62
8
370
9
100
AcDbLine
 10
888.85
 20
352.7
 30
0.0
 11
888.85
 21
381.25555555555553
 31
0.0
  0
LINE
  5
119D
330
17
100
AcDbEntity
  8
ESTRIBOS
 62
8
370
9
100
AcDbLine
 10
889.65
 20
352.7
 30
0.0
 11
889.65
 21
381.25555555555553
 31
0.0
  0
LINE
  5
119E
330
17
100
AcDbEntity
  8
ESTRIBOS
 62
8
370
9
100
AcDbLine
 10
890.45
 20
352.7
 30
0.0
 11
890.45
 21
381.25555555555553
 31
0.0
  0
LINE
  5
119F
330
17
100
AcDbEntity
  8
ESTRIBOS
 62
8
370
9
100
AcDbLine
 10
891.25
 20
352.7
 30
0.0
 11
891.25
 21
381.25555555555553
 31
0.0
  0
LINE
  5
11A0
330
17
100
AcDbEntity
  8
ESTRIBOS
 62
8
370
9
100
AcDbLine
 10
892.05
 20
352.7
 30
0.0
 11
892.05
 21
381.25555555555553
 31
0.0
  0
TEXT
  5
11A1
330
17
100
AcDbEntity
  8
ESTRIBOS
 62
8
100
AcDbText
 10
879.55
 20
366.17777777777775
 30
0.0
 40
1.6
  1
Nº4 4R @80/@80
 72
1
 11
879.55
 21
366.17777777777775
 31
0.0
100
AcDbText
 73
2
  0
LINE
  5
11A2
330
17
100
AcDbEntity
  8
ESTRIBOS
 62
8
370
9
100
AcDbLine
 10
893.05
 20
352.7
 30
0.0
 11
893.05
 21
381.25555555555553
 31
0.0
  0
LINE
  5
11A3
330
17
100
AcDbEntity
  8
ESTRIBOS
 62
8
370
9
100
AcDbLine
 10
893.85
 20
352.7
 30
0.0
 11
893.85
 21
381.25555555555553
 31
0.0
  0
LINE
  5
11A4
330
17
100
AcDbEntity
  8
ESTRIBOS
 62
8
370
9
100
AcDbLine
 10
894.65
 20
352.7
 30
0.0
 11
894.65
 21
381.25555555555553
 31
0.0
  0
LINE
  5
11A5
330
17
100
AcDbEntity
  8
ESTRIBOS
 62
8
370
9
100
AcDbLine
 10
895.45
 20
352.7
 30
0.0
 11
895.45
 21
381.25555555555553
 31
0.0
  0
LINE
  5
11A6
330
17
100
AcDbEntity
  8
ESTRIBOS
 62
8
370
9
100
AcDbLine
 10
896.25
 20
352.7
 30
0.0
 11
896.25
 21
381.25555555555553
 31
0.0
  0
LINE
  5
11A7
330
17
100
AcDbEntity
  8
ESTRIBOS
 62
8
370
9
100
AcDbLine
 10
897.05
 20
352.7
 30
0.0
 11
897.05
 21
381.25555555555553
 31
0.0
  0
LINE
  5
11A8
330
17
100
AcDbEntity
  8
ESTRIBOS
 62
8
370
9
100
AcDbLine
 10
897.85
 20
352.7
 30
0.0
 11
897.85
 21
381.25555555555553
 31
0.0
  0
LINE
  5
11A9
330
17
100
AcDbEntity
  8
ESTRIBOS
 62
8
370
9
100
AcDbLine
 10
898.65
 20
352.7
 30
0.0
 11
898.65
 21
381.25555555555553
 31
0.0
  0
LINE
  5
11AA
330
17
100
AcDbEntity
  8
ESTRIBOS
 62
8
370
9
100
AcDbLine
 10
899.45
 20
352.7
 30
0.0
 11
899.45
 21
381.25555555555553
 31
0.0
  0
LINE
  5
11AB
330
17
100
AcDbEntity
  8
ESTRIBOS
 62
8
370
9
100
AcDbLine
 10
900.25
 20
352.7
 30
0.0
 11
900.25
 21
381.25555555555553
 31
0.0
  0
LINE
  5
11AC
330
17
100
AcDbEntity
  8
ESTRIBOS
 62
8
370
9
100
AcDbLine
 10
901.05
 20
352.7
 30
0.0
 11
901.05
 21
381.25555555555553
 31
0.0
  0
LINE
  5
11AD
330
17
100
AcDbEntity
  8
ESTRIBOS
 62
8
370
9
100
AcDbLine
 10
901.85
 20
352.7
 30
0.0
 11
901.85
 21
381.25555555555553
 31
0.0
  0
LINE
  5
11AE
330
17
100
AcDbEntity
  8
ESTRIBOS
 62
8
370
9
100
AcDbLine
 10
902.65
 20
352.7
 30
0.0
 11
902.65
 21
381.25555555555553
 31
0.0
  0
LINE
  5
11AF
330
17
100
AcDbEntity
  8
ESTRIBOS
 62
8
370
9
100
AcDbLine
 10
903.45
 20
352.7
 30
0.0
 11
903.45
 21
381.25555555555553
 31
0.0
  0
LINE
  5
11B0
330
17
100
AcDbEntity
  8
ESTRIBOS
 62
8
370
9
100
AcDbLine
 10
904.35
 20
352.7
 30
0.0
 11
904.35
 21
381.25555555555553
 31
0.0
  0
LINE
  5
11B1
330
17
100
AcDbEntity
  8
ESTRIBOS
 62
8
370
9
100
AcDbLine
 10
905.15
 20
352.7
 30
0.0
 11
905.15
 21
381.25555555555553
 31
0.0
  0
LINE
  5
11B2
330
17
100
AcDbEntity
  8
ESTRIBOS
 62
8
370
9
100
AcDbLine
 10
905.95
 20
352.7
 30
0.0
 11
905.95
 21
381.25555555555553
 31
0.0
  0
LINE
  5
11B3
330
17
100
AcDbEntity
  8
ESTRIBOS
 62
8
370
9
100
AcDbLine
 10
906.65
 20
352.7
 30
0.0
 11
906.65
 21
381.25555555555553
 31
0.0
  0
LINE
  5
11B4
330
17
100
AcDbEntity
  8
ESTRIBOS
 62
8
370
9
100
AcDbLine
 10
907.45
 20
352.7
 30
0.0
 11
907.45
 21
381.25555555555553
 31
0.0
  0
LINE
  5
11B5
330
17
100
AcDbEntity
  8
ESTRIBOS
 62
8
370
9
100
AcDbLine
 10
908.25
 20
352.7
 30
0.0
 11
908.25
 21
381.25555555555553
 31
0.0
  0
LINE
  5
11B6
330
17
100
AcDbEntity
  8
ESTRIBOS
 62
8
370
9
100
AcDbLine
 10
909.05
 20
352.7
 30
0.0
 11
909.05
 21
381.25555555555553
 31
0.0
  0
LINE
  5
11B7
330
17
100
AcDbEntity
  8
ESTRIBOS
 62
8
370
9
100
AcDbLine
 10
909.85
 20
352.7
 30
0.0
 11
909.85
 21
381.25555555555553
 31
0.0
  0
LINE
  5
11B8
330
17
100
AcDbEntity
  8
ESTRIBOS
 62
8
370
9
100
AcDbLine
 10
910.65
 20
352.7
 30
0.0
 11
910.65
 21
381.25555555555553
 31
0.0
  0
LINE
  5
11B9
330
17
100
AcDbEntity
  8
ESTRIBOS
 62
8
370
9
100
AcDbLine
 10
911.45
 20
352.7
 30
0.0
 11
911.45
 21
381.25555555555553
 31
0.0
  0
LINE
  5
11BA
330
17
100
AcDbEntity
  8
ESTRIBOS
 62
8
370
9
100
AcDbLine
 10
912.25
 20
352.7
 30
0.0
 11
912.25
 21
381.25555555555553
 31
0.0
  0
LINE
  5
11BB
330
17
100
AcDbEntity
  8
ESTRIBOS
 62
8
370
9
100
AcDbLine
 10
913.05
 20
352.7
 30
0.0
 11
913.05
 21
381.25555555555553
 31
0.0
  0
LINE
  5
11BC
330
17
100
AcDbEntity
  8
ESTRIBOS
 62
8
370
9
100
AcDbLine
 10
913.85
 20
352.7
 30
0.0
 11
913.85
 21
381.25555555555553
 31
0.0
  0
LINE
  5
11BD
330
17
100
AcDbEntity
  8
ESTRIBOS
 62
8
370
9
100
AcDbLine
 10
914.65
 20
352.7
 30
0.0
 11
914.65
 21
381.25555555555553
 31
0.0
  0
LINE
  5
11BE
330
17
100
AcDbEntity
  8
ESTRIBOS
 62
8
370
9
100
AcDbLine
 10
915.45
 20
352.7
 30
0.0
 11
915.45
 21
381.25555555555553
 31
0.0
  0
LINE
  5
11BF
330
17
100
AcDbEntity
  8
ESTRIBOS
 62
8
370
9
100
AcDbLine
 10
916.25
 20
352.7
 30
0.0
 11
916.25
 21
381.25555555555553
 31
0.0
  0
LINE
  5
11C0
330
17
100
AcDbEntity
  8
ESTRIBOS
 62
8
370
9
100
AcDbLine
 10
917.05
 20
352.7
 30
0.0
 11
917.05
 21
381.25555555555553
 31
0.0
  0
TEXT
  5
11C1
330
17
100
AcDbEntity
  8
ESTRIBOS
 62
8
100
AcDbText
 10
905.05
 20
366.17777777777775
 30
0.0
 40
1.6
  1
Nº4 4R @80/@80
 72
1
 11
905.05
 21
366.17777777777775
 31
0.0
100
AcDbText
 73
2
  0
LINE
  5
11C2
330
17
100
AcDbEntity
  8
ESTRIBOS
 62
8
370
9
100
AcDbLine
 10
918.05
 20
352.7
 30
0.0
 11
918.05
 21
381.25555555555553
 31
0.0
  0
LINE
  5
11C3
330
17
100
AcDbEntity
  8
ESTRIBOS
 62
8
370
9
100
AcDbLine
 10
918.85
 20
352.7
 30
0.0
 11
918.85
 21
381.25555555555553
 31
0.0
  0
LINE
  5
11C4
330
17
100
AcDbEntity
  8
ESTRIBOS
 62
8
370
9
100
AcDbLine
 10
919.65
 20
352.7
 30
0.0
 11
919.65
 21
381.25555555555553
 31
0.0
  0
LINE
  5
11C5
330
17
100
AcDbEntity
  8
ESTRIBOS
 62
8
370
9
100
AcDbLine
 10
920.45
 20
352.7
 30
0.0
 11
920.45
 21
381.25555555555553
 31
0.0
  0
LINE
  5
11C6
330
17
100
AcDbEntity
  8
ESTRIBOS
 62
8
370
9
100
AcDbLine
 10
921.25
 20
352.7
 30
0.0
 11
921.25
 21
381.25555555555553
 31
0.0
  0
LINE
  5
11C7
330
17
100
AcDbEntity
  8
ESTRIBOS
 62
8
370
9
100
AcDbLine
 10
922.05
 20
352.7
 30
0.0
 11
922.05
 21
381.25555555555553
 31
0.0
  0
LINE
  5
11C8
330
17
100
AcDbEntity
  8
ESTRIBOS
 62
8
370
9
100
AcDbLine
 10
922.85
 20
352.7
 30
0.0
 11
922.85
 21
381.25555555555553
 31
0.0
  0
LINE
  5
11C9
330
17
100
AcDbEntity
  8
ESTRIBOS
 62
8
370
9
100
AcDbLine
 10
923.65
 20
352.7
 30
0.0
 11
923.65
 21
381.25555555555553
 31
0.0
  0
LINE
  5
11CA
330
17
100
AcDbEntity
  8
ESTRIBOS
 62
8
370
9
100
AcDbLine
 10
924.45
 20
352.7
 30
0.0
 11
924.45
 21
381.25555555555553
 31
0.0
  0
LINE
  5
11CB
330
17
100
AcDbEntity
  8
ESTRIBOS
 62
8
370
9
100
AcDbLine
 10
925.25
 20
352.7
 30
0.0
 11
925.25
 21
381.25555555555553
 31
0.0
  0
LINE
  5
11CC
330
17
100
AcDbEntity
  8
ESTRIBOS
 62
8
370
9
100
AcDbLine
 10
926.05
 20
352.7
 30
0.0
 11
926.05
 21
381.25555555555553
 31
0.0
  0
LINE
  5
11CD
330
17
100
AcDbEntity
  8
ESTRIBOS
 62
8
370
9
100
AcDbLine
 10
926.85
 20
352.7
 30
0.0
 11
926.85
 21
381.25555555555553
 31
0.0
  0
LINE
  5
11CE
330
17
100
AcDbEntity
  8
ESTRIBOS
 62
8
370
9
100
AcDbLine
 10
927.65
 20
352.7
 30
0.0
 11
927.65
 21
381.25555555555553
 31
0.0
  0
LINE
  5
11CF
330
17
100
AcDbEntity
  8
ESTRIBOS
 62
8
370
9
100
AcDbLine
 10
928.45
 20
352.7
 30
0.0
 11
928.45
 21
381.25555555555553
 31
0.0
  0
LINE
  5
11D0
330
17
100
AcDbEntity
  8
ESTRIBOS
 62
8
370
9
100
AcDbLine
 10
929.35
 20
352.7
 30
0.0
 11
929.35
 21
381.25555555555553
 31
0.0
  0
LINE
  5
11D1
330
17
100
AcDbEntity
  8
ESTRIBOS
 62
8
370
9
100
AcDbLine
 10
930.15
 20
352.7
 30
0.0
 11
930.15
 21
381.25555555555553
 31
0.0
  0
LINE
  5
11D2
330
17
100
AcDbEntity
  8
ESTRIBOS
 62
8
370
9
100
AcDbLine
 10
930.95
 20
352.7
 30
0.0
 11
930.95
 21
381.25555555555553
 31
0.0
  0
LINE
  5
11D3
330
17
100
AcDbEntity
  8
ESTRIBOS
 62
8
370
9
100
AcDbLine
 10
931.75
 20
352.7
 30
0.0
 11
931.75
 21
381.25555555555553
 31
0.0
  0
LINE
  5
11D4
330
17
100
AcDbEntity
  8
ESTRIBOS
 62
8
370
9
100
AcDbLine
 10
932.55
 20
352.7
 30
0.0
 11
932.55
 21
381.25555555555553
 31
0.0
  0
LINE
  5
11D5
330
17
100
AcDbEntity
  8
ESTRIBOS
 62
8
370
9
100
AcDbLine
 10
933.35
 20
352.7
 30
0.0
 11
933.35
 21
381.25555555555553
 31
0.0
  0
LINE
  5
11D6
330
17
100
AcDbEntity
  8
ESTRIBOS
 62
8
370
9
100
AcDbLine
 10
934.15
 20
352.7
 30
0.0
 11
934.15
 21
381.25555555555553
 31
0.0
  0
LINE
  5
11D7
330
17
100
AcDbEntity
  8
ESTRIBOS
 62
8
370
9
100
AcDbLine
 10
934.95
 20
352.7
 30
0.0
 11
934.95
 21
381.25555555555553
 31
0.0
  0
LINE
  5
11D8
330
17
100
AcDbEntity
  8
ESTRIBOS
 62
8
370
9
100
AcDbLine
 10
935.75
 20
352.7
 30
0.0
 11
935.75
 21
381.25555555555553
 31
0.0
  0
LINE
  5
11D9
330
17
100
AcDbEntity
  8
ESTRIBOS
 62
8
370
9
100
AcDbLine
 10
936.55
 20
352.7
 30
0.0
 11
936.55
 21
381.25555555555553
 31
0.0
  0
LINE
  5
11DA
330
17
100
AcDbEntity
  8
ESTRIBOS
 62
8
370
9
100
AcDbLine
 10
937.35
 20
352.7
 30
0.0
 11
937.35
 21
381.25555555555553
 31
0.0
  0
LINE
  5
11DB
330
17
100
AcDbEntity
  8
ESTRIBOS
 62
8
370
9
100
AcDbLine
 10
938.15
 20
352.7
 30
0.0
 11
938.15
 21
381.25555555555553
 31
0.0
  0
LINE
  5
11DC
330
17
100
AcDbEntity
  8
ESTRIBOS
 62
8
370
9
100
AcDbLine
 10
938.95
 20
352.7
 30
0.0
 11
938.95
 21
381.25555555555553
 31
0.0
  0
LINE
  5
11DD
330
17
100
AcDbEntity
  8
ESTRIBOS
 62
8
370
9
100
AcDbLine
 10
939.75
 20
352.7
 30
0.0
 11
939.75
 21
381.25555555555553
 31
0.0
  0
LINE
  5
11DE
330
17
100
AcDbEntity
  8
ESTRIBOS
 62
8
370
9
100
AcDbLine
 10
940.55
 20
352.7
 30
0.0
 11
940.55
 21
381.25555555555553
 31
0.0
  0
LINE
  5
11DF
330
17
100
AcDbEntity
  8
ESTRIBOS
 62
8
370
9
100
AcDbLine
 10
941.35
 20
352.7
 30
0.0
 11
941.35
 21
381.25555555555553
 31
0.0
  0
LINE
  5
11E0
330
17
100
AcDbEntity
  8
ESTRIBOS
 62
8
370
9
100
AcDbLine
 10
942.15
 20
352.7
 30
0.0
 11
942.15
 21
381.25555555555553
 31
0.0
  0
LINE
  5
11E1
330
17
100
AcDbEntity
  8
ESTRIBOS
 62
8
370
9
100
AcDbLine
 10
942.95
 20
352.7
 30
0.0
 11
942.95
 21
381.25555555555553
 31
0.0
  0
LINE
  5
11E2
330
17
100
AcDbEntity
  8
ESTRIBOS
 62
8
370
9
100
AcDbLine
 10
943.75
 20
352.7
 30
0.0
 11
943.75
 21
381.25555555555553
 31
0.0
  0
LINE
  5
11E3
330
17
100
AcDbEntity
  8
ESTRIBOS
 62
8
370
9
100
AcDbLine
 10
944.55
 20
352.7
 30
0.0
 11
944.55
 21
381.25555555555553
 31
0.0
  0
LINE
  5
11E4
330
17
100
AcDbEntity
  8
ESTRIBOS
 62
8
370
9
100
AcDbLine
 10
945.35
 20
352.7
 30
0.0
 11
945.35
 21
381.25555555555553
 31
0.0
  0
LINE
  5
11E5
330
17
100
AcDbEntity
  8
ESTRIBOS
 62
8
370
9
100
AcDbLine
 10
946.15
 20
352.7
 30
0.0
 11
946.15
 21
381.25555555555553
 31
0.0
  0
LINE
  5
11E6
330
17
100
AcDbEntity
  8
ESTRIBOS
 62
8
370
9
100
AcDbLine
 10
946.65
 20
352.7
 30
0.0
 11
946.65
 21
381.25555555555553
 31
0.0
  0
LINE
  5
11E7
330
17
100
AcDbEntity
  8
ESTRIBOS
 62
8
370
9
100
AcDbLine
 10
947.45
 20
352.7
 30
0.0
 11
947.45
 21
381.25555555555553
 31
0.0
  0
LINE
  5
11E8
330
17
100
AcDbEntity
  8
ESTRIBOS
 62
8
370
9
100
AcDbLine
 10
948.25
 20
352.7
 30
0.0
 11
948.25
 21
381.25555555555553
 31
0.0
  0
LINE
  5
11E9
330
17
100
AcDbEntity
  8
ESTRIBOS
 62
8
370
9
100
AcDbLine
 10
949.05
 20
352.7
 30
0.0
 11
949.05
 21
381.25555555555553
 31
0.0
  0
LINE
  5
11EA
330
17
100
AcDbEntity
  8
ESTRIBOS
 62
8
370
9
100
AcDbLine
 10
949.85
 20
352.7
 30
0.0
 11
949.85
 21
381.25555555555553
 31
0.0
  0
LINE
  5
11EB
330
17
100
AcDbEntity
  8
ESTRIBOS
 62
8
370
9
100
AcDbLine
 10
950.65
 20
352.7
 30
0.0
 11
950.65
 21
381.25555555555553
 31
0.0
  0
LINE
  5
11EC
330
17
100
AcDbEntity
  8
ESTRIBOS
 62
8
370
9
100
AcDbLine
 10
951.45
 20
352.7
 30
0.0
 11
951.45
 21
381.25555555555553
 31
0.0
  0
LINE
  5
11ED
330
17
100
AcDbEntity
  8
ESTRIBOS
 62
8
370
9
100
AcDbLine
 10
952.25
 20
352.7
 30
0.0
 11
952.25
 21
381.25555555555553
 31
0.0
  0
LINE
  5
11EE
330
17
100
AcDbEntity
  8
ESTRIBOS
 62
8
370
9
100
AcDbLine
 10
953.05
 20
352.7
 30
0.0
 11
953.05
 21
381.25555555555553
 31
0.0
  0
LINE
  5
11EF
330
17
100
AcDbEntity
  8
ESTRIBOS
 62
8
370
9
100
AcDbLine
 10
953.85
 20
352.7
 30
0.0
 11
953.85
 21
381.25555555555553
 31
0.0
  0
LINE
  5
11F0
330
17
100
AcDbEntity
  8
ESTRIBOS
 62
8
370
9
100
AcDbLine
 10
954.65
 20
352.7
 30
0.0
 11
954.65
 21
381.25555555555553
 31
0.0
  0
LINE
  5
11F1
330
17
100
AcDbEntity
  8
ESTRIBOS
 62
8
370
9
100
AcDbLine
 10
955.45
 20
352.7
 30
0.0
 11
955.45
 21
381.25555555555553
 31
0.0
  0
LINE
  5
11F2
330
17
100
AcDbEntity
  8
ESTRIBOS
 62
8
370
9
100
AcDbLine
 10
956.25
 20
352.7
 30
0.0
 11
956.25
 21
381.25555555555553
 31
0.0
  0
LINE
  5
11F3
330
17
100
AcDbEntity
  8
ESTRIBOS
 62
8
370
9
100
AcDbLine
 10
957.05
 20
352.7
 30
0.0
 11
957.05
 21
381.25555555555553
 31
0.0
  0
TEXT
  5
11F4
330
17
100
AcDbEntity
  8
ESTRIBOS
 62
8
100
AcDbText
 10
937.55
 20
366.17777777777775
 30
0.0
 40
1.6
  1
Nº4 4R @80/@80
 72
1
 11
937.55
 21
366.17777777777775
 31
0.0
100
AcDbText
 73
2
  0
LINE
  5
11F5
330
17
100
AcDbEntity
  8
ESTRIBOS
 62
8
370
9
100
AcDbLine
 10
958.05
 20
352.7
 30
0.0
 11
958.05
 21
381.25555555555553
 31
0.0
  0
LINE
  5
11F6
330
17
100
AcDbEntity
  8
ESTRIBOS
 62
8
370
9
100
AcDbLine
 10
958.85
 20
352.7
 30
0.0
 11
958.85
 21
381.25555555555553
 31
0.0
  0
LINE
  5
11F7
330
17
100
AcDbEntity
  8
ESTRIBOS
 62
8
370
9
100
AcDbLine
 10
959.65
 20
352.7
 30
0.0
 11
959.65
 21
381.25555555555553
 31
0.0
  0
LINE
  5
11F8
330
17
100
AcDbEntity
  8
ESTRIBOS
 62
8
370
9
100
AcDbLine
 10
960.45
 20
352.7
 30
0.0
 11
960.45
 21
381.25555555555553
 31
0.0
  0
LINE
  5
11F9
330
17
100
AcDbEntity
  8
ESTRIBOS
 62
8
370
9
100
AcDbLine
 10
961.25
 20
352.7
 30
0.0
 11
961.25
 21
381.25555555555553
 31
0.0
  0
LINE
  5
11FA
330
17
100
AcDbEntity
  8
ESTRIBOS
 62
8
370
9
100
AcDbLine
 10
962.05
 20
352.7
 30
0.0
 11
962.05
 21
381.25555555555553
 31
0.0
  0
LINE
  5
11FB
330
17
100
AcDbEntity
  8
ESTRIBOS
 62
8
370
9
100
AcDbLine
 10
962.85
 20
352.7
 30
0.0
 11
962.85
 21
381.25555555555553
 31
0.0
  0
LINE
  5
11FC
330
17
100
AcDbEntity
  8
ESTRIBOS
 62
8
370
9
100
AcDbLine
 10
963.65
 20
352.7
 30
0.0
 11
963.65
 21
381.25555555555553
 31
0.0
  0
LINE
  5
11FD
330
17
100
AcDbEntity
  8
ESTRIBOS
 62
8
370
9
100
AcDbLine
 10
964.45
 20
352.7
 30
0.0
 11
964.45
 21
381.25555555555553
 31
0.0
  0
LINE
  5
11FE
330
17
100
AcDbEntity
  8
ESTRIBOS
 62
8
370
9
100
AcDbLine
 10
965.25
 20
352.7
 30
0.0
 11
965.25
 21
381.25555555555553
 31
0.0
  0
LINE
  5
11FF
330
17
100
AcDbEntity
  8
ESTRIBOS
 62
8
370
9
100
AcDbLine
 10
966.05
 20
352.7
 30
0.0
 11
966.05
 21
381.25555555555553
 31
0.0
  0
LINE
  5
1200
330
17
100
AcDbEntity
  8
ESTRIBOS
 62
8
370
9
100
AcDbLine
 10
966.85
 20
352.7
 30
0.0
 11
966.85
 21
381.25555555555553
 31
0.0
  0
LINE
  5
1201
330
17
100
AcDbEntity
  8
ESTRIBOS
 62
8
370
9
100
AcDbLine
 10
967.65
 20
352.7
 30
0.0
 11
967.65
 21
381.25555555555553
 31
0.0
  0
LINE
  5
1202
330
17
100
AcDbEntity
  8
ESTRIBOS
 62
8
370
9
100
AcDbLine
 10
968.45
 20
352.7
 30
0.0
 11
968.45
 21
381.25555555555553
 31
0.0
  0
LINE
  5
1203
330
17
100
AcDbEntity
  8
ESTRIBOS
 62
8
370
9
100
AcDbLine
 10
969.35
 20
352.7
 30
0.0
 11
969.35
 21
381.25555555555553
 31
0.0
  0
LINE
  5
1204
330
17
100
AcDbEntity
  8
ESTRIBOS
 62
8
370
9
100
AcDbLine
 10
970.15
 20
352.7
 30
0.0
 11
970.15
 21
381.25555555555553
 31
0.0
  0
LINE
  5
1205
330
17
100
AcDbEntity
  8
ESTRIBOS
 62
8
370
9
100
AcDbLine
 10
970.95
 20
352.7
 30
0.0
 11
970.95
 21
381.25555555555553
 31
0.0
  0
LINE
  5
1206
330
17
100
AcDbEntity
  8
ESTRIBOS
 62
8
370
9
100
AcDbLine
 10
971.75
 20
352.7
 30
0.0
 11
971.75
 21
381.25555555555553
 31
0.0
  0
LINE
  5
1207
330
17
100
AcDbEntity
  8
ESTRIBOS
 62
8
370
9
100
AcDbLine
 10
972.55
 20
352.7
 30
0.0
 11
972.55
 21
381.25555555555553
 31
0.0
  0
LINE
  5
1208
330
17
100
AcDbEntity
  8
ESTRIBOS
 62
8
370
9
100
AcDbLine
 10
973.35
 20
352.7
 30
0.0
 11
973.35
 21
381.25555555555553
 31
0.0
  0
LINE
  5
1209
330
17
100
AcDbEntity
  8
ESTRIBOS
 62
8
370
9
100
AcDbLine
 10
974.15
 20
352.7
 30
0.0
 11
974.15
 21
381.25555555555553
 31
0.0
  0
LINE
  5
120A
330
17
100
AcDbEntity
  8
ESTRIBOS
 62
8
370
9
100
AcDbLine
 10
974.65
 20
352.7
 30
0.0
 11
974.65
 21
381.25555555555553
 31
0.0
  0
LINE
  5
120B
330
17
100
AcDbEntity
  8
ESTRIBOS
 62
8
370
9
100
AcDbLine
 10
975.45
 20
352.7
 30
0.0
 11
975.45
 21
381.25555555555553
 31
0.0
  0
LINE
  5
120C
330
17
100
AcDbEntity
  8
ESTRIBOS
 62
8
370
9
100
AcDbLine
 10
976.25
 20
352.7
 30
0.0
 11
976.25
 21
381.25555555555553
 31
0.0
  0
LINE
  5
120D
330
17
100
AcDbEntity
  8
ESTRIBOS
 62
8
370
9
100
AcDbLine
 10
977.05
 20
352.7
 30
0.0
 11
977.05
 21
381.25555555555553
 31
0.0
  0
LINE
  5
120E
330
17
100
AcDbEntity
  8
ESTRIBOS
 62
8
370
9
100
AcDbLine
 10
977.85
 20
352.7
 30
0.0
 11
977.85
 21
381.25555555555553
 31
0.0
  0
LINE
  5
120F
330
17
100
AcDbEntity
  8
ESTRIBOS
 62
8
370
9
100
AcDbLine
 10
978.65
 20
352.7
 30
0.0
 11
978.65
 21
381.25555555555553
 31
0.0
  0
LINE
  5
1210
330
17
100
AcDbEntity
  8
ESTRIBOS
 62
8
370
9
100
AcDbLine
 10
979.45
 20
352.7
 30
0.0
 11
979.45
 21
381.25555555555553
 31
0.0
  0
LINE
  5
1211
330
17
100
AcDbEntity
  8
ESTRIBOS
 62
8
370
9
100
AcDbLine
 10
980.25
 20
352.7
 30
0.0
 11
980.25
 21
381.25555555555553
 31
0.0
  0
LINE
  5
1212
330
17
100
AcDbEntity
  8
ESTRIBOS
 62
8
370
9
100
AcDbLine
 10
981.05
 20
352.7
 30
0.0
 11
981.05
 21
381.25555555555553
 31
0.0
  0
LINE
  5
1213
330
17
100
AcDbEntity
  8
ESTRIBOS
 62
8
370
9
100
AcDbLine
 10
981.85
 20
352.7
 30
0.0
 11
981.85
 21
381.25555555555553
 31
0.0
  0
LINE
  5
1214
330
17
100
AcDbEntity
  8
ESTRIBOS
 62
8
370
9
100
AcDbLine
 10
982.65
 20
352.7
 30
0.0
 11
982.65
 21
381.25555555555553
 31
0.0
  0
LINE
  5
1215
330
17
100
AcDbEntity
  8
ESTRIBOS
 62
8
370
9
100
AcDbLine
 10
983.45
 20
352.7
 30
0.0
 11
983.45
 21
381.25555555555553
 31
0.0
  0
LINE
  5
1216
330
17
100
AcDbEntity
  8
ESTRIBOS
 62
8
370
9
100
AcDbLine
 10
984.25
 20
352.7
 30
0.0
 11
984.25
 21
381.25555555555553
 31
0.0
  0
LINE
  5
1217
330
17
100
AcDbEntity
  8
ESTRIBOS
 62
8
370
9
100
AcDbLine
 10
985.05
 20
352.7
 30
0.0
 11
985.05
 21
381.25555555555553
 31
0.0
  0
TEXT
  5
1218
330
17
100
AcDbEntity
  8
ESTRIBOS
 62
8
100
AcDbText
 10
971.55
 20
366.17777777777775
 30
0.0
 40
1.6
  1
Nº4 4R @80/@80
 72
1
 11
971.55
 21
366.17777777777775
 31
0.0
100
AcDbText
 73
2
  0
LINE
  5
1219
330
17
100
AcDbEntity
  8
ESTRIBOS
 62
8
370
9
100
AcDbLine
 10
986.05
 20
352.7
 30
0.0
 11
986.05
 21
381.25555555555553
 31
0.0
  0
LINE
  5
121A
330
17
100
AcDbEntity
  8
ESTRIBOS
 62
8
370
9
100
AcDbLine
 10
986.85
 20
352.7
 30
0.0
 11
986.85
 21
381.25555555555553
 31
0.0
  0
LINE
  5
121B
330
17
100
AcDbEntity
  8
ESTRIBOS
 62
8
370
9
100
AcDbLine
 10
987.65
 20
352.7
 30
0.0
 11
987.65
 21
381.25555555555553
 31
0.0
  0
LINE
  5
121C
330
17
100
AcDbEntity
  8
ESTRIBOS
 62
8
370
9
100
AcDbLine
 10
988.45
 20
352.7
 30
0.0
 11
988.45
 21
381.25555555555553
 31
0.0
  0
LINE
  5
121D
330
17
100
AcDbEntity
  8
ESTRIBOS
 62
8
370
9
100
AcDbLine
 10
989.25
 20
352.7
 30
0.0
 11
989.25
 21
381.25555555555553
 31
0.0
  0
LINE
  5
121E
330
17
100
AcDbEntity
  8
ESTRIBOS
 62
8
370
9
100
AcDbLine
 10
990.05
 20
352.7
 30
0.0
 11
990.05
 21
381.25555555555553
 31
0.0
  0
LINE
  5
121F
330
17
100
AcDbEntity
  8
ESTRIBOS
 62
8
370
9
100
AcDbLine
 10
990.85
 20
352.7
 30
0.0
 11
990.85
 21
381.25555555555553
 31
0.0
  0
LINE
  5
1220
330
17
100
AcDbEntity
  8
ESTRIBOS
 62
8
370
9
100
AcDbLine
 10
991.65
 20
352.7
 30
0.0
 11
991.65
 21
381.25555555555553
 31
0.0
  0
LINE
  5
1221
330
17
100
AcDbEntity
  8
ESTRIBOS
 62
8
370
9
100
AcDbLine
 10
992.45
 20
352.7
 30
0.0
 11
992.45
 21
381.25555555555553
 31
0.0
  0
LINE
  5
1222
330
17
100
AcDbEntity
  8
ESTRIBOS
 62
8
370
9
100
AcDbLine
 10
993.25
 20
352.7
 30
0.0
 11
993.25
 21
381.25555555555553
 31
0.0
  0
LINE
  5
1223
330
17
100
AcDbEntity
  8
ESTRIBOS
 62
8
370
9
100
AcDbLine
 10
994.05
 20
352.7
 30
0.0
 11
994.05
 21
381.25555555555553
 31
0.0
  0
LINE
  5
1224
330
17
100
AcDbEntity
  8
ESTRIBOS
 62
8
370
9
100
AcDbLine
 10
994.85
 20
352.7
 30
0.0
 11
994.85
 21
381.25555555555553
 31
0.0
  0
LINE
  5
1225
330
17
100
AcDbEntity
  8
ESTRIBOS
 62
8
370
9
100
AcDbLine
 10
995.65
 20
352.7
 30
0.0
 11
995.65
 21
381.25555555555553
 31
0.0
  0
LINE
  5
1226
330
17
100
AcDbEntity
  8
ESTRIBOS
 62
8
370
9
100
AcDbLine
 10
996.45
 20
352.7
 30
0.0
 11
996.45
 21
381.25555555555553
 31
0.0
  0
LINE
  5
1227
330
17
100
AcDbEntity
  8
ESTRIBOS
 62
8
370
9
100
AcDbLine
 10
997.35
 20
352.7
 30
0.0
 11
997.35
 21
381.25555555555553
 31
0.0
  0
LINE
  5
1228
330
17
100
AcDbEntity
  8
ESTRIBOS
 62
8
370
9
100
AcDbLine
 10
998.15
 20
352.7
 30
0.0
 11
998.15
 21
381.25555555555553
 31
0.0
  0
LINE
  5
1229
330
17
100
AcDbEntity
  8
ESTRIBOS
 62
8
370
9
100
AcDbLine
 10
998.95
 20
352.7
 30
0.0
 11
998.95
 21
381.25555555555553
 31
0.0
  0
LINE
  5
122A
330
17
100
AcDbEntity
  8
ESTRIBOS
 62
8
370
9
100
AcDbLine
 10
999.75
 20
352.7
 30
0.0
 11
999.75
 21
381.25555555555553
 31
0.0
  0
LINE
  5
122B
330
17
100
AcDbEntity
  8
ESTRIBOS
 62
8
370
9
100
AcDbLine
 10
1000.55
 20
352.7
 30
0.0
 11
1000.55
 21
381.25555555555553
 31
0.0
  0
LINE
  5
122C
330
17
100
AcDbEntity
  8
ESTRIBOS
 62
8
370
9
100
AcDbLine
 10
1001.35
 20
352.7
 30
0.0
 11
1001.35
 21
381.25555555555553
 31
0.0
  0
LINE
  5
122D
330
17
100
AcDbEntity
  8
ESTRIBOS
 62
8
370
9
100
AcDbLine
 10
1001.65
 20
352.7
 30
0.0
 11
1001.65
 21
381.25555555555553
 31
0.0
  0
LINE
  5
122E
330
17
100
AcDbEntity
  8
ESTRIBOS
 62
8
370
9
100
AcDbLine
 10
1002.45
 20
352.7
 30
0.0
 11
1002.45
 21
381.25555555555553
 31
0.0
  0
LINE
  5
122F
330
17
100
AcDbEntity
  8
ESTRIBOS
 62
8
370
9
100
AcDbLine
 10
1003.25
 20
352.7
 30
0.0
 11
1003.25
 21
381.25555555555553
 31
0.0
  0
LINE
  5
1230
330
17
100
AcDbEntity
  8
ESTRIBOS
 62
8
370
9
100
AcDbLine
 10
1004.05
 20
352.7
 30
0.0
 11
1004.05
 21
381.25555555555553
 31
0.0
  0
LINE
  5
1231
330
17
100
AcDbEntity
  8
ESTRIBOS
 62
8
370
9
100
AcDbLine
 10
1004.85
 20
352.7
 30
0.0
 11
1004.85
 21
381.25555555555553
 31
0.0
  0
LINE
  5
1232
330
17
100
AcDbEntity
  8
ESTRIBOS
 62
8
370
9
100
AcDbLine
 10
1005.65
 20
352.7
 30
0.0
 11
1005.65
 21
381.25555555555553
 31
0.0
  0
LINE
  5
1233
330
17
100
AcDbEntity
  8
ESTRIBOS
 62
8
370
9
100
AcDbLine
 10
1006.45
 20
352.7
 30
0.0
 11
1006.45
 21
381.25555555555553
 31
0.0
  0
LINE
  5
1234
330
17
100
AcDbEntity
  8
ESTRIBOS
 62
8
370
9
100
AcDbLine
 10
1007.25
 20
352.7
 30
0.0
 11
1007.25
 21
381.25555555555553
 31
0.0
  0
LINE
  5
1235
330
17
100
AcDbEntity
  8
ESTRIBOS
 62
8
370
9
100
AcDbLine
 10
1008.05
 20
352.7
 30
0.0
 11
1008.05
 21
381.25555555555553
 31
0.0
  0
LINE
  5
1236
330
17
100
AcDbEntity
  8
ESTRIBOS
 62
8
370
9
100
AcDbLine
 10
1008.85
 20
352.7
 30
0.0
 11
1008.85
 21
381.25555555555553
 31
0.0
  0
LINE
  5
1237
330
17
100
AcDbEntity
  8
ESTRIBOS
 62
8
370
9
100
AcDbLine
 10
1009.65
 20
352.7
 30
0.0
 11
1009.65
 21
381.25555555555553
 31
0.0
  0
LINE
  5
1238
330
17
100
AcDbEntity
  8
ESTRIBOS
 62
8
370
9
100
AcDbLine
 10
1010.45
 20
352.7
 30
0.0
 11
1010.45
 21
381.25555555555553
 31
0.0
  0
LINE
  5
1239
330
17
100
AcDbEntity
  8
ESTRIBOS
 62
8
370
9
100
AcDbLine
 10
1011.25
 20
352.7
 30
0.0
 11
1011.25
 21
381.25555555555553
 31
0.0
  0
LINE
  5
123A
330
17
100
AcDbEntity
  8
ESTRIBOS
 62
8
370
9
100
AcDbLine
 10
1012.05
 20
352.7
 30
0.0
 11
1012.05
 21
381.25555555555553
 31
0.0
  0
TEXT
  5
123B
330
17
100
AcDbEntity
  8
ESTRIBOS
 62
8
100
AcDbText
 10
999.05
 20
366.17777777777775
 30
0.0
 40
1.6
  1
Nº4 4R @80/@80
 72
1
 11
999.05
 21
366.17777777777775
 31
0.0
100
AcDbText
 73
2
  0
LINE
  5
123C
330
17
100
AcDbEntity
  8
ESTRIBOS
 62
8
370
9
100
AcDbLine
 10
1013.05
 20
352.7
 30
0.0
 11
1013.05
 21
381.25555555555553
 31
0.0
  0
LINE
  5
123D
330
17
100
AcDbEntity
  8
ESTRIBOS
 62
8
370
9
100
AcDbLine
 10
1013.85
 20
352.7
 30
0.0
 11
1013.85
 21
381.25555555555553
 31
0.0
  0
LINE
  5
123E
330
17
100
AcDbEntity
  8
ESTRIBOS
 62
8
370
9
100
AcDbLine
 10
1014.65
 20
352.7
 30
0.0
 11
1014.65
 21
381.25555555555553
 31
0.0
  0
LINE
  5
123F
330
17
100
AcDbEntity
  8
ESTRIBOS
 62
8
370
9
100
AcDbLine
 10
1015.45
 20
352.7
 30
0.0
 11
1015.45
 21
381.25555555555553
 31
0.0
  0
LINE
  5
1240
330
17
100
AcDbEntity
  8
ESTRIBOS
 62
8
370
9
100
AcDbLine
 10
1016.25
 20
352.7
 30
0.0
 11
1016.25
 21
381.25555555555553
 31
0.0
  0
LINE
  5
1241
330
17
100
AcDbEntity
  8
ESTRIBOS
 62
8
370
9
100
AcDbLine
 10
1017.05
 20
352.7
 30
0.0
 11
1017.05
 21
381.25555555555553
 31
0.0
  0
LINE
  5
1242
330
17
100
AcDbEntity
  8
ESTRIBOS
 62
8
370
9
100
AcDbLine
 10
1017.85
 20
352.7
 30
0.0
 11
1017.85
 21
381.25555555555553
 31
0.0
  0
LINE
  5
1243
330
17
100
AcDbEntity
  8
ESTRIBOS
 62
8
370
9
100
AcDbLine
 10
1018.65
 20
352.7
 30
0.0
 11
1018.65
 21
381.25555555555553
 31
0.0
  0
LINE
  5
1244
330
17
100
AcDbEntity
  8
ESTRIBOS
 62
8
370
9
100
AcDbLine
 10
1019.45
 20
352.7
 30
0.0
 11
1019.45
 21
381.25555555555553
 31
0.0
  0
LINE
  5
1245
330
17
100
AcDbEntity
  8
ESTRIBOS
 62
8
370
9
100
AcDbLine
 10
1020.25
 20
352.7
 30
0.0
 11
1020.25
 21
381.25555555555553
 31
0.0
  0
LINE
  5
1246
330
17
100
AcDbEntity
  8
ESTRIBOS
 62
8
370
9
100
AcDbLine
 10
1021.05
 20
352.7
 30
0.0
 11
1021.05
 21
381.25555555555553
 31
0.0
  0
LINE
  5
1247
330
17
100
AcDbEntity
  8
ESTRIBOS
 62
8
370
9
100
AcDbLine
 10
1021.85
 20
352.7
 30
0.0
 11
1021.85
 21
381.25555555555553
 31
0.0
  0
LINE
  5
1248
330
17
100
AcDbEntity
  8
ESTRIBOS
 62
8
370
9
100
AcDbLine
 10
1022.65
 20
352.7
 30
0.0
 11
1022.65
 21
381.25555555555553
 31
0.0
  0
LINE
  5
1249
330
17
100
AcDbEntity
  8
ESTRIBOS
 62
8
370
9
100
AcDbLine
 10
1023.45
 20
352.7
 30
0.0
 11
1023.45
 21
381.25555555555553
 31
0.0
  0
LINE
  5
124A
330
17
100
AcDbEntity
  8
ESTRIBOS
 62
8
370
9
100
AcDbLine
 10
1024.35
 20
352.7
 30
0.0
 11
1024.35
 21
381.25555555555553
 31
0.0
  0
LINE
  5
124B
330
17
100
AcDbEntity
  8
ESTRIBOS
 62
8
370
9
100
AcDbLine
 10
1025.15
 20
352.7
 30
0.0
 11
1025.15
 21
381.25555555555553
 31
0.0
  0
LINE
  5
124C
330
17
100
AcDbEntity
  8
ESTRIBOS
 62
8
370
9
100
AcDbLine
 10
1025.95
 20
352.7
 30
0.0
 11
1025.95
 21
381.25555555555553
 31
0.0
  0
LINE
  5
124D
330
17
100
AcDbEntity
  8
ESTRIBOS
 62
8
370
9
100
AcDbLine
 10
1026.75
 20
352.7
 30
0.0
 11
1026.75
 21
381.25555555555553
 31
0.0
  0
LINE
  5
124E
330
17
100
AcDbEntity
  8
ESTRIBOS
 62
8
370
9
100
AcDbLine
 10
1027.55
 20
352.7
 30
0.0
 11
1027.55
 21
381.25555555555553
 31
0.0
  0
LINE
  5
124F
330
17
100
AcDbEntity
  8
ESTRIBOS
 62
8
370
9
100
AcDbLine
 10
1028.35
 20
352.7
 30
0.0
 11
1028.35
 21
381.25555555555553
 31
0.0
  0
LINE
  5
1250
330
17
100
AcDbEntity
  8
ESTRIBOS
 62
8
370
9
100
AcDbLine
 10
1029.15
 20
352.7
 30
0.0
 11
1029.15
 21
381.25555555555553
 31
0.0
  0
LINE
  5
1251
330
17
100
AcDbEntity
  8
ESTRIBOS
 62
8
370
9
100
AcDbLine
 10
1029.95
 20
352.7
 30
0.0
 11
1029.95
 21
381.25555555555553
 31
0.0
  0
LINE
  5
1252
330
17
100
AcDbEntity
  8
ESTRIBOS
 62
8
370
9
100
AcDbLine
 10
1030.75
 20
352.7
 30
0.0
 11
1030.75
 21
381.25555555555553
 31
0.0
  0
LINE
  5
1253
330
17
100
AcDbEntity
  8
ESTRIBOS
 62
8
370
9
100
AcDbLine
 10
1031.55
 20
352.7
 30
0.0
 11
1031.55
 21
381.25555555555553
 31
0.0
  0
LINE
  5
1254
330
17
100
AcDbEntity
  8
ESTRIBOS
 62
8
370
9
100
AcDbLine
 10
1032.35
 20
352.7
 30
0.0
 11
1032.35
 21
381.25555555555553
 31
0.0
  0
LINE
  5
1255
330
17
100
AcDbEntity
  8
ESTRIBOS
 62
8
370
9
100
AcDbLine
 10
1033.15
 20
352.7
 30
0.0
 11
1033.15
 21
381.25555555555553
 31
0.0
  0
LINE
  5
1256
330
17
100
AcDbEntity
  8
ESTRIBOS
 62
8
370
9
100
AcDbLine
 10
1033.95
 20
352.7
 30
0.0
 11
1033.95
 21
381.25555555555553
 31
0.0
  0
LINE
  5
1257
330
17
100
AcDbEntity
  8
ESTRIBOS
 62
8
370
9
100
AcDbLine
 10
1034.75
 20
352.7
 30
0.0
 11
1034.75
 21
381.25555555555553
 31
0.0
  0
LINE
  5
1258
330
17
100
AcDbEntity
  8
ESTRIBOS
 62
8
370
9
100
AcDbLine
 10
1035.55
 20
352.7
 30
0.0
 11
1035.55
 21
381.25555555555553
 31
0.0
  0
LINE
  5
1259
330
17
100
AcDbEntity
  8
ESTRIBOS
 62
8
370
9
100
AcDbLine
 10
1036.35
 20
352.7
 30
0.0
 11
1036.35
 21
381.25555555555553
 31
0.0
  0
LINE
  5
125A
330
17
100
AcDbEntity
  8
ESTRIBOS
 62
8
370
9
100
AcDbLine
 10
1037.15
 20
352.7
 30
0.0
 11
1037.15
 21
381.25555555555553
 31
0.0
  0
LINE
  5
125B
330
17
100
AcDbEntity
  8
ESTRIBOS
 62
8
370
9
100
AcDbLine
 10
1037.95
 20
352.7
 30
0.0
 11
1037.95
 21
381.25555555555553
 31
0.0
  0
LINE
  5
125C
330
17
100
AcDbEntity
  8
ESTRIBOS
 62
8
370
9
100
AcDbLine
 10
1038.75
 20
352.7
 30
0.0
 11
1038.75
 21
381.25555555555553
 31
0.0
  0
LINE
  5
125D
330
17
100
AcDbEntity
  8
ESTRIBOS
 62
8
370
9
100
AcDbLine
 10
1039.55
 20
352.7
 30
0.0
 11
1039.55
 21
381.25555555555553
 31
0.0
  0
LINE
  5
125E
330
17
100
AcDbEntity
  8
ESTRIBOS
 62
8
370
9
100
AcDbLine
 10
1040.35
 20
352.7
 30
0.0
 11
1040.35
 21
381.25555555555553
 31
0.0
  0
LINE
  5
125F
330
17
100
AcDbEntity
  8
ESTRIBOS
 62
8
370
9
100
AcDbLine
 10
1041.15
 20
352.7
 30
0.0
 11
1041.15
 21
381.25555555555553
 31
0.0
  0
LINE
  5
1260
330
17
100
AcDbEntity
  8
ESTRIBOS
 62
8
370
9
100
AcDbLine
 10
1041.65
 20
352.7
 30
0.0
 11
1041.65
 21
381.25555555555553
 31
0.0
  0
LINE
  5
1261
330
17
100
AcDbEntity
  8
ESTRIBOS
 62
8
370
9
100
AcDbLine
 10
1042.45
 20
352.7
 30
0.0
 11
1042.45
 21
381.25555555555553
 31
0.0
  0
LINE
  5
1262
330
17
100
AcDbEntity
  8
ESTRIBOS
 62
8
370
9
100
AcDbLine
 10
1043.25
 20
352.7
 30
0.0
 11
1043.25
 21
381.25555555555553
 31
0.0
  0
LINE
  5
1263
330
17
100
AcDbEntity
  8
ESTRIBOS
 62
8
370
9
100
AcDbLine
 10
1044.05
 20
352.7
 30
0.0
 11
1044.05
 21
381.25555555555553
 31
0.0
  0
LINE
  5
1264
330
17
100
AcDbEntity
  8
ESTRIBOS
 62
8
370
9
100
AcDbLine
 10
1044.85
 20
352.7
 30
0.0
 11
1044.85
 21
381.25555555555553
 31
0.0
  0
LINE
  5
1265
330
17
100
AcDbEntity
  8
ESTRIBOS
 62
8
370
9
100
AcDbLine
 10
1045.65
 20
352.7
 30
0.0
 11
1045.65
 21
381.25555555555553
 31
0.0
  0
LINE
  5
1266
330
17
100
AcDbEntity
  8
ESTRIBOS
 62
8
370
9
100
AcDbLine
 10
1046.45
 20
352.7
 30
0.0
 11
1046.45
 21
381.25555555555553
 31
0.0
  0
LINE
  5
1267
330
17
100
AcDbEntity
  8
ESTRIBOS
 62
8
370
9
100
AcDbLine
 10
1047.25
 20
352.7
 30
0.0
 11
1047.25
 21
381.25555555555553
 31
0.0
  0
LINE
  5
1268
330
17
100
AcDbEntity
  8
ESTRIBOS
 62
8
370
9
100
AcDbLine
 10
1048.05
 20
352.7
 30
0.0
 11
1048.05
 21
381.25555555555553
 31
0.0
  0
LINE
  5
1269
330
17
100
AcDbEntity
  8
ESTRIBOS
 62
8
370
9
100
AcDbLine
 10
1048.85
 20
352.7
 30
0.0
 11
1048.85
 21
381.25555555555553
 31
0.0
  0
LINE
  5
126A
330
17
100
AcDbEntity
  8
ESTRIBOS
 62
8
370
9
100
AcDbLine
 10
1049.65
 20
352.7
 30
0.0
 11
1049.65
 21
381.25555555555553
 31
0.0
  0
LINE
  5
126B
330
17
100
AcDbEntity
  8
ESTRIBOS
 62
8
370
9
100
AcDbLine
 10
1050.45
 20
352.7
 30
0.0
 11
1050.45
 21
381.25555555555553
 31
0.0
  0
LINE
  5
126C
330
17
100
AcDbEntity
  8
ESTRIBOS
 62
8
370
9
100
AcDbLine
 10
1051.25
 20
352.7
 30
0.0
 11
1051.25
 21
381.25555555555553
 31
0.0
  0
LINE
  5
126D
330
17
100
AcDbEntity
  8
ESTRIBOS
 62
8
370
9
100
AcDbLine
 10
1052.05
 20
352.7
 30
0.0
 11
1052.05
 21
381.25555555555553
 31
0.0
  0
TEXT
  5
126E
330
17
100
AcDbEntity
  8
ESTRIBOS
 62
8
100
AcDbText
 10
1032.55
 20
366.17777777777775
 30
0.0
 40
1.6
  1
Nº4 4R @80/@80
 72
1
 11
1032.55
 21
366.17777777777775
 31
0.0
100
AcDbText
 73
2
  0
LINE
  5
126F
330
17
100
AcDbEntity
  8
ESTRIBOS
 62
8
370
9
100
AcDbLine
 10
1053.05
 20
352.7
 30
0.0
 11
1053.05
 21
381.25555555555553
 31
0.0
  0
LINE
  5
1270
330
17
100
AcDbEntity
  8
ESTRIBOS
 62
8
370
9
100
AcDbLine
 10
1053.85
 20
352.7
 30
0.0
 11
1053.85
 21
381.25555555555553
 31
0.0
  0
LINE
  5
1271
330
17
100
AcDbEntity
  8
ESTRIBOS
 62
8
370
9
100
AcDbLine
 10
1054.65
 20
352.7
 30
0.0
 11
1054.65
 21
381.25555555555553
 31
0.0
  0
LINE
  5
1272
330
17
100
AcDbEntity
  8
ESTRIBOS
 62
8
370
9
100
AcDbLine
 10
1055.45
 20
352.7
 30
0.0
 11
1055.45
 21
381.25555555555553
 31
0.0
  0
LINE
  5
1273
330
17
100
AcDbEntity
  8
ESTRIBOS
 62
8
370
9
100
AcDbLine
 10
1056.25
 20
352.7
 30
0.0
 11
1056.25
 21
381.25555555555553
 31
0.0
  0
LINE
  5
1274
330
17
100
AcDbEntity
  8
ESTRIBOS
 62
8
370
9
100
AcDbLine
 10
1057.05
 20
352.7
 30
0.0
 11
1057.05
 21
381.25555555555553
 31
0.0
  0
LINE
  5
1275
330
17
100
AcDbEntity
  8
ESTRIBOS
 62
8
370
9
100
AcDbLine
 10
1057.85
 20
352.7
 30
0.0
 11
1057.85
 21
381.25555555555553
 31
0.0
  0
LINE
  5
1276
330
17
100
AcDbEntity
  8
ESTRIBOS
 62
8
370
9
100
AcDbLine
 10
1058.65
 20
352.7
 30
0.0
 11
1058.65
 21
381.25555555555553
 31
0.0
  0
LINE
  5
1277
330
17
100
AcDbEntity
  8
ESTRIBOS
 62
8
370
9
100
AcDbLine
 10
1059.45
 20
352.7
 30
0.0
 11
1059.45
 21
381.25555555555553
 31
0.0
  0
LINE
  5
1278
330
17
100
AcDbEntity
  8
ESTRIBOS
 62
8
370
9
100
AcDbLine
 10
1060.25
 20
352.7
 30
0.0
 11
1060.25
 21
381.25555555555553
 31
0.0
  0
LINE
  5
1279
330
17
100
AcDbEntity
  8
ESTRIBOS
 62
8
370
9
100
AcDbLine
 10
1061.05
 20
352.7
 30
0.0
 11
1061.05
 21
381.25555555555553
 31
0.0
  0
LINE
  5
127A
330
17
100
AcDbEntity
  8
ESTRIBOS
 62
8
370
9
100
AcDbLine
 10
1061.85
 20
352.7
 30
0.0
 11
1061.85
 21
381.25555555555553
 31
0.0
  0
LINE
  5
127B
330
17
100
AcDbEntity
  8
ESTRIBOS
 62
8
370
9
100
AcDbLine
 10
1062.65
 20
352.7
 30
0.0
 11
1062.65
 21
381.25555555555553
 31
0.0
  0
LINE
  5
127C
330
17
100
AcDbEntity
  8
ESTRIBOS
 62
8
370
9
100
AcDbLine
 10
1063.45
 20
352.7
 30
0.0
 11
1063.45
 21
381.25555555555553
 31
0.0
  0
LINE
  5
127D
330
17
100
AcDbEntity
  8
ESTRIBOS
 62
8
370
9
100
AcDbLine
 10
1064.35
 20
352.7
 30
0.0
 11
1064.35
 21
381.25555555555553
 31
0.0
  0
LINE
  5
127E
330
17
100
AcDbEntity
  8
ESTRIBOS
 62
8
370
9
100
AcDbLine
 10
1065.15
 20
352.7
 30
0.0
 11
1065.15
 21
381.25555555555553
 31
0.0
  0
LINE
  5
127F
330
17
100
AcDbEntity
  8
ESTRIBOS
 62
8
370
9
100
AcDbLine
 10
1065.95
 20
352.7
 30
0.0
 11
1065.95
 21
381.25555555555553
 31
0.0
  0
LINE
  5
1280
330
17
100
AcDbEntity
  8
ESTRIBOS
 62
8
370
9
100
AcDbLine
 10
1066.65
 20
352.7
 30
0.0
 11
1066.65
 21
381.25555555555553
 31
0.0
  0
LINE
  5
1281
330
17
100
AcDbEntity
  8
ESTRIBOS
 62
8
370
9
100
AcDbLine
 10
1067.45
 20
352.7
 30
0.0
 11
1067.45
 21
381.25555555555553
 31
0.0
  0
LINE
  5
1282
330
17
100
AcDbEntity
  8
ESTRIBOS
 62
8
370
9
100
AcDbLine
 10
1068.25
 20
352.7
 30
0.0
 11
1068.25
 21
381.25555555555553
 31
0.0
  0
LINE
  5
1283
330
17
100
AcDbEntity
  8
ESTRIBOS
 62
8
370
9
100
AcDbLine
 10
1069.05
 20
352.7
 30
0.0
 11
1069.05
 21
381.25555555555553
 31
0.0
  0
LINE
  5
1284
330
17
100
AcDbEntity
  8
ESTRIBOS
 62
8
370
9
100
AcDbLine
 10
1069.85
 20
352.7
 30
0.0
 11
1069.85
 21
381.25555555555553
 31
0.0
  0
LINE
  5
1285
330
17
100
AcDbEntity
  8
ESTRIBOS
 62
8
370
9
100
AcDbLine
 10
1070.65
 20
352.7
 30
0.0
 11
1070.65
 21
381.25555555555553
 31
0.0
  0
LINE
  5
1286
330
17
100
AcDbEntity
  8
ESTRIBOS
 62
8
370
9
100
AcDbLine
 10
1071.45
 20
352.7
 30
0.0
 11
1071.45
 21
381.25555555555553
 31
0.0
  0
LINE
  5
1287
330
17
100
AcDbEntity
  8
ESTRIBOS
 62
8
370
9
100
AcDbLine
 10
1072.25
 20
352.7
 30
0.0
 11
1072.25
 21
381.25555555555553
 31
0.0
  0
LINE
  5
1288
330
17
100
AcDbEntity
  8
ESTRIBOS
 62
8
370
9
100
AcDbLine
 10
1073.05
 20
352.7
 30
0.0
 11
1073.05
 21
381.25555555555553
 31
0.0
  0
LINE
  5
1289
330
17
100
AcDbEntity
  8
ESTRIBOS
 62
8
370
9
100
AcDbLine
 10
1073.85
 20
352.7
 30
0.0
 11
1073.85
 21
381.25555555555553
 31
0.0
  0
LINE
  5
128A
330
17
100
AcDbEntity
  8
ESTRIBOS
 62
8
370
9
100
AcDbLine
 10
1074.65
 20
352.7
 30
0.0
 11
1074.65
 21
381.25555555555553
 31
0.0
  0
LINE
  5
128B
330
17
100
AcDbEntity
  8
ESTRIBOS
 62
8
370
9
100
AcDbLine
 10
1075.45
 20
352.7
 30
0.0
 11
1075.45
 21
381.25555555555553
 31
0.0
  0
LINE
  5
128C
330
17
100
AcDbEntity
  8
ESTRIBOS
 62
8
370
9
100
AcDbLine
 10
1076.25
 20
352.7
 30
0.0
 11
1076.25
 21
381.25555555555553
 31
0.0
  0
LINE
  5
128D
330
17
100
AcDbEntity
  8
ESTRIBOS
 62
8
370
9
100
AcDbLine
 10
1077.05
 20
352.7
 30
0.0
 11
1077.05
 21
381.25555555555553
 31
0.0
  0
TEXT
  5
128E
330
17
100
AcDbEntity
  8
ESTRIBOS
 62
8
100
AcDbText
 10
1065.05
 20
366.17777777777775
 30
0.0
 40
1.6
  1
Nº4 4R @80/@80
 72
1
 11
1065.05
 21
366.17777777777775
 31
0.0
100
AcDbText
 73
2
  0
LINE
  5
128F
330
17
100
AcDbEntity
  8
ESTRIBOS
 62
8
370
9
100
AcDbLine
 10
1078.05
 20
352.7
 30
0.0
 11
1078.05
 21
381.25555555555553
 31
0.0
  0
LINE
  5
1290
330
17
100
AcDbEntity
  8
ESTRIBOS
 62
8
370
9
100
AcDbLine
 10
1078.85
 20
352.7
 30
0.0
 11
1078.85
 21
381.25555555555553
 31
0.0
  0
LINE
  5
1291
330
17
100
AcDbEntity
  8
ESTRIBOS
 62
8
370
9
100
AcDbLine
 10
1079.65
 20
352.7
 30
0.0
 11
1079.65
 21
381.25555555555553
 31
0.0
  0
LINE
  5
1292
330
17
100
AcDbEntity
  8
ESTRIBOS
 62
8
370
9
100
AcDbLine
 10
1080.45
 20
352.7
 30
0.0
 11
1080.45
 21
381.25555555555553
 31
0.0
  0
LINE
  5
1293
330
17
100
AcDbEntity
  8
ESTRIBOS
 62
8
370
9
100
AcDbLine
 10
1081.25
 20
352.7
 30
0.0
 11
1081.25
 21
381.25555555555553
 31
0.0
  0
LINE
  5
1294
330
17
100
AcDbEntity
  8
ESTRIBOS
 62
8
370
9
100
AcDbLine
 10
1082.05
 20
352.7
 30
0.0
 11
1082.05
 21
381.25555555555553
 31
0.0
  0
LINE
  5
1295
330
17
100
AcDbEntity
  8
ESTRIBOS
 62
8
370
9
100
AcDbLine
 10
1082.85
 20
352.7
 30
0.0
 11
1082.85
 21
381.25555555555553
 31
0.0
  0
LINE
  5
1296
330
17
100
AcDbEntity
  8
ESTRIBOS
 62
8
370
9
100
AcDbLine
 10
1083.65
 20
352.7
 30
0.0
 11
1083.65
 21
381.25555555555553
 31
0.0
  0
LINE
  5
1297
330
17
100
AcDbEntity
  8
ESTRIBOS
 62
8
370
9
100
AcDbLine
 10
1084.45
 20
352.7
 30
0.0
 11
1084.45
 21
381.25555555555553
 31
0.0
  0
LINE
  5
1298
330
17
100
AcDbEntity
  8
ESTRIBOS
 62
8
370
9
100
AcDbLine
 10
1085.25
 20
352.7
 30
0.0
 11
1085.25
 21
381.25555555555553
 31
0.0
  0
LINE
  5
1299
330
17
100
AcDbEntity
  8
ESTRIBOS
 62
8
370
9
100
AcDbLine
 10
1086.05
 20
352.7
 30
0.0
 11
1086.05
 21
381.25555555555553
 31
0.0
  0
LINE
  5
129A
330
17
100
AcDbEntity
  8
ESTRIBOS
 62
8
370
9
100
AcDbLine
 10
1086.85
 20
352.7
 30
0.0
 11
1086.85
 21
381.25555555555553
 31
0.0
  0
LINE
  5
129B
330
17
100
AcDbEntity
  8
ESTRIBOS
 62
8
370
9
100
AcDbLine
 10
1087.65
 20
352.7
 30
0.0
 11
1087.65
 21
381.25555555555553
 31
0.0
  0
LINE
  5
129C
330
17
100
AcDbEntity
  8
ESTRIBOS
 62
8
370
9
100
AcDbLine
 10
1088.45
 20
352.7
 30
0.0
 11
1088.45
 21
381.25555555555553
 31
0.0
  0
LINE
  5
129D
330
17
100
AcDbEntity
  8
ESTRIBOS
 62
8
370
9
100
AcDbLine
 10
1089.35
 20
352.7
 30
0.0
 11
1089.35
 21
381.25555555555553
 31
0.0
  0
LINE
  5
129E
330
17
100
AcDbEntity
  8
ESTRIBOS
 62
8
370
9
100
AcDbLine
 10
1090.15
 20
352.7
 30
0.0
 11
1090.15
 21
381.25555555555553
 31
0.0
  0
LINE
  5
129F
330
17
100
AcDbEntity
  8
ESTRIBOS
 62
8
370
9
100
AcDbLine
 10
1090.95
 20
352.7
 30
0.0
 11
1090.95
 21
381.25555555555553
 31
0.0
  0
LINE
  5
12A0
330
17
100
AcDbEntity
  8
ESTRIBOS
 62
8
370
9
100
AcDbLine
 10
1091.75
 20
352.7
 30
0.0
 11
1091.75
 21
381.25555555555553
 31
0.0
  0
LINE
  5
12A1
330
17
100
AcDbEntity
  8
ESTRIBOS
 62
8
370
9
100
AcDbLine
 10
1092.65
 20
352.7
 30
0.0
 11
1092.65
 21
381.25555555555553
 31
0.0
  0
LINE
  5
12A2
330
17
100
AcDbEntity
  8
ESTRIBOS
 62
8
370
9
100
AcDbLine
 10
1093.45
 20
352.7
 30
0.0
 11
1093.45
 21
381.25555555555553
 31
0.0
  0
LINE
  5
12A3
330
17
100
AcDbEntity
  8
ESTRIBOS
 62
8
370
9
100
AcDbLine
 10
1094.25
 20
352.7
 30
0.0
 11
1094.25
 21
381.25555555555553
 31
0.0
  0
LINE
  5
12A4
330
17
100
AcDbEntity
  8
ESTRIBOS
 62
8
370
9
100
AcDbLine
 10
1095.05
 20
352.7
 30
0.0
 11
1095.05
 21
381.25555555555553
 31
0.0
  0
LINE
  5
12A5
330
17
100
AcDbEntity
  8
ESTRIBOS
 62
8
370
9
100
AcDbLine
 10
1095.85
 20
352.7
 30
0.0
 11
1095.85
 21
381.25555555555553
 31
0.0
  0
LINE
  5
12A6
330
17
100
AcDbEntity
  8
ESTRIBOS
 62
8
370
9
100
AcDbLine
 10
1096.65
 20
352.7
 30
0.0
 11
1096.65
 21
381.25555555555553
 31
0.0
  0
LINE
  5
12A7
330
17
100
AcDbEntity
  8
ESTRIBOS
 62
8
370
9
100
AcDbLine
 10
1097.45
 20
352.7
 30
0.0
 11
1097.45
 21
381.25555555555553
 31
0.0
  0
LINE
  5
12A8
330
17
100
AcDbEntity
  8
ESTRIBOS
 62
8
370
9
100
AcDbLine
 10
1098.25
 20
352.7
 30
0.0
 11
1098.25
 21
381.25555555555553
 31
0.0
  0
LINE
  5
12A9
330
17
100
AcDbEntity
  8
ESTRIBOS
 62
8
370
9
100
AcDbLine
 10
1099.05
 20
352.7
 30
0.0
 11
1099.05
 21
381.25555555555553
 31
0.0
  0
LINE
  5
12AA
330
17
100
AcDbEntity
  8
ESTRIBOS
 62
8
370
9
100
AcDbLine
 10
1099.85
 20
352.7
 30
0.0
 11
1099.85
 21
381.25555555555553
 31
0.0
  0
LINE
  5
12AB
330
17
100
AcDbEntity
  8
ESTRIBOS
 62
8
370
9
100
AcDbLine
 10
1100.65
 20
352.7
 30
0.0
 11
1100.65
 21
381.25555555555553
 31
0.0
  0
LINE
  5
12AC
330
17
100
AcDbEntity
  8
ESTRIBOS
 62
8
370
9
100
AcDbLine
 10
1101.45
 20
352.7
 30
0.0
 11
1101.45
 21
381.25555555555553
 31
0.0
  0
LINE
  5
12AD
330
17
100
AcDbEntity
  8
ESTRIBOS
 62
8
370
9
100
AcDbLine
 10
1102.25
 20
352.7
 30
0.0
 11
1102.25
 21
381.25555555555553
 31
0.0
  0
LINE
  5
12AE
330
17
100
AcDbEntity
  8
ESTRIBOS
 62
8
370
9
100
AcDbLine
 10
1103.05
 20
352.7
 30
0.0
 11
1103.05
 21
381.25555555555553
 31
0.0
  0
TEXT
  5
12AF
330
17
100
AcDbEntity
  8
ESTRIBOS
 62
8
100
AcDbText
 10
1090.55
 20
366.17777777777775
 30
0.0
 40
1.6
  1
Nº4 4R @80/@80
 72
1
 11
1090.55
 21
366.17777777777775
 31
0.0
100
AcDbText
 73
2
  0
LINE
  5
12B0
330
17
100
AcDbEntity
  8
ESTRIBOS
 62
8
370
9
100
AcDbLine
 10
1104.05
 20
352.7
 30
0.0
 11
1104.05
 21
381.25555555555553
 31
0.0
  0
LINE
  5
12B1
330
17
100
AcDbEntity
  8
ESTRIBOS
 62
8
370
9
100
AcDbLine
 10
1104.85
 20
352.7
 30
0.0
 11
1104.85
 21
381.25555555555553
 31
0.0
  0
LINE
  5
12B2
330
17
100
AcDbEntity
  8
ESTRIBOS
 62
8
370
9
100
AcDbLine
 10
1105.65
 20
352.7
 30
0.0
 11
1105.65
 21
381.25555555555553
 31
0.0
  0
LINE
  5
12B3
330
17
100
AcDbEntity
  8
ESTRIBOS
 62
8
370
9
100
AcDbLine
 10
1106.45
 20
352.7
 30
0.0
 11
1106.45
 21
381.25555555555553
 31
0.0
  0
LINE
  5
12B4
330
17
100
AcDbEntity
  8
ESTRIBOS
 62
8
370
9
100
AcDbLine
 10
1107.25
 20
352.7
 30
0.0
 11
1107.25
 21
381.25555555555553
 31
0.0
  0
LINE
  5
12B5
330
17
100
AcDbEntity
  8
ESTRIBOS
 62
8
370
9
100
AcDbLine
 10
1108.05
 20
352.7
 30
0.0
 11
1108.05
 21
381.25555555555553
 31
0.0
  0
LINE
  5
12B6
330
17
100
AcDbEntity
  8
ESTRIBOS
 62
8
370
9
100
AcDbLine
 10
1108.85
 20
352.7
 30
0.0
 11
1108.85
 21
381.25555555555553
 31
0.0
  0
LINE
  5
12B7
330
17
100
AcDbEntity
  8
ESTRIBOS
 62
8
370
9
100
AcDbLine
 10
1109.65
 20
352.7
 30
0.0
 11
1109.65
 21
381.25555555555553
 31
0.0
  0
LINE
  5
12B8
330
17
100
AcDbEntity
  8
ESTRIBOS
 62
8
370
9
100
AcDbLine
 10
1110.45
 20
352.7
 30
0.0
 11
1110.45
 21
381.25555555555553
 31
0.0
  0
LINE
  5
12B9
330
17
100
AcDbEntity
  8
ESTRIBOS
 62
8
370
9
100
AcDbLine
 10
1111.25
 20
352.7
 30
0.0
 11
1111.25
 21
381.25555555555553
 31
0.0
  0
LINE
  5
12BA
330
17
100
AcDbEntity
  8
ESTRIBOS
 62
8
370
9
100
AcDbLine
 10
1112.05
 20
352.7
 30
0.0
 11
1112.05
 21
381.25555555555553
 31
0.0
  0
LINE
  5
12BB
330
17
100
AcDbEntity
  8
ESTRIBOS
 62
8
370
9
100
AcDbLine
 10
1112.85
 20
352.7
 30
0.0
 11
1112.85
 21
381.25555555555553
 31
0.0
  0
LINE
  5
12BC
330
17
100
AcDbEntity
  8
ESTRIBOS
 62
8
370
9
100
AcDbLine
 10
1113.65
 20
352.7
 30
0.0
 11
1113.65
 21
381.25555555555553
 31
0.0
  0
LINE
  5
12BD
330
17
100
AcDbEntity
  8
ESTRIBOS
 62
8
370
9
100
AcDbLine
 10
1114.45
 20
352.7
 30
0.0
 11
1114.45
 21
381.25555555555553
 31
0.0
  0
LINE
  5
12BE
330
17
100
AcDbEntity
  8
ESTRIBOS
 62
8
370
9
100
AcDbLine
 10
1115.35
 20
352.7
 30
0.0
 11
1115.35
 21
381.25555555555553
 31
0.0
  0
LINE
  5
12BF
330
17
100
AcDbEntity
  8
ESTRIBOS
 62
8
370
9
100
AcDbLine
 10
1116.15
 20
352.7
 30
0.0
 11
1116.15
 21
381.25555555555553
 31
0.0
  0
LINE
  5
12C0
330
17
100
AcDbEntity
  8
ESTRIBOS
 62
8
370
9
100
AcDbLine
 10
1116.95
 20
352.7
 30
0.0
 11
1116.95
 21
381.25555555555553
 31
0.0
  0
LINE
  5
12C1
330
17
100
AcDbEntity
  8
ESTRIBOS
 62
8
370
9
100
AcDbLine
 10
1117.75
 20
352.7
 30
0.0
 11
1117.75
 21
381.25555555555553
 31
0.0
  0
LINE
  5
12C2
330
17
100
AcDbEntity
  8
ESTRIBOS
 62
8
370
9
100
AcDbLine
 10
1118.55
 20
352.7
 30
0.0
 11
1118.55
 21
381.25555555555553
 31
0.0
  0
LINE
  5
12C3
330
17
100
AcDbEntity
  8
ESTRIBOS
 62
8
370
9
100
AcDbLine
 10
1119.35
 20
352.7
 30
0.0
 11
1119.35
 21
381.25555555555553
 31
0.0
  0
LINE
  5
12C4
330
17
100
AcDbEntity
  8
ESTRIBOS
 62
8
370
9
100
AcDbLine
 10
1120.15
 20
352.7
 30
0.0
 11
1120.15
 21
381.25555555555553
 31
0.0
  0
LINE
  5
12C5
330
17
100
AcDbEntity
  8
ESTRIBOS
 62
8
370
9
100
AcDbLine
 10
1120.95
 20
352.7
 30
0.0
 11
1120.95
 21
381.25555555555553
 31
0.0
  0
LINE
  5
12C6
330
17
100
AcDbEntity
  8
ESTRIBOS
 62
8
370
9
100
AcDbLine
 10
1121.75
 20
352.7
 30
0.0
 11
1121.75
 21
381.25555555555553
 31
0.0
  0
LINE
  5
12C7
330
17
100
AcDbEntity
  8
ESTRIBOS
 62
8
370
9
100
AcDbLine
 10
1122.15
 20
352.7
 30
0.0
 11
1122.15
 21
381.25555555555553
 31
0.0
  0
LINE
  5
12C8
330
17
100
AcDbEntity
  8
ESTRIBOS
 62
8
370
9
100
AcDbLine
 10
1122.95
 20
352.7
 30
0.0
 11
1122.95
 21
381.25555555555553
 31
0.0
  0
LINE
  5
12C9
330
17
100
AcDbEntity
  8
ESTRIBOS
 62
8
370
9
100
AcDbLine
 10
1123.75
 20
352.7
 30
0.0
 11
1123.75
 21
381.25555555555553
 31
0.0
  0
LINE
  5
12CA
330
17
100
AcDbEntity
  8
ESTRIBOS
 62
8
370
9
100
AcDbLine
 10
1124.55
 20
352.7
 30
0.0
 11
1124.55
 21
381.25555555555553
 31
0.0
  0
LINE
  5
12CB
330
17
100
AcDbEntity
  8
ESTRIBOS
 62
8
370
9
100
AcDbLine
 10
1125.35
 20
352.7
 30
0.0
 11
1125.35
 21
381.25555555555553
 31
0.0
  0
LINE
  5
12CC
330
17
100
AcDbEntity
  8
ESTRIBOS
 62
8
370
9
100
AcDbLine
 10
1126.15
 20
352.7
 30
0.0
 11
1126.15
 21
381.25555555555553
 31
0.0
  0
LINE
  5
12CD
330
17
100
AcDbEntity
  8
ESTRIBOS
 62
8
370
9
100
AcDbLine
 10
1126.95
 20
352.7
 30
0.0
 11
1126.95
 21
381.25555555555553
 31
0.0
  0
LINE
  5
12CE
330
17
100
AcDbEntity
  8
ESTRIBOS
 62
8
370
9
100
AcDbLine
 10
1127.75
 20
352.7
 30
0.0
 11
1127.75
 21
381.25555555555553
 31
0.0
  0
LINE
  5
12CF
330
17
100
AcDbEntity
  8
ESTRIBOS
 62
8
370
9
100
AcDbLine
 10
1128.55
 20
352.7
 30
0.0
 11
1128.55
 21
381.25555555555553
 31
0.0
  0
LINE
  5
12D0
330
17
100
AcDbEntity
  8
ESTRIBOS
 62
8
370
9
100
AcDbLine
 10
1129.35
 20
352.7
 30
0.0
 11
1129.35
 21
381.25555555555553
 31
0.0
  0
LINE
  5
12D1
330
17
100
AcDbEntity
  8
ESTRIBOS
 62
8
370
9
100
AcDbLine
 10
1130.15
 20
352.7
 30
0.0
 11
1130.15
 21
381.25555555555553
 31
0.0
  0
LINE
  5
12D2
330
17
100
AcDbEntity
  8
ESTRIBOS
 62
8
370
9
100
AcDbLine
 10
1130.95
 20
352.7
 30
0.0
 11
1130.95
 21
381.25555555555553
 31
0.0
  0
LINE
  5
12D3
330
17
100
AcDbEntity
  8
ESTRIBOS
 62
8
370
9
100
AcDbLine
 10
1131.75
 20
352.7
 30
0.0
 11
1131.75
 21
381.25555555555553
 31
0.0
  0
LINE
  5
12D4
330
17
100
AcDbEntity
  8
ESTRIBOS
 62
8
370
9
100
AcDbLine
 10
1132.55
 20
352.7
 30
0.0
 11
1132.55
 21
381.25555555555553
 31
0.0
  0
TEXT
  5
12D5
330
17
100
AcDbEntity
  8
ESTRIBOS
 62
8
100
AcDbText
 10
1118.3
 20
366.17777777777775
 30
0.0
 40
1.6
  1
Nº4 4R @80/@80
 72
1
 11
1118.3
 21
366.17777777777775
 31
0.0
100
AcDbText
 73
2
  0
LINE
  5
12D6
330
17
100
AcDbEntity
  8
ESTRIBOS
 62
8
370
9
100
AcDbLine
 10
1133.55
 20
352.7
 30
0.0
 11
1133.55
 21
381.25555555555553
 31
0.0
  0
LINE
  5
12D7
330
17
100
AcDbEntity
  8
ESTRIBOS
 62
8
370
9
100
AcDbLine
 10
1134.35
 20
352.7
 30
0.0
 11
1134.35
 21
381.25555555555553
 31
0.0
  0
LINE
  5
12D8
330
17
100
AcDbEntity
  8
ESTRIBOS
 62
8
370
9
100
AcDbLine
 10
1135.15
 20
352.7
 30
0.0
 11
1135.15
 21
381.25555555555553
 31
0.0
  0
LINE
  5
12D9
330
17
100
AcDbEntity
  8
ESTRIBOS
 62
8
370
9
100
AcDbLine
 10
1135.95
 20
352.7
 30
0.0
 11
1135.95
 21
381.25555555555553
 31
0.0
  0
LINE
  5
12DA
330
17
100
AcDbEntity
  8
ESTRIBOS
 62
8
370
9
100
AcDbLine
 10
1136.75
 20
352.7
 30
0.0
 11
1136.75
 21
381.25555555555553
 31
0.0
  0
LINE
  5
12DB
330
17
100
AcDbEntity
  8
ESTRIBOS
 62
8
370
9
100
AcDbLine
 10
1137.55
 20
352.7
 30
0.0
 11
1137.55
 21
381.25555555555553
 31
0.0
  0
LINE
  5
12DC
330
17
100
AcDbEntity
  8
ESTRIBOS
 62
8
370
9
100
AcDbLine
 10
1138.35
 20
352.7
 30
0.0
 11
1138.35
 21
381.25555555555553
 31
0.0
  0
LINE
  5
12DD
330
17
100
AcDbEntity
  8
ESTRIBOS
 62
8
370
9
100
AcDbLine
 10
1139.15
 20
352.7
 30
0.0
 11
1139.15
 21
381.25555555555553
 31
0.0
  0
LINE
  5
12DE
330
17
100
AcDbEntity
  8
ESTRIBOS
 62
8
370
9
100
AcDbLine
 10
1139.95
 20
352.7
 30
0.0
 11
1139.95
 21
381.25555555555553
 31
0.0
  0
LINE
  5
12DF
330
17
100
AcDbEntity
  8
ESTRIBOS
 62
8
370
9
100
AcDbLine
 10
1140.75
 20
352.7
 30
0.0
 11
1140.75
 21
381.25555555555553
 31
0.0
  0
LINE
  5
12E0
330
17
100
AcDbEntity
  8
ESTRIBOS
 62
8
370
9
100
AcDbLine
 10
1141.55
 20
352.7
 30
0.0
 11
1141.55
 21
381.25555555555553
 31
0.0
  0
LINE
  5
12E1
330
17
100
AcDbEntity
  8
ESTRIBOS
 62
8
370
9
100
AcDbLine
 10
1142.35
 20
352.7
 30
0.0
 11
1142.35
 21
381.25555555555553
 31
0.0
  0
LINE
  5
12E2
330
17
100
AcDbEntity
  8
ESTRIBOS
 62
8
370
9
100
AcDbLine
 10
1143.15
 20
352.7
 30
0.0
 11
1143.15
 21
381.25555555555553
 31
0.0
  0
LINE
  5
12E3
330
17
100
AcDbEntity
  8
ESTRIBOS
 62
8
370
9
100
AcDbLine
 10
1143.95
 20
352.7
 30
0.0
 11
1143.95
 21
381.25555555555553
 31
0.0
  0
LINE
  5
12E4
330
17
100
AcDbEntity
  8
ESTRIBOS
 62
8
370
9
100
AcDbLine
 10
1144.85
 20
352.7
 30
0.0
 11
1144.85
 21
381.25555555555553
 31
0.0
  0
LINE
  5
12E5
330
17
100
AcDbEntity
  8
ESTRIBOS
 62
8
370
9
100
AcDbLine
 10
1145.65
 20
352.7
 30
0.0
 11
1145.65
 21
381.25555555555553
 31
0.0
  0
LINE
  5
12E6
330
17
100
AcDbEntity
  8
ESTRIBOS
 62
8
370
9
100
AcDbLine
 10
1146.45
 20
352.7
 30
0.0
 11
1146.45
 21
381.25555555555553
 31
0.0
  0
LINE
  5
12E7
330
17
100
AcDbEntity
  8
ESTRIBOS
 62
8
370
9
100
AcDbLine
 10
1147.25
 20
352.7
 30
0.0
 11
1147.25
 21
381.25555555555553
 31
0.0
  0
LINE
  5
12E8
330
17
100
AcDbEntity
  8
ESTRIBOS
 62
8
370
9
100
AcDbLine
 10
1148.05
 20
352.7
 30
0.0
 11
1148.05
 21
381.25555555555553
 31
0.0
  0
LINE
  5
12E9
330
17
100
AcDbEntity
  8
ESTRIBOS
 62
8
370
9
100
AcDbLine
 10
1148.85
 20
352.7
 30
0.0
 11
1148.85
 21
381.25555555555553
 31
0.0
  0
LINE
  5
12EA
330
17
100
AcDbEntity
  8
ESTRIBOS
 62
8
370
9
100
AcDbLine
 10
1149.65
 20
352.7
 30
0.0
 11
1149.65
 21
381.25555555555553
 31
0.0
  0
LINE
  5
12EB
330
17
100
AcDbEntity
  8
ESTRIBOS
 62
8
370
9
100
AcDbLine
 10
1150.45
 20
352.7
 30
0.0
 11
1150.45
 21
381.25555555555553
 31
0.0
  0
LINE
  5
12EC
330
17
100
AcDbEntity
  8
ESTRIBOS
 62
8
370
9
100
AcDbLine
 10
1151.25
 20
352.7
 30
0.0
 11
1151.25
 21
381.25555555555553
 31
0.0
  0
LINE
  5
12ED
330
17
100
AcDbEntity
  8
ESTRIBOS
 62
8
370
9
100
AcDbLine
 10
1152.05
 20
352.7
 30
0.0
 11
1152.05
 21
381.25555555555553
 31
0.0
  0
LINE
  5
12EE
330
17
100
AcDbEntity
  8
ESTRIBOS
 62
8
370
9
100
AcDbLine
 10
1152.85
 20
352.7
 30
0.0
 11
1152.85
 21
381.25555555555553
 31
0.0
  0
LINE
  5
12EF
330
17
100
AcDbEntity
  8
ESTRIBOS
 62
8
370
9
100
AcDbLine
 10
1153.65
 20
352.7
 30
0.0
 11
1153.65
 21
381.25555555555553
 31
0.0
  0
LINE
  5
12F0
330
17
100
AcDbEntity
  8
ESTRIBOS
 62
8
370
9
100
AcDbLine
 10
1154.45
 20
352.7
 30
0.0
 11
1154.45
 21
381.25555555555553
 31
0.0
  0
LINE
  5
12F1
330
17
100
AcDbEntity
  8
ESTRIBOS
 62
8
370
9
100
AcDbLine
 10
1155.15
 20
352.7
 30
0.0
 11
1155.15
 21
381.25555555555553
 31
0.0
  0
LINE
  5
12F2
330
17
100
AcDbEntity
  8
ESTRIBOS
 62
8
370
9
100
AcDbLine
 10
1155.95
 20
352.7
 30
0.0
 11
1155.95
 21
381.25555555555553
 31
0.0
  0
LINE
  5
12F3
330
17
100
AcDbEntity
  8
ESTRIBOS
 62
8
370
9
100
AcDbLine
 10
1156.75
 20
352.7
 30
0.0
 11
1156.75
 21
381.25555555555553
 31
0.0
  0
LINE
  5
12F4
330
17
100
AcDbEntity
  8
ESTRIBOS
 62
8
370
9
100
AcDbLine
 10
1157.55
 20
352.7
 30
0.0
 11
1157.55
 21
381.25555555555553
 31
0.0
  0
LINE
  5
12F5
330
17
100
AcDbEntity
  8
ESTRIBOS
 62
8
370
9
100
AcDbLine
 10
1158.35
 20
352.7
 30
0.0
 11
1158.35
 21
381.25555555555553
 31
0.0
  0
LINE
  5
12F6
330
17
100
AcDbEntity
  8
ESTRIBOS
 62
8
370
9
100
AcDbLine
 10
1159.15
 20
352.7
 30
0.0
 11
1159.15
 21
381.25555555555553
 31
0.0
  0
LINE
  5
12F7
330
17
100
AcDbEntity
  8
ESTRIBOS
 62
8
370
9
100
AcDbLine
 10
1159.95
 20
352.7
 30
0.0
 11
1159.95
 21
381.25555555555553
 31
0.0
  0
LINE
  5
12F8
330
17
100
AcDbEntity
  8
ESTRIBOS
 62
8
370
9
100
AcDbLine
 10
1160.75
 20
352.7
 30
0.0
 11
1160.75
 21
381.25555555555553
 31
0.0
  0
LINE
  5
12F9
330
17
100
AcDbEntity
  8
ESTRIBOS
 62
8
370
9
100
AcDbLine
 10
1161.55
 20
352.7
 30
0.0
 11
1161.55
 21
381.25555555555553
 31
0.0
  0
LINE
  5
12FA
330
17
100
AcDbEntity
  8
ESTRIBOS
 62
8
370
9
100
AcDbLine
 10
1162.35
 20
352.7
 30
0.0
 11
1162.35
 21
381.25555555555553
 31
0.0
  0
LINE
  5
12FB
330
17
100
AcDbEntity
  8
ESTRIBOS
 62
8
370
9
100
AcDbLine
 10
1163.15
 20
352.7
 30
0.0
 11
1163.15
 21
381.25555555555553
 31
0.0
  0
LINE
  5
12FC
330
17
100
AcDbEntity
  8
ESTRIBOS
 62
8
370
9
100
AcDbLine
 10
1163.95
 20
352.7
 30
0.0
 11
1163.95
 21
381.25555555555553
 31
0.0
  0
LINE
  5
12FD
330
17
100
AcDbEntity
  8
ESTRIBOS
 62
8
370
9
100
AcDbLine
 10
1164.75
 20
352.7
 30
0.0
 11
1164.75
 21
381.25555555555553
 31
0.0
  0
LINE
  5
12FE
330
17
100
AcDbEntity
  8
ESTRIBOS
 62
8
370
9
100
AcDbLine
 10
1165.55
 20
352.7
 30
0.0
 11
1165.55
 21
381.25555555555553
 31
0.0
  0
TEXT
  5
12FF
330
17
100
AcDbEntity
  8
ESTRIBOS
 62
8
100
AcDbText
 10
1149.55
 20
366.17777777777775
 30
0.0
 40
1.6
  1
Nº4 4R @80/@80
 72
1
 11
1149.55
 21
366.17777777777775
 31
0.0
100
AcDbText
 73
2
  0
LINE
  5
1300
330
17
100
AcDbEntity
  8
ESTRIBOS
 62
8
370
9
100
AcDbLine
 10
1166.55
 20
352.7
 30
0.0
 11
1166.55
 21
381.25555555555553
 31
0.0
  0
LINE
  5
1301
330
17
100
AcDbEntity
  8
ESTRIBOS
 62
8
370
9
100
AcDbLine
 10
1167.35
 20
352.7
 30
0.0
 11
1167.35
 21
381.25555555555553
 31
0.0
  0
LINE
  5
1302
330
17
100
AcDbEntity
  8
ESTRIBOS
 62
8
370
9
100
AcDbLine
 10
1168.15
 20
352.7
 30
0.0
 11
1168.15
 21
381.25555555555553
 31
0.0
  0
LINE
  5
1303
330
17
100
AcDbEntity
  8
ESTRIBOS
 62
8
370
9
100
AcDbLine
 10
1168.95
 20
352.7
 30
0.0
 11
1168.95
 21
381.25555555555553
 31
0.0
  0
LINE
  5
1304
330
17
100
AcDbEntity
  8
ESTRIBOS
 62
8
370
9
100
AcDbLine
 10
1169.75
 20
352.7
 30
0.0
 11
1169.75
 21
381.25555555555553
 31
0.0
  0
LINE
  5
1305
330
17
100
AcDbEntity
  8
ESTRIBOS
 62
8
370
9
100
AcDbLine
 10
1170.55
 20
352.7
 30
0.0
 11
1170.55
 21
381.25555555555553
 31
0.0
  0
LINE
  5
1306
330
17
100
AcDbEntity
  8
ESTRIBOS
 62
8
370
9
100
AcDbLine
 10
1171.35
 20
352.7
 30
0.0
 11
1171.35
 21
381.25555555555553
 31
0.0
  0
LINE
  5
1307
330
17
100
AcDbEntity
  8
ESTRIBOS
 62
8
370
9
100
AcDbLine
 10
1172.15
 20
352.7
 30
0.0
 11
1172.15
 21
381.25555555555553
 31
0.0
  0
LINE
  5
1308
330
17
100
AcDbEntity
  8
ESTRIBOS
 62
8
370
9
100
AcDbLine
 10
1172.95
 20
352.7
 30
0.0
 11
1172.95
 21
381.25555555555553
 31
0.0
  0
LINE
  5
1309
330
17
100
AcDbEntity
  8
ESTRIBOS
 62
8
370
9
100
AcDbLine
 10
1174.15
 20
352.7
 30
0.0
 11
1174.15
 21
381.25555555555553
 31
0.0
  0
LINE
  5
130A
330
17
100
AcDbEntity
  8
ESTRIBOS
 62
8
370
9
100
AcDbLine
 10
1174.95
 20
352.7
 30
0.0
 11
1174.95
 21
381.25555555555553
 31
0.0
  0
LINE
  5
130B
330
17
100
AcDbEntity
  8
ESTRIBOS
 62
8
370
9
100
AcDbLine
 10
1175.75
 20
352.7
 30
0.0
 11
1175.75
 21
381.25555555555553
 31
0.0
  0
LINE
  5
130C
330
17
100
AcDbEntity
  8
ESTRIBOS
 62
8
370
9
100
AcDbLine
 10
1176.55
 20
352.7
 30
0.0
 11
1176.55
 21
381.25555555555553
 31
0.0
  0
LINE
  5
130D
330
17
100
AcDbEntity
  8
ESTRIBOS
 62
8
370
9
100
AcDbLine
 10
1177.35
 20
352.7
 30
0.0
 11
1177.35
 21
381.25555555555553
 31
0.0
  0
LINE
  5
130E
330
17
100
AcDbEntity
  8
ESTRIBOS
 62
8
370
9
100
AcDbLine
 10
1178.15
 20
352.7
 30
0.0
 11
1178.15
 21
381.25555555555553
 31
0.0
  0
LINE
  5
130F
330
17
100
AcDbEntity
  8
ESTRIBOS
 62
8
370
9
100
AcDbLine
 10
1178.95
 20
352.7
 30
0.0
 11
1178.95
 21
381.25555555555553
 31
0.0
  0
LINE
  5
1310
330
17
100
AcDbEntity
  8
ESTRIBOS
 62
8
370
9
100
AcDbLine
 10
1179.75
 20
352.7
 30
0.0
 11
1179.75
 21
381.25555555555553
 31
0.0
  0
LINE
  5
1311
330
17
100
AcDbEntity
  8
ESTRIBOS
 62
8
370
9
100
AcDbLine
 10
1180.55
 20
352.7
 30
0.0
 11
1180.55
 21
381.25555555555553
 31
0.0
  0
TEXT
  5
1312
330
17
100
AcDbEntity
  8
ESTRIBOS
 62
8
100
AcDbText
 10
1173.55
 20
366.17777777777775
 30
0.0
 40
1.6
  1
Nº4 4R @80/@80
 72
1
 11
1173.55
 21
366.17777777777775
 31
0.0
100
AcDbText
 73
2
  0
LWPOLYLINE
  5
1313
330
17
100
AcDbEntity
  8
ACERO_SUP_CONT
 62
4
370
35
100
AcDbPolyline
 90
4
 70
0
 10
789.05
 20
374.25555555555553
 10
789.05
 20
380.25555555555553
 10
1181.05
 20
380.25555555555553
 10
1181.05
 20
374.25555555555553
  0
TEXT
  5
1314
330
17
100
AcDbEntity
  8
ACERO_SUP_CONT
 62
4
100
AcDbText
 10
985.05
 20
383.25555555555553
 30
0.0
 40
2.2
  1
M1  2#5 CONT.  Lc=39210 mm
 72
1
 11
985.05
 21
383.25555555555553
 31
0.0
100
AcDbText
 73
2
  0
LWPOLYLINE
  5
1315
330
17
100
AcDbEntity
  8
ACERO_SUP_APOYO
 62
5
370
30
100
AcDbPolyline
 90
3
 70
0
 10
786.0
 20
372.75555555555553
 10
786.0
 20
377.75555555555553
 10
792.8
 20
377.75555555555553
  0
TEXT
  5
1316
330
17
100
AcDbEntity
  8
ACERO_SUP_APOYO
 62
5
100
AcDbText
 10
789.05
 20
379.25555555555553
 30
0.0
 40
1.7
  1
M2 3#5 L=530
 72
1
 11
789.05
 21
379.25555555555553
 31
0.0
100
AcDbText
 73
2
  0
LWPOLYLINE
  5
1317
330
17
100
AcDbEntity
  8
ACERO_SUP_APOYO
 62
5
370
30
100
AcDbPolyline
 90
2
 70
0
 10
800.3
 20
375.55555555555554
 10
812.3
 20
375.55555555555554
  0
TEXT
  5
1318
330
17
100
AcDbEntity
  8
ACERO_SUP_APOYO
 62
5
100
AcDbText
 10
804.05
 20
377.05555555555554
 30
0.0
 40
1.7
  1
M2 3#5 L=1700
 72
1
 11
804.05
 21
377.05555555555554
 31
0.0
100
AcDbText
 73
2
  0
LWPOLYLINE
  5
1319
330
17
100
AcDbEntity
  8
ACERO_SUP_APOYO
 62
5
370
30
100
AcDbPolyline
 90
2
 70
0
 10
828.8
 20
377.75555555555553
 10
844.425
 20
377.75555555555553
  0
TEXT
  5
131A
330
17
100
AcDbEntity
  8
ACERO_SUP_APOYO
 62
5
100
AcDbText
 10
837.05
 20
379.25555555555553
 30
0.0
 40
1.7
  1
M2 3#5 L=2062
 72
1
 11
837.05
 21
379.25555555555553
 31
0.0
100
AcDbText
 73
2
  0
LWPOLYLINE
  5
131B
330
17
100
AcDbEntity
  8
ACERO_SUP_APOYO
 62
5
370
30
100
AcDbPolyline
 90
2
 70
0
 10
859.175
 20
375.55555555555554
 10
873.05
 20
375.55555555555554
  0
TEXT
  5
131C
330
17
100
AcDbEntity
  8
ACERO_SUP_APOYO
 62
5
100
AcDbText
 10
866.55
 20
377.05555555555554
 30
0.0
 40
1.7
  1
M2 3#5 L=1888
 72
1
 11
866.55
 21
377.05555555555554
 31
0.0
100
AcDbText
 73
2
  0
LWPOLYLINE
  5
131D
330
17
100
AcDbEntity
  8
ACERO_SUP_APOYO
 62
5
370
30
100
AcDbPolyline
 90
2
 70
0
 10
886.05
 20
377.75555555555553
 10
898.8
 20
377.75555555555553
  0
TEXT
  5
131E
330
17
100
AcDbEntity
  8
ACERO_SUP_APOYO
 62
5
100
AcDbText
 10
892.55
 20
379.25555555555553
 30
0.0
 40
1.7
  1
M2 3#5 L=1775
 72
1
 11
892.55
 21
379.25555555555553
 31
0.0
100
AcDbText
 73
2
  0
LWPOLYLINE
  5
131F
330
17
100
AcDbEntity
  8
ACERO_SUP_APOYO
 62
5
370
30
100
AcDbPolyline
 90
2
 70
0
 10
911.3
 20
375.55555555555554
 10
927.55
 20
375.55555555555554
  0
TEXT
  5
1320
330
17
100
AcDbEntity
  8
ACERO_SUP_APOYO
 62
5
100
AcDbText
 10
917.55
 20
377.05555555555554
 30
0.0
 40
1.7
  1
M2 3#5 L=2125
 72
1
 11
917.55
 21
377.05555555555554
 31
0.0
100
AcDbText
 73
2
  0
LWPOLYLINE
  5
1321
330
17
100
AcDbEntity
  8
ACERO_SUP_APOYO
 62
5
370
30
100
AcDbPolyline
 90
2
 70
0
 10
947.55
 20
377.75555555555553
 10
964.55
 20
377.75555555555553
  0
TEXT
  5
1322
330
17
100
AcDbEntity
  8
ACERO_SUP_APOYO
 62
5
100
AcDbText
 10
957.55
 20
379.25555555555553
 30
0.0
 40
1.7
  1
M2 3#5 L=2200
 72
1
 11
957.55
 21
379.25555555555553
 31
0.0
100
AcDbText
 73
2
  0
LWPOLYLINE
  5
1323
330
17
100
AcDbEntity
  8
ACERO_SUP_APOYO
 62
5
370
30
100
AcDbPolyline
 90
2
 70
0
 10
978.55
 20
375.55555555555554
 10
992.3
 20
375.55555555555554
  0
TEXT
  5
1324
330
17
100
AcDbEntity
  8
ACERO_SUP_APOYO
 62
5
100
AcDbText
 10
985.55
 20
377.05555555555554
 30
0.0
 40
1.7
  1
M2 3#5 L=1875
 72
1
 11
985.55
 21
377.05555555555554
 31
0.0
100
AcDbText
 73
2
  0
LWPOLYLINE
  5
1325
330
17
100
AcDbEntity
  8
ACERO_SUP_APOYO
 62
5
370
30
100
AcDbPolyline
 90
2
 70
0
 10
1005.8
 20
377.75555555555553
 10
1022.55
 20
377.75555555555553
  0
TEXT
  5
1326
330
17
100
AcDbEntity
  8
ACERO_SUP_APOYO
 62
5
100
AcDbText
 10
1012.55
 20
379.25555555555553
 30
0.0
 40
1.7
  1
M2 3#5 L=2175
 72
1
 11
1012.55
 21
379.25555555555553
 31
0.0
100
AcDbText
 73
2
  0
LWPOLYLINE
  5
1327
330
17
100
AcDbEntity
  8
ACERO_SUP_APOYO
 62
5
370
30
100
AcDbPolyline
 90
2
 70
0
 10
1042.55
 20
375.55555555555554
 10
1058.8
 20
375.55555555555554
  0
TEXT
  5
1328
330
17
100
AcDbEntity
  8
ACERO_SUP_APOYO
 62
5
100
AcDbText
 10
1052.55
 20
377.05555555555554
 30
0.0
 40
1.7
  1
M2 3#5 L=2125
 72
1
 11
1052.55
 21
377.05555555555554
 31
0.0
100
AcDbText
 73
2
  0
LWPOLYLINE
  5
1329
330
17
100
AcDbEntity
  8
ACERO_SUP_APOYO
 62
5
370
30
100
AcDbPolyline
 90
2
 70
0
 10
1071.3
 20
377.75555555555553
 10
1084.05
 20
377.75555555555553
  0
TEXT
  5
132A
330
17
100
AcDbEntity
  8
ACERO_SUP_APOYO
 62
5
100
AcDbText
 10
1077.55
 20
379.25555555555553
 30
0.0
 40
1.7
  1
M2 3#5 L=1775
 72
1
 11
1077.55
 21
379.25555555555553
 31
0.0
100
AcDbText
 73
2
  0
LWPOLYLINE
  5
132B
330
17
100
AcDbEntity
  8
ACERO_SUP_APOYO
 62
5
370
30
100
AcDbPolyline
 90
2
 70
0
 10
1097.05
 20
375.55555555555554
 10
1110.925
 20
375.55555555555554
  0
TEXT
  5
132C
330
17
100
AcDbEntity
  8
ACERO_SUP_APOYO
 62
5
100
AcDbText
 10
1103.55
 20
377.05555555555554
 30
0.0
 40
1.7
  1
M2 3#5 L=1888
 72
1
 11
1103.55
 21
377.05555555555554
 31
0.0
100
AcDbText
 73
2
  0
LWPOLYLINE
  5
132D
330
17
100
AcDbEntity
  8
ACERO_SUP_APOYO
 62
5
370
30
100
AcDbPolyline
 90
2
 70
0
 10
1125.675
 20
377.75555555555553
 10
1141.3
 20
377.75555555555553
  0
TEXT
  5
132E
330
17
100
AcDbEntity
  8
ACERO_SUP_APOYO
 62
5
100
AcDbText
 10
1133.05
 20
379.25555555555553
 30
0.0
 40
1.7
  1
M2 3#5 L=2062
 72
1
 11
1133.05
 21
379.25555555555553
 31
0.0
100
AcDbText
 73
2
  0
LWPOLYLINE
  5
132F
330
17
100
AcDbEntity
  8
ACERO_SUP_APOYO
 62
5
370
30
100
AcDbPolyline
 90
2
 70
0
 10
1157.8
 20
375.55555555555554
 10
1169.8
 20
375.55555555555554
  0
TEXT
  5
1330
330
17
100
AcDbEntity
  8
ACERO_SUP_APOYO
 62
5
100
AcDbText
 10
1166.05
 20
377.05555555555554
 30
0.0
 40
1.7
  1
M2 3#5 L=1700
 72
1
 11
1166.05
 21
377.05555555555554
 31
0.0
100
AcDbText
 73
2
  0
LWPOLYLINE
  5
1331
330
17
100
AcDbEntity
  8
ACERO_SUP_APOYO
 62
5
370
30
100
AcDbPolyline
 90
3
 70
0
 10
1177.3
 20
377.75555555555553
 10
1184.1
 20
377.75555555555553
 10
1184.1
 20
372.75555555555553
  0
TEXT
  5
1332
330
17
100
AcDbEntity
  8
ACERO_SUP_APOYO
 62
5
100
AcDbText
 10
1181.05
 20
379.25555555555553
 30
0.0
 40
1.7
  1
M2 3#5 L=530
 72
1
 11
1181.05
 21
379.25555555555553
 31
0.0
100
AcDbText
 73
2
  0
LWPOLYLINE
  5
1333
330
17
100
AcDbEntity
  8
ACERO_INF
 62
1
370
35
100
AcDbPolyline
 90
4
 70
0
 10
790.55
 20
358.7
 10
790.55
 20
353.7
 10
802.55
 20
353.7
 10
802.55
 20
358.7
  0
TEXT
  5
1334
330
17
100
AcDbEntity
  8
ACERO_INF
 62
1
100
AcDbText
 10
796.55
 20
351.0
 30
0.0
 40
1.7
  1
M3 5#5 L=1510
 72
1
 11
796.55
 21
351.0
 31
0.0
100
AcDbText
 73
2
  0
LWPOLYLINE
  5
1335
330
17
100
AcDbEntity
  8
ACERO_INF
 62
1
370
35
100
AcDbPolyline
 90
4
 70
0
 10
805.55
 20
360.5
 10
805.55
 20
355.5
 10
835.55
 20
355.5
 10
835.55
 20
360.5
  0
TEXT
  5
1336
330
17
100
AcDbEntity
  8
ACERO_INF
 62
1
100
AcDbText
 10
820.55
 20
352.8
 30
0.0
 40
1.7
  1
M3 5#5 L=3310
 72
1
 11
820.55
 21
352.8
 31
0.0
100
AcDbText
 73
2
  0
LWPOLYLINE
  5
1337
330
17
100
AcDbEntity
  8
ACERO_INF
 62
1
370
35
100
AcDbPolyline
 90
4
 70
0
 10
838.55
 20
358.7
 10
838.55
 20
353.7
 10
865.05
 20
353.7
 10
865.05
 20
358.7
  0
TEXT
  5
1338
330
17
100
AcDbEntity
  8
ACERO_INF
 62
1
100
AcDbText
 10
851.8
 20
351.0
 30
0.0
 40
1.7
  1
M3 5#5 L=2960
 72
1
 11
851.8
 21
351.0
 31
0.0
100
AcDbText
 73
2
  0
LWPOLYLINE
  5
1339
330
17
100
AcDbEntity
  8
ACERO_INF
 62
1
370
35
100
AcDbPolyline
 90
4
 70
0
 10
868.05
 20
360.5
 10
868.05
 20
355.5
 10
891.05
 20
355.5
 10
891.05
 20
360.5
  0
TEXT
  5
133A
330
17
100
AcDbEntity
  8
ACERO_INF
 62
1
100
AcDbText
 10
879.55
 20
352.8
 30
0.0
 40
1.7
  1
M3 5#5 L=2610
 72
1
 11
879.55
 21
352.8
 31
0.0
100
AcDbText
 73
2
  0
LWPOLYLINE
  5
133B
330
17
100
AcDbEntity
  8
ACERO_INF
 62
1
370
35
100
AcDbPolyline
 90
4
 70
0
 10
894.05
 20
358.7
 10
894.05
 20
353.7
 10
916.05
 20
353.7
 10
916.05
 20
358.7
  0
TEXT
  5
133C
330
17
100
AcDbEntity
  8
ACERO_INF
 62
1
100
AcDbText
 10
905.05
 20
351.0
 30
0.0
 40
1.7
  1
M3 5#5 L=2510
 72
1
 11
905.05
 21
351.0
 31
0.0
100
AcDbText
 73
2
  0
LWPOLYLINE
  5
133D
330
17
100
AcDbEntity
  8
ACERO_INF
 62
1
370
35
100
AcDbPolyline
 90
4
 70
0
 10
919.05
 20
360.5
 10
919.05
 20
355.5
 10
956.05
 20
355.5
 10
956.05
 20
360.5
  0
TEXT
  5
133E
330
17
100
AcDbEntity
  8
ACERO_INF
 62
1
100
AcDbText
 10
937.55
 20
352.8
 30
0.0
 40
1.7
  1
M3 5#5 L=4010
 72
1
 11
937.55
 21
352.8
 31
0.0
100
AcDbText
 73
2
  0
LWPOLYLINE
  5
133F
330
17
100
AcDbEntity
  8
ACERO_INF
 62
1
370
35
100
AcDbPolyline
 90
4
 70
0
 10
959.05
 20
358.7
 10
959.05
 20
353.7
 10
984.05
 20
353.7
 10
984.05
 20
358.7
  0
TEXT
  5
1340
330
17
100
AcDbEntity
  8
ACERO_INF
 62
1
100
AcDbText
 10
971.55
 20
351.0
 30
0.0
 40
1.7
  1
M3 5#5 L=2810
 72
1
 11
971.55
 21
351.0
 31
0.0
100
AcDbText
 73
2
  0
LWPOLYLINE
  5
1341
330
17
100
AcDbEntity
  8
ACERO_INF
 62
1
370
35
100
AcDbPolyline
 90
4
 70
0
 10
987.05
 20
360.5
 10
987.05
 20
355.5
 10
1011.05
 20
355.5
 10
1011.05
 20
360.5
  0
TEXT
  5
1342
330
17
100
AcDbEntity
  8
ACERO_INF
 62
1
100
AcDbText
 10
999.05
 20
352.8
 30
0.0
 40
1.7
  1
M3 5#5 L=2710
 72
1
 11
999.05
 21
352.8
 31
0.0
100
AcDbText
 73
2
  0
LWPOLYLINE
  5
1343
330
17
100
AcDbEntity
  8
ACERO_INF
 62
1
370
35
100
AcDbPolyline
 90
4
 70
0
 10
1014.05
 20
358.7
 10
1014.05
 20
353.7
 10
1051.05
 20
353.7
 10
1051.05
 20
358.7
  0
TEXT
  5
1344
330
17
100
AcDbEntity
  8
ACERO_INF
 62
1
100
AcDbText
 10
1032.55
 20
351.0
 30
0.0
 40
1.7
  1
M3 5#5 L=4010
 72
1
 11
1032.55
 21
351.0
 31
0.0
100
AcDbText
 73
2
  0
LWPOLYLINE
  5
1345
330
17
100
AcDbEntity
  8
ACERO_INF
 62
1
370
35
100
AcDbPolyline
 90
4
 70
0
 10
1054.05
 20
360.5
 10
1054.05
 20
355.5
 10
1076.05
 20
355.5
 10
1076.05
 20
360.5
  0
TEXT
  5
1346
330
17
100
AcDbEntity
  8
ACERO_INF
 62
1
100
AcDbText
 10
1065.05
 20
352.8
 30
0.0
 40
1.7
  1
M3 5#5 L=2510
 72
1
 11
1065.05
 21
352.8
 31
0.0
100
AcDbText
 73
2
  0
LWPOLYLINE
  5
1347
330
17
100
AcDbEntity
  8
ACERO_INF
 62
1
370
35
100
AcDbPolyline
 90
4
 70
0
 10
1079.05
 20
358.7
 10
1079.05
 20
353.7
 10
1102.05
 20
353.7
 10
1102.05
 20
358.7
  0
TEXT
  5
1348
330
17
100
AcDbEntity
  8
ACERO_INF
 62
1
100
AcDbText
 10
1090.55
 20
351.0
 30
0.0
 40
1.7
  1
M3 5#5 L=2610
 72
1
 11
1090.55
 21
351.0
 31
0.0
100
AcDbText
 73
2
  0
LWPOLYLINE
  5
1349
330
17
100
AcDbEntity
  8
ACERO_INF
 62
1
370
35
100
AcDbPolyline
 90
4
 70
0
 10
1105.05
 20
360.5
 10
1105.05
 20
355.5
 10
1131.55
 20
355.5
 10
1131.55
 20
360.5
  0
TEXT
  5
134A
330
17
100
AcDbEntity
  8
ACERO_INF
 62
1
100
AcDbText
 10
1118.3
 20
352.8
 30
0.0
 40
1.7
  1
M3 5#5 L=2960
 72
1
 11
1118.3
 21
352.8
 31
0.0
100
AcDbText
 73
2
  0
LWPOLYLINE
  5
134B
330
17
100
AcDbEntity
  8
ACERO_INF
 62
1
370
35
100
AcDbPolyline
 90
4
 70
0
 10
1134.55
 20
358.7
 10
1134.55
 20
353.7
 10
1164.55
 20
353.7
 10
1164.55
 20
358.7
  0
TEXT
  5
134C
330
17
100
AcDbEntity
  8
ACERO_INF
 62
1
100
AcDbText
 10
1149.55
 20
351.0
 30
0.0
 40
1.7
  1
M3 5#5 L=3310
 72
1
 11
1149.55
 21
351.0
 31
0.0
100
AcDbText
 73
2
  0
LWPOLYLINE
  5
134D
330
17
100
AcDbEntity
  8
ACERO_INF
 62
1
370
35
100
AcDbPolyline
 90
4
 70
0
 10
1167.55
 20
360.5
 10
1167.55
 20
355.5
 10
1179.55
 20
355.5
 10
1179.55
 20
360.5
  0
TEXT
  5
134E
330
17
100
AcDbEntity
  8
ACERO_INF
 62
1
100
AcDbText
 10
1173.55
 20
352.8
 30
0.0
 40
1.7
  1
M3 5#5 L=1510
 72
1
 11
1173.55
 21
352.8
 31
0.0
100
AcDbText
 73
2
  0
LWPOLYLINE
  5
134F
330
17
100
AcDbEntity
  8
ACERO_TORSION
 62
30
370
30
100
AcDbPolyline
 90
2
 70
0
 10
790.05
 20
369.37777777777774
 10
1180.05
 20
369.37777777777774
  0
TEXT
  5
1350
330
17
100
AcDbEntity
  8
ACERO_TORSION
 62
30
100
AcDbText
 10
985.05
 20
370.97777777777776
 30
0.0
 40
1.7
  1
M4 16#5 TORSIÓN DEDICADA
 72
1
 11
985.05
 21
370.97777777777776
 31
0.0
100
AcDbText
 73
2
  0
LINE
  5
1351
330
17
100
AcDbEntity
  8
CORTE
 62
6
370
13
100
AcDbLine
 10
791.75
 20
349.2
 30
0.0
 11
791.75
 21
384.75555555555553
 31
0.0
  0
TEXT
  5
1352
330
17
100
AcDbEntity
  8
CORTE
 62
6
100
AcDbText
 10
791.75
 20
389.75555555555553
 30
0.0
 40
2.0
  1
A
 72
1
 11
791.75
 21
389.75555555555553
 31
0.0
100
AcDbText
 73
2
  0
LINE
  5
1353
330
17
100
AcDbEntity
  8
CORTE
 62
6
370
13
100
AcDbLine
 10
1003.9100000000001
 20
349.2
 30
0.0
 11
1003.9100000000001
 21
384.75555555555553
 31
0.0
  0
TEXT
  5
1354
330
17
100
AcDbEntity
  8
CORTE
 62
6
100
AcDbText
 10
1003.9100000000001
 20
389.75555555555553
 30
0.0
 40
2.0
  1
B
 72
1
 11
1003.9100000000001
 21
389.75555555555553
 31
0.0
100
AcDbText
 73
2
  0
LINE
  5
1355
330
17
100
AcDbEntity
  8
CORTE
 62
6
370
13
100
AcDbLine
 10
1178.35
 20
349.2
 30
0.0
 11
1178.35
 21
384.75555555555553
 31
0.0
  0
TEXT
  5
1356
330
17
100
AcDbEntity
  8
CORTE
 62
6
100
AcDbText
 10
1178.35
 20
389.75555555555553
 30
0.0
 40
2.0
  1
C
 72
1
 11
1178.35
 21
389.75555555555553
 31
0.0
100
AcDbText
 73
2
  0
LINE
  5
1357
330
17
100
AcDbEntity
  8
COTAS
 62
3
370
13
100
AcDbLine
 10
789.05
 20
341.7
 30
0.0
 11
804.05
 21
341.7
 31
0.0
  0
LINE
  5
1358
330
17
100
AcDbEntity
  8
COTAS
 62
3
370
13
100
AcDbLine
 10
789.05
 20
340.5
 30
0.0
 11
789.05
 21
342.9
 31
0.0
  0
LINE
  5
1359
330
17
100
AcDbEntity
  8
COTAS
 62
3
370
13
100
AcDbLine
 10
804.05
 20
340.5
 30
0.0
 11
804.05
 21
342.9
 31
0.0
  0
TEXT
  5
135A
330
17
100
AcDbEntity
  8
COTAS
 62
3
100
AcDbText
 10
796.55
 20
342.7
 30
0.0
 40
1.8
  1
1.500 m
 72
1
 11
796.55
 21
342.7
 31
0.0
100
AcDbText
 73
2
  0
TEXT
  5
135B
330
17
100
AcDbEntity
  8
TEXTO
 62
7
100
AcDbText
 10
796.55
 20
338.5
 30
0.0
 40
1.55
  1
F151
 72
1
 11
796.55
 21
338.5
 31
0.0
100
AcDbText
 73
2
  0
LINE
  5
135C
330
17
100
AcDbEntity
  8
COTAS
 62
3
370
13
100
AcDbLine
 10
804.05
 20
335.7
 30
0.0
 11
837.05
 21
335.7
 31
0.0
  0
LINE
  5
135D
330
17
100
AcDbEntity
  8
COTAS
 62
3
370
13
100
AcDbLine
 10
804.05
 20
334.5
 30
0.0
 11
804.05
 21
336.9
 31
0.0
  0
LINE
  5
135E
330
17
100
AcDbEntity
  8
COTAS
 62
3
370
13
100
AcDbLine
 10
837.05
 20
334.5
 30
0.0
 11
837.05
 21
336.9
 31
0.0
  0
TEXT
  5
135F
330
17
100
AcDbEntity
  8
COTAS
 62
3
100
AcDbText
 10
820.55
 20
336.7
 30
0.0
 40
1.8
  1
3.300 m
 72
1
 11
820.55
 21
336.7
 31
0.0
100
AcDbText
 73
2
  0
TEXT
  5
1360
330
17
100
AcDbEntity
  8
TEXTO
 62
7
100
AcDbText
 10
820.55
 20
332.5
 30
0.0
 40
1.55
  1
F1353
 72
1
 11
820.55
 21
332.5
 31
0.0
100
AcDbText
 73
2
  0
LINE
  5
1361
330
17
100
AcDbEntity
  8
COTAS
 62
3
370
13
100
AcDbLine
 10
837.05
 20
341.7
 30
0.0
 11
866.55
 21
341.7
 31
0.0
  0
LINE
  5
1362
330
17
100
AcDbEntity
  8
COTAS
 62
3
370
13
100
AcDbLine
 10
837.05
 20
340.5
 30
0.0
 11
837.05
 21
342.9
 31
0.0
  0
LINE
  5
1363
330
17
100
AcDbEntity
  8
COTAS
 62
3
370
13
100
AcDbLine
 10
866.55
 20
340.5
 30
0.0
 11
866.55
 21
342.9
 31
0.0
  0
TEXT
  5
1364
330
17
100
AcDbEntity
  8
COTAS
 62
3
100
AcDbText
 10
851.8
 20
342.7
 30
0.0
 40
1.8
  1
2.950 m
 72
1
 11
851.8
 21
342.7
 31
0.0
100
AcDbText
 73
2
  0
TEXT
  5
1365
330
17
100
AcDbEntity
  8
TEXTO
 62
7
100
AcDbText
 10
851.8
 20
338.5
 30
0.0
 40
1.55
  1
F23
 72
1
 11
851.8
 21
338.5
 31
0.0
100
AcDbText
 73
2
  0
LINE
  5
1366
330
17
100
AcDbEntity
  8
COTAS
 62
3
370
13
100
AcDbLine
 10
866.55
 20
335.7
 30
0.0
 11
892.55
 21
335.7
 31
0.0
  0
LINE
  5
1367
330
17
100
AcDbEntity
  8
COTAS
 62
3
370
13
100
AcDbLine
 10
866.55
 20
334.5
 30
0.0
 11
866.55
 21
336.9
 31
0.0
  0
LINE
  5
1368
330
17
100
AcDbEntity
  8
COTAS
 62
3
370
13
100
AcDbLine
 10
892.55
 20
334.5
 30
0.0
 11
892.55
 21
336.9
 31
0.0
  0
TEXT
  5
1369
330
17
100
AcDbEntity
  8
COTAS
 62
3
100
AcDbText
 10
879.55
 20
336.7
 30
0.0
 40
1.8
  1
2.600 m
 72
1
 11
879.55
 21
336.7
 31
0.0
100
AcDbText
 73
2
  0
TEXT
  5
136A
330
17
100
AcDbEntity
  8
TEXTO
 62
7
100
AcDbText
 10
879.55
 20
332.5
 30
0.0
 40
1.55
  1
F24
 72
1
 11
879.55
 21
332.5
 31
0.0
100
AcDbText
 73
2
  0
LINE
  5
136B
330
17
100
AcDbEntity
  8
COTAS
 62
3
370
13
100
AcDbLine
 10
892.55
 20
341.7
 30
0.0
 11
917.55
 21
341.7
 31
0.0
  0
LINE
  5
136C
330
17
100
AcDbEntity
  8
COTAS
 62
3
370
13
100
AcDbLine
 10
892.55
 20
340.5
 30
0.0
 11
892.55
 21
342.9
 31
0.0
  0
LINE
  5
136D
330
17
100
AcDbEntity
  8
COTAS
 62
3
370
13
100
AcDbLine
 10
917.55
 20
340.5
 30
0.0
 11
917.55
 21
342.9
 31
0.0
  0
TEXT
  5
136E
330
17
100
AcDbEntity
  8
COTAS
 62
3
100
AcDbText
 10
905.05
 20
342.7
 30
0.0
 40
1.8
  1
2.500 m
 72
1
 11
905.05
 21
342.7
 31
0.0
100
AcDbText
 73
2
  0
TEXT
  5
136F
330
17
100
AcDbEntity
  8
TEXTO
 62
7
100
AcDbText
 10
905.05
 20
338.5
 30
0.0
 40
1.55
  1
F25
 72
1
 11
905.05
 21
338.5
 31
0.0
100
AcDbText
 73
2
  0
LINE
  5
1370
330
17
100
AcDbEntity
  8
COTAS
 62
3
370
13
100
AcDbLine
 10
917.55
 20
335.7
 30
0.0
 11
957.55
 21
335.7
 31
0.0
  0
LINE
  5
1371
330
17
100
AcDbEntity
  8
COTAS
 62
3
370
13
100
AcDbLine
 10
917.55
 20
334.5
 30
0.0
 11
917.55
 21
336.9
 31
0.0
  0
LINE
  5
1372
330
17
100
AcDbEntity
  8
COTAS
 62
3
370
13
100
AcDbLine
 10
957.55
 20
334.5
 30
0.0
 11
957.55
 21
336.9
 31
0.0
  0
TEXT
  5
1373
330
17
100
AcDbEntity
  8
COTAS
 62
3
100
AcDbText
 10
937.55
 20
336.7
 30
0.0
 40
1.8
  1
4.000 m
 72
1
 11
937.55
 21
336.7
 31
0.0
100
AcDbText
 73
2
  0
TEXT
  5
1374
330
17
100
AcDbEntity
  8
TEXTO
 62
7
100
AcDbText
 10
937.55
 20
332.5
 30
0.0
 40
1.55
  1
F26
 72
1
 11
937.55
 21
332.5
 31
0.0
100
AcDbText
 73
2
  0
LINE
  5
1375
330
17
100
AcDbEntity
  8
COTAS
 62
3
370
13
100
AcDbLine
 10
957.55
 20
341.7
 30
0.0
 11
985.55
 21
341.7
 31
0.0
  0
LINE
  5
1376
330
17
100
AcDbEntity
  8
COTAS
 62
3
370
13
100
AcDbLine
 10
957.55
 20
340.5
 30
0.0
 11
957.55
 21
342.9
 31
0.0
  0
LINE
  5
1377
330
17
100
AcDbEntity
  8
COTAS
 62
3
370
13
100
AcDbLine
 10
985.55
 20
340.5
 30
0.0
 11
985.55
 21
342.9
 31
0.0
  0
TEXT
  5
1378
330
17
100
AcDbEntity
  8
COTAS
 62
3
100
AcDbText
 10
971.55
 20
342.7
 30
0.0
 40
1.8
  1
2.800 m
 72
1
 11
971.55
 21
342.7
 31
0.0
100
AcDbText
 73
2
  0
TEXT
  5
1379
330
17
100
AcDbEntity
  8
TEXTO
 62
7
100
AcDbText
 10
971.55
 20
338.5
 30
0.0
 40
1.55
  1
F27
 72
1
 11
971.55
 21
338.5
 31
0.0
100
AcDbText
 73
2
  0
LINE
  5
137A
330
17
100
AcDbEntity
  8
COTAS
 62
3
370
13
100
AcDbLine
 10
985.55
 20
335.7
 30
0.0
 11
1012.55
 21
335.7
 31
0.0
  0
LINE
  5
137B
330
17
100
AcDbEntity
  8
COTAS
 62
3
370
13
100
AcDbLine
 10
985.55
 20
334.5
 30
0.0
 11
985.55
 21
336.9
 31
0.0
  0
LINE
  5
137C
330
17
100
AcDbEntity
  8
COTAS
 62
3
370
13
100
AcDbLine
 10
1012.55
 20
334.5
 30
0.0
 11
1012.55
 21
336.9
 31
0.0
  0
TEXT
  5
137D
330
17
100
AcDbEntity
  8
COTAS
 62
3
100
AcDbText
 10
999.05
 20
336.7
 30
0.0
 40
1.8
  1
2.700 m
 72
1
 11
999.05
 21
336.7
 31
0.0
100
AcDbText
 73
2
  0
TEXT
  5
137E
330
17
100
AcDbEntity
  8
TEXTO
 62
7
100
AcDbText
 10
999.05
 20
332.5
 30
0.0
 40
1.55
  1
F28
 72
1
 11
999.05
 21
332.5
 31
0.0
100
AcDbText
 73
2
  0
LINE
  5
137F
330
17
100
AcDbEntity
  8
COTAS
 62
3
370
13
100
AcDbLine
 10
1012.55
 20
341.7
 30
0.0
 11
1052.55
 21
341.7
 31
0.0
  0
LINE
  5
1380
330
17
100
AcDbEntity
  8
COTAS
 62
3
370
13
100
AcDbLine
 10
1012.55
 20
340.5
 30
0.0
 11
1012.55
 21
342.9
 31
0.0
  0
LINE
  5
1381
330
17
100
AcDbEntity
  8
COTAS
 62
3
370
13
100
AcDbLine
 10
1052.55
 20
340.5
 30
0.0
 11
1052.55
 21
342.9
 31
0.0
  0
TEXT
  5
1382
330
17
100
AcDbEntity
  8
COTAS
 62
3
100
AcDbText
 10
1032.55
 20
342.7
 30
0.0
 40
1.8
  1
4.000 m
 72
1
 11
1032.55
 21
342.7
 31
0.0
100
AcDbText
 73
2
  0
TEXT
  5
1383
330
17
100
AcDbEntity
  8
TEXTO
 62
7
100
AcDbText
 10
1032.55
 20
338.5
 30
0.0
 40
1.55
  1
F29
 72
1
 11
1032.55
 21
338.5
 31
0.0
100
AcDbText
 73
2
  0
LINE
  5
1384
330
17
100
AcDbEntity
  8
COTAS
 62
3
370
13
100
AcDbLine
 10
1052.55
 20
335.7
 30
0.0
 11
1077.55
 21
335.7
 31
0.0
  0
LINE
  5
1385
330
17
100
AcDbEntity
  8
COTAS
 62
3
370
13
100
AcDbLine
 10
1052.55
 20
334.5
 30
0.0
 11
1052.55
 21
336.9
 31
0.0
  0
LINE
  5
1386
330
17
100
AcDbEntity
  8
COTAS
 62
3
370
13
100
AcDbLine
 10
1077.55
 20
334.5
 30
0.0
 11
1077.55
 21
336.9
 31
0.0
  0
TEXT
  5
1387
330
17
100
AcDbEntity
  8
COTAS
 62
3
100
AcDbText
 10
1065.05
 20
336.7
 30
0.0
 40
1.8
  1
2.500 m
 72
1
 11
1065.05
 21
336.7
 31
0.0
100
AcDbText
 73
2
  0
TEXT
  5
1388
330
17
100
AcDbEntity
  8
TEXTO
 62
7
100
AcDbText
 10
1065.05
 20
332.5
 30
0.0
 40
1.55
  1
F30
 72
1
 11
1065.05
 21
332.5
 31
0.0
100
AcDbText
 73
2
  0
LINE
  5
1389
330
17
100
AcDbEntity
  8
COTAS
 62
3
370
13
100
AcDbLine
 10
1077.55
 20
341.7
 30
0.0
 11
1103.55
 21
341.7
 31
0.0
  0
LINE
  5
138A
330
17
100
AcDbEntity
  8
COTAS
 62
3
370
13
100
AcDbLine
 10
1077.55
 20
340.5
 30
0.0
 11
1077.55
 21
342.9
 31
0.0
  0
LINE
  5
138B
330
17
100
AcDbEntity
  8
COTAS
 62
3
370
13
100
AcDbLine
 10
1103.55
 20
340.5
 30
0.0
 11
1103.55
 21
342.9
 31
0.0
  0
TEXT
  5
138C
330
17
100
AcDbEntity
  8
COTAS
 62
3
100
AcDbText
 10
1090.55
 20
342.7
 30
0.0
 40
1.8
  1
2.600 m
 72
1
 11
1090.55
 21
342.7
 31
0.0
100
AcDbText
 73
2
  0
TEXT
  5
138D
330
17
100
AcDbEntity
  8
TEXTO
 62
7
100
AcDbText
 10
1090.55
 20
338.5
 30
0.0
 40
1.55
  1
F31
 72
1
 11
1090.55
 21
338.5
 31
0.0
100
AcDbText
 73
2
  0
LINE
  5
138E
330
17
100
AcDbEntity
  8
COTAS
 62
3
370
13
100
AcDbLine
 10
1103.55
 20
335.7
 30
0.0
 11
1133.05
 21
335.7
 31
0.0
  0
LINE
  5
138F
330
17
100
AcDbEntity
  8
COTAS
 62
3
370
13
100
AcDbLine
 10
1103.55
 20
334.5
 30
0.0
 11
1103.55
 21
336.9
 31
0.0
  0
LINE
  5
1390
330
17
100
AcDbEntity
  8
COTAS
 62
3
370
13
100
AcDbLine
 10
1133.05
 20
334.5
 30
0.0
 11
1133.05
 21
336.9
 31
0.0
  0
TEXT
  5
1391
330
17
100
AcDbEntity
  8
COTAS
 62
3
100
AcDbText
 10
1118.3
 20
336.7
 30
0.0
 40
1.8
  1
2.950 m
 72
1
 11
1118.3
 21
336.7
 31
0.0
100
AcDbText
 73
2
  0
TEXT
  5
1392
330
17
100
AcDbEntity
  8
TEXTO
 62
7
100
AcDbText
 10
1118.3
 20
332.5
 30
0.0
 40
1.55
  1
F32
 72
1
 11
1118.3
 21
332.5
 31
0.0
100
AcDbText
 73
2
  0
LINE
  5
1393
330
17
100
AcDbEntity
  8
COTAS
 62
3
370
13
100
AcDbLine
 10
1133.05
 20
341.7
 30
0.0
 11
1166.05
 21
341.7
 31
0.0
  0
LINE
  5
1394
330
17
100
AcDbEntity
  8
COTAS
 62
3
370
13
100
AcDbLine
 10
1133.05
 20
340.5
 30
0.0
 11
1133.05
 21
342.9
 31
0.0
  0
LINE
  5
1395
330
17
100
AcDbEntity
  8
COTAS
 62
3
370
13
100
AcDbLine
 10
1166.05
 20
340.5
 30
0.0
 11
1166.05
 21
342.9
 31
0.0
  0
TEXT
  5
1396
330
17
100
AcDbEntity
  8
COTAS
 62
3
100
AcDbText
 10
1149.55
 20
342.7
 30
0.0
 40
1.8
  1
3.300 m
 72
1
 11
1149.55
 21
342.7
 31
0.0
100
AcDbText
 73
2
  0
TEXT
  5
1397
330
17
100
AcDbEntity
  8
TEXTO
 62
7
100
AcDbText
 10
1149.55
 20
338.5
 30
0.0
 40
1.55
  1
F1354
 72
1
 11
1149.55
 21
338.5
 31
0.0
100
AcDbText
 73
2
  0
LINE
  5
1398
330
17
100
AcDbEntity
  8
COTAS
 62
3
370
13
100
AcDbLine
 10
1166.05
 20
335.7
 30
0.0
 11
1181.05
 21
335.7
 31
0.0
  0
LINE
  5
1399
330
17
100
AcDbEntity
  8
COTAS
 62
3
370
13
100
AcDbLine
 10
1166.05
 20
334.5
 30
0.0
 11
1166.05
 21
336.9
 31
0.0
  0
LINE
  5
139A
330
17
100
AcDbEntity
  8
COTAS
 62
3
370
13
100
AcDbLine
 10
1181.05
 20
334.5
 30
0.0
 11
1181.05
 21
336.9
 31
0.0
  0
TEXT
  5
139B
330
17
100
AcDbEntity
  8
COTAS
 62
3
100
AcDbText
 10
1173.55
 20
336.7
 30
0.0
 40
1.8
  1
1.500 m
 72
1
 11
1173.55
 21
336.7
 31
0.0
100
AcDbText
 73
2
  0
TEXT
  5
139C
330
17
100
AcDbEntity
  8
TEXTO
 62
7
100
AcDbText
 10
1173.55
 20
332.5
 30
0.0
 40
1.55
  1
F146
 72
1
 11
1173.55
 21
332.5
 31
0.0
100
AcDbText
 73
2
  0
LINE
  5
139D
330
17
100
AcDbEntity
  8
COTAS
 62
3
370
13
100
AcDbLine
 10
789.05
 20
328.7
 30
0.0
 11
1181.05
 21
328.7
 31
0.0
  0
LINE
  5
139E
330
17
100
AcDbEntity
  8
COTAS
 62
3
370
13
100
AcDbLine
 10
789.05
 20
327.5
 30
0.0
 11
789.05
 21
329.9
 31
0.0
  0
LINE
  5
139F
330
17
100
AcDbEntity
  8
COTAS
 62
3
370
13
100
AcDbLine
 10
1181.05
 20
327.5
 30
0.0
 11
1181.05
 21
329.9
 31
0.0
  0
TEXT
  5
13A0
330
17
100
AcDbEntity
  8
COTAS
 62
3
100
AcDbText
 10
985.05
 20
329.7
 30
0.0
 40
2.0
  1
TOTAL SAP I-J = 39.200 m
 72
1
 11
985.05
 21
329.7
 31
0.0
100
AcDbText
 73
2
  0
TEXT
  5
13A1
330
17
100
AcDbEntity
  8
TEXTO
 62
7
100
AcDbText
 10
1181.05
 20
246.5
 30
0.0
 40
1.9
  1
ESC. H 1:100 | V 1:22 | EJES Y TRAMOS SAP
 72
2
 11
1181.05
 21
246.5
 31
0.0
100
AcDbText
  0
LWPOLYLINE
  5
13A2
330
17
100
AcDbEntity
  8
MARCO
 62
7
370
25
100
AcDbPolyline
 90
4
 70
1
 10
1270.0
 20
242.5
 10
1429.0
 20
242.5
 10
1429.0
 20
470.0
 10
1270.0
 20
470.0
  0
TEXT
  5
13A3
330
17
100
AcDbEntity
  8
TEXTO
 62
7
100
AcDbText
 10
1349.5
 20
463.0
 30
0.0
 40
3.4
  1
VIGA TIPO VR3
 72
1
 11
1349.5
 21
463.0
 31
0.0
100
AcDbText
 73
2
  0
TEXT
  5
13A4
330
17
100
AcDbEntity
  8
TEXTO
 62
7
100
AcDbText
 10
1349.5
 20
456.0
 30
0.0
 40
2.0
  1
500x550 mm — DATOS EXCEL
 72
1
 11
1349.5
 21
456.0
 31
0.0
100
AcDbText
 73
2
  0
LWPOLYLINE
  5
13A5
330
17
100
AcDbEntity
  8
CONTORNO
 62
7
370
20
100
AcDbPolyline
 90
4
 70
1
 10
1281.5
 20
337.95
 10
1306.5
 20
337.95
 10
1306.5
 20
365.45
 10
1281.5
 20
365.45
  0
LWPOLYLINE
  5
13A6
330
17
100
AcDbEntity
  8
ESTRIBOS
 62
8
370
18
100
AcDbPolyline
 90
4
 70
1
 10
1283.5
 20
339.95
 10
1304.5
 20
339.95
 10
1304.5
 20
363.45
 10
1283.5
 20
363.45
  0
LINE
  5
13A7
330
17
100
AcDbEntity
  8
ESTRIBOS
 62
8
370
13
100
AcDbLine
 10
1289.8333333333335
 20
339.95
 30
0.0
 11
1289.8333333333335
 21
363.45
 31
0.0
  0
LINE
  5
13A8
330
17
100
AcDbEntity
  8
ESTRIBOS
 62
8
370
13
100
AcDbLine
 10
1298.1666666666665
 20
339.95
 30
0.0
 11
1298.1666666666665
 21
363.45
 31
0.0
  0
CIRCLE
  5
13A9
330
17
100
AcDbEntity
  8
ACERO_SUP_CONT
 62
4
100
AcDbCircle
 10
1284.75
 20
362.4175
 30
0.0
 40
0.55
  0
CIRCLE
  5
13AA
330
17
100
AcDbEntity
  8
ACERO_SUP_CONT
 62
4
100
AcDbCircle
 10
1289.375
 20
362.4175
 30
0.0
 40
0.55
  0
CIRCLE
  5
13AB
330
17
100
AcDbEntity
  8
ACERO_SUP_CONT
 62
4
100
AcDbCircle
 10
1294.0
 20
362.4175
 30
0.0
 40
0.55
  0
CIRCLE
  5
13AC
330
17
100
AcDbEntity
  8
ACERO_SUP_CONT
 62
4
100
AcDbCircle
 10
1298.625
 20
362.4175
 30
0.0
 40
0.55
  0
CIRCLE
  5
13AD
330
17
100
AcDbEntity
  8
ACERO_SUP_CONT
 62
4
100
AcDbCircle
 10
1303.25
 20
362.4175
 30
0.0
 40
0.55
  0
CIRCLE
  5
13AE
330
17
100
AcDbEntity
  8
ACERO_INF
 62
1
100
AcDbCircle
 10
1284.75
 20
340.9825
 30
0.0
 40
0.55
  0
CIRCLE
  5
13AF
330
17
100
AcDbEntity
  8
ACERO_INF
 62
1
100
AcDbCircle
 10
1289.375
 20
340.9825
 30
0.0
 40
0.55
  0
CIRCLE
  5
13B0
330
17
100
AcDbEntity
  8
ACERO_INF
 62
1
100
AcDbCircle
 10
1294.0
 20
340.9825
 30
0.0
 40
0.55
  0
CIRCLE
  5
13B1
330
17
100
AcDbEntity
  8
ACERO_INF
 62
1
100
AcDbCircle
 10
1298.625
 20
340.9825
 30
0.0
 40
0.55
  0
CIRCLE
  5
13B2
330
17
100
AcDbEntity
  8
ACERO_INF
 62
1
100
AcDbCircle
 10
1303.25
 20
340.9825
 30
0.0
 40
0.55
  0
CIRCLE
  5
13B3
330
17
100
AcDbEntity
  8
ACERO_TORSION
 62
30
100
AcDbCircle
 10
1289.2
 20
343.45
 30
0.0
 40
0.48
  0
CIRCLE
  5
13B4
330
17
100
AcDbEntity
  8
ACERO_TORSION
 62
30
100
AcDbCircle
 10
1289.2
 20
359.95
 30
0.0
 40
0.48
  0
CIRCLE
  5
13B5
330
17
100
AcDbEntity
  8
ACERO_TORSION
 62
30
100
AcDbCircle
 10
1292.4
 20
343.45
 30
0.0
 40
0.48
  0
CIRCLE
  5
13B6
330
17
100
AcDbEntity
  8
ACERO_TORSION
 62
30
100
AcDbCircle
 10
1292.4
 20
359.95
 30
0.0
 40
0.48
  0
CIRCLE
  5
13B7
330
17
100
AcDbEntity
  8
ACERO_TORSION
 62
30
100
AcDbCircle
 10
1295.6
 20
343.45
 30
0.0
 40
0.48
  0
CIRCLE
  5
13B8
330
17
100
AcDbEntity
  8
ACERO_TORSION
 62
30
100
AcDbCircle
 10
1295.6
 20
359.95
 30
0.0
 40
0.48
  0
CIRCLE
  5
13B9
330
17
100
AcDbEntity
  8
ACERO_TORSION
 62
30
100
AcDbCircle
 10
1298.8
 20
343.45
 30
0.0
 40
0.48
  0
CIRCLE
  5
13BA
330
17
100
AcDbEntity
  8
ACERO_TORSION
 62
30
100
AcDbCircle
 10
1298.8
 20
359.95
 30
0.0
 40
0.48
  0
CIRCLE
  5
13BB
330
17
100
AcDbEntity
  8
ACERO_TORSION
 62
30
100
AcDbCircle
 10
1286.0
 20
346.75
 30
0.0
 40
0.48
  0
CIRCLE
  5
13BC
330
17
100
AcDbEntity
  8
ACERO_TORSION
 62
30
100
AcDbCircle
 10
1302.0
 20
346.75
 30
0.0
 40
0.48
  0
CIRCLE
  5
13BD
330
17
100
AcDbEntity
  8
ACERO_TORSION
 62
30
100
AcDbCircle
 10
1286.0
 20
350.05
 30
0.0
 40
0.48
  0
CIRCLE
  5
13BE
330
17
100
AcDbEntity
  8
ACERO_TORSION
 62
30
100
AcDbCircle
 10
1302.0
 20
350.05
 30
0.0
 40
0.48
  0
CIRCLE
  5
13BF
330
17
100
AcDbEntity
  8
ACERO_TORSION
 62
30
100
AcDbCircle
 10
1286.0
 20
353.34999999999997
 30
0.0
 40
0.48
  0
CIRCLE
  5
13C0
330
17
100
AcDbEntity
  8
ACERO_TORSION
 62
30
100
AcDbCircle
 10
1302.0
 20
353.34999999999997
 30
0.0
 40
0.48
  0
CIRCLE
  5
13C1
330
17
100
AcDbEntity
  8
ACERO_TORSION
 62
30
100
AcDbCircle
 10
1286.0
 20
356.65
 30
0.0
 40
0.48
  0
CIRCLE
  5
13C2
330
17
100
AcDbEntity
  8
ACERO_TORSION
 62
30
100
AcDbCircle
 10
1302.0
 20
356.65
 30
0.0
 40
0.48
  0
TEXT
  5
13C3
330
17
100
AcDbEntity
  8
TEXTO
 62
7
100
AcDbText
 10
1294.0
 20
334.34999999999997
 30
0.0
 40
1.9
  1
SECCIÓN APOYO
 72
1
 11
1294.0
 21
334.34999999999997
 31
0.0
100
AcDbText
 73
2
  0
TEXT
  5
13C4
330
17
100
AcDbEntity
  8
TEXTO
 62
7
100
AcDbText
 10
1294.0
 20
331.55
 30
0.0
 40
1.55
  1
500x550 | 1:20
 72
1
 11
1294.0
 21
331.55
 31
0.0
100
AcDbText
 73
2
  0
TEXT
  5
13C5
330
17
100
AcDbEntity
  8
TEXTO
100
AcDbText
 10
1317.0
 20
443.0
 30
0.0
 40
2.0
  1
SUP: 5#5
 11
1317.0
 21
443.0
 31
0.0
100
AcDbText
  0
TEXT
  5
13C6
330
17
100
AcDbEntity
  8
TEXTO
100
AcDbText
 10
1317.0
 20
435.0
 30
0.0
 40
2.0
  1
INF: 5#5
 11
1317.0
 21
435.0
 31
0.0
100
AcDbText
  0
TEXT
  5
13C7
330
17
100
AcDbEntity
  8
TEXTO
100
AcDbText
 10
1317.0
 20
427.0
 30
0.0
 40
2.0
  1
TORSIÓN: 16#5
 11
1317.0
 21
427.0
 31
0.0
100
AcDbText
  0
TEXT
  5
13C8
330
17
100
AcDbEntity
  8
TEXTO
100
AcDbText
 10
1317.0
 20
419.0
 30
0.0
 40
2.0
  1
EST: Nº4 — 4 RAMAS
 11
1317.0
 21
419.0
 31
0.0
100
AcDbText
  0
TEXT
  5
13C9
330
17
100
AcDbEntity
  8
TEXTO
100
AcDbText
 10
1317.0
 20
411.0
 30
0.0
 40
2.0
  1
s EXT/CENTRO: 80/80 mm
 11
1317.0
 21
411.0
 31
0.0
100
AcDbText
  0
TEXT
  5
13CA
330
17
100
AcDbEntity
  8
TEXTO
100
AcDbText
 10
1317.0
 20
403.0
 30
0.0
 40
2.0
  1
FRAMES SAP: 70
 11
1317.0
 21
403.0
 31
0.0
100
AcDbText
  0
TEXT
  5
13CB
330
17
100
AcDbEntity
  8
TEXTO
100
AcDbText
 10
1317.0
 20
395.0
 30
0.0
 40
2.0
  1
EJE c: 14-1-3.30-3-4-5-6-7-8-9-10-11-32.90-13-15
 11
1317.0
 21
395.0
 31
0.0
100
AcDbText
  0
LINE
  5
13CC
330
17
100
AcDbEntity
  8
MARCO
 62
8
370
13
100
AcDbLine
 10
742.0
 20
242.5
 30
0.0
 11
1429.0
 21
242.5
 31
0.0
  0
LWPOLYLINE
  5
13CD
330
17
100
AcDbEntity
  8
MARCO
 62
7
370
25
100
AcDbPolyline
 90
4
 70
1
 10
742.0
 20
109.2
 10
782.0
 20
109.2
 10
782.0
 20
159.2
 10
742.0
 20
159.2
  0
TEXT
  5
13CE
330
17
100
AcDbEntity
  8
TEXTO
 62
7
100
AcDbText
 10
762.0
 20
153.2
 30
0.0
 40
2.8
  1
VIGA VRAUX
 72
1
 11
762.0
 21
153.2
 31
0.0
100
AcDbText
 73
2
  0
TEXT
  5
13CF
330
17
100
AcDbEntity
  8
TEXTO
 62
7
100
AcDbText
 10
762.0
 20
146.2
 30
0.0
 40
2.5
  1
EJE f/g
 72
1
 11
762.0
 21
146.2
 31
0.0
100
AcDbText
 73
2
  0
TEXT
  5
13D0
330
17
100
AcDbEntity
  8
TEXTO
 62
7
100
AcDbText
 10
762.0
 20
139.2
 30
0.0
 40
2.2
  1
450x550 mm
 72
1
 11
762.0
 21
139.2
 31
0.0
100
AcDbText
 73
2
  0
TEXT
  5
13D1
330
17
100
AcDbEntity
  8
TEXTO
100
AcDbText
 10
745.0
 20
131.2
 30
0.0
 40
2.0
  1
SUP 4#5
 11
745.0
 21
131.2
 31
0.0
100
AcDbText
  0
TEXT
  5
13D2
330
17
100
AcDbEntity
  8
TEXTO
100
AcDbText
 10
745.0
 20
125.19999999999999
 30
0.0
 40
2.0
  1
INF 4#5
 11
745.0
 21
125.19999999999999
 31
0.0
100
AcDbText
  0
TEXT
  5
13D3
330
17
100
AcDbEntity
  8
TEXTO
100
AcDbText
 10
745.0
 20
119.19999999999999
 30
0.0
 40
2.0
  1
TOR 8#5
 11
745.0
 21
119.19999999999999
 31
0.0
100
AcDbText
  0
TEXT
  5
13D4
330
17
100
AcDbEntity
  8
TEXTO
100
AcDbText
 10
745.0
 20
113.2
 30
0.0
 40
1.8
  1
z=3.5 m
 11
745.0
 21
113.2
 31
0.0
100
AcDbText
  0
LWPOLYLINE
  5
13D5
330
17
100
AcDbEntity
  8
CONTORNO
 62
7
370
25
100
AcDbPolyline
 90
4
 70
1
 10
816.5
 20
124.2
 10
1076.5
 20
124.2
 10
1076.5
 20
154.75555555555556
 10
816.5
 20
154.75555555555556
  0
LWPOLYLINE
  5
13D6
330
17
100
AcDbEntity
  8
APOYOS
 62
9
370
15
100
AcDbPolyline
 90
4
 70
1
 10
791.5
 20
120.2
 10
841.5
 20
120.2
 10
841.5
 20
158.75555555555556
 10
791.5
 20
158.75555555555556
  0
LINE
  5
13D7
330
17
100
AcDbEntity
  8
EJES
  6
DASHED
 62
1
370
9
100
AcDbLine
 10
816.5
 20
113.2
 30
0.0
 11
816.5
 21
170.75555555555556
 31
0.0
  0
CIRCLE
  5
13D8
330
17
100
AcDbEntity
  8
EJES
 62
1
370
18
100
AcDbCircle
 10
816.5
 20
166.75555555555556
 30
0.0
 40
3.5
  0
TEXT
  5
13D9
330
17
100
AcDbEntity
  8
EJES
 62
1
100
AcDbText
 10
816.5
 20
166.75555555555556
 30
0.0
 40
2.5
  1
10
 72
1
 11
816.5
 21
166.75555555555556
 31
0.0
100
AcDbText
 73
2
  0
LWPOLYLINE
  5
13DA
330
17
100
AcDbEntity
  8
APOYOS
 62
9
370
15
100
AcDbPolyline
 90
4
 70
1
 10
1051.5
 20
120.2
 10
1101.5
 20
120.2
 10
1101.5
 20
158.75555555555556
 10
1051.5
 20
158.75555555555556
  0
LINE
  5
13DB
330
17
100
AcDbEntity
  8
EJES
  6
DASHED
 62
1
370
9
100
AcDbLine
 10
1076.5
 20
113.2
 30
0.0
 11
1076.5
 21
170.75555555555556
 31
0.0
  0
CIRCLE
  5
13DC
330
17
100
AcDbEntity
  8
EJES
 62
1
370
18
100
AcDbCircle
 10
1076.5
 20
166.75555555555556
 30
0.0
 40
3.5
  0
TEXT
  5
13DD
330
17
100
AcDbEntity
  8
EJES
 62
1
100
AcDbText
 10
1076.5
 20
166.75555555555556
 30
0.0
 40
2.5
  1
11
 72
1
 11
1076.5
 21
166.75555555555556
 31
0.0
100
AcDbText
 73
2
  0
LINE
  5
13DE
330
17
100
AcDbEntity
  8
ESTRIBOS
 62
8
370
9
100
AcDbLine
 10
821.5
 20
125.2
 30
0.0
 11
821.5
 21
153.75555555555556
 31
0.0
  0
LINE
  5
13DF
330
17
100
AcDbEntity
  8
ESTRIBOS
 62
8
370
9
100
AcDbLine
 10
833.5
 20
125.2
 30
0.0
 11
833.5
 21
153.75555555555556
 31
0.0
  0
LINE
  5
13E0
330
17
100
AcDbEntity
  8
ESTRIBOS
 62
8
370
9
100
AcDbLine
 10
845.5
 20
125.2
 30
0.0
 11
845.5
 21
153.75555555555556
 31
0.0
  0
LINE
  5
13E1
330
17
100
AcDbEntity
  8
ESTRIBOS
 62
8
370
9
100
AcDbLine
 10
857.5
 20
125.2
 30
0.0
 11
857.5
 21
153.75555555555556
 31
0.0
  0
LINE
  5
13E2
330
17
100
AcDbEntity
  8
ESTRIBOS
 62
8
370
9
100
AcDbLine
 10
869.5
 20
125.2
 30
0.0
 11
869.5
 21
153.75555555555556
 31
0.0
  0
LINE
  5
13E3
330
17
100
AcDbEntity
  8
ESTRIBOS
 62
8
370
9
100
AcDbLine
 10
881.5
 20
125.2
 30
0.0
 11
881.5
 21
153.75555555555556
 31
0.0
  0
LINE
  5
13E4
330
17
100
AcDbEntity
  8
ESTRIBOS
 62
8
370
9
100
AcDbLine
 10
893.5
 20
125.2
 30
0.0
 11
893.5
 21
153.75555555555556
 31
0.0
  0
LINE
  5
13E5
330
17
100
AcDbEntity
  8
ESTRIBOS
 62
8
370
9
100
AcDbLine
 10
905.5
 20
125.2
 30
0.0
 11
905.5
 21
153.75555555555556
 31
0.0
  0
LINE
  5
13E6
330
17
100
AcDbEntity
  8
ESTRIBOS
 62
8
370
9
100
AcDbLine
 10
917.5
 20
125.2
 30
0.0
 11
917.5
 21
153.75555555555556
 31
0.0
  0
LINE
  5
13E7
330
17
100
AcDbEntity
  8
ESTRIBOS
 62
8
370
9
100
AcDbLine
 10
939.5
 20
125.2
 30
0.0
 11
939.5
 21
153.75555555555556
 31
0.0
  0
LINE
  5
13E8
330
17
100
AcDbEntity
  8
ESTRIBOS
 62
8
370
9
100
AcDbLine
 10
952.5
 20
125.2
 30
0.0
 11
952.5
 21
153.75555555555556
 31
0.0
  0
LINE
  5
13E9
330
17
100
AcDbEntity
  8
ESTRIBOS
 62
8
370
9
100
AcDbLine
 10
965.5
 20
125.2
 30
0.0
 11
965.5
 21
153.75555555555556
 31
0.0
  0
LINE
  5
13EA
330
17
100
AcDbEntity
  8
ESTRIBOS
 62
8
370
9
100
AcDbLine
 10
975.5
 20
125.2
 30
0.0
 11
975.5
 21
153.75555555555556
 31
0.0
  0
LINE
  5
13EB
330
17
100
AcDbEntity
  8
ESTRIBOS
 62
8
370
9
100
AcDbLine
 10
987.5
 20
125.2
 30
0.0
 11
987.5
 21
153.75555555555556
 31
0.0
  0
LINE
  5
13EC
330
17
100
AcDbEntity
  8
ESTRIBOS
 62
8
370
9
100
AcDbLine
 10
999.5
 20
125.2
 30
0.0
 11
999.5
 21
153.75555555555556
 31
0.0
  0
LINE
  5
13ED
330
17
100
AcDbEntity
  8
ESTRIBOS
 62
8
370
9
100
AcDbLine
 10
1011.5
 20
125.2
 30
0.0
 11
1011.5
 21
153.75555555555556
 31
0.0
  0
LINE
  5
13EE
330
17
100
AcDbEntity
  8
ESTRIBOS
 62
8
370
9
100
AcDbLine
 10
1023.5
 20
125.2
 30
0.0
 11
1023.5
 21
153.75555555555556
 31
0.0
  0
LINE
  5
13EF
330
17
100
AcDbEntity
  8
ESTRIBOS
 62
8
370
9
100
AcDbLine
 10
1035.5
 20
125.2
 30
0.0
 11
1035.5
 21
153.75555555555556
 31
0.0
  0
LINE
  5
13F0
330
17
100
AcDbEntity
  8
ESTRIBOS
 62
8
370
9
100
AcDbLine
 10
1047.5
 20
125.2
 30
0.0
 11
1047.5
 21
153.75555555555556
 31
0.0
  0
LINE
  5
13F1
330
17
100
AcDbEntity
  8
ESTRIBOS
 62
8
370
9
100
AcDbLine
 10
1059.5
 20
125.2
 30
0.0
 11
1059.5
 21
153.75555555555556
 31
0.0
  0
LINE
  5
13F2
330
17
100
AcDbEntity
  8
ESTRIBOS
 62
8
370
9
100
AcDbLine
 10
1071.5
 20
125.2
 30
0.0
 11
1071.5
 21
153.75555555555556
 31
0.0
  0
TEXT
  5
13F3
330
17
100
AcDbEntity
  8
ESTRIBOS
 62
8
100
AcDbText
 10
946.5
 20
138.67777777777778
 30
0.0
 40
1.6
  1
Nº3 2R @120/@130
 72
1
 11
946.5
 21
138.67777777777778
 31
0.0
100
AcDbText
 73
2
  0
LWPOLYLINE
  5
13F4
330
17
100
AcDbEntity
  8
ACERO_SUP_CONT
 62
4
370
35
100
AcDbPolyline
 90
4
 70
0
 10
816.5
 20
146.75555555555556
 10
816.5
 20
152.75555555555556
 10
1076.5
 20
152.75555555555556
 10
1076.5
 20
146.75555555555556
  0
TEXT
  5
13F5
330
17
100
AcDbEntity
  8
ACERO_SUP_CONT
 62
4
100
AcDbText
 10
946.5
 20
155.75555555555556
 30
0.0
 40
2.2
  1
M1  2#5 CONT.  Lc=2610 mm
 72
1
 11
946.5
 21
155.75555555555556
 31
0.0
100
AcDbText
 73
2
  0
LWPOLYLINE
  5
13F6
330
17
100
AcDbEntity
  8
ACERO_SUP_APOYO
 62
5
370
30
100
AcDbPolyline
 90
3
 70
0
 10
786.0
 20
145.25555555555556
 10
786.0
 20
150.25555555555556
 10
881.5
 20
150.25555555555556
  0
TEXT
  5
13F7
330
17
100
AcDbEntity
  8
ACERO_SUP_APOYO
 62
5
100
AcDbText
 10
816.5
 20
151.75555555555556
 30
0.0
 40
1.7
  1
M2 2#5 L=805
 72
1
 11
816.5
 21
151.75555555555556
 31
0.0
100
AcDbText
 73
2
  0
LWPOLYLINE
  5
13F8
330
17
100
AcDbEntity
  8
ACERO_SUP_APOYO
 62
5
370
30
100
AcDbPolyline
 90
3
 70
0
 10
1011.5
 20
148.05555555555557
 10
1107.0
 20
148.05555555555557
 10
1107.0
 20
143.05555555555557
  0
TEXT
  5
13F9
330
17
100
AcDbEntity
  8
ACERO_SUP_APOYO
 62
5
100
AcDbText
 10
1076.5
 20
149.55555555555557
 30
0.0
 40
1.7
  1
M2 2#5 L=805
 72
1
 11
1076.5
 21
149.55555555555557
 31
0.0
100
AcDbText
 73
2
  0
LWPOLYLINE
  5
13FA
330
17
100
AcDbEntity
  8
ACERO_INF
 62
1
370
35
100
AcDbPolyline
 90
4
 70
0
 10
818.5
 20
131.2
 10
818.5
 20
126.2
 10
1074.5
 20
126.2
 10
1074.5
 20
131.2
  0
TEXT
  5
13FB
330
17
100
AcDbEntity
  8
ACERO_INF
 62
1
100
AcDbText
 10
946.5
 20
123.5
 30
0.0
 40
1.7
  1
M3 4#5 L=2610
 72
1
 11
946.5
 21
123.5
 31
0.0
100
AcDbText
 73
2
  0
LWPOLYLINE
  5
13FC
330
17
100
AcDbEntity
  8
ACERO_TORSION
 62
30
370
30
100
AcDbPolyline
 90
2
 70
0
 10
817.5
 20
141.8777777777778
 10
1075.5
 20
141.8777777777778
  0
TEXT
  5
13FD
330
17
100
AcDbEntity
  8
ACERO_TORSION
 62
30
100
AcDbText
 10
946.5
 20
143.4777777777778
 30
0.0
 40
1.7
  1
M4 8#5 TORSIÓN DEDICADA
 72
1
 11
946.5
 21
143.4777777777778
 31
0.0
100
AcDbText
 73
2
  0
LINE
  5
13FE
330
17
100
AcDbEntity
  8
CORTE
 62
6
370
13
100
AcDbLine
 10
863.3
 20
121.7
 30
0.0
 11
863.3
 21
157.25555555555556
 31
0.0
  0
TEXT
  5
13FF
330
17
100
AcDbEntity
  8
CORTE
 62
6
100
AcDbText
 10
863.3
 20
162.25555555555556
 30
0.0
 40
2.0
  1
A
 72
1
 11
863.3
 21
162.25555555555556
 31
0.0
100
AcDbText
 73
2
  0
LINE
  5
1400
330
17
100
AcDbEntity
  8
CORTE
 62
6
370
13
100
AcDbLine
 10
993.3
 20
121.7
 30
0.0
 11
993.3
 21
157.25555555555556
 31
0.0
  0
TEXT
  5
1401
330
17
100
AcDbEntity
  8
CORTE
 62
6
100
AcDbText
 10
993.3
 20
162.25555555555556
 30
0.0
 40
2.0
  1
B
 72
1
 11
993.3
 21
162.25555555555556
 31
0.0
100
AcDbText
 73
2
  0
LINE
  5
1402
330
17
100
AcDbEntity
  8
CORTE
 62
6
370
13
100
AcDbLine
 10
1034.9
 20
121.7
 30
0.0
 11
1034.9
 21
157.25555555555556
 31
0.0
  0
TEXT
  5
1403
330
17
100
AcDbEntity
  8
CORTE
 62
6
100
AcDbText
 10
1034.9
 20
162.25555555555556
 30
0.0
 40
2.0
  1
C
 72
1
 11
1034.9
 21
162.25555555555556
 31
0.0
100
AcDbText
 73
2
  0
LINE
  5
1404
330
17
100
AcDbEntity
  8
COTAS
 62
3
370
13
100
AcDbLine
 10
816.5
 20
114.2
 30
0.0
 11
1076.5
 21
114.2
 31
0.0
  0
LINE
  5
1405
330
17
100
AcDbEntity
  8
COTAS
 62
3
370
13
100
AcDbLine
 10
816.5
 20
113.0
 30
0.0
 11
816.5
 21
115.4
 31
0.0
  0
LINE
  5
1406
330
17
100
AcDbEntity
  8
COTAS
 62
3
370
13
100
AcDbLine
 10
1076.5
 20
113.0
 30
0.0
 11
1076.5
 21
115.4
 31
0.0
  0
TEXT
  5
1407
330
17
100
AcDbEntity
  8
COTAS
 62
3
100
AcDbText
 10
946.5
 20
115.2
 30
0.0
 40
1.8
  1
2.600 m
 72
1
 11
946.5
 21
115.2
 31
0.0
100
AcDbText
 73
2
  0
TEXT
  5
1408
330
17
100
AcDbEntity
  8
TEXTO
 62
7
100
AcDbText
 10
946.5
 20
111.0
 30
0.0
 40
1.55
  1
F107
 72
1
 11
946.5
 21
111.0
 31
0.0
100
AcDbText
 73
2
  0
LINE
  5
1409
330
17
100
AcDbEntity
  8
COTAS
 62
3
370
13
100
AcDbLine
 10
816.5
 20
107.2
 30
0.0
 11
1076.5
 21
107.2
 31
0.0
  0
LINE
  5
140A
330
17
100
AcDbEntity
  8
COTAS
 62
3
370
13
100
AcDbLine
 10
816.5
 20
106.0
 30
0.0
 11
816.5
 21
108.4
 31
0.0
  0
LINE
  5
140B
330
17
100
AcDbEntity
  8
COTAS
 62
3
370
13
100
AcDbLine
 10
1076.5
 20
106.0
 30
0.0
 11
1076.5
 21
108.4
 31
0.0
  0
TEXT
  5
140C
330
17
100
AcDbEntity
  8
COTAS
 62
3
100
AcDbText
 10
946.5
 20
108.2
 30
0.0
 40
2.0
  1
TOTAL SAP I-J = 2.600 m
 72
1
 11
946.5
 21
108.2
 31
0.0
100
AcDbText
 73
2
  0
TEXT
  5
140D
330
17
100
AcDbEntity
  8
TEXTO
 62
7
100
AcDbText
 10
1076.5
 20
19.0
 30
0.0
 40
1.9
  1
ESC. H 1:10 | V 1:22 | EJES Y TRAMOS SAP
 72
2
 11
1076.5
 21
19.0
 31
0.0
100
AcDbText
  0
LWPOLYLINE
  5
140E
330
17
100
AcDbEntity
  8
MARCO
 62
7
370
25
100
AcDbPolyline
 90
4
 70
1
 10
1270.0
 20
15.0
 10
1429.0
 20
15.0
 10
1429.0
 20
242.5
 10
1270.0
 20
242.5
  0
TEXT
  5
140F
330
17
100
AcDbEntity
  8
TEXTO
 62
7
100
AcDbText
 10
1349.5
 20
235.5
 30
0.0
 40
3.4
  1
VIGA TIPO VRAUX
 72
1
 11
1349.5
 21
235.5
 31
0.0
100
AcDbText
 73
2
  0
TEXT
  5
1410
330
17
100
AcDbEntity
  8
TEXTO
 62
7
100
AcDbText
 10
1349.5
 20
228.5
 30
0.0
 40
2.0
  1
450x550 mm — DATOS EXCEL
 72
1
 11
1349.5
 21
228.5
 31
0.0
100
AcDbText
 73
2
  0
LWPOLYLINE
  5
1411
330
17
100
AcDbEntity
  8
CONTORNO
 62
7
370
20
100
AcDbPolyline
 90
4
 70
1
 10
1282.75
 20
110.45
 10
1305.25
 20
110.45
 10
1305.25
 20
137.95
 10
1282.75
 20
137.95
  0
LWPOLYLINE
  5
1412
330
17
100
AcDbEntity
  8
ESTRIBOS
 62
8
370
18
100
AcDbPolyline
 90
4
 70
1
 10
1284.75
 20
112.45
 10
1303.25
 20
112.45
 10
1303.25
 20
135.95
 10
1284.75
 20
135.95
  0
CIRCLE
  5
1413
330
17
100
AcDbEntity
  8
ACERO_SUP_CONT
 62
4
100
AcDbCircle
 10
1286.0
 20
134.91750000000002
 30
0.0
 40
0.55
  0
CIRCLE
  5
1414
330
17
100
AcDbEntity
  8
ACERO_SUP_CONT
 62
4
100
AcDbCircle
 10
1291.3333333333335
 20
134.91750000000002
 30
0.0
 40
0.55
  0
CIRCLE
  5
1415
330
17
100
AcDbEntity
  8
ACERO_SUP_CONT
 62
4
100
AcDbCircle
 10
1296.6666666666665
 20
134.91750000000002
 30
0.0
 40
0.55
  0
CIRCLE
  5
1416
330
17
100
AcDbEntity
  8
ACERO_SUP_CONT
 62
4
100
AcDbCircle
 10
1302.0
 20
134.91750000000002
 30
0.0
 40
0.55
  0
CIRCLE
  5
1417
330
17
100
AcDbEntity
  8
ACERO_INF
 62
1
100
AcDbCircle
 10
1286.0
 20
113.4825
 30
0.0
 40
0.55
  0
CIRCLE
  5
1418
330
17
100
AcDbEntity
  8
ACERO_INF
 62
1
100
AcDbCircle
 10
1291.3333333333335
 20
113.4825
 30
0.0
 40
0.55
  0
CIRCLE
  5
1419
330
17
100
AcDbEntity
  8
ACERO_INF
 62
1
100
AcDbCircle
 10
1296.6666666666665
 20
113.4825
 30
0.0
 40
0.55
  0
CIRCLE
  5
141A
330
17
100
AcDbEntity
  8
ACERO_INF
 62
1
100
AcDbCircle
 10
1302.0
 20
113.4825
 30
0.0
 40
0.55
  0
CIRCLE
  5
141B
330
17
100
AcDbEntity
  8
ACERO_TORSION
 62
30
100
AcDbCircle
 10
1291.75
 20
115.95
 30
0.0
 40
0.48
  0
CIRCLE
  5
141C
330
17
100
AcDbEntity
  8
ACERO_TORSION
 62
30
100
AcDbCircle
 10
1291.75
 20
132.45
 30
0.0
 40
0.48
  0
CIRCLE
  5
141D
330
17
100
AcDbEntity
  8
ACERO_TORSION
 62
30
100
AcDbCircle
 10
1296.25
 20
115.95
 30
0.0
 40
0.48
  0
CIRCLE
  5
141E
330
17
100
AcDbEntity
  8
ACERO_TORSION
 62
30
100
AcDbCircle
 10
1296.25
 20
132.45
 30
0.0
 40
0.48
  0
CIRCLE
  5
141F
330
17
100
AcDbEntity
  8
ACERO_TORSION
 62
30
100
AcDbCircle
 10
1287.25
 20
121.45
 30
0.0
 40
0.48
  0
CIRCLE
  5
1420
330
17
100
AcDbEntity
  8
ACERO_TORSION
 62
30
100
AcDbCircle
 10
1300.75
 20
121.45
 30
0.0
 40
0.48
  0
CIRCLE
  5
1421
330
17
100
AcDbEntity
  8
ACERO_TORSION
 62
30
100
AcDbCircle
 10
1287.25
 20
126.95
 30
0.0
 40
0.48
  0
CIRCLE
  5
1422
330
17
100
AcDbEntity
  8
ACERO_TORSION
 62
30
100
AcDbCircle
 10
1300.75
 20
126.95
 30
0.0
 40
0.48
  0
TEXT
  5
1423
330
17
100
AcDbEntity
  8
TEXTO
 62
7
100
AcDbText
 10
1294.0
 20
106.85000000000001
 30
0.0
 40
1.9
  1
SECCIÓN APOYO
 72
1
 11
1294.0
 21
106.85000000000001
 31
0.0
100
AcDbText
 73
2
  0
TEXT
  5
1424
330
17
100
AcDbEntity
  8
TEXTO
 62
7
100
AcDbText
 10
1294.0
 20
104.05
 30
0.0
 40
1.55
  1
450x550 | 1:20
 72
1
 11
1294.0
 21
104.05
 31
0.0
100
AcDbText
 73
2
  0
TEXT
  5
1425
330
17
100
AcDbEntity
  8
TEXTO
100
AcDbText
 10
1317.0
 20
215.5
 30
0.0
 40
2.0
  1
SUP: 4#5
 11
1317.0
 21
215.5
 31
0.0
100
AcDbText
  0
TEXT
  5
1426
330
17
100
AcDbEntity
  8
TEXTO
100
AcDbText
 10
1317.0
 20
207.5
 30
0.0
 40
2.0
  1
INF: 4#5
 11
1317.0
 21
207.5
 31
0.0
100
AcDbText
  0
TEXT
  5
1427
330
17
100
AcDbEntity
  8
TEXTO
100
AcDbText
 10
1317.0
 20
199.5
 30
0.0
 40
2.0
  1
TORSIÓN: 8#5
 11
1317.0
 21
199.5
 31
0.0
100
AcDbText
  0
TEXT
  5
1428
330
17
100
AcDbEntity
  8
TEXTO
100
AcDbText
 10
1317.0
 20
191.5
 30
0.0
 40
2.0
  1
EST: Nº3 — 2 RAMAS
 11
1317.0
 21
191.5
 31
0.0
100
AcDbText
  0
TEXT
  5
1429
330
17
100
AcDbEntity
  8
TEXTO
100
AcDbText
 10
1317.0
 20
183.5
 30
0.0
 40
2.0
  1
s EXT/CENTRO: 120/130 mm
 11
1317.0
 21
183.5
 31
0.0
100
AcDbText
  0
TEXT
  5
142A
330
17
100
AcDbEntity
  8
TEXTO
100
AcDbText
 10
1317.0
 20
175.5
 30
0.0
 40
2.0
  1
FRAMES SAP: 40
 11
1317.0
 21
175.5
 31
0.0
100
AcDbText
  0
TEXT
  5
142B
330
17
100
AcDbEntity
  8
TEXTO
100
AcDbText
 10
1317.0
 20
167.5
 30
0.0
 40
2.0
  1
EJE f/g: 10-11
 11
1317.0
 21
167.5
 31
0.0
100
AcDbText
  0
TEXT
  5
142C
330
17
100
AcDbEntity
  8
TEXTO
 62
1
100
AcDbText
 10
1085.5
 20
9.5
 30
0.0
 40
1.8
  1
DETALLE ACADÉMICO — NO EMITIR PARA CONSTRUCCIÓN
 72
1
 11
1085.5
 21
9.5
 31
0.0
100
AcDbText
 73
2
  0
VIEWPORT
  5
97
330
1B
100
AcDbEntity
 67
1
  8
VIEWPORTS
100
AcDbViewport
 10
353.5
 20
250.0
 30
0.0
 40
777.7
 41
550.0
 68
1
 69
1
 12
353.5
 22
250.0
 13
0.0
 23
0.0
 14
10.0
 24
10.0
 15
10.0
 25
10.0
 16
0.0
 26
0.0
 36
1.0
 17
0.0
 27
0.0
 37
0.0
 42
50.0
 43
0.0
 44
0.0
 45
550.0
 50
0.0
 51
0.0
 72
100
 90
557088
  1

281
0
 71
0
 74
0
110
0.0
120
0.0
130
0.0
111
1.0
121
0.0
131
0.0
112
0.0
122
1.0
132
0.0
 79
0
146
0.0
282
0
  0
LWPOLYLINE
  5
98
330
1B
100
AcDbEntity
 67
1
  8
MARCO
 62
7
370
30
100
AcDbPolyline
 90
4
 70
1
 10
7.0
 20
7.0
 10
700.0
 20
7.0
 10
700.0
 20
493.0
 10
7.0
 20
493.0
  0
TEXT
  5
99
330
1B
100
AcDbEntity
 67
1
  8
TEXTO
 62
7
100
AcDbText
 10
353.5
 20
488.0
 30
0.0
 40
5.0
  1
DESPIECE DE VIGAS DE RIGIDEZ — RIGIDEZ-01
 72
1
 11
353.5
 21
488.0
 31
0.0
100
AcDbText
 73
2
  0
TEXT
  5
9A
330
1B
100
AcDbEntity
 67
1
  8
TEXTO
 62
7
100
AcDbText
 10
353.5
 20
478.0
 30
0.0
 40
2.5
  1
UNA VIGA TIPO POR GRUPO | ARMADURAS TOMADAS DEL EXCEL DE DISEÑO
 72
1
 11
353.5
 21
478.0
 31
0.0
100
AcDbText
 73
2
  0
LINE
  5
9B
330
1B
100
AcDbEntity
 67
1
  8
MARCO
 62
7
370
25
100
AcDbLine
 10
10.0
 20
470.0
 30
0.0
 11
697.0
 21
470.0
 31
0.0
  0
LWPOLYLINE
  5
9C
330
1B
100
AcDbEntity
 67
1
  8
MARCO
 62
7
370
25
100
AcDbPolyline
 90
4
 70
1
 10
10.0
 20
376.1333333333334
 10
50.0
 20
376.1333333333334
 10
50.0
 20
426.1333333333334
 10
10.0
 20
426.1333333333334
  0
TEXT
  5
9D
330
1B
100
AcDbEntity
 67
1
  8
TEXTO
 62
7
100
AcDbText
 10
30.0
 20
420.1333333333334
 30
0.0
 40
2.8
  1
VIGA VR1
 72
1
 11
30.0
 21
420.1333333333334
 31
0.0
100
AcDbText
 73
2
  0
TEXT
  5
9E
330
1B
100
AcDbEntity
 67
1
  8
TEXTO
 62
7
100
AcDbText
 10
30.0
 20
413.1333333333334
 30
0.0
 40
2.5
  1
EJE a/e
 72
1
 11
30.0
 21
413.1333333333334
 31
0.0
100
AcDbText
 73
2
  0
TEXT
  5
9F
330
1B
100
AcDbEntity
 67
1
  8
TEXTO
 62
7
100
AcDbText
 10
30.0
 20
406.1333333333334
 30
0.0
 40
2.2
  1
500x550 mm
 72
1
 11
30.0
 21
406.1333333333334
 31
0.0
100
AcDbText
 73
2
  0
TEXT
  5
A0
330
1B
100
AcDbEntity
 67
1
  8
TEXTO
100
AcDbText
 10
13.0
 20
398.1333333333334
 30
0.0
 40
2.0
  1
SUP 6#5
 11
13.0
 21
398.1333333333334
 31
0.0
100
AcDbText
  0
TEXT
  5
A1
330
1B
100
AcDbEntity
 67
1
  8
TEXTO
100
AcDbText
 10
13.0
 20
392.1333333333334
 30
0.0
 40
2.0
  1
INF 5#5
 11
13.0
 21
392.1333333333334
 31
0.0
100
AcDbText
  0
TEXT
  5
A2
330
1B
100
AcDbEntity
 67
1
  8
TEXTO
100
AcDbText
 10
13.0
 20
386.1333333333334
 30
0.0
 40
2.0
  1
TOR 0#5
 11
13.0
 21
386.1333333333334
 31
0.0
100
AcDbText
  0
TEXT
  5
A3
330
1B
100
AcDbEntity
 67
1
  8
TEXTO
100
AcDbText
 10
13.0
 20
380.1333333333334
 30
0.0
 40
1.8
  1
z=6.5 m
 11
13.0
 21
380.1333333333334
 31
0.0
100
AcDbText
  0
LWPOLYLINE
  5
A4
330
1B
100
AcDbEntity
 67
1
  8
CONTORNO
 62
7
370
25
100
AcDbPolyline
 90
4
 70
1
 10
61.625
 20
391.1333333333334
 10
445.375
 20
391.1333333333334
 10
445.375
 20
416.1333333333334
 10
61.625
 20
416.1333333333334
  0
LWPOLYLINE
  5
A5
330
1B
100
AcDbEntity
 67
1
  8
APOYOS
 62
9
370
15
100
AcDbPolyline
 90
4
 70
1
 10
55.375
 20
387.1333333333334
 10
67.875
 20
387.1333333333334
 10
67.875
 20
420.1333333333334
 10
55.375
 20
420.1333333333334
  0
LINE
  5
A6
330
1B
100
AcDbEntity
 67
1
  8
EJES
  6
DASHED
 62
1
370
9
100
AcDbLine
 10
61.625
 20
380.1333333333334
 30
0.0
 11
61.625
 21
432.1333333333334
 31
0.0
  0
CIRCLE
  5
A7
330
1B
100
AcDbEntity
 67
1
  8
EJES
 62
1
370
18
100
AcDbCircle
 10
61.625
 20
428.1333333333334
 30
0.0
 40
3.5
  0
TEXT
  5
A8
330
1B
100
AcDbEntity
 67
1
  8
EJES
 62
1
100
AcDbText
 10
61.625
 20
428.1333333333334
 30
0.0
 40
2.5
  1
1
 72
1
 11
61.625
 21
428.1333333333334
 31
0.0
100
AcDbText
 73
2
  0
LWPOLYLINE
  5
A9
330
1B
100
AcDbEntity
 67
1
  8
APOYOS
 62
9
370
15
100
AcDbPolyline
 90
4
 70
1
 10
120.375
 20
387.1333333333334
 10
132.875
 20
387.1333333333334
 10
132.875
 20
420.1333333333334
 10
120.375
 20
420.1333333333334
  0
LINE
  5
AA
330
1B
100
AcDbEntity
 67
1
  8
EJES
  6
DASHED
 62
1
370
9
100
AcDbLine
 10
126.625
 20
380.1333333333334
 30
0.0
 11
126.625
 21
432.1333333333334
 31
0.0
  0
CIRCLE
  5
AB
330
1B
100
AcDbEntity
 67
1
  8
EJES
 62
1
370
18
100
AcDbCircle
 10
126.625
 20
428.1333333333334
 30
0.0
 40
3.5
  0
TEXT
  5
AC
330
1B
100
AcDbEntity
 67
1
  8
EJES
 62
1
100
AcDbText
 10
126.625
 20
428.1333333333334
 30
0.0
 40
2.5
  1
2
 72
1
 11
126.625
 21
428.1333333333334
 31
0.0
100
AcDbText
 73
2
  0
LWPOLYLINE
  5
AD
330
1B
100
AcDbEntity
 67
1
  8
APOYOS
 62
9
370
15
100
AcDbPolyline
 90
4
 70
1
 10
211.625
 20
387.1333333333334
 10
224.125
 20
387.1333333333334
 10
224.125
 20
420.1333333333334
 10
211.625
 20
420.1333333333334
  0
LINE
  5
AE
330
1B
100
AcDbEntity
 67
1
  8
EJES
  6
DASHED
 62
1
370
9
100
AcDbLine
 10
217.875
 20
380.1333333333334
 30
0.0
 11
217.875
 21
432.1333333333334
 31
0.0
  0
CIRCLE
  5
AF
330
1B
100
AcDbEntity
 67
1
  8
EJES
 62
1
370
18
100
AcDbCircle
 10
217.875
 20
428.1333333333334
 30
0.0
 40
3.5
  0
TEXT
  5
B0
330
1B
100
AcDbEntity
 67
1
  8
EJES
 62
1
100
AcDbText
 10
217.875
 20
428.1333333333334
 30
0.0
 40
2.5
  1
3
 72
1
 11
217.875
 21
428.1333333333334
 31
0.0
100
AcDbText
 73
2
  0
LWPOLYLINE
  5
B1
330
1B
100
AcDbEntity
 67
1
  8
APOYOS
 62
9
370
15
100
AcDbPolyline
 90
4
 70
1
 10
276.625
 20
387.1333333333334
 10
289.125
 20
387.1333333333334
 10
289.125
 20
420.1333333333334
 10
276.625
 20
420.1333333333334
  0
LINE
  5
B2
330
1B
100
AcDbEntity
 67
1
  8
EJES
  6
DASHED
 62
1
370
9
100
AcDbLine
 10
282.875
 20
380.1333333333334
 30
0.0
 11
282.875
 21
432.1333333333334
 31
0.0
  0
CIRCLE
  5
B3
330
1B
100
AcDbEntity
 67
1
  8
EJES
 62
1
370
18
100
AcDbCircle
 10
282.875
 20
428.1333333333334
 30
0.0
 40
3.5
  0
TEXT
  5
B4
330
1B
100
AcDbEntity
 67
1
  8
EJES
 62
1
100
AcDbText
 10
282.875
 20
428.1333333333334
 30
0.0
 40
2.5
  1
4
 72
1
 11
282.875
 21
428.1333333333334
 31
0.0
100
AcDbText
 73
2
  0
LWPOLYLINE
  5
B5
330
1B
100
AcDbEntity
 67
1
  8
APOYOS
 62
9
370
15
100
AcDbPolyline
 90
4
 70
1
 10
339.125
 20
387.1333333333334
 10
351.625
 20
387.1333333333334
 10
351.625
 20
420.1333333333334
 10
339.125
 20
420.1333333333334
  0
LINE
  5
B6
330
1B
100
AcDbEntity
 67
1
  8
EJES
  6
DASHED
 62
1
370
9
100
AcDbLine
 10
345.375
 20
380.1333333333334
 30
0.0
 11
345.375
 21
432.1333333333334
 31
0.0
  0
CIRCLE
  5
B7
330
1B
100
AcDbEntity
 67
1
  8
EJES
 62
1
370
18
100
AcDbCircle
 10
345.375
 20
428.1333333333334
 30
0.0
 40
3.5
  0
TEXT
  5
B8
330
1B
100
AcDbEntity
 67
1
  8
EJES
 62
1
100
AcDbText
 10
345.375
 20
428.1333333333334
 30
0.0
 40
2.5
  1
5
 72
1
 11
345.375
 21
428.1333333333334
 31
0.0
100
AcDbText
 73
2
  0
LWPOLYLINE
  5
B9
330
1B
100
AcDbEntity
 67
1
  8
APOYOS
 62
9
370
15
100
AcDbPolyline
 90
4
 70
1
 10
439.125
 20
387.1333333333334
 10
451.625
 20
387.1333333333334
 10
451.625
 20
420.1333333333334
 10
439.125
 20
420.1333333333334
  0
LINE
  5
BA
330
1B
100
AcDbEntity
 67
1
  8
EJES
  6
DASHED
 62
1
370
9
100
AcDbLine
 10
445.375
 20
380.1333333333334
 30
0.0
 11
445.375
 21
432.1333333333334
 31
0.0
  0
CIRCLE
  5
BB
330
1B
100
AcDbEntity
 67
1
  8
EJES
 62
1
370
18
100
AcDbCircle
 10
445.375
 20
428.1333333333334
 30
0.0
 40
3.5
  0
TEXT
  5
BC
330
1B
100
AcDbEntity
 67
1
  8
EJES
 62
1
100
AcDbText
 10
445.375
 20
428.1333333333334
 30
0.0
 40
2.5
  1
6
 72
1
 11
445.375
 21
428.1333333333334
 31
0.0
100
AcDbText
 73
2
  0
LINE
  5
BD
330
1B
100
AcDbEntity
 67
1
  8
ESTRIBOS
 62
8
370
9
100
AcDbLine
 10
62.875
 20
392.1333333333334
 30
0.0
 11
62.875
 21
415.1333333333334
 31
0.0
  0
LINE
  5
BE
330
1B
100
AcDbEntity
 67
1
  8
ESTRIBOS
 62
8
370
9
100
AcDbLine
 10
65.125
 20
392.1333333333334
 30
0.0
 11
65.125
 21
415.1333333333334
 31
0.0
  0
LINE
  5
BF
330
1B
100
AcDbEntity
 67
1
  8
ESTRIBOS
 62
8
370
9
100
AcDbLine
 10
67.375
 20
392.1333333333334
 30
0.0
 11
67.375
 21
415.1333333333334
 31
0.0
  0
LINE
  5
C0
330
1B
100
AcDbEntity
 67
1
  8
ESTRIBOS
 62
8
370
9
100
AcDbLine
 10
69.625
 20
392.1333333333334
 30
0.0
 11
69.625
 21
415.1333333333334
 31
0.0
  0
LINE
  5
C1
330
1B
100
AcDbEntity
 67
1
  8
ESTRIBOS
 62
8
370
9
100
AcDbLine
 10
71.875
 20
392.1333333333334
 30
0.0
 11
71.875
 21
415.1333333333334
 31
0.0
  0
LINE
  5
C2
330
1B
100
AcDbEntity
 67
1
  8
ESTRIBOS
 62
8
370
9
100
AcDbLine
 10
74.125
 20
392.1333333333334
 30
0.0
 11
74.125
 21
415.1333333333334
 31
0.0
  0
LINE
  5
C3
330
1B
100
AcDbEntity
 67
1
  8
ESTRIBOS
 62
8
370
9
100
AcDbLine
 10
76.375
 20
392.1333333333334
 30
0.0
 11
76.375
 21
415.1333333333334
 31
0.0
  0
LINE
  5
C4
330
1B
100
AcDbEntity
 67
1
  8
ESTRIBOS
 62
8
370
9
100
AcDbLine
 10
78.625
 20
392.1333333333334
 30
0.0
 11
78.625
 21
415.1333333333334
 31
0.0
  0
LINE
  5
C5
330
1B
100
AcDbEntity
 67
1
  8
ESTRIBOS
 62
8
370
9
100
AcDbLine
 10
80.875
 20
392.1333333333334
 30
0.0
 11
80.875
 21
415.1333333333334
 31
0.0
  0
LINE
  5
C6
330
1B
100
AcDbEntity
 67
1
  8
ESTRIBOS
 62
8
370
9
100
AcDbLine
 10
83.125
 20
392.1333333333334
 30
0.0
 11
83.125
 21
415.1333333333334
 31
0.0
  0
LINE
  5
C7
330
1B
100
AcDbEntity
 67
1
  8
ESTRIBOS
 62
8
370
9
100
AcDbLine
 10
85.375
 20
392.1333333333334
 30
0.0
 11
85.375
 21
415.1333333333334
 31
0.0
  0
LINE
  5
C8
330
1B
100
AcDbEntity
 67
1
  8
ESTRIBOS
 62
8
370
9
100
AcDbLine
 10
87.625
 20
392.1333333333334
 30
0.0
 11
87.625
 21
415.1333333333334
 31
0.0
  0
LINE
  5
C9
330
1B
100
AcDbEntity
 67
1
  8
ESTRIBOS
 62
8
370
9
100
AcDbLine
 10
91.375
 20
392.1333333333334
 30
0.0
 11
91.375
 21
415.1333333333334
 31
0.0
  0
LINE
  5
CA
330
1B
100
AcDbEntity
 67
1
  8
ESTRIBOS
 62
8
370
9
100
AcDbLine
 10
93.625
 20
392.1333333333334
 30
0.0
 11
93.625
 21
415.1333333333334
 31
0.0
  0
LINE
  5
CB
330
1B
100
AcDbEntity
 67
1
  8
ESTRIBOS
 62
8
370
9
100
AcDbLine
 10
95.875
 20
392.1333333333334
 30
0.0
 11
95.875
 21
415.1333333333334
 31
0.0
  0
LINE
  5
CC
330
1B
100
AcDbEntity
 67
1
  8
ESTRIBOS
 62
8
370
9
100
AcDbLine
 10
98.125
 20
392.1333333333334
 30
0.0
 11
98.125
 21
415.1333333333334
 31
0.0
  0
LINE
  5
CD
330
1B
100
AcDbEntity
 67
1
  8
ESTRIBOS
 62
8
370
9
100
AcDbLine
 10
100.625
 20
392.1333333333334
 30
0.0
 11
100.625
 21
415.1333333333334
 31
0.0
  0
LINE
  5
CE
330
1B
100
AcDbEntity
 67
1
  8
ESTRIBOS
 62
8
370
9
100
AcDbLine
 10
102.875
 20
392.1333333333334
 30
0.0
 11
102.875
 21
415.1333333333334
 31
0.0
  0
LINE
  5
CF
330
1B
100
AcDbEntity
 67
1
  8
ESTRIBOS
 62
8
370
9
100
AcDbLine
 10
105.125
 20
392.1333333333334
 30
0.0
 11
105.125
 21
415.1333333333334
 31
0.0
  0
LINE
  5
D0
330
1B
100
AcDbEntity
 67
1
  8
ESTRIBOS
 62
8
370
9
100
AcDbLine
 10
107.375
 20
392.1333333333334
 30
0.0
 11
107.375
 21
415.1333333333334
 31
0.0
  0
LINE
  5
D1
330
1B
100
AcDbEntity
 67
1
  8
ESTRIBOS
 62
8
370
9
100
AcDbLine
 10
109.625
 20
392.1333333333334
 30
0.0
 11
109.625
 21
415.1333333333334
 31
0.0
  0
LINE
  5
D2
330
1B
100
AcDbEntity
 67
1
  8
ESTRIBOS
 62
8
370
9
100
AcDbLine
 10
111.875
 20
392.1333333333334
 30
0.0
 11
111.875
 21
415.1333333333334
 31
0.0
  0
LINE
  5
D3
330
1B
100
AcDbEntity
 67
1
  8
ESTRIBOS
 62
8
370
9
100
AcDbLine
 10
114.125
 20
392.1333333333334
 30
0.0
 11
114.125
 21
415.1333333333334
 31
0.0
  0
LINE
  5
D4
330
1B
100
AcDbEntity
 67
1
  8
ESTRIBOS
 62
8
370
9
100
AcDbLine
 10
116.375
 20
392.1333333333334
 30
0.0
 11
116.375
 21
415.1333333333334
 31
0.0
  0
LINE
  5
D5
330
1B
100
AcDbEntity
 67
1
  8
ESTRIBOS
 62
8
370
9
100
AcDbLine
 10
118.625
 20
392.1333333333334
 30
0.0
 11
118.625
 21
415.1333333333334
 31
0.0
  0
LINE
  5
D6
330
1B
100
AcDbEntity
 67
1
  8
ESTRIBOS
 62
8
370
9
100
AcDbLine
 10
120.875
 20
392.1333333333334
 30
0.0
 11
120.875
 21
415.1333333333334
 31
0.0
  0
LINE
  5
D7
330
1B
100
AcDbEntity
 67
1
  8
ESTRIBOS
 62
8
370
9
100
AcDbLine
 10
123.125
 20
392.1333333333334
 30
0.0
 11
123.125
 21
415.1333333333334
 31
0.0
  0
LINE
  5
D8
330
1B
100
AcDbEntity
 67
1
  8
ESTRIBOS
 62
8
370
9
100
AcDbLine
 10
125.375
 20
392.1333333333334
 30
0.0
 11
125.375
 21
415.1333333333334
 31
0.0
  0
TEXT
  5
D9
330
1B
100
AcDbEntity
 67
1
  8
ESTRIBOS
 62
8
100
AcDbText
 10
94.125
 20
402.83333333333337
 30
0.0
 40
1.6
  1
Nº3 2R @90/@90
 72
1
 11
94.125
 21
402.83333333333337
 31
0.0
100
AcDbText
 73
2
  0
LINE
  5
DA
330
1B
100
AcDbEntity
 67
1
  8
ESTRIBOS
 62
8
370
9
100
AcDbLine
 10
127.875
 20
392.1333333333334
 30
0.0
 11
127.875
 21
415.1333333333334
 31
0.0
  0
LINE
  5
DB
330
1B
100
AcDbEntity
 67
1
  8
ESTRIBOS
 62
8
370
9
100
AcDbLine
 10
130.125
 20
392.1333333333334
 30
0.0
 11
130.125
 21
415.1333333333334
 31
0.0
  0
LINE
  5
DC
330
1B
100
AcDbEntity
 67
1
  8
ESTRIBOS
 62
8
370
9
100
AcDbLine
 10
132.375
 20
392.1333333333334
 30
0.0
 11
132.375
 21
415.1333333333334
 31
0.0
  0
LINE
  5
DD
330
1B
100
AcDbEntity
 67
1
  8
ESTRIBOS
 62
8
370
9
100
AcDbLine
 10
134.625
 20
392.1333333333334
 30
0.0
 11
134.625
 21
415.1333333333334
 31
0.0
  0
LINE
  5
DE
330
1B
100
AcDbEntity
 67
1
  8
ESTRIBOS
 62
8
370
9
100
AcDbLine
 10
136.875
 20
392.1333333333334
 30
0.0
 11
136.875
 21
415.1333333333334
 31
0.0
  0
LINE
  5
DF
330
1B
100
AcDbEntity
 67
1
  8
ESTRIBOS
 62
8
370
9
100
AcDbLine
 10
139.125
 20
392.1333333333334
 30
0.0
 11
139.125
 21
415.1333333333334
 31
0.0
  0
LINE
  5
E0
330
1B
100
AcDbEntity
 67
1
  8
ESTRIBOS
 62
8
370
9
100
AcDbLine
 10
141.375
 20
392.1333333333334
 30
0.0
 11
141.375
 21
415.1333333333334
 31
0.0
  0
LINE
  5
E1
330
1B
100
AcDbEntity
 67
1
  8
ESTRIBOS
 62
8
370
9
100
AcDbLine
 10
143.625
 20
392.1333333333334
 30
0.0
 11
143.625
 21
415.1333333333334
 31
0.0
  0
LINE
  5
E2
330
1B
100
AcDbEntity
 67
1
  8
ESTRIBOS
 62
8
370
9
100
AcDbLine
 10
145.875
 20
392.1333333333334
 30
0.0
 11
145.875
 21
415.1333333333334
 31
0.0
  0
LINE
  5
E3
330
1B
100
AcDbEntity
 67
1
  8
ESTRIBOS
 62
8
370
9
100
AcDbLine
 10
148.125
 20
392.1333333333334
 30
0.0
 11
148.125
 21
415.1333333333334
 31
0.0
  0
LINE
  5
E4
330
1B
100
AcDbEntity
 67
1
  8
ESTRIBOS
 62
8
370
9
100
AcDbLine
 10
150.375
 20
392.1333333333334
 30
0.0
 11
150.375
 21
415.1333333333334
 31
0.0
  0
LINE
  5
E5
330
1B
100
AcDbEntity
 67
1
  8
ESTRIBOS
 62
8
370
9
100
AcDbLine
 10
152.625
 20
392.1333333333334
 30
0.0
 11
152.625
 21
415.1333333333334
 31
0.0
  0
LINE
  5
E6
330
1B
100
AcDbEntity
 67
1
  8
ESTRIBOS
 62
8
370
9
100
AcDbLine
 10
156.375
 20
392.1333333333334
 30
0.0
 11
156.375
 21
415.1333333333334
 31
0.0
  0
LINE
  5
E7
330
1B
100
AcDbEntity
 67
1
  8
ESTRIBOS
 62
8
370
9
100
AcDbLine
 10
158.625
 20
392.1333333333334
 30
0.0
 11
158.625
 21
415.1333333333334
 31
0.0
  0
LINE
  5
E8
330
1B
100
AcDbEntity
 67
1
  8
ESTRIBOS
 62
8
370
9
100
AcDbLine
 10
160.875
 20
392.1333333333334
 30
0.0
 11
160.875
 21
415.1333333333334
 31
0.0
  0
LINE
  5
E9
330
1B
100
AcDbEntity
 67
1
  8
ESTRIBOS
 62
8
370
9
100
AcDbLine
 10
163.125
 20
392.1333333333334
 30
0.0
 11
163.125
 21
415.1333333333334
 31
0.0
  0
LINE
  5
EA
330
1B
100
AcDbEntity
 67
1
  8
ESTRIBOS
 62
8
370
9
100
AcDbLine
 10
165.375
 20
392.1333333333334
 30
0.0
 11
165.375
 21
415.1333333333334
 31
0.0
  0
LINE
  5
EB
330
1B
100
AcDbEntity
 67
1
  8
ESTRIBOS
 62
8
370
9
100
AcDbLine
 10
167.625
 20
392.1333333333334
 30
0.0
 11
167.625
 21
415.1333333333334
 31
0.0
  0
LINE
  5
EC
330
1B
100
AcDbEntity
 67
1
  8
ESTRIBOS
 62
8
370
9
100
AcDbLine
 10
169.875
 20
392.1333333333334
 30
0.0
 11
169.875
 21
415.1333333333334
 31
0.0
  0
LINE
  5
ED
330
1B
100
AcDbEntity
 67
1
  8
ESTRIBOS
 62
8
370
9
100
AcDbLine
 10
172.125
 20
392.1333333333334
 30
0.0
 11
172.125
 21
415.1333333333334
 31
0.0
  0
LINE
  5
EE
330
1B
100
AcDbEntity
 67
1
  8
ESTRIBOS
 62
8
370
9
100
AcDbLine
 10
174.375
 20
392.1333333333334
 30
0.0
 11
174.375
 21
415.1333333333334
 31
0.0
  0
LINE
  5
EF
330
1B
100
AcDbEntity
 67
1
  8
ESTRIBOS
 62
8
370
9
100
AcDbLine
 10
176.625
 20
392.1333333333334
 30
0.0
 11
176.625
 21
415.1333333333334
 31
0.0
  0
LINE
  5
F0
330
1B
100
AcDbEntity
 67
1
  8
ESTRIBOS
 62
8
370
9
100
AcDbLine
 10
178.875
 20
392.1333333333334
 30
0.0
 11
178.875
 21
415.1333333333334
 31
0.0
  0
LINE
  5
F1
330
1B
100
AcDbEntity
 67
1
  8
ESTRIBOS
 62
8
370
9
100
AcDbLine
 10
181.125
 20
392.1333333333334
 30
0.0
 11
181.125
 21
415.1333333333334
 31
0.0
  0
LINE
  5
F2
330
1B
100
AcDbEntity
 67
1
  8
ESTRIBOS
 62
8
370
9
100
AcDbLine
 10
183.375
 20
392.1333333333334
 30
0.0
 11
183.375
 21
415.1333333333334
 31
0.0
  0
LINE
  5
F3
330
1B
100
AcDbEntity
 67
1
  8
ESTRIBOS
 62
8
370
9
100
AcDbLine
 10
185.625
 20
392.1333333333334
 30
0.0
 11
185.625
 21
415.1333333333334
 31
0.0
  0
LINE
  5
F4
330
1B
100
AcDbEntity
 67
1
  8
ESTRIBOS
 62
8
370
9
100
AcDbLine
 10
187.875
 20
392.1333333333334
 30
0.0
 11
187.875
 21
415.1333333333334
 31
0.0
  0
LINE
  5
F5
330
1B
100
AcDbEntity
 67
1
  8
ESTRIBOS
 62
8
370
9
100
AcDbLine
 10
190.125
 20
392.1333333333334
 30
0.0
 11
190.125
 21
415.1333333333334
 31
0.0
  0
LINE
  5
F6
330
1B
100
AcDbEntity
 67
1
  8
ESTRIBOS
 62
8
370
9
100
AcDbLine
 10
191.875
 20
392.1333333333334
 30
0.0
 11
191.875
 21
415.1333333333334
 31
0.0
  0
LINE
  5
F7
330
1B
100
AcDbEntity
 67
1
  8
ESTRIBOS
 62
8
370
9
100
AcDbLine
 10
194.125
 20
392.1333333333334
 30
0.0
 11
194.125
 21
415.1333333333334
 31
0.0
  0
LINE
  5
F8
330
1B
100
AcDbEntity
 67
1
  8
ESTRIBOS
 62
8
370
9
100
AcDbLine
 10
196.375
 20
392.1333333333334
 30
0.0
 11
196.375
 21
415.1333333333334
 31
0.0
  0
LINE
  5
F9
330
1B
100
AcDbEntity
 67
1
  8
ESTRIBOS
 62
8
370
9
100
AcDbLine
 10
198.625
 20
392.1333333333334
 30
0.0
 11
198.625
 21
415.1333333333334
 31
0.0
  0
LINE
  5
FA
330
1B
100
AcDbEntity
 67
1
  8
ESTRIBOS
 62
8
370
9
100
AcDbLine
 10
200.875
 20
392.1333333333334
 30
0.0
 11
200.875
 21
415.1333333333334
 31
0.0
  0
LINE
  5
FB
330
1B
100
AcDbEntity
 67
1
  8
ESTRIBOS
 62
8
370
9
100
AcDbLine
 10
203.125
 20
392.1333333333334
 30
0.0
 11
203.125
 21
415.1333333333334
 31
0.0
  0
LINE
  5
FC
330
1B
100
AcDbEntity
 67
1
  8
ESTRIBOS
 62
8
370
9
100
AcDbLine
 10
205.375
 20
392.1333333333334
 30
0.0
 11
205.375
 21
415.1333333333334
 31
0.0
  0
LINE
  5
FD
330
1B
100
AcDbEntity
 67
1
  8
ESTRIBOS
 62
8
370
9
100
AcDbLine
 10
207.625
 20
392.1333333333334
 30
0.0
 11
207.625
 21
415.1333333333334
 31
0.0
  0
LINE
  5
FE
330
1B
100
AcDbEntity
 67
1
  8
ESTRIBOS
 62
8
370
9
100
AcDbLine
 10
209.875
 20
392.1333333333334
 30
0.0
 11
209.875
 21
415.1333333333334
 31
0.0
  0
LINE
  5
FF
330
1B
100
AcDbEntity
 67
1
  8
ESTRIBOS
 62
8
370
9
100
AcDbLine
 10
212.125
 20
392.1333333333334
 30
0.0
 11
212.125
 21
415.1333333333334
 31
0.0
  0
LINE
  5
100
330
1B
100
AcDbEntity
 67
1
  8
ESTRIBOS
 62
8
370
9
100
AcDbLine
 10
214.375
 20
392.1333333333334
 30
0.0
 11
214.375
 21
415.1333333333334
 31
0.0
  0
LINE
  5
101
330
1B
100
AcDbEntity
 67
1
  8
ESTRIBOS
 62
8
370
9
100
AcDbLine
 10
216.625
 20
392.1333333333334
 30
0.0
 11
216.625
 21
415.1333333333334
 31
0.0
  0
TEXT
  5
102
330
1B
100
AcDbEntity
 67
1
  8
ESTRIBOS
 62
8
100
AcDbText
 10
172.25
 20
402.83333333333337
 30
0.0
 40
1.6
  1
Nº3 2R @90/@90
 72
1
 11
172.25
 21
402.83333333333337
 31
0.0
100
AcDbText
 73
2
  0
LINE
  5
103
330
1B
100
AcDbEntity
 67
1
  8
ESTRIBOS
 62
8
370
9
100
AcDbLine
 10
219.125
 20
392.1333333333334
 30
0.0
 11
219.125
 21
415.1333333333334
 31
0.0
  0
LINE
  5
104
330
1B
100
AcDbEntity
 67
1
  8
ESTRIBOS
 62
8
370
9
100
AcDbLine
 10
221.375
 20
392.1333333333334
 30
0.0
 11
221.375
 21
415.1333333333334
 31
0.0
  0
LINE
  5
105
330
1B
100
AcDbEntity
 67
1
  8
ESTRIBOS
 62
8
370
9
100
AcDbLine
 10
223.625
 20
392.1333333333334
 30
0.0
 11
223.625
 21
415.1333333333334
 31
0.0
  0
LINE
  5
106
330
1B
100
AcDbEntity
 67
1
  8
ESTRIBOS
 62
8
370
9
100
AcDbLine
 10
225.875
 20
392.1333333333334
 30
0.0
 11
225.875
 21
415.1333333333334
 31
0.0
  0
LINE
  5
107
330
1B
100
AcDbEntity
 67
1
  8
ESTRIBOS
 62
8
370
9
100
AcDbLine
 10
228.125
 20
392.1333333333334
 30
0.0
 11
228.125
 21
415.1333333333334
 31
0.0
  0
LINE
  5
108
330
1B
100
AcDbEntity
 67
1
  8
ESTRIBOS
 62
8
370
9
100
AcDbLine
 10
230.375
 20
392.1333333333334
 30
0.0
 11
230.375
 21
415.1333333333334
 31
0.0
  0
LINE
  5
109
330
1B
100
AcDbEntity
 67
1
  8
ESTRIBOS
 62
8
370
9
100
AcDbLine
 10
232.625
 20
392.1333333333334
 30
0.0
 11
232.625
 21
415.1333333333334
 31
0.0
  0
LINE
  5
10A
330
1B
100
AcDbEntity
 67
1
  8
ESTRIBOS
 62
8
370
9
100
AcDbLine
 10
234.875
 20
392.1333333333334
 30
0.0
 11
234.875
 21
415.1333333333334
 31
0.0
  0
LINE
  5
10B
330
1B
100
AcDbEntity
 67
1
  8
ESTRIBOS
 62
8
370
9
100
AcDbLine
 10
237.125
 20
392.1333333333334
 30
0.0
 11
237.125
 21
415.1333333333334
 31
0.0
  0
LINE
  5
10C
330
1B
100
AcDbEntity
 67
1
  8
ESTRIBOS
 62
8
370
9
100
AcDbLine
 10
239.375
 20
392.1333333333334
 30
0.0
 11
239.375
 21
415.1333333333334
 31
0.0
  0
LINE
  5
10D
330
1B
100
AcDbEntity
 67
1
  8
ESTRIBOS
 62
8
370
9
100
AcDbLine
 10
241.625
 20
392.1333333333334
 30
0.0
 11
241.625
 21
415.1333333333334
 31
0.0
  0
LINE
  5
10E
330
1B
100
AcDbEntity
 67
1
  8
ESTRIBOS
 62
8
370
9
100
AcDbLine
 10
243.875
 20
392.1333333333334
 30
0.0
 11
243.875
 21
415.1333333333334
 31
0.0
  0
LINE
  5
10F
330
1B
100
AcDbEntity
 67
1
  8
ESTRIBOS
 62
8
370
9
100
AcDbLine
 10
247.625
 20
392.1333333333334
 30
0.0
 11
247.625
 21
415.1333333333334
 31
0.0
  0
LINE
  5
110
330
1B
100
AcDbEntity
 67
1
  8
ESTRIBOS
 62
8
370
9
100
AcDbLine
 10
249.875
 20
392.1333333333334
 30
0.0
 11
249.875
 21
415.1333333333334
 31
0.0
  0
LINE
  5
111
330
1B
100
AcDbEntity
 67
1
  8
ESTRIBOS
 62
8
370
9
100
AcDbLine
 10
252.125
 20
392.1333333333334
 30
0.0
 11
252.125
 21
415.1333333333334
 31
0.0
  0
LINE
  5
112
330
1B
100
AcDbEntity
 67
1
  8
ESTRIBOS
 62
8
370
9
100
AcDbLine
 10
254.375
 20
392.1333333333334
 30
0.0
 11
254.375
 21
415.1333333333334
 31
0.0
  0
LINE
  5
113
330
1B
100
AcDbEntity
 67
1
  8
ESTRIBOS
 62
8
370
9
100
AcDbLine
 10
256.875
 20
392.1333333333334
 30
0.0
 11
256.875
 21
415.1333333333334
 31
0.0
  0
LINE
  5
114
330
1B
100
AcDbEntity
 67
1
  8
ESTRIBOS
 62
8
370
9
100
AcDbLine
 10
259.125
 20
392.1333333333334
 30
0.0
 11
259.125
 21
415.1333333333334
 31
0.0
  0
LINE
  5
115
330
1B
100
AcDbEntity
 67
1
  8
ESTRIBOS
 62
8
370
9
100
AcDbLine
 10
261.375
 20
392.1333333333334
 30
0.0
 11
261.375
 21
415.1333333333334
 31
0.0
  0
LINE
  5
116
330
1B
100
AcDbEntity
 67
1
  8
ESTRIBOS
 62
8
370
9
100
AcDbLine
 10
263.625
 20
392.1333333333334
 30
0.0
 11
263.625
 21
415.1333333333334
 31
0.0
  0
LINE
  5
117
330
1B
100
AcDbEntity
 67
1
  8
ESTRIBOS
 62
8
370
9
100
AcDbLine
 10
265.875
 20
392.1333333333334
 30
0.0
 11
265.875
 21
415.1333333333334
 31
0.0
  0
LINE
  5
118
330
1B
100
AcDbEntity
 67
1
  8
ESTRIBOS
 62
8
370
9
100
AcDbLine
 10
268.125
 20
392.1333333333334
 30
0.0
 11
268.125
 21
415.1333333333334
 31
0.0
  0
LINE
  5
119
330
1B
100
AcDbEntity
 67
1
  8
ESTRIBOS
 62
8
370
9
100
AcDbLine
 10
270.375
 20
392.1333333333334
 30
0.0
 11
270.375
 21
415.1333333333334
 31
0.0
  0
LINE
  5
11A
330
1B
100
AcDbEntity
 67
1
  8
ESTRIBOS
 62
8
370
9
100
AcDbLine
 10
272.625
 20
392.1333333333334
 30
0.0
 11
272.625
 21
415.1333333333334
 31
0.0
  0
LINE
  5
11B
330
1B
100
AcDbEntity
 67
1
  8
ESTRIBOS
 62
8
370
9
100
AcDbLine
 10
274.875
 20
392.1333333333334
 30
0.0
 11
274.875
 21
415.1333333333334
 31
0.0
  0
LINE
  5
11C
330
1B
100
AcDbEntity
 67
1
  8
ESTRIBOS
 62
8
370
9
100
AcDbLine
 10
277.125
 20
392.1333333333334
 30
0.0
 11
277.125
 21
415.1333333333334
 31
0.0
  0
LINE
  5
11D
330
1B
100
AcDbEntity
 67
1
  8
ESTRIBOS
 62
8
370
9
100
AcDbLine
 10
279.375
 20
392.1333333333334
 30
0.0
 11
279.375
 21
415.1333333333334
 31
0.0
  0
LINE
  5
11E
330
1B
100
AcDbEntity
 67
1
  8
ESTRIBOS
 62
8
370
9
100
AcDbLine
 10
281.625
 20
392.1333333333334
 30
0.0
 11
281.625
 21
415.1333333333334
 31
0.0
  0
TEXT
  5
11F
330
1B
100
AcDbEntity
 67
1
  8
ESTRIBOS
 62
8
100
AcDbText
 10
250.375
 20
402.83333333333337
 30
0.0
 40
1.6
  1
Nº3 2R @90/@90
 72
1
 11
250.375
 21
402.83333333333337
 31
0.0
100
AcDbText
 73
2
  0
LINE
  5
120
330
1B
100
AcDbEntity
 67
1
  8
ESTRIBOS
 62
8
370
9
100
AcDbLine
 10
284.125
 20
392.1333333333334
 30
0.0
 11
284.125
 21
415.1333333333334
 31
0.0
  0
LINE
  5
121
330
1B
100
AcDbEntity
 67
1
  8
ESTRIBOS
 62
8
370
9
100
AcDbLine
 10
286.375
 20
392.1333333333334
 30
0.0
 11
286.375
 21
415.1333333333334
 31
0.0
  0
LINE
  5
122
330
1B
100
AcDbEntity
 67
1
  8
ESTRIBOS
 62
8
370
9
100
AcDbLine
 10
288.625
 20
392.1333333333334
 30
0.0
 11
288.625
 21
415.1333333333334
 31
0.0
  0
LINE
  5
123
330
1B
100
AcDbEntity
 67
1
  8
ESTRIBOS
 62
8
370
9
100
AcDbLine
 10
290.875
 20
392.1333333333334
 30
0.0
 11
290.875
 21
415.1333333333334
 31
0.0
  0
LINE
  5
124
330
1B
100
AcDbEntity
 67
1
  8
ESTRIBOS
 62
8
370
9
100
AcDbLine
 10
293.125
 20
392.1333333333334
 30
0.0
 11
293.125
 21
415.1333333333334
 31
0.0
  0
LINE
  5
125
330
1B
100
AcDbEntity
 67
1
  8
ESTRIBOS
 62
8
370
9
100
AcDbLine
 10
295.375
 20
392.1333333333334
 30
0.0
 11
295.375
 21
415.1333333333334
 31
0.0
  0
LINE
  5
126
330
1B
100
AcDbEntity
 67
1
  8
ESTRIBOS
 62
8
370
9
100
AcDbLine
 10
297.625
 20
392.1333333333334
 30
0.0
 11
297.625
 21
415.1333333333334
 31
0.0
  0
LINE
  5
127
330
1B
100
AcDbEntity
 67
1
  8
ESTRIBOS
 62
8
370
9
100
AcDbLine
 10
299.875
 20
392.1333333333334
 30
0.0
 11
299.875
 21
415.1333333333334
 31
0.0
  0
LINE
  5
128
330
1B
100
AcDbEntity
 67
1
  8
ESTRIBOS
 62
8
370
9
100
AcDbLine
 10
302.125
 20
392.1333333333334
 30
0.0
 11
302.125
 21
415.1333333333334
 31
0.0
  0
LINE
  5
129
330
1B
100
AcDbEntity
 67
1
  8
ESTRIBOS
 62
8
370
9
100
AcDbLine
 10
304.375
 20
392.1333333333334
 30
0.0
 11
304.375
 21
415.1333333333334
 31
0.0
  0
LINE
  5
12A
330
1B
100
AcDbEntity
 67
1
  8
ESTRIBOS
 62
8
370
9
100
AcDbLine
 10
306.625
 20
392.1333333333334
 30
0.0
 11
306.625
 21
415.1333333333334
 31
0.0
  0
LINE
  5
12B
330
1B
100
AcDbEntity
 67
1
  8
ESTRIBOS
 62
8
370
9
100
AcDbLine
 10
308.875
 20
392.1333333333334
 30
0.0
 11
308.875
 21
415.1333333333334
 31
0.0
  0
LINE
  5
12C
330
1B
100
AcDbEntity
 67
1
  8
ESTRIBOS
 62
8
370
9
100
AcDbLine
 10
312.625
 20
392.1333333333334
 30
0.0
 11
312.625
 21
415.1333333333334
 31
0.0
  0
LINE
  5
12D
330
1B
100
AcDbEntity
 67
1
  8
ESTRIBOS
 62
8
370
9
100
AcDbLine
 10
314.875
 20
392.1333333333334
 30
0.0
 11
314.875
 21
415.1333333333334
 31
0.0
  0
LINE
  5
12E
330
1B
100
AcDbEntity
 67
1
  8
ESTRIBOS
 62
8
370
9
100
AcDbLine
 10
317.125
 20
392.1333333333334
 30
0.0
 11
317.125
 21
415.1333333333334
 31
0.0
  0
LINE
  5
12F
330
1B
100
AcDbEntity
 67
1
  8
ESTRIBOS
 62
8
370
9
100
AcDbLine
 10
319.375
 20
392.1333333333334
 30
0.0
 11
319.375
 21
415.1333333333334
 31
0.0
  0
LINE
  5
130
330
1B
100
AcDbEntity
 67
1
  8
ESTRIBOS
 62
8
370
9
100
AcDbLine
 10
321.625
 20
392.1333333333334
 30
0.0
 11
321.625
 21
415.1333333333334
 31
0.0
  0
LINE
  5
131
330
1B
100
AcDbEntity
 67
1
  8
ESTRIBOS
 62
8
370
9
100
AcDbLine
 10
323.875
 20
392.1333333333334
 30
0.0
 11
323.875
 21
415.1333333333334
 31
0.0
  0
LINE
  5
132
330
1B
100
AcDbEntity
 67
1
  8
ESTRIBOS
 62
8
370
9
100
AcDbLine
 10
326.125
 20
392.1333333333334
 30
0.0
 11
326.125
 21
415.1333333333334
 31
0.0
  0
LINE
  5
133
330
1B
100
AcDbEntity
 67
1
  8
ESTRIBOS
 62
8
370
9
100
AcDbLine
 10
328.375
 20
392.1333333333334
 30
0.0
 11
328.375
 21
415.1333333333334
 31
0.0
  0
LINE
  5
134
330
1B
100
AcDbEntity
 67
1
  8
ESTRIBOS
 62
8
370
9
100
AcDbLine
 10
330.625
 20
392.1333333333334
 30
0.0
 11
330.625
 21
415.1333333333334
 31
0.0
  0
LINE
  5
135
330
1B
100
AcDbEntity
 67
1
  8
ESTRIBOS
 62
8
370
9
100
AcDbLine
 10
332.875
 20
392.1333333333334
 30
0.0
 11
332.875
 21
415.1333333333334
 31
0.0
  0
LINE
  5
136
330
1B
100
AcDbEntity
 67
1
  8
ESTRIBOS
 62
8
370
9
100
AcDbLine
 10
335.125
 20
392.1333333333334
 30
0.0
 11
335.125
 21
415.1333333333334
 31
0.0
  0
LINE
  5
137
330
1B
100
AcDbEntity
 67
1
  8
ESTRIBOS
 62
8
370
9
100
AcDbLine
 10
337.375
 20
392.1333333333334
 30
0.0
 11
337.375
 21
415.1333333333334
 31
0.0
  0
LINE
  5
138
330
1B
100
AcDbEntity
 67
1
  8
ESTRIBOS
 62
8
370
9
100
AcDbLine
 10
339.625
 20
392.1333333333334
 30
0.0
 11
339.625
 21
415.1333333333334
 31
0.0
  0
LINE
  5
139
330
1B
100
AcDbEntity
 67
1
  8
ESTRIBOS
 62
8
370
9
100
AcDbLine
 10
341.875
 20
392.1333333333334
 30
0.0
 11
341.875
 21
415.1333333333334
 31
0.0
  0
LINE
  5
13A
330
1B
100
AcDbEntity
 67
1
  8
ESTRIBOS
 62
8
370
9
100
AcDbLine
 10
344.125
 20
392.1333333333334
 30
0.0
 11
344.125
 21
415.1333333333334
 31
0.0
  0
TEXT
  5
13B
330
1B
100
AcDbEntity
 67
1
  8
ESTRIBOS
 62
8
100
AcDbText
 10
314.125
 20
402.83333333333337
 30
0.0
 40
1.6
  1
Nº3 2R @90/@90
 72
1
 11
314.125
 21
402.83333333333337
 31
0.0
100
AcDbText
 73
2
  0
LINE
  5
13C
330
1B
100
AcDbEntity
 67
1
  8
ESTRIBOS
 62
8
370
9
100
AcDbLine
 10
346.625
 20
392.1333333333334
 30
0.0
 11
346.625
 21
415.1333333333334
 31
0.0
  0
LINE
  5
13D
330
1B
100
AcDbEntity
 67
1
  8
ESTRIBOS
 62
8
370
9
100
AcDbLine
 10
348.875
 20
392.1333333333334
 30
0.0
 11
348.875
 21
415.1333333333334
 31
0.0
  0
LINE
  5
13E
330
1B
100
AcDbEntity
 67
1
  8
ESTRIBOS
 62
8
370
9
100
AcDbLine
 10
351.125
 20
392.1333333333334
 30
0.0
 11
351.125
 21
415.1333333333334
 31
0.0
  0
LINE
  5
13F
330
1B
100
AcDbEntity
 67
1
  8
ESTRIBOS
 62
8
370
9
100
AcDbLine
 10
353.375
 20
392.1333333333334
 30
0.0
 11
353.375
 21
415.1333333333334
 31
0.0
  0
LINE
  5
140
330
1B
100
AcDbEntity
 67
1
  8
ESTRIBOS
 62
8
370
9
100
AcDbLine
 10
355.625
 20
392.1333333333334
 30
0.0
 11
355.625
 21
415.1333333333334
 31
0.0
  0
LINE
  5
141
330
1B
100
AcDbEntity
 67
1
  8
ESTRIBOS
 62
8
370
9
100
AcDbLine
 10
357.875
 20
392.1333333333334
 30
0.0
 11
357.875
 21
415.1333333333334
 31
0.0
  0
LINE
  5
142
330
1B
100
AcDbEntity
 67
1
  8
ESTRIBOS
 62
8
370
9
100
AcDbLine
 10
360.125
 20
392.1333333333334
 30
0.0
 11
360.125
 21
415.1333333333334
 31
0.0
  0
LINE
  5
143
330
1B
100
AcDbEntity
 67
1
  8
ESTRIBOS
 62
8
370
9
100
AcDbLine
 10
362.375
 20
392.1333333333334
 30
0.0
 11
362.375
 21
415.1333333333334
 31
0.0
  0
LINE
  5
144
330
1B
100
AcDbEntity
 67
1
  8
ESTRIBOS
 62
8
370
9
100
AcDbLine
 10
364.625
 20
392.1333333333334
 30
0.0
 11
364.625
 21
415.1333333333334
 31
0.0
  0
LINE
  5
145
330
1B
100
AcDbEntity
 67
1
  8
ESTRIBOS
 62
8
370
9
100
AcDbLine
 10
366.875
 20
392.1333333333334
 30
0.0
 11
366.875
 21
415.1333333333334
 31
0.0
  0
LINE
  5
146
330
1B
100
AcDbEntity
 67
1
  8
ESTRIBOS
 62
8
370
9
100
AcDbLine
 10
369.125
 20
392.1333333333334
 30
0.0
 11
369.125
 21
415.1333333333334
 31
0.0
  0
LINE
  5
147
330
1B
100
AcDbEntity
 67
1
  8
ESTRIBOS
 62
8
370
9
100
AcDbLine
 10
371.375
 20
392.1333333333334
 30
0.0
 11
371.375
 21
415.1333333333334
 31
0.0
  0
LINE
  5
148
330
1B
100
AcDbEntity
 67
1
  8
ESTRIBOS
 62
8
370
9
100
AcDbLine
 10
375.125
 20
392.1333333333334
 30
0.0
 11
375.125
 21
415.1333333333334
 31
0.0
  0
LINE
  5
149
330
1B
100
AcDbEntity
 67
1
  8
ESTRIBOS
 62
8
370
9
100
AcDbLine
 10
377.375
 20
392.1333333333334
 30
0.0
 11
377.375
 21
415.1333333333334
 31
0.0
  0
LINE
  5
14A
330
1B
100
AcDbEntity
 67
1
  8
ESTRIBOS
 62
8
370
9
100
AcDbLine
 10
379.625
 20
392.1333333333334
 30
0.0
 11
379.625
 21
415.1333333333334
 31
0.0
  0
LINE
  5
14B
330
1B
100
AcDbEntity
 67
1
  8
ESTRIBOS
 62
8
370
9
100
AcDbLine
 10
381.875
 20
392.1333333333334
 30
0.0
 11
381.875
 21
415.1333333333334
 31
0.0
  0
LINE
  5
14C
330
1B
100
AcDbEntity
 67
1
  8
ESTRIBOS
 62
8
370
9
100
AcDbLine
 10
384.125
 20
392.1333333333334
 30
0.0
 11
384.125
 21
415.1333333333334
 31
0.0
  0
LINE
  5
14D
330
1B
100
AcDbEntity
 67
1
  8
ESTRIBOS
 62
8
370
9
100
AcDbLine
 10
386.375
 20
392.1333333333334
 30
0.0
 11
386.375
 21
415.1333333333334
 31
0.0
  0
LINE
  5
14E
330
1B
100
AcDbEntity
 67
1
  8
ESTRIBOS
 62
8
370
9
100
AcDbLine
 10
388.625
 20
392.1333333333334
 30
0.0
 11
388.625
 21
415.1333333333334
 31
0.0
  0
LINE
  5
14F
330
1B
100
AcDbEntity
 67
1
  8
ESTRIBOS
 62
8
370
9
100
AcDbLine
 10
390.875
 20
392.1333333333334
 30
0.0
 11
390.875
 21
415.1333333333334
 31
0.0
  0
LINE
  5
150
330
1B
100
AcDbEntity
 67
1
  8
ESTRIBOS
 62
8
370
9
100
AcDbLine
 10
393.125
 20
392.1333333333334
 30
0.0
 11
393.125
 21
415.1333333333334
 31
0.0
  0
LINE
  5
151
330
1B
100
AcDbEntity
 67
1
  8
ESTRIBOS
 62
8
370
9
100
AcDbLine
 10
395.375
 20
392.1333333333334
 30
0.0
 11
395.375
 21
415.1333333333334
 31
0.0
  0
LINE
  5
152
330
1B
100
AcDbEntity
 67
1
  8
ESTRIBOS
 62
8
370
9
100
AcDbLine
 10
397.625
 20
392.1333333333334
 30
0.0
 11
397.625
 21
415.1333333333334
 31
0.0
  0
LINE
  5
153
330
1B
100
AcDbEntity
 67
1
  8
ESTRIBOS
 62
8
370
9
100
AcDbLine
 10
399.875
 20
392.1333333333334
 30
0.0
 11
399.875
 21
415.1333333333334
 31
0.0
  0
LINE
  5
154
330
1B
100
AcDbEntity
 67
1
  8
ESTRIBOS
 62
8
370
9
100
AcDbLine
 10
402.125
 20
392.1333333333334
 30
0.0
 11
402.125
 21
415.1333333333334
 31
0.0
  0
LINE
  5
155
330
1B
100
AcDbEntity
 67
1
  8
ESTRIBOS
 62
8
370
9
100
AcDbLine
 10
404.375
 20
392.1333333333334
 30
0.0
 11
404.375
 21
415.1333333333334
 31
0.0
  0
LINE
  5
156
330
1B
100
AcDbEntity
 67
1
  8
ESTRIBOS
 62
8
370
9
100
AcDbLine
 10
406.625
 20
392.1333333333334
 30
0.0
 11
406.625
 21
415.1333333333334
 31
0.0
  0
LINE
  5
157
330
1B
100
AcDbEntity
 67
1
  8
ESTRIBOS
 62
8
370
9
100
AcDbLine
 10
408.875
 20
392.1333333333334
 30
0.0
 11
408.875
 21
415.1333333333334
 31
0.0
  0
LINE
  5
158
330
1B
100
AcDbEntity
 67
1
  8
ESTRIBOS
 62
8
370
9
100
AcDbLine
 10
411.125
 20
392.1333333333334
 30
0.0
 11
411.125
 21
415.1333333333334
 31
0.0
  0
LINE
  5
159
330
1B
100
AcDbEntity
 67
1
  8
ESTRIBOS
 62
8
370
9
100
AcDbLine
 10
413.375
 20
392.1333333333334
 30
0.0
 11
413.375
 21
415.1333333333334
 31
0.0
  0
LINE
  5
15A
330
1B
100
AcDbEntity
 67
1
  8
ESTRIBOS
 62
8
370
9
100
AcDbLine
 10
415.625
 20
392.1333333333334
 30
0.0
 11
415.625
 21
415.1333333333334
 31
0.0
  0
LINE
  5
15B
330
1B
100
AcDbEntity
 67
1
  8
ESTRIBOS
 62
8
370
9
100
AcDbLine
 10
419.375
 20
392.1333333333334
 30
0.0
 11
419.375
 21
415.1333333333334
 31
0.0
  0
LINE
  5
15C
330
1B
100
AcDbEntity
 67
1
  8
ESTRIBOS
 62
8
370
9
100
AcDbLine
 10
421.625
 20
392.1333333333334
 30
0.0
 11
421.625
 21
415.1333333333334
 31
0.0
  0
LINE
  5
15D
330
1B
100
AcDbEntity
 67
1
  8
ESTRIBOS
 62
8
370
9
100
AcDbLine
 10
423.875
 20
392.1333333333334
 30
0.0
 11
423.875
 21
415.1333333333334
 31
0.0
  0
LINE
  5
15E
330
1B
100
AcDbEntity
 67
1
  8
ESTRIBOS
 62
8
370
9
100
AcDbLine
 10
426.125
 20
392.1333333333334
 30
0.0
 11
426.125
 21
415.1333333333334
 31
0.0
  0
LINE
  5
15F
330
1B
100
AcDbEntity
 67
1
  8
ESTRIBOS
 62
8
370
9
100
AcDbLine
 10
428.375
 20
392.1333333333334
 30
0.0
 11
428.375
 21
415.1333333333334
 31
0.0
  0
LINE
  5
160
330
1B
100
AcDbEntity
 67
1
  8
ESTRIBOS
 62
8
370
9
100
AcDbLine
 10
430.625
 20
392.1333333333334
 30
0.0
 11
430.625
 21
415.1333333333334
 31
0.0
  0
LINE
  5
161
330
1B
100
AcDbEntity
 67
1
  8
ESTRIBOS
 62
8
370
9
100
AcDbLine
 10
432.875
 20
392.1333333333334
 30
0.0
 11
432.875
 21
415.1333333333334
 31
0.0
  0
LINE
  5
162
330
1B
100
AcDbEntity
 67
1
  8
ESTRIBOS
 62
8
370
9
100
AcDbLine
 10
435.125
 20
392.1333333333334
 30
0.0
 11
435.125
 21
415.1333333333334
 31
0.0
  0
LINE
  5
163
330
1B
100
AcDbEntity
 67
1
  8
ESTRIBOS
 62
8
370
9
100
AcDbLine
 10
437.375
 20
392.1333333333334
 30
0.0
 11
437.375
 21
415.1333333333334
 31
0.0
  0
LINE
  5
164
330
1B
100
AcDbEntity
 67
1
  8
ESTRIBOS
 62
8
370
9
100
AcDbLine
 10
439.625
 20
392.1333333333334
 30
0.0
 11
439.625
 21
415.1333333333334
 31
0.0
  0
LINE
  5
165
330
1B
100
AcDbEntity
 67
1
  8
ESTRIBOS
 62
8
370
9
100
AcDbLine
 10
441.875
 20
392.1333333333334
 30
0.0
 11
441.875
 21
415.1333333333334
 31
0.0
  0
LINE
  5
166
330
1B
100
AcDbEntity
 67
1
  8
ESTRIBOS
 62
8
370
9
100
AcDbLine
 10
444.125
 20
392.1333333333334
 30
0.0
 11
444.125
 21
415.1333333333334
 31
0.0
  0
TEXT
  5
167
330
1B
100
AcDbEntity
 67
1
  8
ESTRIBOS
 62
8
100
AcDbText
 10
395.375
 20
402.83333333333337
 30
0.0
 40
1.6
  1
Nº3 2R @90/@90
 72
1
 11
395.375
 21
402.83333333333337
 31
0.0
100
AcDbText
 73
2
  0
LWPOLYLINE
  5
168
330
1B
100
AcDbEntity
 67
1
  8
ACERO_SUP_CONT
 62
4
370
35
100
AcDbPolyline
 90
4
 70
0
 10
61.625
 20
408.1333333333334
 10
61.625
 20
414.1333333333334
 10
445.375
 20
414.1333333333334
 10
445.375
 20
408.1333333333334
  0
TEXT
  5
169
330
1B
100
AcDbEntity
 67
1
  8
ACERO_SUP_CONT
 62
4
100
AcDbText
 10
253.5
 20
417.1333333333334
 30
0.0
 40
2.2
  1
M1  2#5 CONT.  Lc=15360 mm
 72
1
 11
253.5
 21
417.1333333333334
 31
0.0
100
AcDbText
 73
2
  0
LWPOLYLINE
  5
16A
330
1B
100
AcDbEntity
 67
1
  8
ACERO_SUP_APOYO
 62
5
370
30
100
AcDbPolyline
 90
3
 70
0
 10
54.0
 20
406.6333333333334
 10
54.0
 20
411.6333333333334
 10
77.875
 20
411.6333333333334
  0
TEXT
  5
16B
330
1B
100
AcDbEntity
 67
1
  8
ACERO_SUP_APOYO
 62
5
100
AcDbText
 10
61.625
 20
413.1333333333334
 30
0.0
 40
1.7
  1
M2 4#5 L=805
 72
1
 11
61.625
 21
413.1333333333334
 31
0.0
100
AcDbText
 73
2
  0
LWPOLYLINE
  5
16C
330
1B
100
AcDbEntity
 67
1
  8
ACERO_SUP_APOYO
 62
5
370
30
100
AcDbPolyline
 90
2
 70
0
 10
110.375
 20
409.4333333333334
 10
149.4375
 20
409.4333333333334
  0
TEXT
  5
16D
330
1B
100
AcDbEntity
 67
1
  8
ACERO_SUP_APOYO
 62
5
100
AcDbText
 10
126.625
 20
410.9333333333334
 30
0.0
 40
1.7
  1
M2 4#5 L=2062
 72
1
 11
126.625
 21
410.9333333333334
 31
0.0
100
AcDbText
 73
2
  0
LWPOLYLINE
  5
16E
330
1B
100
AcDbEntity
 67
1
  8
ACERO_SUP_APOYO
 62
5
370
30
100
AcDbPolyline
 90
2
 70
0
 10
195.0625
 20
411.6333333333334
 10
234.125
 20
411.6333333333334
  0
TEXT
  5
16F
330
1B
100
AcDbEntity
 67
1
  8
ACERO_SUP_APOYO
 62
5
100
AcDbText
 10
217.875
 20
413.1333333333334
 30
0.0
 40
1.7
  1
M2 4#5 L=2062
 72
1
 11
217.875
 21
413.1333333333334
 31
0.0
100
AcDbText
 73
2
  0
LWPOLYLINE
  5
170
330
1B
100
AcDbEntity
 67
1
  8
ACERO_SUP_APOYO
 62
5
370
30
100
AcDbPolyline
 90
2
 70
0
 10
266.625
 20
409.4333333333334
 10
298.5
 20
409.4333333333334
  0
TEXT
  5
171
330
1B
100
AcDbEntity
 67
1
  8
ACERO_SUP_APOYO
 62
5
100
AcDbText
 10
282.875
 20
410.9333333333334
 30
0.0
 40
1.7
  1
M2 4#5 L=1775
 72
1
 11
282.875
 21
410.9333333333334
 31
0.0
100
AcDbText
 73
2
  0
LWPOLYLINE
  5
172
330
1B
100
AcDbEntity
 67
1
  8
ACERO_SUP_APOYO
 62
5
370
30
100
AcDbPolyline
 90
2
 70
0
 10
329.75
 20
411.6333333333334
 10
370.375
 20
411.6333333333334
  0
TEXT
  5
173
330
1B
100
AcDbEntity
 67
1
  8
ACERO_SUP_APOYO
 62
5
100
AcDbText
 10
345.375
 20
413.1333333333334
 30
0.0
 40
1.7
  1
M2 4#5 L=2125
 72
1
 11
345.375
 21
413.1333333333334
 31
0.0
100
AcDbText
 73
2
  0
LWPOLYLINE
  5
174
330
1B
100
AcDbEntity
 67
1
  8
ACERO_SUP_APOYO
 62
5
370
30
100
AcDbPolyline
 90
3
 70
0
 10
420.375
 20
409.4333333333334
 10
453.0
 20
409.4333333333334
 10
453.0
 20
404.4333333333334
  0
TEXT
  5
175
330
1B
100
AcDbEntity
 67
1
  8
ACERO_SUP_APOYO
 62
5
100
AcDbText
 10
445.375
 20
410.9333333333334
 30
0.0
 40
1.7
  1
M2 4#5 L=1155
 72
1
 11
445.375
 21
410.9333333333334
 31
0.0
100
AcDbText
 73
2
  0
LWPOLYLINE
  5
176
330
1B
100
AcDbEntity
 67
1
  8
ACERO_INF
 62
1
370
35
100
AcDbPolyline
 90
4
 70
0
 10
63.625
 20
398.1333333333334
 10
63.625
 20
393.1333333333334
 10
124.625
 20
393.1333333333334
 10
124.625
 20
398.1333333333334
  0
TEXT
  5
177
330
1B
100
AcDbEntity
 67
1
  8
ACERO_INF
 62
1
100
AcDbText
 10
94.125
 20
390.4333333333334
 30
0.0
 40
1.7
  1
M3 5#5 L=2610
 72
1
 11
94.125
 21
390.4333333333334
 31
0.0
100
AcDbText
 73
2
  0
LWPOLYLINE
  5
178
330
1B
100
AcDbEntity
 67
1
  8
ACERO_INF
 62
1
370
35
100
AcDbPolyline
 90
4
 70
0
 10
128.625
 20
399.9333333333334
 10
128.625
 20
394.9333333333334
 10
215.875
 20
394.9333333333334
 10
215.875
 20
399.9333333333334
  0
TEXT
  5
179
330
1B
100
AcDbEntity
 67
1
  8
ACERO_INF
 62
1
100
AcDbText
 10
172.25
 20
392.2333333333334
 30
0.0
 40
1.7
  1
M3 5#5 L=3660
 72
1
 11
172.25
 21
392.2333333333334
 31
0.0
100
AcDbText
 73
2
  0
LWPOLYLINE
  5
17A
330
1B
100
AcDbEntity
 67
1
  8
ACERO_INF
 62
1
370
35
100
AcDbPolyline
 90
4
 70
0
 10
219.875
 20
398.1333333333334
 10
219.875
 20
393.1333333333334
 10
280.875
 20
393.1333333333334
 10
280.875
 20
398.1333333333334
  0
TEXT
  5
17B
330
1B
100
AcDbEntity
 67
1
  8
ACERO_INF
 62
1
100
AcDbText
 10
250.375
 20
390.4333333333334
 30
0.0
 40
1.7
  1
M3 5#5 L=2610
 72
1
 11
250.375
 21
390.4333333333334
 31
0.0
100
AcDbText
 73
2
  0
LWPOLYLINE
  5
17C
330
1B
100
AcDbEntity
 67
1
  8
ACERO_INF
 62
1
370
35
100
AcDbPolyline
 90
4
 70
0
 10
284.875
 20
399.9333333333334
 10
284.875
 20
394.9333333333334
 10
343.375
 20
394.9333333333334
 10
343.375
 20
399.9333333333334
  0
TEXT
  5
17D
330
1B
100
AcDbEntity
 67
1
  8
ACERO_INF
 62
1
100
AcDbText
 10
314.125
 20
392.2333333333334
 30
0.0
 40
1.7
  1
M3 5#5 L=2510
 72
1
 11
314.125
 21
392.2333333333334
 31
0.0
100
AcDbText
 73
2
  0
LWPOLYLINE
  5
17E
330
1B
100
AcDbEntity
 67
1
  8
ACERO_INF
 62
1
370
35
100
AcDbPolyline
 90
4
 70
0
 10
347.375
 20
398.1333333333334
 10
347.375
 20
393.1333333333334
 10
443.375
 20
393.1333333333334
 10
443.375
 20
398.1333333333334
  0
TEXT
  5
17F
330
1B
100
AcDbEntity
 67
1
  8
ACERO_INF
 62
1
100
AcDbText
 10
395.375
 20
390.4333333333334
 30
0.0
 40
1.7
  1
M3 5#5 L=4010
 72
1
 11
395.375
 21
390.4333333333334
 31
0.0
100
AcDbText
 73
2
  0
LINE
  5
180
330
1B
100
AcDbEntity
 67
1
  8
CORTE
 62
6
370
13
100
AcDbLine
 10
73.325
 20
388.6333333333334
 30
0.0
 11
73.325
 21
418.6333333333334
 31
0.0
  0
TEXT
  5
181
330
1B
100
AcDbEntity
 67
1
  8
CORTE
 62
6
100
AcDbText
 10
73.325
 20
423.6333333333334
 30
0.0
 40
2.0
  1
A
 72
1
 11
73.325
 21
423.6333333333334
 31
0.0
100
AcDbText
 73
2
  0
LINE
  5
182
330
1B
100
AcDbEntity
 67
1
  8
CORTE
 62
6
370
13
100
AcDbLine
 10
262.075
 20
388.6333333333334
 30
0.0
 11
262.075
 21
418.6333333333334
 31
0.0
  0
TEXT
  5
183
330
1B
100
AcDbEntity
 67
1
  8
CORTE
 62
6
100
AcDbText
 10
262.075
 20
423.6333333333334
 30
0.0
 40
2.0
  1
B
 72
1
 11
262.075
 21
423.6333333333334
 31
0.0
100
AcDbText
 73
2
  0
LINE
  5
184
330
1B
100
AcDbEntity
 67
1
  8
CORTE
 62
6
370
13
100
AcDbLine
 10
427.375
 20
388.6333333333334
 30
0.0
 11
427.375
 21
418.6333333333334
 31
0.0
  0
TEXT
  5
185
330
1B
100
AcDbEntity
 67
1
  8
CORTE
 62
6
100
AcDbText
 10
427.375
 20
423.6333333333334
 30
0.0
 40
2.0
  1
C
 72
1
 11
427.375
 21
423.6333333333334
 31
0.0
100
AcDbText
 73
2
  0
LINE
  5
186
330
1B
100
AcDbEntity
 67
1
  8
COTAS
 62
3
370
13
100
AcDbLine
 10
61.625
 20
381.1333333333334
 30
0.0
 11
126.625
 21
381.1333333333334
 31
0.0
  0
LINE
  5
187
330
1B
100
AcDbEntity
 67
1
  8
COTAS
 62
3
370
13
100
AcDbLine
 10
61.625
 20
379.9333333333334
 30
0.0
 11
61.625
 21
382.33333333333337
 31
0.0
  0
LINE
  5
188
330
1B
100
AcDbEntity
 67
1
  8
COTAS
 62
3
370
13
100
AcDbLine
 10
126.625
 20
379.9333333333334
 30
0.0
 11
126.625
 21
382.33333333333337
 31
0.0
  0
TEXT
  5
189
330
1B
100
AcDbEntity
 67
1
  8
COTAS
 62
3
100
AcDbText
 10
94.125
 20
382.1333333333334
 30
0.0
 40
1.8
  1
2.600 m
 72
1
 11
94.125
 21
382.1333333333334
 31
0.0
100
AcDbText
 73
2
  0
TEXT
  5
18A
330
1B
100
AcDbEntity
 67
1
  8
TEXTO
 62
7
100
AcDbText
 10
94.125
 20
377.9333333333334
 30
0.0
 40
1.55
  1
F201
 72
1
 11
94.125
 21
377.9333333333334
 31
0.0
100
AcDbText
 73
2
  0
LINE
  5
18B
330
1B
100
AcDbEntity
 67
1
  8
COTAS
 62
3
370
13
100
AcDbLine
 10
126.625
 20
381.1333333333334
 30
0.0
 11
217.875
 21
381.1333333333334
 31
0.0
  0
LINE
  5
18C
330
1B
100
AcDbEntity
 67
1
  8
COTAS
 62
3
370
13
100
AcDbLine
 10
126.625
 20
379.9333333333334
 30
0.0
 11
126.625
 21
382.33333333333337
 31
0.0
  0
LINE
  5
18D
330
1B
100
AcDbEntity
 67
1
  8
COTAS
 62
3
370
13
100
AcDbLine
 10
217.875
 20
379.9333333333334
 30
0.0
 11
217.875
 21
382.33333333333337
 31
0.0
  0
TEXT
  5
18E
330
1B
100
AcDbEntity
 67
1
  8
COTAS
 62
3
100
AcDbText
 10
172.25
 20
382.1333333333334
 30
0.0
 40
1.8
  1
3.650 m
 72
1
 11
172.25
 21
382.1333333333334
 31
0.0
100
AcDbText
 73
2
  0
TEXT
  5
18F
330
1B
100
AcDbEntity
 67
1
  8
TEXTO
 62
7
100
AcDbText
 10
172.25
 20
377.9333333333334
 30
0.0
 40
1.55
  1
F202
 72
1
 11
172.25
 21
377.9333333333334
 31
0.0
100
AcDbText
 73
2
  0
LINE
  5
190
330
1B
100
AcDbEntity
 67
1
  8
COTAS
 62
3
370
13
100
AcDbLine
 10
217.875
 20
381.1333333333334
 30
0.0
 11
282.875
 21
381.1333333333334
 31
0.0
  0
LINE
  5
191
330
1B
100
AcDbEntity
 67
1
  8
COTAS
 62
3
370
13
100
AcDbLine
 10
217.875
 20
379.9333333333334
 30
0.0
 11
217.875
 21
382.33333333333337
 31
0.0
  0
LINE
  5
192
330
1B
100
AcDbEntity
 67
1
  8
COTAS
 62
3
370
13
100
AcDbLine
 10
282.875
 20
379.9333333333334
 30
0.0
 11
282.875
 21
382.33333333333337
 31
0.0
  0
TEXT
  5
193
330
1B
100
AcDbEntity
 67
1
  8
COTAS
 62
3
100
AcDbText
 10
250.375
 20
382.1333333333334
 30
0.0
 40
1.8
  1
2.600 m
 72
1
 11
250.375
 21
382.1333333333334
 31
0.0
100
AcDbText
 73
2
  0
TEXT
  5
194
330
1B
100
AcDbEntity
 67
1
  8
TEXTO
 62
7
100
AcDbText
 10
250.375
 20
377.9333333333334
 30
0.0
 40
1.55
  1
F203
 72
1
 11
250.375
 21
377.9333333333334
 31
0.0
100
AcDbText
 73
2
  0
LINE
  5
195
330
1B
100
AcDbEntity
 67
1
  8
COTAS
 62
3
370
13
100
AcDbLine
 10
282.875
 20
381.1333333333334
 30
0.0
 11
345.375
 21
381.1333333333334
 31
0.0
  0
LINE
  5
196
330
1B
100
AcDbEntity
 67
1
  8
COTAS
 62
3
370
13
100
AcDbLine
 10
282.875
 20
379.9333333333334
 30
0.0
 11
282.875
 21
382.33333333333337
 31
0.0
  0
LINE
  5
197
330
1B
100
AcDbEntity
 67
1
  8
COTAS
 62
3
370
13
100
AcDbLine
 10
345.375
 20
379.9333333333334
 30
0.0
 11
345.375
 21
382.33333333333337
 31
0.0
  0
TEXT
  5
198
330
1B
100
AcDbEntity
 67
1
  8
COTAS
 62
3
100
AcDbText
 10
314.125
 20
382.1333333333334
 30
0.0
 40
1.8
  1
2.500 m
 72
1
 11
314.125
 21
382.1333333333334
 31
0.0
100
AcDbText
 73
2
  0
TEXT
  5
199
330
1B
100
AcDbEntity
 67
1
  8
TEXTO
 62
7
100
AcDbText
 10
314.125
 20
377.9333333333334
 30
0.0
 40
1.55
  1
F204
 72
1
 11
314.125
 21
377.9333333333334
 31
0.0
100
AcDbText
 73
2
  0
LINE
  5
19A
330
1B
100
AcDbEntity
 67
1
  8
COTAS
 62
3
370
13
100
AcDbLine
 10
345.375
 20
381.1333333333334
 30
0.0
 11
445.375
 21
381.1333333333334
 31
0.0
  0
LINE
  5
19B
330
1B
100
AcDbEntity
 67
1
  8
COTAS
 62
3
370
13
100
AcDbLine
 10
345.375
 20
379.9333333333334
 30
0.0
 11
345.375
 21
382.33333333333337
 31
0.0
  0
LINE
  5
19C
330
1B
100
AcDbEntity
 67
1
  8
COTAS
 62
3
370
13
100
AcDbLine
 10
445.375
 20
379.9333333333334
 30
0.0
 11
445.375
 21
382.33333333333337
 31
0.0
  0
TEXT
  5
19D
330
1B
100
AcDbEntity
 67
1
  8
COTAS
 62
3
100
AcDbText
 10
395.375
 20
382.1333333333334
 30
0.0
 40
1.8
  1
4.000 m
 72
1
 11
395.375
 21
382.1333333333334
 31
0.0
100
AcDbText
 73
2
  0
TEXT
  5
19E
330
1B
100
AcDbEntity
 67
1
  8
TEXTO
 62
7
100
AcDbText
 10
395.375
 20
377.9333333333334
 30
0.0
 40
1.55
  1
F205
 72
1
 11
395.375
 21
377.9333333333334
 31
0.0
100
AcDbText
 73
2
  0
LINE
  5
19F
330
1B
100
AcDbEntity
 67
1
  8
COTAS
 62
3
370
13
100
AcDbLine
 10
61.625
 20
374.1333333333334
 30
0.0
 11
445.375
 21
374.1333333333334
 31
0.0
  0
LINE
  5
1A0
330
1B
100
AcDbEntity
 67
1
  8
COTAS
 62
3
370
13
100
AcDbLine
 10
61.625
 20
372.9333333333334
 30
0.0
 11
61.625
 21
375.33333333333337
 31
0.0
  0
LINE
  5
1A1
330
1B
100
AcDbEntity
 67
1
  8
COTAS
 62
3
370
13
100
AcDbLine
 10
445.375
 20
372.9333333333334
 30
0.0
 11
445.375
 21
375.33333333333337
 31
0.0
  0
TEXT
  5
1A2
330
1B
100
AcDbEntity
 67
1
  8
COTAS
 62
3
100
AcDbText
 10
253.5
 20
375.1333333333334
 30
0.0
 40
2.0
  1
TOTAL SAP I-J = 15.350 m
 72
1
 11
253.5
 21
375.1333333333334
 31
0.0
100
AcDbText
 73
2
  0
TEXT
  5
1A3
330
1B
100
AcDbEntity
 67
1
  8
TEXTO
 62
7
100
AcDbText
 10
445.375
 20
322.33333333333337
 30
0.0
 40
1.9
  1
ESC. H 1:40 | V 1:22 | EJES Y TRAMOS SAP
 72
2
 11
445.375
 21
322.33333333333337
 31
0.0
100
AcDbText
  0
LWPOLYLINE
  5
1A4
330
1B
100
AcDbEntity
 67
1
  8
MARCO
 62
7
370
25
100
AcDbPolyline
 90
4
 70
1
 10
538.0
 20
318.33333333333337
 10
697.0
 20
318.33333333333337
 10
697.0
 20
470.0
 10
538.0
 20
470.0
  0
TEXT
  5
1A5
330
1B
100
AcDbEntity
 67
1
  8
TEXTO
 62
7
100
AcDbText
 10
617.5
 20
463.0
 30
0.0
 40
3.4
  1
VIGA TIPO VR1
 72
1
 11
617.5
 21
463.0
 31
0.0
100
AcDbText
 73
2
  0
TEXT
  5
1A6
330
1B
100
AcDbEntity
 67
1
  8
TEXTO
 62
7
100
AcDbText
 10
617.5
 20
456.0
 30
0.0
 40
2.0
  1
500x550 mm — DATOS EXCEL
 72
1
 11
617.5
 21
456.0
 31
0.0
100
AcDbText
 73
2
  0
LWPOLYLINE
  5
1A7
330
1B
100
AcDbEntity
 67
1
  8
CONTORNO
 62
7
370
20
100
AcDbPolyline
 90
4
 70
1
 10
549.5
 20
377.3833333333334
 10
574.5
 20
377.3833333333334
 10
574.5
 20
404.8833333333334
 10
549.5
 20
404.8833333333334
  0
LWPOLYLINE
  5
1A8
330
1B
100
AcDbEntity
 67
1
  8
ESTRIBOS
 62
8
370
18
100
AcDbPolyline
 90
4
 70
1
 10
551.5
 20
379.3833333333334
 10
572.5
 20
379.3833333333334
 10
572.5
 20
402.8833333333334
 10
551.5
 20
402.8833333333334
  0
CIRCLE
  5
1A9
330
1B
100
AcDbEntity
 67
1
  8
ACERO_SUP_CONT
 62
4
100
AcDbCircle
 10
552.75
 20
401.8508333333334
 30
0.0
 40
0.55
  0
CIRCLE
  5
1AA
330
1B
100
AcDbEntity
 67
1
  8
ACERO_SUP_CONT
 62
4
100
AcDbCircle
 10
556.45
 20
401.8508333333334
 30
0.0
 40
0.55
  0
CIRCLE
  5
1AB
330
1B
100
AcDbEntity
 67
1
  8
ACERO_SUP_CONT
 62
4
100
AcDbCircle
 10
560.15
 20
401.8508333333334
 30
0.0
 40
0.55
  0
CIRCLE
  5
1AC
330
1B
100
AcDbEntity
 67
1
  8
ACERO_SUP_CONT
 62
4
100
AcDbCircle
 10
563.85
 20
401.8508333333334
 30
0.0
 40
0.55
  0
CIRCLE
  5
1AD
330
1B
100
AcDbEntity
 67
1
  8
ACERO_SUP_CONT
 62
4
100
AcDbCircle
 10
567.55
 20
401.8508333333334
 30
0.0
 40
0.55
  0
CIRCLE
  5
1AE
330
1B
100
AcDbEntity
 67
1
  8
ACERO_SUP_CONT
 62
4
100
AcDbCircle
 10
571.25
 20
401.8508333333334
 30
0.0
 40
0.55
  0
CIRCLE
  5
1AF
330
1B
100
AcDbEntity
 67
1
  8
ACERO_INF
 62
1
100
AcDbCircle
 10
552.75
 20
380.4158333333334
 30
0.0
 40
0.55
  0
CIRCLE
  5
1B0
330
1B
100
AcDbEntity
 67
1
  8
ACERO_INF
 62
1
100
AcDbCircle
 10
557.375
 20
380.4158333333334
 30
0.0
 40
0.55
  0
CIRCLE
  5
1B1
330
1B
100
AcDbEntity
 67
1
  8
ACERO_INF
 62
1
100
AcDbCircle
 10
562.0
 20
380.4158333333334
 30
0.0
 40
0.55
  0
CIRCLE
  5
1B2
330
1B
100
AcDbEntity
 67
1
  8
ACERO_INF
 62
1
100
AcDbCircle
 10
566.625
 20
380.4158333333334
 30
0.0
 40
0.55
  0
CIRCLE
  5
1B3
330
1B
100
AcDbEntity
 67
1
  8
ACERO_INF
 62
1
100
AcDbCircle
 10
571.25
 20
380.4158333333334
 30
0.0
 40
0.55
  0
TEXT
  5
1B4
330
1B
100
AcDbEntity
 67
1
  8
TEXTO
 62
7
100
AcDbText
 10
562.0
 20
373.78333333333336
 30
0.0
 40
1.9
  1
SECCIÓN APOYO
 72
1
 11
562.0
 21
373.78333333333336
 31
0.0
100
AcDbText
 73
2
  0
TEXT
  5
1B5
330
1B
100
AcDbEntity
 67
1
  8
TEXTO
 62
7
100
AcDbText
 10
562.0
 20
370.9833333333334
 30
0.0
 40
1.55
  1
500x550 | 1:20
 72
1
 11
562.0
 21
370.9833333333334
 31
0.0
100
AcDbText
 73
2
  0
TEXT
  5
1B6
330
1B
100
AcDbEntity
 67
1
  8
TEXTO
100
AcDbText
 10
585.0
 20
443.0
 30
0.0
 40
2.0
  1
SUP: 6#5
 11
585.0
 21
443.0
 31
0.0
100
AcDbText
  0
TEXT
  5
1B7
330
1B
100
AcDbEntity
 67
1
  8
TEXTO
100
AcDbText
 10
585.0
 20
435.0
 30
0.0
 40
2.0
  1
INF: 5#5
 11
585.0
 21
435.0
 31
0.0
100
AcDbText
  0
TEXT
  5
1B8
330
1B
100
AcDbEntity
 67
1
  8
TEXTO
100
AcDbText
 10
585.0
 20
427.0
 30
0.0
 40
2.0
  1
TORSIÓN: 0#5
 11
585.0
 21
427.0
 31
0.0
100
AcDbText
  0
TEXT
  5
1B9
330
1B
100
AcDbEntity
 67
1
  8
TEXTO
100
AcDbText
 10
585.0
 20
419.0
 30
0.0
 40
2.0
  1
EST: Nº3 — 2 RAMAS
 11
585.0
 21
419.0
 31
0.0
100
AcDbText
  0
TEXT
  5
1BA
330
1B
100
AcDbEntity
 67
1
  8
TEXTO
100
AcDbText
 10
585.0
 20
411.0
 30
0.0
 40
2.0
  1
s EXT/CENTRO: 90/90 mm
 11
585.0
 21
411.0
 31
0.0
100
AcDbText
  0
TEXT
  5
1BB
330
1B
100
AcDbEntity
 67
1
  8
TEXTO
100
AcDbText
 10
585.0
 20
403.0
 30
0.0
 40
2.0
  1
FRAMES SAP: 80
 11
585.0
 21
403.0
 31
0.0
100
AcDbText
  0
TEXT
  5
1BC
330
1B
100
AcDbEntity
 67
1
  8
TEXTO
100
AcDbText
 10
585.0
 20
395.0
 30
0.0
 40
2.0
  1
EJE a/e: 1-2-3-4-5-6
 11
585.0
 21
395.0
 31
0.0
100
AcDbText
  0
LINE
  5
1BD
330
1B
100
AcDbEntity
 67
1
  8
MARCO
 62
8
370
13
100
AcDbLine
 10
10.0
 20
318.33333333333337
 30
0.0
 11
697.0
 21
318.33333333333337
 31
0.0
  0
LWPOLYLINE
  5
1BE
330
1B
100
AcDbEntity
 67
1
  8
MARCO
 62
7
370
25
100
AcDbPolyline
 90
4
 70
1
 10
10.0
 20
224.4666666666667
 10
50.0
 20
224.4666666666667
 10
50.0
 20
274.4666666666667
 10
10.0
 20
274.4666666666667
  0
TEXT
  5
1BF
330
1B
100
AcDbEntity
 67
1
  8
TEXTO
 62
7
100
AcDbText
 10
30.0
 20
268.4666666666667
 30
0.0
 40
2.8
  1
VIGA VR N1
 72
1
 11
30.0
 21
268.4666666666667
 31
0.0
100
AcDbText
 73
2
  0
TEXT
  5
1C0
330
1B
100
AcDbEntity
 67
1
  8
TEXTO
 62
7
100
AcDbText
 10
30.0
 20
261.4666666666667
 30
0.0
 40
2.5
  1
EJE a/e
 72
1
 11
30.0
 21
261.4666666666667
 31
0.0
100
AcDbText
 73
2
  0
TEXT
  5
1C1
330
1B
100
AcDbEntity
 67
1
  8
TEXTO
 62
7
100
AcDbText
 10
30.0
 20
254.4666666666667
 30
0.0
 40
2.2
  1
500x550 mm
 72
1
 11
30.0
 21
254.4666666666667
 31
0.0
100
AcDbText
 73
2
  0
TEXT
  5
1C2
330
1B
100
AcDbEntity
 67
1
  8
TEXTO
100
AcDbText
 10
13.0
 20
246.4666666666667
 30
0.0
 40
2.0
  1
SUP 5#5
 11
13.0
 21
246.4666666666667
 31
0.0
100
AcDbText
  0
TEXT
  5
1C3
330
1B
100
AcDbEntity
 67
1
  8
TEXTO
100
AcDbText
 10
13.0
 20
240.4666666666667
 30
0.0
 40
2.0
  1
INF 5#5
 11
13.0
 21
240.4666666666667
 31
0.0
100
AcDbText
  0
TEXT
  5
1C4
330
1B
100
AcDbEntity
 67
1
  8
TEXTO
100
AcDbText
 10
13.0
 20
234.4666666666667
 30
0.0
 40
2.0
  1
TOR 0#5
 11
13.0
 21
234.4666666666667
 31
0.0
100
AcDbText
  0
TEXT
  5
1C5
330
1B
100
AcDbEntity
 67
1
  8
TEXTO
100
AcDbText
 10
13.0
 20
228.4666666666667
 30
0.0
 40
1.8
  1
z=3.5 m
 11
13.0
 21
228.4666666666667
 31
0.0
100
AcDbText
  0
LWPOLYLINE
  5
1C6
330
1B
100
AcDbEntity
 67
1
  8
CONTORNO
 62
7
370
25
100
AcDbPolyline
 90
4
 70
1
 10
57.05
 20
239.4666666666667
 10
419.05
 20
239.4666666666667
 10
419.05
 20
264.4666666666667
 10
57.05
 20
264.4666666666667
  0
LWPOLYLINE
  5
1C7
330
1B
100
AcDbEntity
 67
1
  8
APOYOS
 62
9
370
15
100
AcDbPolyline
 90
4
 70
1
 10
54.55
 20
235.4666666666667
 10
59.55
 20
235.4666666666667
 10
59.55
 20
268.4666666666667
 10
54.55
 20
268.4666666666667
  0
LINE
  5
1C8
330
1B
100
AcDbEntity
 67
1
  8
EJES
  6
DASHED
 62
1
370
9
100
AcDbLine
 10
57.05
 20
228.4666666666667
 30
0.0
 11
57.05
 21
280.4666666666667
 31
0.0
  0
CIRCLE
  5
1C9
330
1B
100
AcDbEntity
 67
1
  8
EJES
 62
1
370
18
100
AcDbCircle
 10
57.05
 20
276.4666666666667
 30
0.0
 40
3.5
  0
TEXT
  5
1CA
330
1B
100
AcDbEntity
 67
1
  8
EJES
 62
1
100
AcDbText
 10
57.05
 20
276.4666666666667
 30
0.0
 40
2.5
  1
1
 72
1
 11
57.05
 21
276.4666666666667
 31
0.0
100
AcDbText
 73
2
  0
LWPOLYLINE
  5
1CB
330
1B
100
AcDbEntity
 67
1
  8
APOYOS
 62
9
370
15
100
AcDbPolyline
 90
4
 70
1
 10
80.55
 20
235.4666666666667
 10
85.55
 20
235.4666666666667
 10
85.55
 20
268.4666666666667
 10
80.55
 20
268.4666666666667
  0
LINE
  5
1CC
330
1B
100
AcDbEntity
 67
1
  8
EJES
  6
DASHED
 62
1
370
9
100
AcDbLine
 10
83.05
 20
228.4666666666667
 30
0.0
 11
83.05
 21
280.4666666666667
 31
0.0
  0
CIRCLE
  5
1CD
330
1B
100
AcDbEntity
 67
1
  8
EJES
 62
1
370
18
100
AcDbCircle
 10
83.05
 20
276.4666666666667
 30
0.0
 40
3.5
  0
TEXT
  5
1CE
330
1B
100
AcDbEntity
 67
1
  8
EJES
 62
1
100
AcDbText
 10
83.05
 20
276.4666666666667
 30
0.0
 40
2.5
  1
2
 72
1
 11
83.05
 21
276.4666666666667
 31
0.0
100
AcDbText
 73
2
  0
LWPOLYLINE
  5
1CF
330
1B
100
AcDbEntity
 67
1
  8
APOYOS
 62
9
370
15
100
AcDbPolyline
 90
4
 70
1
 10
117.05
 20
235.4666666666667
 10
122.05
 20
235.4666666666667
 10
122.05
 20
268.4666666666667
 10
117.05
 20
268.4666666666667
  0
LINE
  5
1D0
330
1B
100
AcDbEntity
 67
1
  8
EJES
  6
DASHED
 62
1
370
9
100
AcDbLine
 10
119.55
 20
228.4666666666667
 30
0.0
 11
119.55
 21
280.4666666666667
 31
0.0
  0
CIRCLE
  5
1D1
330
1B
100
AcDbEntity
 67
1
  8
EJES
 62
1
370
18
100
AcDbCircle
 10
119.55
 20
276.4666666666667
 30
0.0
 40
3.5
  0
TEXT
  5
1D2
330
1B
100
AcDbEntity
 67
1
  8
EJES
 62
1
100
AcDbText
 10
119.55
 20
276.4666666666667
 30
0.0
 40
2.5
  1
3
 72
1
 11
119.55
 21
276.4666666666667
 31
0.0
100
AcDbText
 73
2
  0
LWPOLYLINE
  5
1D3
330
1B
100
AcDbEntity
 67
1
  8
APOYOS
 62
9
370
15
100
AcDbPolyline
 90
4
 70
1
 10
143.05
 20
235.4666666666667
 10
148.05
 20
235.4666666666667
 10
148.05
 20
268.4666666666667
 10
143.05
 20
268.4666666666667
  0
LINE
  5
1D4
330
1B
100
AcDbEntity
 67
1
  8
EJES
  6
DASHED
 62
1
370
9
100
AcDbLine
 10
145.55
 20
228.4666666666667
 30
0.0
 11
145.55
 21
280.4666666666667
 31
0.0
  0
CIRCLE
  5
1D5
330
1B
100
AcDbEntity
 67
1
  8
EJES
 62
1
370
18
100
AcDbCircle
 10
145.55
 20
276.4666666666667
 30
0.0
 40
3.5
  0
TEXT
  5
1D6
330
1B
100
AcDbEntity
 67
1
  8
EJES
 62
1
100
AcDbText
 10
145.55
 20
276.4666666666667
 30
0.0
 40
2.5
  1
4
 72
1
 11
145.55
 21
276.4666666666667
 31
0.0
100
AcDbText
 73
2
  0
LWPOLYLINE
  5
1D7
330
1B
100
AcDbEntity
 67
1
  8
APOYOS
 62
9
370
15
100
AcDbPolyline
 90
4
 70
1
 10
168.05
 20
235.4666666666667
 10
173.05
 20
235.4666666666667
 10
173.05
 20
268.4666666666667
 10
168.05
 20
268.4666666666667
  0
LINE
  5
1D8
330
1B
100
AcDbEntity
 67
1
  8
EJES
  6
DASHED
 62
1
370
9
100
AcDbLine
 10
170.55
 20
228.4666666666667
 30
0.0
 11
170.55
 21
280.4666666666667
 31
0.0
  0
CIRCLE
  5
1D9
330
1B
100
AcDbEntity
 67
1
  8
EJES
 62
1
370
18
100
AcDbCircle
 10
170.55
 20
276.4666666666667
 30
0.0
 40
3.5
  0
TEXT
  5
1DA
330
1B
100
AcDbEntity
 67
1
  8
EJES
 62
1
100
AcDbText
 10
170.55
 20
276.4666666666667
 30
0.0
 40
2.5
  1
5
 72
1
 11
170.55
 21
276.4666666666667
 31
0.0
100
AcDbText
 73
2
  0
LWPOLYLINE
  5
1DB
330
1B
100
AcDbEntity
 67
1
  8
APOYOS
 62
9
370
15
100
AcDbPolyline
 90
4
 70
1
 10
208.05
 20
235.4666666666667
 10
213.05
 20
235.4666666666667
 10
213.05
 20
268.4666666666667
 10
208.05
 20
268.4666666666667
  0
LINE
  5
1DC
330
1B
100
AcDbEntity
 67
1
  8
EJES
  6
DASHED
 62
1
370
9
100
AcDbLine
 10
210.55
 20
228.4666666666667
 30
0.0
 11
210.55
 21
280.4666666666667
 31
0.0
  0
CIRCLE
  5
1DD
330
1B
100
AcDbEntity
 67
1
  8
EJES
 62
1
370
18
100
AcDbCircle
 10
210.55
 20
276.4666666666667
 30
0.0
 40
3.5
  0
TEXT
  5
1DE
330
1B
100
AcDbEntity
 67
1
  8
EJES
 62
1
100
AcDbText
 10
210.55
 20
276.4666666666667
 30
0.0
 40
2.5
  1
6
 72
1
 11
210.55
 21
276.4666666666667
 31
0.0
100
AcDbText
 73
2
  0
LWPOLYLINE
  5
1DF
330
1B
100
AcDbEntity
 67
1
  8
APOYOS
 62
9
370
15
100
AcDbPolyline
 90
4
 70
1
 10
263.05
 20
235.4666666666667
 10
268.05
 20
235.4666666666667
 10
268.05
 20
268.4666666666667
 10
263.05
 20
268.4666666666667
  0
LINE
  5
1E0
330
1B
100
AcDbEntity
 67
1
  8
EJES
  6
DASHED
 62
1
370
9
100
AcDbLine
 10
265.55
 20
228.4666666666667
 30
0.0
 11
265.55
 21
280.4666666666667
 31
0.0
  0
CIRCLE
  5
1E1
330
1B
100
AcDbEntity
 67
1
  8
EJES
 62
1
370
18
100
AcDbCircle
 10
265.55
 20
276.4666666666667
 30
0.0
 40
3.5
  0
TEXT
  5
1E2
330
1B
100
AcDbEntity
 67
1
  8
EJES
 62
1
100
AcDbText
 10
265.55
 20
276.4666666666667
 30
0.0
 40
2.5
  1
8
 72
1
 11
265.55
 21
276.4666666666667
 31
0.0
100
AcDbText
 73
2
  0
LWPOLYLINE
  5
1E3
330
1B
100
AcDbEntity
 67
1
  8
APOYOS
 62
9
370
15
100
AcDbPolyline
 90
4
 70
1
 10
303.05
 20
235.4666666666667
 10
308.05
 20
235.4666666666667
 10
308.05
 20
268.4666666666667
 10
303.05
 20
268.4666666666667
  0
LINE
  5
1E4
330
1B
100
AcDbEntity
 67
1
  8
EJES
  6
DASHED
 62
1
370
9
100
AcDbLine
 10
305.55
 20
228.4666666666667
 30
0.0
 11
305.55
 21
280.4666666666667
 31
0.0
  0
CIRCLE
  5
1E5
330
1B
100
AcDbEntity
 67
1
  8
EJES
 62
1
370
18
100
AcDbCircle
 10
305.55
 20
276.4666666666667
 30
0.0
 40
3.5
  0
TEXT
  5
1E6
330
1B
100
AcDbEntity
 67
1
  8
EJES
 62
1
100
AcDbText
 10
305.55
 20
276.4666666666667
 30
0.0
 40
2.5
  1
9
 72
1
 11
305.55
 21
276.4666666666667
 31
0.0
100
AcDbText
 73
2
  0
LWPOLYLINE
  5
1E7
330
1B
100
AcDbEntity
 67
1
  8
APOYOS
 62
9
370
15
100
AcDbPolyline
 90
4
 70
1
 10
328.05
 20
235.4666666666667
 10
333.05
 20
235.4666666666667
 10
333.05
 20
268.4666666666667
 10
328.05
 20
268.4666666666667
  0
LINE
  5
1E8
330
1B
100
AcDbEntity
 67
1
  8
EJES
  6
DASHED
 62
1
370
9
100
AcDbLine
 10
330.55
 20
228.4666666666667
 30
0.0
 11
330.55
 21
280.4666666666667
 31
0.0
  0
CIRCLE
  5
1E9
330
1B
100
AcDbEntity
 67
1
  8
EJES
 62
1
370
18
100
AcDbCircle
 10
330.55
 20
276.4666666666667
 30
0.0
 40
3.5
  0
TEXT
  5
1EA
330
1B
100
AcDbEntity
 67
1
  8
EJES
 62
1
100
AcDbText
 10
330.55
 20
276.4666666666667
 30
0.0
 40
2.5
  1
10
 72
1
 11
330.55
 21
276.4666666666667
 31
0.0
100
AcDbText
 73
2
  0
LWPOLYLINE
  5
1EB
330
1B
100
AcDbEntity
 67
1
  8
APOYOS
 62
9
370
15
100
AcDbPolyline
 90
4
 70
1
 10
354.05
 20
235.4666666666667
 10
359.05
 20
235.4666666666667
 10
359.05
 20
268.4666666666667
 10
354.05
 20
268.4666666666667
  0
LINE
  5
1EC
330
1B
100
AcDbEntity
 67
1
  8
EJES
  6
DASHED
 62
1
370
9
100
AcDbLine
 10
356.55
 20
228.4666666666667
 30
0.0
 11
356.55
 21
280.4666666666667
 31
0.0
  0
CIRCLE
  5
1ED
330
1B
100
AcDbEntity
 67
1
  8
EJES
 62
1
370
18
100
AcDbCircle
 10
356.55
 20
276.4666666666667
 30
0.0
 40
3.5
  0
TEXT
  5
1EE
330
1B
100
AcDbEntity
 67
1
  8
EJES
 62
1
100
AcDbText
 10
356.55
 20
276.4666666666667
 30
0.0
 40
2.5
  1
11
 72
1
 11
356.55
 21
276.4666666666667
 31
0.0
100
AcDbText
 73
2
  0
LWPOLYLINE
  5
1EF
330
1B
100
AcDbEntity
 67
1
  8
APOYOS
 62
9
370
15
100
AcDbPolyline
 90
4
 70
1
 10
390.55
 20
235.4666666666667
 10
395.55
 20
235.4666666666667
 10
395.55
 20
268.4666666666667
 10
390.55
 20
268.4666666666667
  0
LINE
  5
1F0
330
1B
100
AcDbEntity
 67
1
  8
EJES
  6
DASHED
 62
1
370
9
100
AcDbLine
 10
393.05
 20
228.4666666666667
 30
0.0
 11
393.05
 21
280.4666666666667
 31
0.0
  0
CIRCLE
  5
1F1
330
1B
100
AcDbEntity
 67
1
  8
EJES
 62
1
370
18
100
AcDbCircle
 10
393.05
 20
276.4666666666667
 30
0.0
 40
3.5
  0
TEXT
  5
1F2
330
1B
100
AcDbEntity
 67
1
  8
EJES
 62
1
100
AcDbText
 10
393.05
 20
276.4666666666667
 30
0.0
 40
2.5
  1
12
 72
1
 11
393.05
 21
276.4666666666667
 31
0.0
100
AcDbText
 73
2
  0
LWPOLYLINE
  5
1F3
330
1B
100
AcDbEntity
 67
1
  8
APOYOS
 62
9
370
15
100
AcDbPolyline
 90
4
 70
1
 10
416.55
 20
235.4666666666667
 10
421.55
 20
235.4666666666667
 10
421.55
 20
268.4666666666667
 10
416.55
 20
268.4666666666667
  0
LINE
  5
1F4
330
1B
100
AcDbEntity
 67
1
  8
EJES
  6
DASHED
 62
1
370
9
100
AcDbLine
 10
419.05
 20
228.4666666666667
 30
0.0
 11
419.05
 21
280.4666666666667
 31
0.0
  0
CIRCLE
  5
1F5
330
1B
100
AcDbEntity
 67
1
  8
EJES
 62
1
370
18
100
AcDbCircle
 10
419.05
 20
276.4666666666667
 30
0.0
 40
3.5
  0
TEXT
  5
1F6
330
1B
100
AcDbEntity
 67
1
  8
EJES
 62
1
100
AcDbText
 10
419.05
 20
276.4666666666667
 30
0.0
 40
2.5
  1
13
 72
1
 11
419.05
 21
276.4666666666667
 31
0.0
100
AcDbText
 73
2
  0
LINE
  5
1F7
330
1B
100
AcDbEntity
 67
1
  8
ESTRIBOS
 62
8
370
9
100
AcDbLine
 10
57.55
 20
240.4666666666667
 30
0.0
 11
57.55
 21
263.4666666666667
 31
0.0
  0
LINE
  5
1F8
330
1B
100
AcDbEntity
 67
1
  8
ESTRIBOS
 62
8
370
9
100
AcDbLine
 10
58.35
 20
240.4666666666667
 30
0.0
 11
58.35
 21
263.4666666666667
 31
0.0
  0
LINE
  5
1F9
330
1B
100
AcDbEntity
 67
1
  8
ESTRIBOS
 62
8
370
9
100
AcDbLine
 10
59.15
 20
240.4666666666667
 30
0.0
 11
59.15
 21
263.4666666666667
 31
0.0
  0
LINE
  5
1FA
330
1B
100
AcDbEntity
 67
1
  8
ESTRIBOS
 62
8
370
9
100
AcDbLine
 10
59.95
 20
240.4666666666667
 30
0.0
 11
59.95
 21
263.4666666666667
 31
0.0
  0
LINE
  5
1FB
330
1B
100
AcDbEntity
 67
1
  8
ESTRIBOS
 62
8
370
9
100
AcDbLine
 10
60.75
 20
240.4666666666667
 30
0.0
 11
60.75
 21
263.4666666666667
 31
0.0
  0
LINE
  5
1FC
330
1B
100
AcDbEntity
 67
1
  8
ESTRIBOS
 62
8
370
9
100
AcDbLine
 10
61.55
 20
240.4666666666667
 30
0.0
 11
61.55
 21
263.4666666666667
 31
0.0
  0
LINE
  5
1FD
330
1B
100
AcDbEntity
 67
1
  8
ESTRIBOS
 62
8
370
9
100
AcDbLine
 10
62.35
 20
240.4666666666667
 30
0.0
 11
62.35
 21
263.4666666666667
 31
0.0
  0
LINE
  5
1FE
330
1B
100
AcDbEntity
 67
1
  8
ESTRIBOS
 62
8
370
9
100
AcDbLine
 10
63.15
 20
240.4666666666667
 30
0.0
 11
63.15
 21
263.4666666666667
 31
0.0
  0
LINE
  5
1FF
330
1B
100
AcDbEntity
 67
1
  8
ESTRIBOS
 62
8
370
9
100
AcDbLine
 10
63.95
 20
240.4666666666667
 30
0.0
 11
63.95
 21
263.4666666666667
 31
0.0
  0
LINE
  5
200
330
1B
100
AcDbEntity
 67
1
  8
ESTRIBOS
 62
8
370
9
100
AcDbLine
 10
64.75
 20
240.4666666666667
 30
0.0
 11
64.75
 21
263.4666666666667
 31
0.0
  0
LINE
  5
201
330
1B
100
AcDbEntity
 67
1
  8
ESTRIBOS
 62
8
370
9
100
AcDbLine
 10
65.55
 20
240.4666666666667
 30
0.0
 11
65.55
 21
263.4666666666667
 31
0.0
  0
LINE
  5
202
330
1B
100
AcDbEntity
 67
1
  8
ESTRIBOS
 62
8
370
9
100
AcDbLine
 10
66.35
 20
240.4666666666667
 30
0.0
 11
66.35
 21
263.4666666666667
 31
0.0
  0
LINE
  5
203
330
1B
100
AcDbEntity
 67
1
  8
ESTRIBOS
 62
8
370
9
100
AcDbLine
 10
67.15
 20
240.4666666666667
 30
0.0
 11
67.15
 21
263.4666666666667
 31
0.0
  0
LINE
  5
204
330
1B
100
AcDbEntity
 67
1
  8
ESTRIBOS
 62
8
370
9
100
AcDbLine
 10
67.95
 20
240.4666666666667
 30
0.0
 11
67.95
 21
263.4666666666667
 31
0.0
  0
LINE
  5
205
330
1B
100
AcDbEntity
 67
1
  8
ESTRIBOS
 62
8
370
9
100
AcDbLine
 10
68.85
 20
240.4666666666667
 30
0.0
 11
68.85
 21
263.4666666666667
 31
0.0
  0
LINE
  5
206
330
1B
100
AcDbEntity
 67
1
  8
ESTRIBOS
 62
8
370
9
100
AcDbLine
 10
69.65
 20
240.4666666666667
 30
0.0
 11
69.65
 21
263.4666666666667
 31
0.0
  0
LINE
  5
207
330
1B
100
AcDbEntity
 67
1
  8
ESTRIBOS
 62
8
370
9
100
AcDbLine
 10
70.45
 20
240.4666666666667
 30
0.0
 11
70.45
 21
263.4666666666667
 31
0.0
  0
LINE
  5
208
330
1B
100
AcDbEntity
 67
1
  8
ESTRIBOS
 62
8
370
9
100
AcDbLine
 10
71.25
 20
240.4666666666667
 30
0.0
 11
71.25
 21
263.4666666666667
 31
0.0
  0
LINE
  5
209
330
1B
100
AcDbEntity
 67
1
  8
ESTRIBOS
 62
8
370
9
100
AcDbLine
 10
72.15
 20
240.4666666666667
 30
0.0
 11
72.15
 21
263.4666666666667
 31
0.0
  0
LINE
  5
20A
330
1B
100
AcDbEntity
 67
1
  8
ESTRIBOS
 62
8
370
9
100
AcDbLine
 10
72.95
 20
240.4666666666667
 30
0.0
 11
72.95
 21
263.4666666666667
 31
0.0
  0
LINE
  5
20B
330
1B
100
AcDbEntity
 67
1
  8
ESTRIBOS
 62
8
370
9
100
AcDbLine
 10
73.75
 20
240.4666666666667
 30
0.0
 11
73.75
 21
263.4666666666667
 31
0.0
  0
LINE
  5
20C
330
1B
100
AcDbEntity
 67
1
  8
ESTRIBOS
 62
8
370
9
100
AcDbLine
 10
74.55
 20
240.4666666666667
 30
0.0
 11
74.55
 21
263.4666666666667
 31
0.0
  0
LINE
  5
20D
330
1B
100
AcDbEntity
 67
1
  8
ESTRIBOS
 62
8
370
9
100
AcDbLine
 10
75.35
 20
240.4666666666667
 30
0.0
 11
75.35
 21
263.4666666666667
 31
0.0
  0
LINE
  5
20E
330
1B
100
AcDbEntity
 67
1
  8
ESTRIBOS
 62
8
370
9
100
AcDbLine
 10
76.15
 20
240.4666666666667
 30
0.0
 11
76.15
 21
263.4666666666667
 31
0.0
  0
LINE
  5
20F
330
1B
100
AcDbEntity
 67
1
  8
ESTRIBOS
 62
8
370
9
100
AcDbLine
 10
76.95
 20
240.4666666666667
 30
0.0
 11
76.95
 21
263.4666666666667
 31
0.0
  0
LINE
  5
210
330
1B
100
AcDbEntity
 67
1
  8
ESTRIBOS
 62
8
370
9
100
AcDbLine
 10
77.75
 20
240.4666666666667
 30
0.0
 11
77.75
 21
263.4666666666667
 31
0.0
  0
LINE
  5
211
330
1B
100
AcDbEntity
 67
1
  8
ESTRIBOS
 62
8
370
9
100
AcDbLine
 10
78.55
 20
240.4666666666667
 30
0.0
 11
78.55
 21
263.4666666666667
 31
0.0
  0
LINE
  5
212
330
1B
100
AcDbEntity
 67
1
  8
ESTRIBOS
 62
8
370
9
100
AcDbLine
 10
79.35
 20
240.4666666666667
 30
0.0
 11
79.35
 21
263.4666666666667
 31
0.0
  0
LINE
  5
213
330
1B
100
AcDbEntity
 67
1
  8
ESTRIBOS
 62
8
370
9
100
AcDbLine
 10
80.15
 20
240.4666666666667
 30
0.0
 11
80.15
 21
263.4666666666667
 31
0.0
  0
LINE
  5
214
330
1B
100
AcDbEntity
 67
1
  8
ESTRIBOS
 62
8
370
9
100
AcDbLine
 10
80.95
 20
240.4666666666667
 30
0.0
 11
80.95
 21
263.4666666666667
 31
0.0
  0
LINE
  5
215
330
1B
100
AcDbEntity
 67
1
  8
ESTRIBOS
 62
8
370
9
100
AcDbLine
 10
81.75
 20
240.4666666666667
 30
0.0
 11
81.75
 21
263.4666666666667
 31
0.0
  0
LINE
  5
216
330
1B
100
AcDbEntity
 67
1
  8
ESTRIBOS
 62
8
370
9
100
AcDbLine
 10
82.55
 20
240.4666666666667
 30
0.0
 11
82.55
 21
263.4666666666667
 31
0.0
  0
TEXT
  5
217
330
1B
100
AcDbEntity
 67
1
  8
ESTRIBOS
 62
8
100
AcDbText
 10
70.05
 20
251.16666666666669
 30
0.0
 40
1.6
  1
Nº4 2R @80/@80
 72
1
 11
70.05
 21
251.16666666666669
 31
0.0
100
AcDbText
 73
2
  0
LINE
  5
218
330
1B
100
AcDbEntity
 67
1
  8
ESTRIBOS
 62
8
370
9
100
AcDbLine
 10
83.55
 20
240.4666666666667
 30
0.0
 11
83.55
 21
263.4666666666667
 31
0.0
  0
LINE
  5
219
330
1B
100
AcDbEntity
 67
1
  8
ESTRIBOS
 62
8
370
9
100
AcDbLine
 10
84.35
 20
240.4666666666667
 30
0.0
 11
84.35
 21
263.4666666666667
 31
0.0
  0
LINE
  5
21A
330
1B
100
AcDbEntity
 67
1
  8
ESTRIBOS
 62
8
370
9
100
AcDbLine
 10
85.15
 20
240.4666666666667
 30
0.0
 11
85.15
 21
263.4666666666667
 31
0.0
  0
LINE
  5
21B
330
1B
100
AcDbEntity
 67
1
  8
ESTRIBOS
 62
8
370
9
100
AcDbLine
 10
85.95
 20
240.4666666666667
 30
0.0
 11
85.95
 21
263.4666666666667
 31
0.0
  0
LINE
  5
21C
330
1B
100
AcDbEntity
 67
1
  8
ESTRIBOS
 62
8
370
9
100
AcDbLine
 10
86.75
 20
240.4666666666667
 30
0.0
 11
86.75
 21
263.4666666666667
 31
0.0
  0
LINE
  5
21D
330
1B
100
AcDbEntity
 67
1
  8
ESTRIBOS
 62
8
370
9
100
AcDbLine
 10
87.55
 20
240.4666666666667
 30
0.0
 11
87.55
 21
263.4666666666667
 31
0.0
  0
LINE
  5
21E
330
1B
100
AcDbEntity
 67
1
  8
ESTRIBOS
 62
8
370
9
100
AcDbLine
 10
88.35
 20
240.4666666666667
 30
0.0
 11
88.35
 21
263.4666666666667
 31
0.0
  0
LINE
  5
21F
330
1B
100
AcDbEntity
 67
1
  8
ESTRIBOS
 62
8
370
9
100
AcDbLine
 10
89.15
 20
240.4666666666667
 30
0.0
 11
89.15
 21
263.4666666666667
 31
0.0
  0
LINE
  5
220
330
1B
100
AcDbEntity
 67
1
  8
ESTRIBOS
 62
8
370
9
100
AcDbLine
 10
89.95
 20
240.4666666666667
 30
0.0
 11
89.95
 21
263.4666666666667
 31
0.0
  0
LINE
  5
221
330
1B
100
AcDbEntity
 67
1
  8
ESTRIBOS
 62
8
370
9
100
AcDbLine
 10
90.75
 20
240.4666666666667
 30
0.0
 11
90.75
 21
263.4666666666667
 31
0.0
  0
LINE
  5
222
330
1B
100
AcDbEntity
 67
1
  8
ESTRIBOS
 62
8
370
9
100
AcDbLine
 10
91.55
 20
240.4666666666667
 30
0.0
 11
91.55
 21
263.4666666666667
 31
0.0
  0
LINE
  5
223
330
1B
100
AcDbEntity
 67
1
  8
ESTRIBOS
 62
8
370
9
100
AcDbLine
 10
92.35
 20
240.4666666666667
 30
0.0
 11
92.35
 21
263.4666666666667
 31
0.0
  0
LINE
  5
224
330
1B
100
AcDbEntity
 67
1
  8
ESTRIBOS
 62
8
370
9
100
AcDbLine
 10
93.15
 20
240.4666666666667
 30
0.0
 11
93.15
 21
263.4666666666667
 31
0.0
  0
LINE
  5
225
330
1B
100
AcDbEntity
 67
1
  8
ESTRIBOS
 62
8
370
9
100
AcDbLine
 10
93.95
 20
240.4666666666667
 30
0.0
 11
93.95
 21
263.4666666666667
 31
0.0
  0
LINE
  5
226
330
1B
100
AcDbEntity
 67
1
  8
ESTRIBOS
 62
8
370
9
100
AcDbLine
 10
94.85
 20
240.4666666666667
 30
0.0
 11
94.85
 21
263.4666666666667
 31
0.0
  0
LINE
  5
227
330
1B
100
AcDbEntity
 67
1
  8
ESTRIBOS
 62
8
370
9
100
AcDbLine
 10
95.65
 20
240.4666666666667
 30
0.0
 11
95.65
 21
263.4666666666667
 31
0.0
  0
LINE
  5
228
330
1B
100
AcDbEntity
 67
1
  8
ESTRIBOS
 62
8
370
9
100
AcDbLine
 10
96.45
 20
240.4666666666667
 30
0.0
 11
96.45
 21
263.4666666666667
 31
0.0
  0
LINE
  5
229
330
1B
100
AcDbEntity
 67
1
  8
ESTRIBOS
 62
8
370
9
100
AcDbLine
 10
97.25
 20
240.4666666666667
 30
0.0
 11
97.25
 21
263.4666666666667
 31
0.0
  0
LINE
  5
22A
330
1B
100
AcDbEntity
 67
1
  8
ESTRIBOS
 62
8
370
9
100
AcDbLine
 10
98.05
 20
240.4666666666667
 30
0.0
 11
98.05
 21
263.4666666666667
 31
0.0
  0
LINE
  5
22B
330
1B
100
AcDbEntity
 67
1
  8
ESTRIBOS
 62
8
370
9
100
AcDbLine
 10
98.85
 20
240.4666666666667
 30
0.0
 11
98.85
 21
263.4666666666667
 31
0.0
  0
LINE
  5
22C
330
1B
100
AcDbEntity
 67
1
  8
ESTRIBOS
 62
8
370
9
100
AcDbLine
 10
99.65
 20
240.4666666666667
 30
0.0
 11
99.65
 21
263.4666666666667
 31
0.0
  0
LINE
  5
22D
330
1B
100
AcDbEntity
 67
1
  8
ESTRIBOS
 62
8
370
9
100
AcDbLine
 10
100.45
 20
240.4666666666667
 30
0.0
 11
100.45
 21
263.4666666666667
 31
0.0
  0
LINE
  5
22E
330
1B
100
AcDbEntity
 67
1
  8
ESTRIBOS
 62
8
370
9
100
AcDbLine
 10
101.25
 20
240.4666666666667
 30
0.0
 11
101.25
 21
263.4666666666667
 31
0.0
  0
LINE
  5
22F
330
1B
100
AcDbEntity
 67
1
  8
ESTRIBOS
 62
8
370
9
100
AcDbLine
 10
102.05
 20
240.4666666666667
 30
0.0
 11
102.05
 21
263.4666666666667
 31
0.0
  0
LINE
  5
230
330
1B
100
AcDbEntity
 67
1
  8
ESTRIBOS
 62
8
370
9
100
AcDbLine
 10
102.85
 20
240.4666666666667
 30
0.0
 11
102.85
 21
263.4666666666667
 31
0.0
  0
LINE
  5
231
330
1B
100
AcDbEntity
 67
1
  8
ESTRIBOS
 62
8
370
9
100
AcDbLine
 10
103.65
 20
240.4666666666667
 30
0.0
 11
103.65
 21
263.4666666666667
 31
0.0
  0
LINE
  5
232
330
1B
100
AcDbEntity
 67
1
  8
ESTRIBOS
 62
8
370
9
100
AcDbLine
 10
104.45
 20
240.4666666666667
 30
0.0
 11
104.45
 21
263.4666666666667
 31
0.0
  0
LINE
  5
233
330
1B
100
AcDbEntity
 67
1
  8
ESTRIBOS
 62
8
370
9
100
AcDbLine
 10
105.25
 20
240.4666666666667
 30
0.0
 11
105.25
 21
263.4666666666667
 31
0.0
  0
LINE
  5
234
330
1B
100
AcDbEntity
 67
1
  8
ESTRIBOS
 62
8
370
9
100
AcDbLine
 10
106.05
 20
240.4666666666667
 30
0.0
 11
106.05
 21
263.4666666666667
 31
0.0
  0
LINE
  5
235
330
1B
100
AcDbEntity
 67
1
  8
ESTRIBOS
 62
8
370
9
100
AcDbLine
 10
106.85
 20
240.4666666666667
 30
0.0
 11
106.85
 21
263.4666666666667
 31
0.0
  0
LINE
  5
236
330
1B
100
AcDbEntity
 67
1
  8
ESTRIBOS
 62
8
370
9
100
AcDbLine
 10
107.65
 20
240.4666666666667
 30
0.0
 11
107.65
 21
263.4666666666667
 31
0.0
  0
LINE
  5
237
330
1B
100
AcDbEntity
 67
1
  8
ESTRIBOS
 62
8
370
9
100
AcDbLine
 10
108.45
 20
240.4666666666667
 30
0.0
 11
108.45
 21
263.4666666666667
 31
0.0
  0
LINE
  5
238
330
1B
100
AcDbEntity
 67
1
  8
ESTRIBOS
 62
8
370
9
100
AcDbLine
 10
108.65
 20
240.4666666666667
 30
0.0
 11
108.65
 21
263.4666666666667
 31
0.0
  0
LINE
  5
239
330
1B
100
AcDbEntity
 67
1
  8
ESTRIBOS
 62
8
370
9
100
AcDbLine
 10
109.45
 20
240.4666666666667
 30
0.0
 11
109.45
 21
263.4666666666667
 31
0.0
  0
LINE
  5
23A
330
1B
100
AcDbEntity
 67
1
  8
ESTRIBOS
 62
8
370
9
100
AcDbLine
 10
110.25
 20
240.4666666666667
 30
0.0
 11
110.25
 21
263.4666666666667
 31
0.0
  0
LINE
  5
23B
330
1B
100
AcDbEntity
 67
1
  8
ESTRIBOS
 62
8
370
9
100
AcDbLine
 10
111.05
 20
240.4666666666667
 30
0.0
 11
111.05
 21
263.4666666666667
 31
0.0
  0
LINE
  5
23C
330
1B
100
AcDbEntity
 67
1
  8
ESTRIBOS
 62
8
370
9
100
AcDbLine
 10
111.85
 20
240.4666666666667
 30
0.0
 11
111.85
 21
263.4666666666667
 31
0.0
  0
LINE
  5
23D
330
1B
100
AcDbEntity
 67
1
  8
ESTRIBOS
 62
8
370
9
100
AcDbLine
 10
112.65
 20
240.4666666666667
 30
0.0
 11
112.65
 21
263.4666666666667
 31
0.0
  0
LINE
  5
23E
330
1B
100
AcDbEntity
 67
1
  8
ESTRIBOS
 62
8
370
9
100
AcDbLine
 10
113.45
 20
240.4666666666667
 30
0.0
 11
113.45
 21
263.4666666666667
 31
0.0
  0
LINE
  5
23F
330
1B
100
AcDbEntity
 67
1
  8
ESTRIBOS
 62
8
370
9
100
AcDbLine
 10
114.25
 20
240.4666666666667
 30
0.0
 11
114.25
 21
263.4666666666667
 31
0.0
  0
LINE
  5
240
330
1B
100
AcDbEntity
 67
1
  8
ESTRIBOS
 62
8
370
9
100
AcDbLine
 10
115.05
 20
240.4666666666667
 30
0.0
 11
115.05
 21
263.4666666666667
 31
0.0
  0
LINE
  5
241
330
1B
100
AcDbEntity
 67
1
  8
ESTRIBOS
 62
8
370
9
100
AcDbLine
 10
115.85
 20
240.4666666666667
 30
0.0
 11
115.85
 21
263.4666666666667
 31
0.0
  0
LINE
  5
242
330
1B
100
AcDbEntity
 67
1
  8
ESTRIBOS
 62
8
370
9
100
AcDbLine
 10
116.65
 20
240.4666666666667
 30
0.0
 11
116.65
 21
263.4666666666667
 31
0.0
  0
LINE
  5
243
330
1B
100
AcDbEntity
 67
1
  8
ESTRIBOS
 62
8
370
9
100
AcDbLine
 10
117.45
 20
240.4666666666667
 30
0.0
 11
117.45
 21
263.4666666666667
 31
0.0
  0
LINE
  5
244
330
1B
100
AcDbEntity
 67
1
  8
ESTRIBOS
 62
8
370
9
100
AcDbLine
 10
118.25
 20
240.4666666666667
 30
0.0
 11
118.25
 21
263.4666666666667
 31
0.0
  0
LINE
  5
245
330
1B
100
AcDbEntity
 67
1
  8
ESTRIBOS
 62
8
370
9
100
AcDbLine
 10
119.05
 20
240.4666666666667
 30
0.0
 11
119.05
 21
263.4666666666667
 31
0.0
  0
TEXT
  5
246
330
1B
100
AcDbEntity
 67
1
  8
ESTRIBOS
 62
8
100
AcDbText
 10
101.3
 20
251.16666666666669
 30
0.0
 40
1.6
  1
Nº4 2R @80/@80
 72
1
 11
101.3
 21
251.16666666666669
 31
0.0
100
AcDbText
 73
2
  0
LINE
  5
247
330
1B
100
AcDbEntity
 67
1
  8
ESTRIBOS
 62
8
370
9
100
AcDbLine
 10
120.05
 20
240.4666666666667
 30
0.0
 11
120.05
 21
263.4666666666667
 31
0.0
  0
LINE
  5
248
330
1B
100
AcDbEntity
 67
1
  8
ESTRIBOS
 62
8
370
9
100
AcDbLine
 10
120.85
 20
240.4666666666667
 30
0.0
 11
120.85
 21
263.4666666666667
 31
0.0
  0
LINE
  5
249
330
1B
100
AcDbEntity
 67
1
  8
ESTRIBOS
 62
8
370
9
100
AcDbLine
 10
121.65
 20
240.4666666666667
 30
0.0
 11
121.65
 21
263.4666666666667
 31
0.0
  0
LINE
  5
24A
330
1B
100
AcDbEntity
 67
1
  8
ESTRIBOS
 62
8
370
9
100
AcDbLine
 10
122.45
 20
240.4666666666667
 30
0.0
 11
122.45
 21
263.4666666666667
 31
0.0
  0
LINE
  5
24B
330
1B
100
AcDbEntity
 67
1
  8
ESTRIBOS
 62
8
370
9
100
AcDbLine
 10
123.25
 20
240.4666666666667
 30
0.0
 11
123.25
 21
263.4666666666667
 31
0.0
  0
LINE
  5
24C
330
1B
100
AcDbEntity
 67
1
  8
ESTRIBOS
 62
8
370
9
100
AcDbLine
 10
124.05
 20
240.4666666666667
 30
0.0
 11
124.05
 21
263.4666666666667
 31
0.0
  0
LINE
  5
24D
330
1B
100
AcDbEntity
 67
1
  8
ESTRIBOS
 62
8
370
9
100
AcDbLine
 10
124.85
 20
240.4666666666667
 30
0.0
 11
124.85
 21
263.4666666666667
 31
0.0
  0
LINE
  5
24E
330
1B
100
AcDbEntity
 67
1
  8
ESTRIBOS
 62
8
370
9
100
AcDbLine
 10
125.65
 20
240.4666666666667
 30
0.0
 11
125.65
 21
263.4666666666667
 31
0.0
  0
LINE
  5
24F
330
1B
100
AcDbEntity
 67
1
  8
ESTRIBOS
 62
8
370
9
100
AcDbLine
 10
126.45
 20
240.4666666666667
 30
0.0
 11
126.45
 21
263.4666666666667
 31
0.0
  0
LINE
  5
250
330
1B
100
AcDbEntity
 67
1
  8
ESTRIBOS
 62
8
370
9
100
AcDbLine
 10
127.25
 20
240.4666666666667
 30
0.0
 11
127.25
 21
263.4666666666667
 31
0.0
  0
LINE
  5
251
330
1B
100
AcDbEntity
 67
1
  8
ESTRIBOS
 62
8
370
9
100
AcDbLine
 10
128.05
 20
240.4666666666667
 30
0.0
 11
128.05
 21
263.4666666666667
 31
0.0
  0
LINE
  5
252
330
1B
100
AcDbEntity
 67
1
  8
ESTRIBOS
 62
8
370
9
100
AcDbLine
 10
128.85
 20
240.4666666666667
 30
0.0
 11
128.85
 21
263.4666666666667
 31
0.0
  0
LINE
  5
253
330
1B
100
AcDbEntity
 67
1
  8
ESTRIBOS
 62
8
370
9
100
AcDbLine
 10
129.65
 20
240.4666666666667
 30
0.0
 11
129.65
 21
263.4666666666667
 31
0.0
  0
LINE
  5
254
330
1B
100
AcDbEntity
 67
1
  8
ESTRIBOS
 62
8
370
9
100
AcDbLine
 10
130.45
 20
240.4666666666667
 30
0.0
 11
130.45
 21
263.4666666666667
 31
0.0
  0
LINE
  5
255
330
1B
100
AcDbEntity
 67
1
  8
ESTRIBOS
 62
8
370
9
100
AcDbLine
 10
131.35
 20
240.4666666666667
 30
0.0
 11
131.35
 21
263.4666666666667
 31
0.0
  0
LINE
  5
256
330
1B
100
AcDbEntity
 67
1
  8
ESTRIBOS
 62
8
370
9
100
AcDbLine
 10
132.15
 20
240.4666666666667
 30
0.0
 11
132.15
 21
263.4666666666667
 31
0.0
  0
LINE
  5
257
330
1B
100
AcDbEntity
 67
1
  8
ESTRIBOS
 62
8
370
9
100
AcDbLine
 10
132.95
 20
240.4666666666667
 30
0.0
 11
132.95
 21
263.4666666666667
 31
0.0
  0
LINE
  5
258
330
1B
100
AcDbEntity
 67
1
  8
ESTRIBOS
 62
8
370
9
100
AcDbLine
 10
133.75
 20
240.4666666666667
 30
0.0
 11
133.75
 21
263.4666666666667
 31
0.0
  0
LINE
  5
259
330
1B
100
AcDbEntity
 67
1
  8
ESTRIBOS
 62
8
370
9
100
AcDbLine
 10
134.65
 20
240.4666666666667
 30
0.0
 11
134.65
 21
263.4666666666667
 31
0.0
  0
LINE
  5
25A
330
1B
100
AcDbEntity
 67
1
  8
ESTRIBOS
 62
8
370
9
100
AcDbLine
 10
135.45
 20
240.4666666666667
 30
0.0
 11
135.45
 21
263.4666666666667
 31
0.0
  0
LINE
  5
25B
330
1B
100
AcDbEntity
 67
1
  8
ESTRIBOS
 62
8
370
9
100
AcDbLine
 10
136.25
 20
240.4666666666667
 30
0.0
 11
136.25
 21
263.4666666666667
 31
0.0
  0
LINE
  5
25C
330
1B
100
AcDbEntity
 67
1
  8
ESTRIBOS
 62
8
370
9
100
AcDbLine
 10
137.05
 20
240.4666666666667
 30
0.0
 11
137.05
 21
263.4666666666667
 31
0.0
  0
LINE
  5
25D
330
1B
100
AcDbEntity
 67
1
  8
ESTRIBOS
 62
8
370
9
100
AcDbLine
 10
137.85
 20
240.4666666666667
 30
0.0
 11
137.85
 21
263.4666666666667
 31
0.0
  0
LINE
  5
25E
330
1B
100
AcDbEntity
 67
1
  8
ESTRIBOS
 62
8
370
9
100
AcDbLine
 10
138.65
 20
240.4666666666667
 30
0.0
 11
138.65
 21
263.4666666666667
 31
0.0
  0
LINE
  5
25F
330
1B
100
AcDbEntity
 67
1
  8
ESTRIBOS
 62
8
370
9
100
AcDbLine
 10
139.45
 20
240.4666666666667
 30
0.0
 11
139.45
 21
263.4666666666667
 31
0.0
  0
LINE
  5
260
330
1B
100
AcDbEntity
 67
1
  8
ESTRIBOS
 62
8
370
9
100
AcDbLine
 10
140.25
 20
240.4666666666667
 30
0.0
 11
140.25
 21
263.4666666666667
 31
0.0
  0
LINE
  5
261
330
1B
100
AcDbEntity
 67
1
  8
ESTRIBOS
 62
8
370
9
100
AcDbLine
 10
141.05
 20
240.4666666666667
 30
0.0
 11
141.05
 21
263.4666666666667
 31
0.0
  0
LINE
  5
262
330
1B
100
AcDbEntity
 67
1
  8
ESTRIBOS
 62
8
370
9
100
AcDbLine
 10
141.85
 20
240.4666666666667
 30
0.0
 11
141.85
 21
263.4666666666667
 31
0.0
  0
LINE
  5
263
330
1B
100
AcDbEntity
 67
1
  8
ESTRIBOS
 62
8
370
9
100
AcDbLine
 10
142.65
 20
240.4666666666667
 30
0.0
 11
142.65
 21
263.4666666666667
 31
0.0
  0
LINE
  5
264
330
1B
100
AcDbEntity
 67
1
  8
ESTRIBOS
 62
8
370
9
100
AcDbLine
 10
143.45
 20
240.4666666666667
 30
0.0
 11
143.45
 21
263.4666666666667
 31
0.0
  0
LINE
  5
265
330
1B
100
AcDbEntity
 67
1
  8
ESTRIBOS
 62
8
370
9
100
AcDbLine
 10
144.25
 20
240.4666666666667
 30
0.0
 11
144.25
 21
263.4666666666667
 31
0.0
  0
LINE
  5
266
330
1B
100
AcDbEntity
 67
1
  8
ESTRIBOS
 62
8
370
9
100
AcDbLine
 10
145.05
 20
240.4666666666667
 30
0.0
 11
145.05
 21
263.4666666666667
 31
0.0
  0
TEXT
  5
267
330
1B
100
AcDbEntity
 67
1
  8
ESTRIBOS
 62
8
100
AcDbText
 10
132.55
 20
251.16666666666669
 30
0.0
 40
1.6
  1
Nº4 2R @80/@80
 72
1
 11
132.55
 21
251.16666666666669
 31
0.0
100
AcDbText
 73
2
  0
LINE
  5
268
330
1B
100
AcDbEntity
 67
1
  8
ESTRIBOS
 62
8
370
9
100
AcDbLine
 10
146.05
 20
240.4666666666667
 30
0.0
 11
146.05
 21
263.4666666666667
 31
0.0
  0
LINE
  5
269
330
1B
100
AcDbEntity
 67
1
  8
ESTRIBOS
 62
8
370
9
100
AcDbLine
 10
146.85
 20
240.4666666666667
 30
0.0
 11
146.85
 21
263.4666666666667
 31
0.0
  0
LINE
  5
26A
330
1B
100
AcDbEntity
 67
1
  8
ESTRIBOS
 62
8
370
9
100
AcDbLine
 10
147.65
 20
240.4666666666667
 30
0.0
 11
147.65
 21
263.4666666666667
 31
0.0
  0
LINE
  5
26B
330
1B
100
AcDbEntity
 67
1
  8
ESTRIBOS
 62
8
370
9
100
AcDbLine
 10
148.45
 20
240.4666666666667
 30
0.0
 11
148.45
 21
263.4666666666667
 31
0.0
  0
LINE
  5
26C
330
1B
100
AcDbEntity
 67
1
  8
ESTRIBOS
 62
8
370
9
100
AcDbLine
 10
149.25
 20
240.4666666666667
 30
0.0
 11
149.25
 21
263.4666666666667
 31
0.0
  0
LINE
  5
26D
330
1B
100
AcDbEntity
 67
1
  8
ESTRIBOS
 62
8
370
9
100
AcDbLine
 10
150.05
 20
240.4666666666667
 30
0.0
 11
150.05
 21
263.4666666666667
 31
0.0
  0
LINE
  5
26E
330
1B
100
AcDbEntity
 67
1
  8
ESTRIBOS
 62
8
370
9
100
AcDbLine
 10
150.85
 20
240.4666666666667
 30
0.0
 11
150.85
 21
263.4666666666667
 31
0.0
  0
LINE
  5
26F
330
1B
100
AcDbEntity
 67
1
  8
ESTRIBOS
 62
8
370
9
100
AcDbLine
 10
151.65
 20
240.4666666666667
 30
0.0
 11
151.65
 21
263.4666666666667
 31
0.0
  0
LINE
  5
270
330
1B
100
AcDbEntity
 67
1
  8
ESTRIBOS
 62
8
370
9
100
AcDbLine
 10
152.45
 20
240.4666666666667
 30
0.0
 11
152.45
 21
263.4666666666667
 31
0.0
  0
LINE
  5
271
330
1B
100
AcDbEntity
 67
1
  8
ESTRIBOS
 62
8
370
9
100
AcDbLine
 10
153.25
 20
240.4666666666667
 30
0.0
 11
153.25
 21
263.4666666666667
 31
0.0
  0
LINE
  5
272
330
1B
100
AcDbEntity
 67
1
  8
ESTRIBOS
 62
8
370
9
100
AcDbLine
 10
154.05
 20
240.4666666666667
 30
0.0
 11
154.05
 21
263.4666666666667
 31
0.0
  0
LINE
  5
273
330
1B
100
AcDbEntity
 67
1
  8
ESTRIBOS
 62
8
370
9
100
AcDbLine
 10
154.85
 20
240.4666666666667
 30
0.0
 11
154.85
 21
263.4666666666667
 31
0.0
  0
LINE
  5
274
330
1B
100
AcDbEntity
 67
1
  8
ESTRIBOS
 62
8
370
9
100
AcDbLine
 10
155.65
 20
240.4666666666667
 30
0.0
 11
155.65
 21
263.4666666666667
 31
0.0
  0
LINE
  5
275
330
1B
100
AcDbEntity
 67
1
  8
ESTRIBOS
 62
8
370
9
100
AcDbLine
 10
156.45
 20
240.4666666666667
 30
0.0
 11
156.45
 21
263.4666666666667
 31
0.0
  0
LINE
  5
276
330
1B
100
AcDbEntity
 67
1
  8
ESTRIBOS
 62
8
370
9
100
AcDbLine
 10
157.35
 20
240.4666666666667
 30
0.0
 11
157.35
 21
263.4666666666667
 31
0.0
  0
LINE
  5
277
330
1B
100
AcDbEntity
 67
1
  8
ESTRIBOS
 62
8
370
9
100
AcDbLine
 10
158.15
 20
240.4666666666667
 30
0.0
 11
158.15
 21
263.4666666666667
 31
0.0
  0
LINE
  5
278
330
1B
100
AcDbEntity
 67
1
  8
ESTRIBOS
 62
8
370
9
100
AcDbLine
 10
158.95
 20
240.4666666666667
 30
0.0
 11
158.95
 21
263.4666666666667
 31
0.0
  0
LINE
  5
279
330
1B
100
AcDbEntity
 67
1
  8
ESTRIBOS
 62
8
370
9
100
AcDbLine
 10
159.65
 20
240.4666666666667
 30
0.0
 11
159.65
 21
263.4666666666667
 31
0.0
  0
LINE
  5
27A
330
1B
100
AcDbEntity
 67
1
  8
ESTRIBOS
 62
8
370
9
100
AcDbLine
 10
160.45
 20
240.4666666666667
 30
0.0
 11
160.45
 21
263.4666666666667
 31
0.0
  0
LINE
  5
27B
330
1B
100
AcDbEntity
 67
1
  8
ESTRIBOS
 62
8
370
9
100
AcDbLine
 10
161.25
 20
240.4666666666667
 30
0.0
 11
161.25
 21
263.4666666666667
 31
0.0
  0
LINE
  5
27C
330
1B
100
AcDbEntity
 67
1
  8
ESTRIBOS
 62
8
370
9
100
AcDbLine
 10
162.05
 20
240.4666666666667
 30
0.0
 11
162.05
 21
263.4666666666667
 31
0.0
  0
LINE
  5
27D
330
1B
100
AcDbEntity
 67
1
  8
ESTRIBOS
 62
8
370
9
100
AcDbLine
 10
162.85
 20
240.4666666666667
 30
0.0
 11
162.85
 21
263.4666666666667
 31
0.0
  0
LINE
  5
27E
330
1B
100
AcDbEntity
 67
1
  8
ESTRIBOS
 62
8
370
9
100
AcDbLine
 10
163.65
 20
240.4666666666667
 30
0.0
 11
163.65
 21
263.4666666666667
 31
0.0
  0
LINE
  5
27F
330
1B
100
AcDbEntity
 67
1
  8
ESTRIBOS
 62
8
370
9
100
AcDbLine
 10
164.45
 20
240.4666666666667
 30
0.0
 11
164.45
 21
263.4666666666667
 31
0.0
  0
LINE
  5
280
330
1B
100
AcDbEntity
 67
1
  8
ESTRIBOS
 62
8
370
9
100
AcDbLine
 10
165.25
 20
240.4666666666667
 30
0.0
 11
165.25
 21
263.4666666666667
 31
0.0
  0
LINE
  5
281
330
1B
100
AcDbEntity
 67
1
  8
ESTRIBOS
 62
8
370
9
100
AcDbLine
 10
166.05
 20
240.4666666666667
 30
0.0
 11
166.05
 21
263.4666666666667
 31
0.0
  0
LINE
  5
282
330
1B
100
AcDbEntity
 67
1
  8
ESTRIBOS
 62
8
370
9
100
AcDbLine
 10
166.85
 20
240.4666666666667
 30
0.0
 11
166.85
 21
263.4666666666667
 31
0.0
  0
LINE
  5
283
330
1B
100
AcDbEntity
 67
1
  8
ESTRIBOS
 62
8
370
9
100
AcDbLine
 10
167.65
 20
240.4666666666667
 30
0.0
 11
167.65
 21
263.4666666666667
 31
0.0
  0
LINE
  5
284
330
1B
100
AcDbEntity
 67
1
  8
ESTRIBOS
 62
8
370
9
100
AcDbLine
 10
168.45
 20
240.4666666666667
 30
0.0
 11
168.45
 21
263.4666666666667
 31
0.0
  0
LINE
  5
285
330
1B
100
AcDbEntity
 67
1
  8
ESTRIBOS
 62
8
370
9
100
AcDbLine
 10
169.25
 20
240.4666666666667
 30
0.0
 11
169.25
 21
263.4666666666667
 31
0.0
  0
LINE
  5
286
330
1B
100
AcDbEntity
 67
1
  8
ESTRIBOS
 62
8
370
9
100
AcDbLine
 10
170.05
 20
240.4666666666667
 30
0.0
 11
170.05
 21
263.4666666666667
 31
0.0
  0
TEXT
  5
287
330
1B
100
AcDbEntity
 67
1
  8
ESTRIBOS
 62
8
100
AcDbText
 10
158.05
 20
251.16666666666669
 30
0.0
 40
1.6
  1
Nº4 2R @80/@80
 72
1
 11
158.05
 21
251.16666666666669
 31
0.0
100
AcDbText
 73
2
  0
LINE
  5
288
330
1B
100
AcDbEntity
 67
1
  8
ESTRIBOS
 62
8
370
9
100
AcDbLine
 10
171.05
 20
240.4666666666667
 30
0.0
 11
171.05
 21
263.4666666666667
 31
0.0
  0
LINE
  5
289
330
1B
100
AcDbEntity
 67
1
  8
ESTRIBOS
 62
8
370
9
100
AcDbLine
 10
171.85
 20
240.4666666666667
 30
0.0
 11
171.85
 21
263.4666666666667
 31
0.0
  0
LINE
  5
28A
330
1B
100
AcDbEntity
 67
1
  8
ESTRIBOS
 62
8
370
9
100
AcDbLine
 10
172.65
 20
240.4666666666667
 30
0.0
 11
172.65
 21
263.4666666666667
 31
0.0
  0
LINE
  5
28B
330
1B
100
AcDbEntity
 67
1
  8
ESTRIBOS
 62
8
370
9
100
AcDbLine
 10
173.45
 20
240.4666666666667
 30
0.0
 11
173.45
 21
263.4666666666667
 31
0.0
  0
LINE
  5
28C
330
1B
100
AcDbEntity
 67
1
  8
ESTRIBOS
 62
8
370
9
100
AcDbLine
 10
174.25
 20
240.4666666666667
 30
0.0
 11
174.25
 21
263.4666666666667
 31
0.0
  0
LINE
  5
28D
330
1B
100
AcDbEntity
 67
1
  8
ESTRIBOS
 62
8
370
9
100
AcDbLine
 10
175.05
 20
240.4666666666667
 30
0.0
 11
175.05
 21
263.4666666666667
 31
0.0
  0
LINE
  5
28E
330
1B
100
AcDbEntity
 67
1
  8
ESTRIBOS
 62
8
370
9
100
AcDbLine
 10
175.85
 20
240.4666666666667
 30
0.0
 11
175.85
 21
263.4666666666667
 31
0.0
  0
LINE
  5
28F
330
1B
100
AcDbEntity
 67
1
  8
ESTRIBOS
 62
8
370
9
100
AcDbLine
 10
176.65
 20
240.4666666666667
 30
0.0
 11
176.65
 21
263.4666666666667
 31
0.0
  0
LINE
  5
290
330
1B
100
AcDbEntity
 67
1
  8
ESTRIBOS
 62
8
370
9
100
AcDbLine
 10
177.45
 20
240.4666666666667
 30
0.0
 11
177.45
 21
263.4666666666667
 31
0.0
  0
LINE
  5
291
330
1B
100
AcDbEntity
 67
1
  8
ESTRIBOS
 62
8
370
9
100
AcDbLine
 10
178.25
 20
240.4666666666667
 30
0.0
 11
178.25
 21
263.4666666666667
 31
0.0
  0
LINE
  5
292
330
1B
100
AcDbEntity
 67
1
  8
ESTRIBOS
 62
8
370
9
100
AcDbLine
 10
179.05
 20
240.4666666666667
 30
0.0
 11
179.05
 21
263.4666666666667
 31
0.0
  0
LINE
  5
293
330
1B
100
AcDbEntity
 67
1
  8
ESTRIBOS
 62
8
370
9
100
AcDbLine
 10
179.85
 20
240.4666666666667
 30
0.0
 11
179.85
 21
263.4666666666667
 31
0.0
  0
LINE
  5
294
330
1B
100
AcDbEntity
 67
1
  8
ESTRIBOS
 62
8
370
9
100
AcDbLine
 10
180.65
 20
240.4666666666667
 30
0.0
 11
180.65
 21
263.4666666666667
 31
0.0
  0
LINE
  5
295
330
1B
100
AcDbEntity
 67
1
  8
ESTRIBOS
 62
8
370
9
100
AcDbLine
 10
181.45
 20
240.4666666666667
 30
0.0
 11
181.45
 21
263.4666666666667
 31
0.0
  0
LINE
  5
296
330
1B
100
AcDbEntity
 67
1
  8
ESTRIBOS
 62
8
370
9
100
AcDbLine
 10
182.35
 20
240.4666666666667
 30
0.0
 11
182.35
 21
263.4666666666667
 31
0.0
  0
LINE
  5
297
330
1B
100
AcDbEntity
 67
1
  8
ESTRIBOS
 62
8
370
9
100
AcDbLine
 10
183.15
 20
240.4666666666667
 30
0.0
 11
183.15
 21
263.4666666666667
 31
0.0
  0
LINE
  5
298
330
1B
100
AcDbEntity
 67
1
  8
ESTRIBOS
 62
8
370
9
100
AcDbLine
 10
183.95
 20
240.4666666666667
 30
0.0
 11
183.95
 21
263.4666666666667
 31
0.0
  0
LINE
  5
299
330
1B
100
AcDbEntity
 67
1
  8
ESTRIBOS
 62
8
370
9
100
AcDbLine
 10
184.75
 20
240.4666666666667
 30
0.0
 11
184.75
 21
263.4666666666667
 31
0.0
  0
LINE
  5
29A
330
1B
100
AcDbEntity
 67
1
  8
ESTRIBOS
 62
8
370
9
100
AcDbLine
 10
185.55
 20
240.4666666666667
 30
0.0
 11
185.55
 21
263.4666666666667
 31
0.0
  0
LINE
  5
29B
330
1B
100
AcDbEntity
 67
1
  8
ESTRIBOS
 62
8
370
9
100
AcDbLine
 10
186.35
 20
240.4666666666667
 30
0.0
 11
186.35
 21
263.4666666666667
 31
0.0
  0
LINE
  5
29C
330
1B
100
AcDbEntity
 67
1
  8
ESTRIBOS
 62
8
370
9
100
AcDbLine
 10
187.15
 20
240.4666666666667
 30
0.0
 11
187.15
 21
263.4666666666667
 31
0.0
  0
LINE
  5
29D
330
1B
100
AcDbEntity
 67
1
  8
ESTRIBOS
 62
8
370
9
100
AcDbLine
 10
187.95
 20
240.4666666666667
 30
0.0
 11
187.95
 21
263.4666666666667
 31
0.0
  0
LINE
  5
29E
330
1B
100
AcDbEntity
 67
1
  8
ESTRIBOS
 62
8
370
9
100
AcDbLine
 10
188.75
 20
240.4666666666667
 30
0.0
 11
188.75
 21
263.4666666666667
 31
0.0
  0
LINE
  5
29F
330
1B
100
AcDbEntity
 67
1
  8
ESTRIBOS
 62
8
370
9
100
AcDbLine
 10
189.55
 20
240.4666666666667
 30
0.0
 11
189.55
 21
263.4666666666667
 31
0.0
  0
LINE
  5
2A0
330
1B
100
AcDbEntity
 67
1
  8
ESTRIBOS
 62
8
370
9
100
AcDbLine
 10
190.35
 20
240.4666666666667
 30
0.0
 11
190.35
 21
263.4666666666667
 31
0.0
  0
LINE
  5
2A1
330
1B
100
AcDbEntity
 67
1
  8
ESTRIBOS
 62
8
370
9
100
AcDbLine
 10
191.15
 20
240.4666666666667
 30
0.0
 11
191.15
 21
263.4666666666667
 31
0.0
  0
LINE
  5
2A2
330
1B
100
AcDbEntity
 67
1
  8
ESTRIBOS
 62
8
370
9
100
AcDbLine
 10
191.95
 20
240.4666666666667
 30
0.0
 11
191.95
 21
263.4666666666667
 31
0.0
  0
LINE
  5
2A3
330
1B
100
AcDbEntity
 67
1
  8
ESTRIBOS
 62
8
370
9
100
AcDbLine
 10
192.75
 20
240.4666666666667
 30
0.0
 11
192.75
 21
263.4666666666667
 31
0.0
  0
LINE
  5
2A4
330
1B
100
AcDbEntity
 67
1
  8
ESTRIBOS
 62
8
370
9
100
AcDbLine
 10
193.55
 20
240.4666666666667
 30
0.0
 11
193.55
 21
263.4666666666667
 31
0.0
  0
LINE
  5
2A5
330
1B
100
AcDbEntity
 67
1
  8
ESTRIBOS
 62
8
370
9
100
AcDbLine
 10
194.35
 20
240.4666666666667
 30
0.0
 11
194.35
 21
263.4666666666667
 31
0.0
  0
LINE
  5
2A6
330
1B
100
AcDbEntity
 67
1
  8
ESTRIBOS
 62
8
370
9
100
AcDbLine
 10
195.15
 20
240.4666666666667
 30
0.0
 11
195.15
 21
263.4666666666667
 31
0.0
  0
LINE
  5
2A7
330
1B
100
AcDbEntity
 67
1
  8
ESTRIBOS
 62
8
370
9
100
AcDbLine
 10
195.95
 20
240.4666666666667
 30
0.0
 11
195.95
 21
263.4666666666667
 31
0.0
  0
LINE
  5
2A8
330
1B
100
AcDbEntity
 67
1
  8
ESTRIBOS
 62
8
370
9
100
AcDbLine
 10
196.75
 20
240.4666666666667
 30
0.0
 11
196.75
 21
263.4666666666667
 31
0.0
  0
LINE
  5
2A9
330
1B
100
AcDbEntity
 67
1
  8
ESTRIBOS
 62
8
370
9
100
AcDbLine
 10
197.55
 20
240.4666666666667
 30
0.0
 11
197.55
 21
263.4666666666667
 31
0.0
  0
LINE
  5
2AA
330
1B
100
AcDbEntity
 67
1
  8
ESTRIBOS
 62
8
370
9
100
AcDbLine
 10
198.35
 20
240.4666666666667
 30
0.0
 11
198.35
 21
263.4666666666667
 31
0.0
  0
LINE
  5
2AB
330
1B
100
AcDbEntity
 67
1
  8
ESTRIBOS
 62
8
370
9
100
AcDbLine
 10
199.15
 20
240.4666666666667
 30
0.0
 11
199.15
 21
263.4666666666667
 31
0.0
  0
LINE
  5
2AC
330
1B
100
AcDbEntity
 67
1
  8
ESTRIBOS
 62
8
370
9
100
AcDbLine
 10
199.65
 20
240.4666666666667
 30
0.0
 11
199.65
 21
263.4666666666667
 31
0.0
  0
LINE
  5
2AD
330
1B
100
AcDbEntity
 67
1
  8
ESTRIBOS
 62
8
370
9
100
AcDbLine
 10
200.45
 20
240.4666666666667
 30
0.0
 11
200.45
 21
263.4666666666667
 31
0.0
  0
LINE
  5
2AE
330
1B
100
AcDbEntity
 67
1
  8
ESTRIBOS
 62
8
370
9
100
AcDbLine
 10
201.25
 20
240.4666666666667
 30
0.0
 11
201.25
 21
263.4666666666667
 31
0.0
  0
LINE
  5
2AF
330
1B
100
AcDbEntity
 67
1
  8
ESTRIBOS
 62
8
370
9
100
AcDbLine
 10
202.05
 20
240.4666666666667
 30
0.0
 11
202.05
 21
263.4666666666667
 31
0.0
  0
LINE
  5
2B0
330
1B
100
AcDbEntity
 67
1
  8
ESTRIBOS
 62
8
370
9
100
AcDbLine
 10
202.85
 20
240.4666666666667
 30
0.0
 11
202.85
 21
263.4666666666667
 31
0.0
  0
LINE
  5
2B1
330
1B
100
AcDbEntity
 67
1
  8
ESTRIBOS
 62
8
370
9
100
AcDbLine
 10
203.65
 20
240.4666666666667
 30
0.0
 11
203.65
 21
263.4666666666667
 31
0.0
  0
LINE
  5
2B2
330
1B
100
AcDbEntity
 67
1
  8
ESTRIBOS
 62
8
370
9
100
AcDbLine
 10
204.45
 20
240.4666666666667
 30
0.0
 11
204.45
 21
263.4666666666667
 31
0.0
  0
LINE
  5
2B3
330
1B
100
AcDbEntity
 67
1
  8
ESTRIBOS
 62
8
370
9
100
AcDbLine
 10
205.25
 20
240.4666666666667
 30
0.0
 11
205.25
 21
263.4666666666667
 31
0.0
  0
LINE
  5
2B4
330
1B
100
AcDbEntity
 67
1
  8
ESTRIBOS
 62
8
370
9
100
AcDbLine
 10
206.05
 20
240.4666666666667
 30
0.0
 11
206.05
 21
263.4666666666667
 31
0.0
  0
LINE
  5
2B5
330
1B
100
AcDbEntity
 67
1
  8
ESTRIBOS
 62
8
370
9
100
AcDbLine
 10
206.85
 20
240.4666666666667
 30
0.0
 11
206.85
 21
263.4666666666667
 31
0.0
  0
LINE
  5
2B6
330
1B
100
AcDbEntity
 67
1
  8
ESTRIBOS
 62
8
370
9
100
AcDbLine
 10
207.65
 20
240.4666666666667
 30
0.0
 11
207.65
 21
263.4666666666667
 31
0.0
  0
LINE
  5
2B7
330
1B
100
AcDbEntity
 67
1
  8
ESTRIBOS
 62
8
370
9
100
AcDbLine
 10
208.45
 20
240.4666666666667
 30
0.0
 11
208.45
 21
263.4666666666667
 31
0.0
  0
LINE
  5
2B8
330
1B
100
AcDbEntity
 67
1
  8
ESTRIBOS
 62
8
370
9
100
AcDbLine
 10
209.25
 20
240.4666666666667
 30
0.0
 11
209.25
 21
263.4666666666667
 31
0.0
  0
LINE
  5
2B9
330
1B
100
AcDbEntity
 67
1
  8
ESTRIBOS
 62
8
370
9
100
AcDbLine
 10
210.05
 20
240.4666666666667
 30
0.0
 11
210.05
 21
263.4666666666667
 31
0.0
  0
TEXT
  5
2BA
330
1B
100
AcDbEntity
 67
1
  8
ESTRIBOS
 62
8
100
AcDbText
 10
190.55
 20
251.16666666666669
 30
0.0
 40
1.6
  1
Nº4 2R @80/@80
 72
1
 11
190.55
 21
251.16666666666669
 31
0.0
100
AcDbText
 73
2
  0
LINE
  5
2BB
330
1B
100
AcDbEntity
 67
1
  8
ESTRIBOS
 62
8
370
9
100
AcDbLine
 10
211.05
 20
240.4666666666667
 30
0.0
 11
211.05
 21
263.4666666666667
 31
0.0
  0
LINE
  5
2BC
330
1B
100
AcDbEntity
 67
1
  8
ESTRIBOS
 62
8
370
9
100
AcDbLine
 10
211.85
 20
240.4666666666667
 30
0.0
 11
211.85
 21
263.4666666666667
 31
0.0
  0
LINE
  5
2BD
330
1B
100
AcDbEntity
 67
1
  8
ESTRIBOS
 62
8
370
9
100
AcDbLine
 10
212.65
 20
240.4666666666667
 30
0.0
 11
212.65
 21
263.4666666666667
 31
0.0
  0
LINE
  5
2BE
330
1B
100
AcDbEntity
 67
1
  8
ESTRIBOS
 62
8
370
9
100
AcDbLine
 10
213.45
 20
240.4666666666667
 30
0.0
 11
213.45
 21
263.4666666666667
 31
0.0
  0
LINE
  5
2BF
330
1B
100
AcDbEntity
 67
1
  8
ESTRIBOS
 62
8
370
9
100
AcDbLine
 10
214.25
 20
240.4666666666667
 30
0.0
 11
214.25
 21
263.4666666666667
 31
0.0
  0
LINE
  5
2C0
330
1B
100
AcDbEntity
 67
1
  8
ESTRIBOS
 62
8
370
9
100
AcDbLine
 10
215.05
 20
240.4666666666667
 30
0.0
 11
215.05
 21
263.4666666666667
 31
0.0
  0
LINE
  5
2C1
330
1B
100
AcDbEntity
 67
1
  8
ESTRIBOS
 62
8
370
9
100
AcDbLine
 10
215.85
 20
240.4666666666667
 30
0.0
 11
215.85
 21
263.4666666666667
 31
0.0
  0
LINE
  5
2C2
330
1B
100
AcDbEntity
 67
1
  8
ESTRIBOS
 62
8
370
9
100
AcDbLine
 10
216.65
 20
240.4666666666667
 30
0.0
 11
216.65
 21
263.4666666666667
 31
0.0
  0
LINE
  5
2C3
330
1B
100
AcDbEntity
 67
1
  8
ESTRIBOS
 62
8
370
9
100
AcDbLine
 10
217.45
 20
240.4666666666667
 30
0.0
 11
217.45
 21
263.4666666666667
 31
0.0
  0
LINE
  5
2C4
330
1B
100
AcDbEntity
 67
1
  8
ESTRIBOS
 62
8
370
9
100
AcDbLine
 10
218.25
 20
240.4666666666667
 30
0.0
 11
218.25
 21
263.4666666666667
 31
0.0
  0
LINE
  5
2C5
330
1B
100
AcDbEntity
 67
1
  8
ESTRIBOS
 62
8
370
9
100
AcDbLine
 10
219.05
 20
240.4666666666667
 30
0.0
 11
219.05
 21
263.4666666666667
 31
0.0
  0
LINE
  5
2C6
330
1B
100
AcDbEntity
 67
1
  8
ESTRIBOS
 62
8
370
9
100
AcDbLine
 10
219.85
 20
240.4666666666667
 30
0.0
 11
219.85
 21
263.4666666666667
 31
0.0
  0
LINE
  5
2C7
330
1B
100
AcDbEntity
 67
1
  8
ESTRIBOS
 62
8
370
9
100
AcDbLine
 10
220.65
 20
240.4666666666667
 30
0.0
 11
220.65
 21
263.4666666666667
 31
0.0
  0
LINE
  5
2C8
330
1B
100
AcDbEntity
 67
1
  8
ESTRIBOS
 62
8
370
9
100
AcDbLine
 10
221.45
 20
240.4666666666667
 30
0.0
 11
221.45
 21
263.4666666666667
 31
0.0
  0
LINE
  5
2C9
330
1B
100
AcDbEntity
 67
1
  8
ESTRIBOS
 62
8
370
9
100
AcDbLine
 10
222.35
 20
240.4666666666667
 30
0.0
 11
222.35
 21
263.4666666666667
 31
0.0
  0
LINE
  5
2CA
330
1B
100
AcDbEntity
 67
1
  8
ESTRIBOS
 62
8
370
9
100
AcDbLine
 10
223.15
 20
240.4666666666667
 30
0.0
 11
223.15
 21
263.4666666666667
 31
0.0
  0
LINE
  5
2CB
330
1B
100
AcDbEntity
 67
1
  8
ESTRIBOS
 62
8
370
9
100
AcDbLine
 10
223.95
 20
240.4666666666667
 30
0.0
 11
223.95
 21
263.4666666666667
 31
0.0
  0
LINE
  5
2CC
330
1B
100
AcDbEntity
 67
1
  8
ESTRIBOS
 62
8
370
9
100
AcDbLine
 10
224.75
 20
240.4666666666667
 30
0.0
 11
224.75
 21
263.4666666666667
 31
0.0
  0
LINE
  5
2CD
330
1B
100
AcDbEntity
 67
1
  8
ESTRIBOS
 62
8
370
9
100
AcDbLine
 10
225.55
 20
240.4666666666667
 30
0.0
 11
225.55
 21
263.4666666666667
 31
0.0
  0
LINE
  5
2CE
330
1B
100
AcDbEntity
 67
1
  8
ESTRIBOS
 62
8
370
9
100
AcDbLine
 10
226.35
 20
240.4666666666667
 30
0.0
 11
226.35
 21
263.4666666666667
 31
0.0
  0
LINE
  5
2CF
330
1B
100
AcDbEntity
 67
1
  8
ESTRIBOS
 62
8
370
9
100
AcDbLine
 10
227.15
 20
240.4666666666667
 30
0.0
 11
227.15
 21
263.4666666666667
 31
0.0
  0
LINE
  5
2D0
330
1B
100
AcDbEntity
 67
1
  8
ESTRIBOS
 62
8
370
9
100
AcDbLine
 10
227.95
 20
240.4666666666667
 30
0.0
 11
227.95
 21
263.4666666666667
 31
0.0
  0
LINE
  5
2D1
330
1B
100
AcDbEntity
 67
1
  8
ESTRIBOS
 62
8
370
9
100
AcDbLine
 10
228.75
 20
240.4666666666667
 30
0.0
 11
228.75
 21
263.4666666666667
 31
0.0
  0
LINE
  5
2D2
330
1B
100
AcDbEntity
 67
1
  8
ESTRIBOS
 62
8
370
9
100
AcDbLine
 10
229.55
 20
240.4666666666667
 30
0.0
 11
229.55
 21
263.4666666666667
 31
0.0
  0
LINE
  5
2D3
330
1B
100
AcDbEntity
 67
1
  8
ESTRIBOS
 62
8
370
9
100
AcDbLine
 10
230.35
 20
240.4666666666667
 30
0.0
 11
230.35
 21
263.4666666666667
 31
0.0
  0
LINE
  5
2D4
330
1B
100
AcDbEntity
 67
1
  8
ESTRIBOS
 62
8
370
9
100
AcDbLine
 10
231.15
 20
240.4666666666667
 30
0.0
 11
231.15
 21
263.4666666666667
 31
0.0
  0
LINE
  5
2D5
330
1B
100
AcDbEntity
 67
1
  8
ESTRIBOS
 62
8
370
9
100
AcDbLine
 10
231.95
 20
240.4666666666667
 30
0.0
 11
231.95
 21
263.4666666666667
 31
0.0
  0
LINE
  5
2D6
330
1B
100
AcDbEntity
 67
1
  8
ESTRIBOS
 62
8
370
9
100
AcDbLine
 10
232.75
 20
240.4666666666667
 30
0.0
 11
232.75
 21
263.4666666666667
 31
0.0
  0
LINE
  5
2D7
330
1B
100
AcDbEntity
 67
1
  8
ESTRIBOS
 62
8
370
9
100
AcDbLine
 10
233.55
 20
240.4666666666667
 30
0.0
 11
233.55
 21
263.4666666666667
 31
0.0
  0
LINE
  5
2D8
330
1B
100
AcDbEntity
 67
1
  8
ESTRIBOS
 62
8
370
9
100
AcDbLine
 10
234.35
 20
240.4666666666667
 30
0.0
 11
234.35
 21
263.4666666666667
 31
0.0
  0
LINE
  5
2D9
330
1B
100
AcDbEntity
 67
1
  8
ESTRIBOS
 62
8
370
9
100
AcDbLine
 10
235.15
 20
240.4666666666667
 30
0.0
 11
235.15
 21
263.4666666666667
 31
0.0
  0
LINE
  5
2DA
330
1B
100
AcDbEntity
 67
1
  8
ESTRIBOS
 62
8
370
9
100
AcDbLine
 10
235.95
 20
240.4666666666667
 30
0.0
 11
235.95
 21
263.4666666666667
 31
0.0
  0
LINE
  5
2DB
330
1B
100
AcDbEntity
 67
1
  8
ESTRIBOS
 62
8
370
9
100
AcDbLine
 10
236.75
 20
240.4666666666667
 30
0.0
 11
236.75
 21
263.4666666666667
 31
0.0
  0
LINE
  5
2DC
330
1B
100
AcDbEntity
 67
1
  8
ESTRIBOS
 62
8
370
9
100
AcDbLine
 10
237.55
 20
240.4666666666667
 30
0.0
 11
237.55
 21
263.4666666666667
 31
0.0
  0
LINE
  5
2DD
330
1B
100
AcDbEntity
 67
1
  8
ESTRIBOS
 62
8
370
9
100
AcDbLine
 10
238.35
 20
240.4666666666667
 30
0.0
 11
238.35
 21
263.4666666666667
 31
0.0
  0
LINE
  5
2DE
330
1B
100
AcDbEntity
 67
1
  8
ESTRIBOS
 62
8
370
9
100
AcDbLine
 10
239.15
 20
240.4666666666667
 30
0.0
 11
239.15
 21
263.4666666666667
 31
0.0
  0
LINE
  5
2DF
330
1B
100
AcDbEntity
 67
1
  8
ESTRIBOS
 62
8
370
9
100
AcDbLine
 10
239.95
 20
240.4666666666667
 30
0.0
 11
239.95
 21
263.4666666666667
 31
0.0
  0
LINE
  5
2E0
330
1B
100
AcDbEntity
 67
1
  8
ESTRIBOS
 62
8
370
9
100
AcDbLine
 10
240.75
 20
240.4666666666667
 30
0.0
 11
240.75
 21
263.4666666666667
 31
0.0
  0
LINE
  5
2E1
330
1B
100
AcDbEntity
 67
1
  8
ESTRIBOS
 62
8
370
9
100
AcDbLine
 10
241.55
 20
240.4666666666667
 30
0.0
 11
241.55
 21
263.4666666666667
 31
0.0
  0
LINE
  5
2E2
330
1B
100
AcDbEntity
 67
1
  8
ESTRIBOS
 62
8
370
9
100
AcDbLine
 10
242.35
 20
240.4666666666667
 30
0.0
 11
242.35
 21
263.4666666666667
 31
0.0
  0
LINE
  5
2E3
330
1B
100
AcDbEntity
 67
1
  8
ESTRIBOS
 62
8
370
9
100
AcDbLine
 10
243.15
 20
240.4666666666667
 30
0.0
 11
243.15
 21
263.4666666666667
 31
0.0
  0
LINE
  5
2E4
330
1B
100
AcDbEntity
 67
1
  8
ESTRIBOS
 62
8
370
9
100
AcDbLine
 10
243.95
 20
240.4666666666667
 30
0.0
 11
243.95
 21
263.4666666666667
 31
0.0
  0
LINE
  5
2E5
330
1B
100
AcDbEntity
 67
1
  8
ESTRIBOS
 62
8
370
9
100
AcDbLine
 10
244.75
 20
240.4666666666667
 30
0.0
 11
244.75
 21
263.4666666666667
 31
0.0
  0
LINE
  5
2E6
330
1B
100
AcDbEntity
 67
1
  8
ESTRIBOS
 62
8
370
9
100
AcDbLine
 10
245.55
 20
240.4666666666667
 30
0.0
 11
245.55
 21
263.4666666666667
 31
0.0
  0
LINE
  5
2E7
330
1B
100
AcDbEntity
 67
1
  8
ESTRIBOS
 62
8
370
9
100
AcDbLine
 10
246.35
 20
240.4666666666667
 30
0.0
 11
246.35
 21
263.4666666666667
 31
0.0
  0
LINE
  5
2E8
330
1B
100
AcDbEntity
 67
1
  8
ESTRIBOS
 62
8
370
9
100
AcDbLine
 10
247.15
 20
240.4666666666667
 30
0.0
 11
247.15
 21
263.4666666666667
 31
0.0
  0
LINE
  5
2E9
330
1B
100
AcDbEntity
 67
1
  8
ESTRIBOS
 62
8
370
9
100
AcDbLine
 10
247.95
 20
240.4666666666667
 30
0.0
 11
247.95
 21
263.4666666666667
 31
0.0
  0
LINE
  5
2EA
330
1B
100
AcDbEntity
 67
1
  8
ESTRIBOS
 62
8
370
9
100
AcDbLine
 10
248.75
 20
240.4666666666667
 30
0.0
 11
248.75
 21
263.4666666666667
 31
0.0
  0
LINE
  5
2EB
330
1B
100
AcDbEntity
 67
1
  8
ESTRIBOS
 62
8
370
9
100
AcDbLine
 10
249.55
 20
240.4666666666667
 30
0.0
 11
249.55
 21
263.4666666666667
 31
0.0
  0
LINE
  5
2EC
330
1B
100
AcDbEntity
 67
1
  8
ESTRIBOS
 62
8
370
9
100
AcDbLine
 10
250.35
 20
240.4666666666667
 30
0.0
 11
250.35
 21
263.4666666666667
 31
0.0
  0
LINE
  5
2ED
330
1B
100
AcDbEntity
 67
1
  8
ESTRIBOS
 62
8
370
9
100
AcDbLine
 10
251.15
 20
240.4666666666667
 30
0.0
 11
251.15
 21
263.4666666666667
 31
0.0
  0
LINE
  5
2EE
330
1B
100
AcDbEntity
 67
1
  8
ESTRIBOS
 62
8
370
9
100
AcDbLine
 10
251.95
 20
240.4666666666667
 30
0.0
 11
251.95
 21
263.4666666666667
 31
0.0
  0
LINE
  5
2EF
330
1B
100
AcDbEntity
 67
1
  8
ESTRIBOS
 62
8
370
9
100
AcDbLine
 10
252.75
 20
240.4666666666667
 30
0.0
 11
252.75
 21
263.4666666666667
 31
0.0
  0
LINE
  5
2F0
330
1B
100
AcDbEntity
 67
1
  8
ESTRIBOS
 62
8
370
9
100
AcDbLine
 10
253.55
 20
240.4666666666667
 30
0.0
 11
253.55
 21
263.4666666666667
 31
0.0
  0
LINE
  5
2F1
330
1B
100
AcDbEntity
 67
1
  8
ESTRIBOS
 62
8
370
9
100
AcDbLine
 10
254.35
 20
240.4666666666667
 30
0.0
 11
254.35
 21
263.4666666666667
 31
0.0
  0
LINE
  5
2F2
330
1B
100
AcDbEntity
 67
1
  8
ESTRIBOS
 62
8
370
9
100
AcDbLine
 10
254.65
 20
240.4666666666667
 30
0.0
 11
254.65
 21
263.4666666666667
 31
0.0
  0
LINE
  5
2F3
330
1B
100
AcDbEntity
 67
1
  8
ESTRIBOS
 62
8
370
9
100
AcDbLine
 10
255.45
 20
240.4666666666667
 30
0.0
 11
255.45
 21
263.4666666666667
 31
0.0
  0
LINE
  5
2F4
330
1B
100
AcDbEntity
 67
1
  8
ESTRIBOS
 62
8
370
9
100
AcDbLine
 10
256.25
 20
240.4666666666667
 30
0.0
 11
256.25
 21
263.4666666666667
 31
0.0
  0
LINE
  5
2F5
330
1B
100
AcDbEntity
 67
1
  8
ESTRIBOS
 62
8
370
9
100
AcDbLine
 10
257.05
 20
240.4666666666667
 30
0.0
 11
257.05
 21
263.4666666666667
 31
0.0
  0
LINE
  5
2F6
330
1B
100
AcDbEntity
 67
1
  8
ESTRIBOS
 62
8
370
9
100
AcDbLine
 10
257.85
 20
240.4666666666667
 30
0.0
 11
257.85
 21
263.4666666666667
 31
0.0
  0
LINE
  5
2F7
330
1B
100
AcDbEntity
 67
1
  8
ESTRIBOS
 62
8
370
9
100
AcDbLine
 10
258.65
 20
240.4666666666667
 30
0.0
 11
258.65
 21
263.4666666666667
 31
0.0
  0
LINE
  5
2F8
330
1B
100
AcDbEntity
 67
1
  8
ESTRIBOS
 62
8
370
9
100
AcDbLine
 10
259.45
 20
240.4666666666667
 30
0.0
 11
259.45
 21
263.4666666666667
 31
0.0
  0
LINE
  5
2F9
330
1B
100
AcDbEntity
 67
1
  8
ESTRIBOS
 62
8
370
9
100
AcDbLine
 10
260.25
 20
240.4666666666667
 30
0.0
 11
260.25
 21
263.4666666666667
 31
0.0
  0
LINE
  5
2FA
330
1B
100
AcDbEntity
 67
1
  8
ESTRIBOS
 62
8
370
9
100
AcDbLine
 10
261.05
 20
240.4666666666667
 30
0.0
 11
261.05
 21
263.4666666666667
 31
0.0
  0
LINE
  5
2FB
330
1B
100
AcDbEntity
 67
1
  8
ESTRIBOS
 62
8
370
9
100
AcDbLine
 10
261.85
 20
240.4666666666667
 30
0.0
 11
261.85
 21
263.4666666666667
 31
0.0
  0
LINE
  5
2FC
330
1B
100
AcDbEntity
 67
1
  8
ESTRIBOS
 62
8
370
9
100
AcDbLine
 10
262.65
 20
240.4666666666667
 30
0.0
 11
262.65
 21
263.4666666666667
 31
0.0
  0
LINE
  5
2FD
330
1B
100
AcDbEntity
 67
1
  8
ESTRIBOS
 62
8
370
9
100
AcDbLine
 10
263.45
 20
240.4666666666667
 30
0.0
 11
263.45
 21
263.4666666666667
 31
0.0
  0
LINE
  5
2FE
330
1B
100
AcDbEntity
 67
1
  8
ESTRIBOS
 62
8
370
9
100
AcDbLine
 10
264.25
 20
240.4666666666667
 30
0.0
 11
264.25
 21
263.4666666666667
 31
0.0
  0
LINE
  5
2FF
330
1B
100
AcDbEntity
 67
1
  8
ESTRIBOS
 62
8
370
9
100
AcDbLine
 10
265.05
 20
240.4666666666667
 30
0.0
 11
265.05
 21
263.4666666666667
 31
0.0
  0
TEXT
  5
300
330
1B
100
AcDbEntity
 67
1
  8
ESTRIBOS
 62
8
100
AcDbText
 10
238.05
 20
251.16666666666669
 30
0.0
 40
1.6
  1
Nº4 2R @80/@80
 72
1
 11
238.05
 21
251.16666666666669
 31
0.0
100
AcDbText
 73
2
  0
LINE
  5
301
330
1B
100
AcDbEntity
 67
1
  8
ESTRIBOS
 62
8
370
9
100
AcDbLine
 10
266.05
 20
240.4666666666667
 30
0.0
 11
266.05
 21
263.4666666666667
 31
0.0
  0
LINE
  5
302
330
1B
100
AcDbEntity
 67
1
  8
ESTRIBOS
 62
8
370
9
100
AcDbLine
 10
266.85
 20
240.4666666666667
 30
0.0
 11
266.85
 21
263.4666666666667
 31
0.0
  0
LINE
  5
303
330
1B
100
AcDbEntity
 67
1
  8
ESTRIBOS
 62
8
370
9
100
AcDbLine
 10
267.65
 20
240.4666666666667
 30
0.0
 11
267.65
 21
263.4666666666667
 31
0.0
  0
LINE
  5
304
330
1B
100
AcDbEntity
 67
1
  8
ESTRIBOS
 62
8
370
9
100
AcDbLine
 10
268.45
 20
240.4666666666667
 30
0.0
 11
268.45
 21
263.4666666666667
 31
0.0
  0
LINE
  5
305
330
1B
100
AcDbEntity
 67
1
  8
ESTRIBOS
 62
8
370
9
100
AcDbLine
 10
269.25
 20
240.4666666666667
 30
0.0
 11
269.25
 21
263.4666666666667
 31
0.0
  0
LINE
  5
306
330
1B
100
AcDbEntity
 67
1
  8
ESTRIBOS
 62
8
370
9
100
AcDbLine
 10
270.05
 20
240.4666666666667
 30
0.0
 11
270.05
 21
263.4666666666667
 31
0.0
  0
LINE
  5
307
330
1B
100
AcDbEntity
 67
1
  8
ESTRIBOS
 62
8
370
9
100
AcDbLine
 10
270.85
 20
240.4666666666667
 30
0.0
 11
270.85
 21
263.4666666666667
 31
0.0
  0
LINE
  5
308
330
1B
100
AcDbEntity
 67
1
  8
ESTRIBOS
 62
8
370
9
100
AcDbLine
 10
271.65
 20
240.4666666666667
 30
0.0
 11
271.65
 21
263.4666666666667
 31
0.0
  0
LINE
  5
309
330
1B
100
AcDbEntity
 67
1
  8
ESTRIBOS
 62
8
370
9
100
AcDbLine
 10
272.45
 20
240.4666666666667
 30
0.0
 11
272.45
 21
263.4666666666667
 31
0.0
  0
LINE
  5
30A
330
1B
100
AcDbEntity
 67
1
  8
ESTRIBOS
 62
8
370
9
100
AcDbLine
 10
273.25
 20
240.4666666666667
 30
0.0
 11
273.25
 21
263.4666666666667
 31
0.0
  0
LINE
  5
30B
330
1B
100
AcDbEntity
 67
1
  8
ESTRIBOS
 62
8
370
9
100
AcDbLine
 10
274.05
 20
240.4666666666667
 30
0.0
 11
274.05
 21
263.4666666666667
 31
0.0
  0
LINE
  5
30C
330
1B
100
AcDbEntity
 67
1
  8
ESTRIBOS
 62
8
370
9
100
AcDbLine
 10
274.85
 20
240.4666666666667
 30
0.0
 11
274.85
 21
263.4666666666667
 31
0.0
  0
LINE
  5
30D
330
1B
100
AcDbEntity
 67
1
  8
ESTRIBOS
 62
8
370
9
100
AcDbLine
 10
275.65
 20
240.4666666666667
 30
0.0
 11
275.65
 21
263.4666666666667
 31
0.0
  0
LINE
  5
30E
330
1B
100
AcDbEntity
 67
1
  8
ESTRIBOS
 62
8
370
9
100
AcDbLine
 10
276.45
 20
240.4666666666667
 30
0.0
 11
276.45
 21
263.4666666666667
 31
0.0
  0
LINE
  5
30F
330
1B
100
AcDbEntity
 67
1
  8
ESTRIBOS
 62
8
370
9
100
AcDbLine
 10
277.35
 20
240.4666666666667
 30
0.0
 11
277.35
 21
263.4666666666667
 31
0.0
  0
LINE
  5
310
330
1B
100
AcDbEntity
 67
1
  8
ESTRIBOS
 62
8
370
9
100
AcDbLine
 10
278.15
 20
240.4666666666667
 30
0.0
 11
278.15
 21
263.4666666666667
 31
0.0
  0
LINE
  5
311
330
1B
100
AcDbEntity
 67
1
  8
ESTRIBOS
 62
8
370
9
100
AcDbLine
 10
278.95
 20
240.4666666666667
 30
0.0
 11
278.95
 21
263.4666666666667
 31
0.0
  0
LINE
  5
312
330
1B
100
AcDbEntity
 67
1
  8
ESTRIBOS
 62
8
370
9
100
AcDbLine
 10
279.75
 20
240.4666666666667
 30
0.0
 11
279.75
 21
263.4666666666667
 31
0.0
  0
LINE
  5
313
330
1B
100
AcDbEntity
 67
1
  8
ESTRIBOS
 62
8
370
9
100
AcDbLine
 10
280.55
 20
240.4666666666667
 30
0.0
 11
280.55
 21
263.4666666666667
 31
0.0
  0
LINE
  5
314
330
1B
100
AcDbEntity
 67
1
  8
ESTRIBOS
 62
8
370
9
100
AcDbLine
 10
281.35
 20
240.4666666666667
 30
0.0
 11
281.35
 21
263.4666666666667
 31
0.0
  0
LINE
  5
315
330
1B
100
AcDbEntity
 67
1
  8
ESTRIBOS
 62
8
370
9
100
AcDbLine
 10
282.15
 20
240.4666666666667
 30
0.0
 11
282.15
 21
263.4666666666667
 31
0.0
  0
LINE
  5
316
330
1B
100
AcDbEntity
 67
1
  8
ESTRIBOS
 62
8
370
9
100
AcDbLine
 10
282.95
 20
240.4666666666667
 30
0.0
 11
282.95
 21
263.4666666666667
 31
0.0
  0
LINE
  5
317
330
1B
100
AcDbEntity
 67
1
  8
ESTRIBOS
 62
8
370
9
100
AcDbLine
 10
283.75
 20
240.4666666666667
 30
0.0
 11
283.75
 21
263.4666666666667
 31
0.0
  0
LINE
  5
318
330
1B
100
AcDbEntity
 67
1
  8
ESTRIBOS
 62
8
370
9
100
AcDbLine
 10
284.55
 20
240.4666666666667
 30
0.0
 11
284.55
 21
263.4666666666667
 31
0.0
  0
LINE
  5
319
330
1B
100
AcDbEntity
 67
1
  8
ESTRIBOS
 62
8
370
9
100
AcDbLine
 10
285.35
 20
240.4666666666667
 30
0.0
 11
285.35
 21
263.4666666666667
 31
0.0
  0
LINE
  5
31A
330
1B
100
AcDbEntity
 67
1
  8
ESTRIBOS
 62
8
370
9
100
AcDbLine
 10
286.15
 20
240.4666666666667
 30
0.0
 11
286.15
 21
263.4666666666667
 31
0.0
  0
LINE
  5
31B
330
1B
100
AcDbEntity
 67
1
  8
ESTRIBOS
 62
8
370
9
100
AcDbLine
 10
286.95
 20
240.4666666666667
 30
0.0
 11
286.95
 21
263.4666666666667
 31
0.0
  0
LINE
  5
31C
330
1B
100
AcDbEntity
 67
1
  8
ESTRIBOS
 62
8
370
9
100
AcDbLine
 10
287.75
 20
240.4666666666667
 30
0.0
 11
287.75
 21
263.4666666666667
 31
0.0
  0
LINE
  5
31D
330
1B
100
AcDbEntity
 67
1
  8
ESTRIBOS
 62
8
370
9
100
AcDbLine
 10
288.55
 20
240.4666666666667
 30
0.0
 11
288.55
 21
263.4666666666667
 31
0.0
  0
LINE
  5
31E
330
1B
100
AcDbEntity
 67
1
  8
ESTRIBOS
 62
8
370
9
100
AcDbLine
 10
289.35
 20
240.4666666666667
 30
0.0
 11
289.35
 21
263.4666666666667
 31
0.0
  0
LINE
  5
31F
330
1B
100
AcDbEntity
 67
1
  8
ESTRIBOS
 62
8
370
9
100
AcDbLine
 10
290.15
 20
240.4666666666667
 30
0.0
 11
290.15
 21
263.4666666666667
 31
0.0
  0
LINE
  5
320
330
1B
100
AcDbEntity
 67
1
  8
ESTRIBOS
 62
8
370
9
100
AcDbLine
 10
290.95
 20
240.4666666666667
 30
0.0
 11
290.95
 21
263.4666666666667
 31
0.0
  0
LINE
  5
321
330
1B
100
AcDbEntity
 67
1
  8
ESTRIBOS
 62
8
370
9
100
AcDbLine
 10
291.75
 20
240.4666666666667
 30
0.0
 11
291.75
 21
263.4666666666667
 31
0.0
  0
LINE
  5
322
330
1B
100
AcDbEntity
 67
1
  8
ESTRIBOS
 62
8
370
9
100
AcDbLine
 10
292.55
 20
240.4666666666667
 30
0.0
 11
292.55
 21
263.4666666666667
 31
0.0
  0
LINE
  5
323
330
1B
100
AcDbEntity
 67
1
  8
ESTRIBOS
 62
8
370
9
100
AcDbLine
 10
293.35
 20
240.4666666666667
 30
0.0
 11
293.35
 21
263.4666666666667
 31
0.0
  0
LINE
  5
324
330
1B
100
AcDbEntity
 67
1
  8
ESTRIBOS
 62
8
370
9
100
AcDbLine
 10
294.15
 20
240.4666666666667
 30
0.0
 11
294.15
 21
263.4666666666667
 31
0.0
  0
LINE
  5
325
330
1B
100
AcDbEntity
 67
1
  8
ESTRIBOS
 62
8
370
9
100
AcDbLine
 10
294.65
 20
240.4666666666667
 30
0.0
 11
294.65
 21
263.4666666666667
 31
0.0
  0
LINE
  5
326
330
1B
100
AcDbEntity
 67
1
  8
ESTRIBOS
 62
8
370
9
100
AcDbLine
 10
295.45
 20
240.4666666666667
 30
0.0
 11
295.45
 21
263.4666666666667
 31
0.0
  0
LINE
  5
327
330
1B
100
AcDbEntity
 67
1
  8
ESTRIBOS
 62
8
370
9
100
AcDbLine
 10
296.25
 20
240.4666666666667
 30
0.0
 11
296.25
 21
263.4666666666667
 31
0.0
  0
LINE
  5
328
330
1B
100
AcDbEntity
 67
1
  8
ESTRIBOS
 62
8
370
9
100
AcDbLine
 10
297.05
 20
240.4666666666667
 30
0.0
 11
297.05
 21
263.4666666666667
 31
0.0
  0
LINE
  5
329
330
1B
100
AcDbEntity
 67
1
  8
ESTRIBOS
 62
8
370
9
100
AcDbLine
 10
297.85
 20
240.4666666666667
 30
0.0
 11
297.85
 21
263.4666666666667
 31
0.0
  0
LINE
  5
32A
330
1B
100
AcDbEntity
 67
1
  8
ESTRIBOS
 62
8
370
9
100
AcDbLine
 10
298.65
 20
240.4666666666667
 30
0.0
 11
298.65
 21
263.4666666666667
 31
0.0
  0
LINE
  5
32B
330
1B
100
AcDbEntity
 67
1
  8
ESTRIBOS
 62
8
370
9
100
AcDbLine
 10
299.45
 20
240.4666666666667
 30
0.0
 11
299.45
 21
263.4666666666667
 31
0.0
  0
LINE
  5
32C
330
1B
100
AcDbEntity
 67
1
  8
ESTRIBOS
 62
8
370
9
100
AcDbLine
 10
300.25
 20
240.4666666666667
 30
0.0
 11
300.25
 21
263.4666666666667
 31
0.0
  0
LINE
  5
32D
330
1B
100
AcDbEntity
 67
1
  8
ESTRIBOS
 62
8
370
9
100
AcDbLine
 10
301.05
 20
240.4666666666667
 30
0.0
 11
301.05
 21
263.4666666666667
 31
0.0
  0
LINE
  5
32E
330
1B
100
AcDbEntity
 67
1
  8
ESTRIBOS
 62
8
370
9
100
AcDbLine
 10
301.85
 20
240.4666666666667
 30
0.0
 11
301.85
 21
263.4666666666667
 31
0.0
  0
LINE
  5
32F
330
1B
100
AcDbEntity
 67
1
  8
ESTRIBOS
 62
8
370
9
100
AcDbLine
 10
302.65
 20
240.4666666666667
 30
0.0
 11
302.65
 21
263.4666666666667
 31
0.0
  0
LINE
  5
330
330
1B
100
AcDbEntity
 67
1
  8
ESTRIBOS
 62
8
370
9
100
AcDbLine
 10
303.45
 20
240.4666666666667
 30
0.0
 11
303.45
 21
263.4666666666667
 31
0.0
  0
LINE
  5
331
330
1B
100
AcDbEntity
 67
1
  8
ESTRIBOS
 62
8
370
9
100
AcDbLine
 10
304.25
 20
240.4666666666667
 30
0.0
 11
304.25
 21
263.4666666666667
 31
0.0
  0
LINE
  5
332
330
1B
100
AcDbEntity
 67
1
  8
ESTRIBOS
 62
8
370
9
100
AcDbLine
 10
305.05
 20
240.4666666666667
 30
0.0
 11
305.05
 21
263.4666666666667
 31
0.0
  0
TEXT
  5
333
330
1B
100
AcDbEntity
 67
1
  8
ESTRIBOS
 62
8
100
AcDbText
 10
285.55
 20
251.16666666666669
 30
0.0
 40
1.6
  1
Nº4 2R @80/@80
 72
1
 11
285.55
 21
251.16666666666669
 31
0.0
100
AcDbText
 73
2
  0
LINE
  5
334
330
1B
100
AcDbEntity
 67
1
  8
ESTRIBOS
 62
8
370
9
100
AcDbLine
 10
306.05
 20
240.4666666666667
 30
0.0
 11
306.05
 21
263.4666666666667
 31
0.0
  0
LINE
  5
335
330
1B
100
AcDbEntity
 67
1
  8
ESTRIBOS
 62
8
370
9
100
AcDbLine
 10
306.85
 20
240.4666666666667
 30
0.0
 11
306.85
 21
263.4666666666667
 31
0.0
  0
LINE
  5
336
330
1B
100
AcDbEntity
 67
1
  8
ESTRIBOS
 62
8
370
9
100
AcDbLine
 10
307.65
 20
240.4666666666667
 30
0.0
 11
307.65
 21
263.4666666666667
 31
0.0
  0
LINE
  5
337
330
1B
100
AcDbEntity
 67
1
  8
ESTRIBOS
 62
8
370
9
100
AcDbLine
 10
308.45
 20
240.4666666666667
 30
0.0
 11
308.45
 21
263.4666666666667
 31
0.0
  0
LINE
  5
338
330
1B
100
AcDbEntity
 67
1
  8
ESTRIBOS
 62
8
370
9
100
AcDbLine
 10
309.25
 20
240.4666666666667
 30
0.0
 11
309.25
 21
263.4666666666667
 31
0.0
  0
LINE
  5
339
330
1B
100
AcDbEntity
 67
1
  8
ESTRIBOS
 62
8
370
9
100
AcDbLine
 10
310.05
 20
240.4666666666667
 30
0.0
 11
310.05
 21
263.4666666666667
 31
0.0
  0
LINE
  5
33A
330
1B
100
AcDbEntity
 67
1
  8
ESTRIBOS
 62
8
370
9
100
AcDbLine
 10
310.85
 20
240.4666666666667
 30
0.0
 11
310.85
 21
263.4666666666667
 31
0.0
  0
LINE
  5
33B
330
1B
100
AcDbEntity
 67
1
  8
ESTRIBOS
 62
8
370
9
100
AcDbLine
 10
311.65
 20
240.4666666666667
 30
0.0
 11
311.65
 21
263.4666666666667
 31
0.0
  0
LINE
  5
33C
330
1B
100
AcDbEntity
 67
1
  8
ESTRIBOS
 62
8
370
9
100
AcDbLine
 10
312.45
 20
240.4666666666667
 30
0.0
 11
312.45
 21
263.4666666666667
 31
0.0
  0
LINE
  5
33D
330
1B
100
AcDbEntity
 67
1
  8
ESTRIBOS
 62
8
370
9
100
AcDbLine
 10
313.25
 20
240.4666666666667
 30
0.0
 11
313.25
 21
263.4666666666667
 31
0.0
  0
LINE
  5
33E
330
1B
100
AcDbEntity
 67
1
  8
ESTRIBOS
 62
8
370
9
100
AcDbLine
 10
314.05
 20
240.4666666666667
 30
0.0
 11
314.05
 21
263.4666666666667
 31
0.0
  0
LINE
  5
33F
330
1B
100
AcDbEntity
 67
1
  8
ESTRIBOS
 62
8
370
9
100
AcDbLine
 10
314.85
 20
240.4666666666667
 30
0.0
 11
314.85
 21
263.4666666666667
 31
0.0
  0
LINE
  5
340
330
1B
100
AcDbEntity
 67
1
  8
ESTRIBOS
 62
8
370
9
100
AcDbLine
 10
315.65
 20
240.4666666666667
 30
0.0
 11
315.65
 21
263.4666666666667
 31
0.0
  0
LINE
  5
341
330
1B
100
AcDbEntity
 67
1
  8
ESTRIBOS
 62
8
370
9
100
AcDbLine
 10
316.45
 20
240.4666666666667
 30
0.0
 11
316.45
 21
263.4666666666667
 31
0.0
  0
LINE
  5
342
330
1B
100
AcDbEntity
 67
1
  8
ESTRIBOS
 62
8
370
9
100
AcDbLine
 10
317.35
 20
240.4666666666667
 30
0.0
 11
317.35
 21
263.4666666666667
 31
0.0
  0
LINE
  5
343
330
1B
100
AcDbEntity
 67
1
  8
ESTRIBOS
 62
8
370
9
100
AcDbLine
 10
318.15
 20
240.4666666666667
 30
0.0
 11
318.15
 21
263.4666666666667
 31
0.0
  0
LINE
  5
344
330
1B
100
AcDbEntity
 67
1
  8
ESTRIBOS
 62
8
370
9
100
AcDbLine
 10
318.95
 20
240.4666666666667
 30
0.0
 11
318.95
 21
263.4666666666667
 31
0.0
  0
LINE
  5
345
330
1B
100
AcDbEntity
 67
1
  8
ESTRIBOS
 62
8
370
9
100
AcDbLine
 10
319.65
 20
240.4666666666667
 30
0.0
 11
319.65
 21
263.4666666666667
 31
0.0
  0
LINE
  5
346
330
1B
100
AcDbEntity
 67
1
  8
ESTRIBOS
 62
8
370
9
100
AcDbLine
 10
320.45
 20
240.4666666666667
 30
0.0
 11
320.45
 21
263.4666666666667
 31
0.0
  0
LINE
  5
347
330
1B
100
AcDbEntity
 67
1
  8
ESTRIBOS
 62
8
370
9
100
AcDbLine
 10
321.25
 20
240.4666666666667
 30
0.0
 11
321.25
 21
263.4666666666667
 31
0.0
  0
LINE
  5
348
330
1B
100
AcDbEntity
 67
1
  8
ESTRIBOS
 62
8
370
9
100
AcDbLine
 10
322.05
 20
240.4666666666667
 30
0.0
 11
322.05
 21
263.4666666666667
 31
0.0
  0
LINE
  5
349
330
1B
100
AcDbEntity
 67
1
  8
ESTRIBOS
 62
8
370
9
100
AcDbLine
 10
322.85
 20
240.4666666666667
 30
0.0
 11
322.85
 21
263.4666666666667
 31
0.0
  0
LINE
  5
34A
330
1B
100
AcDbEntity
 67
1
  8
ESTRIBOS
 62
8
370
9
100
AcDbLine
 10
323.65
 20
240.4666666666667
 30
0.0
 11
323.65
 21
263.4666666666667
 31
0.0
  0
LINE
  5
34B
330
1B
100
AcDbEntity
 67
1
  8
ESTRIBOS
 62
8
370
9
100
AcDbLine
 10
324.45
 20
240.4666666666667
 30
0.0
 11
324.45
 21
263.4666666666667
 31
0.0
  0
LINE
  5
34C
330
1B
100
AcDbEntity
 67
1
  8
ESTRIBOS
 62
8
370
9
100
AcDbLine
 10
325.25
 20
240.4666666666667
 30
0.0
 11
325.25
 21
263.4666666666667
 31
0.0
  0
LINE
  5
34D
330
1B
100
AcDbEntity
 67
1
  8
ESTRIBOS
 62
8
370
9
100
AcDbLine
 10
326.05
 20
240.4666666666667
 30
0.0
 11
326.05
 21
263.4666666666667
 31
0.0
  0
LINE
  5
34E
330
1B
100
AcDbEntity
 67
1
  8
ESTRIBOS
 62
8
370
9
100
AcDbLine
 10
326.85
 20
240.4666666666667
 30
0.0
 11
326.85
 21
263.4666666666667
 31
0.0
  0
LINE
  5
34F
330
1B
100
AcDbEntity
 67
1
  8
ESTRIBOS
 62
8
370
9
100
AcDbLine
 10
327.65
 20
240.4666666666667
 30
0.0
 11
327.65
 21
263.4666666666667
 31
0.0
  0
LINE
  5
350
330
1B
100
AcDbEntity
 67
1
  8
ESTRIBOS
 62
8
370
9
100
AcDbLine
 10
328.45
 20
240.4666666666667
 30
0.0
 11
328.45
 21
263.4666666666667
 31
0.0
  0
LINE
  5
351
330
1B
100
AcDbEntity
 67
1
  8
ESTRIBOS
 62
8
370
9
100
AcDbLine
 10
329.25
 20
240.4666666666667
 30
0.0
 11
329.25
 21
263.4666666666667
 31
0.0
  0
LINE
  5
352
330
1B
100
AcDbEntity
 67
1
  8
ESTRIBOS
 62
8
370
9
100
AcDbLine
 10
330.05
 20
240.4666666666667
 30
0.0
 11
330.05
 21
263.4666666666667
 31
0.0
  0
TEXT
  5
353
330
1B
100
AcDbEntity
 67
1
  8
ESTRIBOS
 62
8
100
AcDbText
 10
318.05
 20
251.16666666666669
 30
0.0
 40
1.6
  1
Nº4 2R @80/@80
 72
1
 11
318.05
 21
251.16666666666669
 31
0.0
100
AcDbText
 73
2
  0
LINE
  5
354
330
1B
100
AcDbEntity
 67
1
  8
ESTRIBOS
 62
8
370
9
100
AcDbLine
 10
331.05
 20
240.4666666666667
 30
0.0
 11
331.05
 21
263.4666666666667
 31
0.0
  0
LINE
  5
355
330
1B
100
AcDbEntity
 67
1
  8
ESTRIBOS
 62
8
370
9
100
AcDbLine
 10
331.85
 20
240.4666666666667
 30
0.0
 11
331.85
 21
263.4666666666667
 31
0.0
  0
LINE
  5
356
330
1B
100
AcDbEntity
 67
1
  8
ESTRIBOS
 62
8
370
9
100
AcDbLine
 10
332.65
 20
240.4666666666667
 30
0.0
 11
332.65
 21
263.4666666666667
 31
0.0
  0
LINE
  5
357
330
1B
100
AcDbEntity
 67
1
  8
ESTRIBOS
 62
8
370
9
100
AcDbLine
 10
333.45
 20
240.4666666666667
 30
0.0
 11
333.45
 21
263.4666666666667
 31
0.0
  0
LINE
  5
358
330
1B
100
AcDbEntity
 67
1
  8
ESTRIBOS
 62
8
370
9
100
AcDbLine
 10
334.25
 20
240.4666666666667
 30
0.0
 11
334.25
 21
263.4666666666667
 31
0.0
  0
LINE
  5
359
330
1B
100
AcDbEntity
 67
1
  8
ESTRIBOS
 62
8
370
9
100
AcDbLine
 10
335.05
 20
240.4666666666667
 30
0.0
 11
335.05
 21
263.4666666666667
 31
0.0
  0
LINE
  5
35A
330
1B
100
AcDbEntity
 67
1
  8
ESTRIBOS
 62
8
370
9
100
AcDbLine
 10
335.85
 20
240.4666666666667
 30
0.0
 11
335.85
 21
263.4666666666667
 31
0.0
  0
LINE
  5
35B
330
1B
100
AcDbEntity
 67
1
  8
ESTRIBOS
 62
8
370
9
100
AcDbLine
 10
336.65
 20
240.4666666666667
 30
0.0
 11
336.65
 21
263.4666666666667
 31
0.0
  0
LINE
  5
35C
330
1B
100
AcDbEntity
 67
1
  8
ESTRIBOS
 62
8
370
9
100
AcDbLine
 10
337.45
 20
240.4666666666667
 30
0.0
 11
337.45
 21
263.4666666666667
 31
0.0
  0
LINE
  5
35D
330
1B
100
AcDbEntity
 67
1
  8
ESTRIBOS
 62
8
370
9
100
AcDbLine
 10
338.25
 20
240.4666666666667
 30
0.0
 11
338.25
 21
263.4666666666667
 31
0.0
  0
LINE
  5
35E
330
1B
100
AcDbEntity
 67
1
  8
ESTRIBOS
 62
8
370
9
100
AcDbLine
 10
339.05
 20
240.4666666666667
 30
0.0
 11
339.05
 21
263.4666666666667
 31
0.0
  0
LINE
  5
35F
330
1B
100
AcDbEntity
 67
1
  8
ESTRIBOS
 62
8
370
9
100
AcDbLine
 10
339.85
 20
240.4666666666667
 30
0.0
 11
339.85
 21
263.4666666666667
 31
0.0
  0
LINE
  5
360
330
1B
100
AcDbEntity
 67
1
  8
ESTRIBOS
 62
8
370
9
100
AcDbLine
 10
340.65
 20
240.4666666666667
 30
0.0
 11
340.65
 21
263.4666666666667
 31
0.0
  0
LINE
  5
361
330
1B
100
AcDbEntity
 67
1
  8
ESTRIBOS
 62
8
370
9
100
AcDbLine
 10
341.45
 20
240.4666666666667
 30
0.0
 11
341.45
 21
263.4666666666667
 31
0.0
  0
LINE
  5
362
330
1B
100
AcDbEntity
 67
1
  8
ESTRIBOS
 62
8
370
9
100
AcDbLine
 10
342.35
 20
240.4666666666667
 30
0.0
 11
342.35
 21
263.4666666666667
 31
0.0
  0
LINE
  5
363
330
1B
100
AcDbEntity
 67
1
  8
ESTRIBOS
 62
8
370
9
100
AcDbLine
 10
343.15
 20
240.4666666666667
 30
0.0
 11
343.15
 21
263.4666666666667
 31
0.0
  0
LINE
  5
364
330
1B
100
AcDbEntity
 67
1
  8
ESTRIBOS
 62
8
370
9
100
AcDbLine
 10
343.95
 20
240.4666666666667
 30
0.0
 11
343.95
 21
263.4666666666667
 31
0.0
  0
LINE
  5
365
330
1B
100
AcDbEntity
 67
1
  8
ESTRIBOS
 62
8
370
9
100
AcDbLine
 10
344.75
 20
240.4666666666667
 30
0.0
 11
344.75
 21
263.4666666666667
 31
0.0
  0
LINE
  5
366
330
1B
100
AcDbEntity
 67
1
  8
ESTRIBOS
 62
8
370
9
100
AcDbLine
 10
345.65
 20
240.4666666666667
 30
0.0
 11
345.65
 21
263.4666666666667
 31
0.0
  0
LINE
  5
367
330
1B
100
AcDbEntity
 67
1
  8
ESTRIBOS
 62
8
370
9
100
AcDbLine
 10
346.45
 20
240.4666666666667
 30
0.0
 11
346.45
 21
263.4666666666667
 31
0.0
  0
LINE
  5
368
330
1B
100
AcDbEntity
 67
1
  8
ESTRIBOS
 62
8
370
9
100
AcDbLine
 10
347.25
 20
240.4666666666667
 30
0.0
 11
347.25
 21
263.4666666666667
 31
0.0
  0
LINE
  5
369
330
1B
100
AcDbEntity
 67
1
  8
ESTRIBOS
 62
8
370
9
100
AcDbLine
 10
348.05
 20
240.4666666666667
 30
0.0
 11
348.05
 21
263.4666666666667
 31
0.0
  0
LINE
  5
36A
330
1B
100
AcDbEntity
 67
1
  8
ESTRIBOS
 62
8
370
9
100
AcDbLine
 10
348.85
 20
240.4666666666667
 30
0.0
 11
348.85
 21
263.4666666666667
 31
0.0
  0
LINE
  5
36B
330
1B
100
AcDbEntity
 67
1
  8
ESTRIBOS
 62
8
370
9
100
AcDbLine
 10
349.65
 20
240.4666666666667
 30
0.0
 11
349.65
 21
263.4666666666667
 31
0.0
  0
LINE
  5
36C
330
1B
100
AcDbEntity
 67
1
  8
ESTRIBOS
 62
8
370
9
100
AcDbLine
 10
350.45
 20
240.4666666666667
 30
0.0
 11
350.45
 21
263.4666666666667
 31
0.0
  0
LINE
  5
36D
330
1B
100
AcDbEntity
 67
1
  8
ESTRIBOS
 62
8
370
9
100
AcDbLine
 10
351.25
 20
240.4666666666667
 30
0.0
 11
351.25
 21
263.4666666666667
 31
0.0
  0
LINE
  5
36E
330
1B
100
AcDbEntity
 67
1
  8
ESTRIBOS
 62
8
370
9
100
AcDbLine
 10
352.05
 20
240.4666666666667
 30
0.0
 11
352.05
 21
263.4666666666667
 31
0.0
  0
LINE
  5
36F
330
1B
100
AcDbEntity
 67
1
  8
ESTRIBOS
 62
8
370
9
100
AcDbLine
 10
352.85
 20
240.4666666666667
 30
0.0
 11
352.85
 21
263.4666666666667
 31
0.0
  0
LINE
  5
370
330
1B
100
AcDbEntity
 67
1
  8
ESTRIBOS
 62
8
370
9
100
AcDbLine
 10
353.65
 20
240.4666666666667
 30
0.0
 11
353.65
 21
263.4666666666667
 31
0.0
  0
LINE
  5
371
330
1B
100
AcDbEntity
 67
1
  8
ESTRIBOS
 62
8
370
9
100
AcDbLine
 10
354.45
 20
240.4666666666667
 30
0.0
 11
354.45
 21
263.4666666666667
 31
0.0
  0
LINE
  5
372
330
1B
100
AcDbEntity
 67
1
  8
ESTRIBOS
 62
8
370
9
100
AcDbLine
 10
355.25
 20
240.4666666666667
 30
0.0
 11
355.25
 21
263.4666666666667
 31
0.0
  0
LINE
  5
373
330
1B
100
AcDbEntity
 67
1
  8
ESTRIBOS
 62
8
370
9
100
AcDbLine
 10
356.05
 20
240.4666666666667
 30
0.0
 11
356.05
 21
263.4666666666667
 31
0.0
  0
TEXT
  5
374
330
1B
100
AcDbEntity
 67
1
  8
ESTRIBOS
 62
8
100
AcDbText
 10
343.55
 20
251.16666666666669
 30
0.0
 40
1.6
  1
Nº4 2R @80/@80
 72
1
 11
343.55
 21
251.16666666666669
 31
0.0
100
AcDbText
 73
2
  0
LINE
  5
375
330
1B
100
AcDbEntity
 67
1
  8
ESTRIBOS
 62
8
370
9
100
AcDbLine
 10
357.05
 20
240.4666666666667
 30
0.0
 11
357.05
 21
263.4666666666667
 31
0.0
  0
LINE
  5
376
330
1B
100
AcDbEntity
 67
1
  8
ESTRIBOS
 62
8
370
9
100
AcDbLine
 10
357.85
 20
240.4666666666667
 30
0.0
 11
357.85
 21
263.4666666666667
 31
0.0
  0
LINE
  5
377
330
1B
100
AcDbEntity
 67
1
  8
ESTRIBOS
 62
8
370
9
100
AcDbLine
 10
358.65
 20
240.4666666666667
 30
0.0
 11
358.65
 21
263.4666666666667
 31
0.0
  0
LINE
  5
378
330
1B
100
AcDbEntity
 67
1
  8
ESTRIBOS
 62
8
370
9
100
AcDbLine
 10
359.45
 20
240.4666666666667
 30
0.0
 11
359.45
 21
263.4666666666667
 31
0.0
  0
LINE
  5
379
330
1B
100
AcDbEntity
 67
1
  8
ESTRIBOS
 62
8
370
9
100
AcDbLine
 10
360.25
 20
240.4666666666667
 30
0.0
 11
360.25
 21
263.4666666666667
 31
0.0
  0
LINE
  5
37A
330
1B
100
AcDbEntity
 67
1
  8
ESTRIBOS
 62
8
370
9
100
AcDbLine
 10
361.05
 20
240.4666666666667
 30
0.0
 11
361.05
 21
263.4666666666667
 31
0.0
  0
LINE
  5
37B
330
1B
100
AcDbEntity
 67
1
  8
ESTRIBOS
 62
8
370
9
100
AcDbLine
 10
361.85
 20
240.4666666666667
 30
0.0
 11
361.85
 21
263.4666666666667
 31
0.0
  0
LINE
  5
37C
330
1B
100
AcDbEntity
 67
1
  8
ESTRIBOS
 62
8
370
9
100
AcDbLine
 10
362.65
 20
240.4666666666667
 30
0.0
 11
362.65
 21
263.4666666666667
 31
0.0
  0
LINE
  5
37D
330
1B
100
AcDbEntity
 67
1
  8
ESTRIBOS
 62
8
370
9
100
AcDbLine
 10
363.45
 20
240.4666666666667
 30
0.0
 11
363.45
 21
263.4666666666667
 31
0.0
  0
LINE
  5
37E
330
1B
100
AcDbEntity
 67
1
  8
ESTRIBOS
 62
8
370
9
100
AcDbLine
 10
364.25
 20
240.4666666666667
 30
0.0
 11
364.25
 21
263.4666666666667
 31
0.0
  0
LINE
  5
37F
330
1B
100
AcDbEntity
 67
1
  8
ESTRIBOS
 62
8
370
9
100
AcDbLine
 10
365.05
 20
240.4666666666667
 30
0.0
 11
365.05
 21
263.4666666666667
 31
0.0
  0
LINE
  5
380
330
1B
100
AcDbEntity
 67
1
  8
ESTRIBOS
 62
8
370
9
100
AcDbLine
 10
365.85
 20
240.4666666666667
 30
0.0
 11
365.85
 21
263.4666666666667
 31
0.0
  0
LINE
  5
381
330
1B
100
AcDbEntity
 67
1
  8
ESTRIBOS
 62
8
370
9
100
AcDbLine
 10
366.65
 20
240.4666666666667
 30
0.0
 11
366.65
 21
263.4666666666667
 31
0.0
  0
LINE
  5
382
330
1B
100
AcDbEntity
 67
1
  8
ESTRIBOS
 62
8
370
9
100
AcDbLine
 10
367.45
 20
240.4666666666667
 30
0.0
 11
367.45
 21
263.4666666666667
 31
0.0
  0
LINE
  5
383
330
1B
100
AcDbEntity
 67
1
  8
ESTRIBOS
 62
8
370
9
100
AcDbLine
 10
368.35
 20
240.4666666666667
 30
0.0
 11
368.35
 21
263.4666666666667
 31
0.0
  0
LINE
  5
384
330
1B
100
AcDbEntity
 67
1
  8
ESTRIBOS
 62
8
370
9
100
AcDbLine
 10
369.15
 20
240.4666666666667
 30
0.0
 11
369.15
 21
263.4666666666667
 31
0.0
  0
LINE
  5
385
330
1B
100
AcDbEntity
 67
1
  8
ESTRIBOS
 62
8
370
9
100
AcDbLine
 10
369.95
 20
240.4666666666667
 30
0.0
 11
369.95
 21
263.4666666666667
 31
0.0
  0
LINE
  5
386
330
1B
100
AcDbEntity
 67
1
  8
ESTRIBOS
 62
8
370
9
100
AcDbLine
 10
370.75
 20
240.4666666666667
 30
0.0
 11
370.75
 21
263.4666666666667
 31
0.0
  0
LINE
  5
387
330
1B
100
AcDbEntity
 67
1
  8
ESTRIBOS
 62
8
370
9
100
AcDbLine
 10
371.55
 20
240.4666666666667
 30
0.0
 11
371.55
 21
263.4666666666667
 31
0.0
  0
LINE
  5
388
330
1B
100
AcDbEntity
 67
1
  8
ESTRIBOS
 62
8
370
9
100
AcDbLine
 10
372.35
 20
240.4666666666667
 30
0.0
 11
372.35
 21
263.4666666666667
 31
0.0
  0
LINE
  5
389
330
1B
100
AcDbEntity
 67
1
  8
ESTRIBOS
 62
8
370
9
100
AcDbLine
 10
373.15
 20
240.4666666666667
 30
0.0
 11
373.15
 21
263.4666666666667
 31
0.0
  0
LINE
  5
38A
330
1B
100
AcDbEntity
 67
1
  8
ESTRIBOS
 62
8
370
9
100
AcDbLine
 10
373.95
 20
240.4666666666667
 30
0.0
 11
373.95
 21
263.4666666666667
 31
0.0
  0
LINE
  5
38B
330
1B
100
AcDbEntity
 67
1
  8
ESTRIBOS
 62
8
370
9
100
AcDbLine
 10
374.75
 20
240.4666666666667
 30
0.0
 11
374.75
 21
263.4666666666667
 31
0.0
  0
LINE
  5
38C
330
1B
100
AcDbEntity
 67
1
  8
ESTRIBOS
 62
8
370
9
100
AcDbLine
 10
375.55
 20
240.4666666666667
 30
0.0
 11
375.55
 21
263.4666666666667
 31
0.0
  0
LINE
  5
38D
330
1B
100
AcDbEntity
 67
1
  8
ESTRIBOS
 62
8
370
9
100
AcDbLine
 10
376.35
 20
240.4666666666667
 30
0.0
 11
376.35
 21
263.4666666666667
 31
0.0
  0
LINE
  5
38E
330
1B
100
AcDbEntity
 67
1
  8
ESTRIBOS
 62
8
370
9
100
AcDbLine
 10
377.15
 20
240.4666666666667
 30
0.0
 11
377.15
 21
263.4666666666667
 31
0.0
  0
LINE
  5
38F
330
1B
100
AcDbEntity
 67
1
  8
ESTRIBOS
 62
8
370
9
100
AcDbLine
 10
377.95
 20
240.4666666666667
 30
0.0
 11
377.95
 21
263.4666666666667
 31
0.0
  0
LINE
  5
390
330
1B
100
AcDbEntity
 67
1
  8
ESTRIBOS
 62
8
370
9
100
AcDbLine
 10
378.75
 20
240.4666666666667
 30
0.0
 11
378.75
 21
263.4666666666667
 31
0.0
  0
LINE
  5
391
330
1B
100
AcDbEntity
 67
1
  8
ESTRIBOS
 62
8
370
9
100
AcDbLine
 10
379.55
 20
240.4666666666667
 30
0.0
 11
379.55
 21
263.4666666666667
 31
0.0
  0
LINE
  5
392
330
1B
100
AcDbEntity
 67
1
  8
ESTRIBOS
 62
8
370
9
100
AcDbLine
 10
380.35
 20
240.4666666666667
 30
0.0
 11
380.35
 21
263.4666666666667
 31
0.0
  0
LINE
  5
393
330
1B
100
AcDbEntity
 67
1
  8
ESTRIBOS
 62
8
370
9
100
AcDbLine
 10
381.15
 20
240.4666666666667
 30
0.0
 11
381.15
 21
263.4666666666667
 31
0.0
  0
LINE
  5
394
330
1B
100
AcDbEntity
 67
1
  8
ESTRIBOS
 62
8
370
9
100
AcDbLine
 10
381.95
 20
240.4666666666667
 30
0.0
 11
381.95
 21
263.4666666666667
 31
0.0
  0
LINE
  5
395
330
1B
100
AcDbEntity
 67
1
  8
ESTRIBOS
 62
8
370
9
100
AcDbLine
 10
382.15
 20
240.4666666666667
 30
0.0
 11
382.15
 21
263.4666666666667
 31
0.0
  0
LINE
  5
396
330
1B
100
AcDbEntity
 67
1
  8
ESTRIBOS
 62
8
370
9
100
AcDbLine
 10
382.95
 20
240.4666666666667
 30
0.0
 11
382.95
 21
263.4666666666667
 31
0.0
  0
LINE
  5
397
330
1B
100
AcDbEntity
 67
1
  8
ESTRIBOS
 62
8
370
9
100
AcDbLine
 10
383.75
 20
240.4666666666667
 30
0.0
 11
383.75
 21
263.4666666666667
 31
0.0
  0
LINE
  5
398
330
1B
100
AcDbEntity
 67
1
  8
ESTRIBOS
 62
8
370
9
100
AcDbLine
 10
384.55
 20
240.4666666666667
 30
0.0
 11
384.55
 21
263.4666666666667
 31
0.0
  0
LINE
  5
399
330
1B
100
AcDbEntity
 67
1
  8
ESTRIBOS
 62
8
370
9
100
AcDbLine
 10
385.35
 20
240.4666666666667
 30
0.0
 11
385.35
 21
263.4666666666667
 31
0.0
  0
LINE
  5
39A
330
1B
100
AcDbEntity
 67
1
  8
ESTRIBOS
 62
8
370
9
100
AcDbLine
 10
386.15
 20
240.4666666666667
 30
0.0
 11
386.15
 21
263.4666666666667
 31
0.0
  0
LINE
  5
39B
330
1B
100
AcDbEntity
 67
1
  8
ESTRIBOS
 62
8
370
9
100
AcDbLine
 10
386.95
 20
240.4666666666667
 30
0.0
 11
386.95
 21
263.4666666666667
 31
0.0
  0
LINE
  5
39C
330
1B
100
AcDbEntity
 67
1
  8
ESTRIBOS
 62
8
370
9
100
AcDbLine
 10
387.75
 20
240.4666666666667
 30
0.0
 11
387.75
 21
263.4666666666667
 31
0.0
  0
LINE
  5
39D
330
1B
100
AcDbEntity
 67
1
  8
ESTRIBOS
 62
8
370
9
100
AcDbLine
 10
388.55
 20
240.4666666666667
 30
0.0
 11
388.55
 21
263.4666666666667
 31
0.0
  0
LINE
  5
39E
330
1B
100
AcDbEntity
 67
1
  8
ESTRIBOS
 62
8
370
9
100
AcDbLine
 10
389.35
 20
240.4666666666667
 30
0.0
 11
389.35
 21
263.4666666666667
 31
0.0
  0
LINE
  5
39F
330
1B
100
AcDbEntity
 67
1
  8
ESTRIBOS
 62
8
370
9
100
AcDbLine
 10
390.15
 20
240.4666666666667
 30
0.0
 11
390.15
 21
263.4666666666667
 31
0.0
  0
LINE
  5
3A0
330
1B
100
AcDbEntity
 67
1
  8
ESTRIBOS
 62
8
370
9
100
AcDbLine
 10
390.95
 20
240.4666666666667
 30
0.0
 11
390.95
 21
263.4666666666667
 31
0.0
  0
LINE
  5
3A1
330
1B
100
AcDbEntity
 67
1
  8
ESTRIBOS
 62
8
370
9
100
AcDbLine
 10
391.75
 20
240.4666666666667
 30
0.0
 11
391.75
 21
263.4666666666667
 31
0.0
  0
LINE
  5
3A2
330
1B
100
AcDbEntity
 67
1
  8
ESTRIBOS
 62
8
370
9
100
AcDbLine
 10
392.55
 20
240.4666666666667
 30
0.0
 11
392.55
 21
263.4666666666667
 31
0.0
  0
TEXT
  5
3A3
330
1B
100
AcDbEntity
 67
1
  8
ESTRIBOS
 62
8
100
AcDbText
 10
374.8
 20
251.16666666666669
 30
0.0
 40
1.6
  1
Nº4 2R @80/@80
 72
1
 11
374.8
 21
251.16666666666669
 31
0.0
100
AcDbText
 73
2
  0
LINE
  5
3A4
330
1B
100
AcDbEntity
 67
1
  8
ESTRIBOS
 62
8
370
9
100
AcDbLine
 10
393.55
 20
240.4666666666667
 30
0.0
 11
393.55
 21
263.4666666666667
 31
0.0
  0
LINE
  5
3A5
330
1B
100
AcDbEntity
 67
1
  8
ESTRIBOS
 62
8
370
9
100
AcDbLine
 10
394.35
 20
240.4666666666667
 30
0.0
 11
394.35
 21
263.4666666666667
 31
0.0
  0
LINE
  5
3A6
330
1B
100
AcDbEntity
 67
1
  8
ESTRIBOS
 62
8
370
9
100
AcDbLine
 10
395.15
 20
240.4666666666667
 30
0.0
 11
395.15
 21
263.4666666666667
 31
0.0
  0
LINE
  5
3A7
330
1B
100
AcDbEntity
 67
1
  8
ESTRIBOS
 62
8
370
9
100
AcDbLine
 10
395.95
 20
240.4666666666667
 30
0.0
 11
395.95
 21
263.4666666666667
 31
0.0
  0
LINE
  5
3A8
330
1B
100
AcDbEntity
 67
1
  8
ESTRIBOS
 62
8
370
9
100
AcDbLine
 10
396.75
 20
240.4666666666667
 30
0.0
 11
396.75
 21
263.4666666666667
 31
0.0
  0
LINE
  5
3A9
330
1B
100
AcDbEntity
 67
1
  8
ESTRIBOS
 62
8
370
9
100
AcDbLine
 10
397.55
 20
240.4666666666667
 30
0.0
 11
397.55
 21
263.4666666666667
 31
0.0
  0
LINE
  5
3AA
330
1B
100
AcDbEntity
 67
1
  8
ESTRIBOS
 62
8
370
9
100
AcDbLine
 10
398.35
 20
240.4666666666667
 30
0.0
 11
398.35
 21
263.4666666666667
 31
0.0
  0
LINE
  5
3AB
330
1B
100
AcDbEntity
 67
1
  8
ESTRIBOS
 62
8
370
9
100
AcDbLine
 10
399.15
 20
240.4666666666667
 30
0.0
 11
399.15
 21
263.4666666666667
 31
0.0
  0
LINE
  5
3AC
330
1B
100
AcDbEntity
 67
1
  8
ESTRIBOS
 62
8
370
9
100
AcDbLine
 10
399.95
 20
240.4666666666667
 30
0.0
 11
399.95
 21
263.4666666666667
 31
0.0
  0
LINE
  5
3AD
330
1B
100
AcDbEntity
 67
1
  8
ESTRIBOS
 62
8
370
9
100
AcDbLine
 10
400.75
 20
240.4666666666667
 30
0.0
 11
400.75
 21
263.4666666666667
 31
0.0
  0
LINE
  5
3AE
330
1B
100
AcDbEntity
 67
1
  8
ESTRIBOS
 62
8
370
9
100
AcDbLine
 10
401.55
 20
240.4666666666667
 30
0.0
 11
401.55
 21
263.4666666666667
 31
0.0
  0
LINE
  5
3AF
330
1B
100
AcDbEntity
 67
1
  8
ESTRIBOS
 62
8
370
9
100
AcDbLine
 10
402.35
 20
240.4666666666667
 30
0.0
 11
402.35
 21
263.4666666666667
 31
0.0
  0
LINE
  5
3B0
330
1B
100
AcDbEntity
 67
1
  8
ESTRIBOS
 62
8
370
9
100
AcDbLine
 10
403.15
 20
240.4666666666667
 30
0.0
 11
403.15
 21
263.4666666666667
 31
0.0
  0
LINE
  5
3B1
330
1B
100
AcDbEntity
 67
1
  8
ESTRIBOS
 62
8
370
9
100
AcDbLine
 10
403.95
 20
240.4666666666667
 30
0.0
 11
403.95
 21
263.4666666666667
 31
0.0
  0
LINE
  5
3B2
330
1B
100
AcDbEntity
 67
1
  8
ESTRIBOS
 62
8
370
9
100
AcDbLine
 10
404.85
 20
240.4666666666667
 30
0.0
 11
404.85
 21
263.4666666666667
 31
0.0
  0
LINE
  5
3B3
330
1B
100
AcDbEntity
 67
1
  8
ESTRIBOS
 62
8
370
9
100
AcDbLine
 10
405.65
 20
240.4666666666667
 30
0.0
 11
405.65
 21
263.4666666666667
 31
0.0
  0
LINE
  5
3B4
330
1B
100
AcDbEntity
 67
1
  8
ESTRIBOS
 62
8
370
9
100
AcDbLine
 10
406.45
 20
240.4666666666667
 30
0.0
 11
406.45
 21
263.4666666666667
 31
0.0
  0
LINE
  5
3B5
330
1B
100
AcDbEntity
 67
1
  8
ESTRIBOS
 62
8
370
9
100
AcDbLine
 10
407.25
 20
240.4666666666667
 30
0.0
 11
407.25
 21
263.4666666666667
 31
0.0
  0
LINE
  5
3B6
330
1B
100
AcDbEntity
 67
1
  8
ESTRIBOS
 62
8
370
9
100
AcDbLine
 10
408.15
 20
240.4666666666667
 30
0.0
 11
408.15
 21
263.4666666666667
 31
0.0
  0
LINE
  5
3B7
330
1B
100
AcDbEntity
 67
1
  8
ESTRIBOS
 62
8
370
9
100
AcDbLine
 10
408.95
 20
240.4666666666667
 30
0.0
 11
408.95
 21
263.4666666666667
 31
0.0
  0
LINE
  5
3B8
330
1B
100
AcDbEntity
 67
1
  8
ESTRIBOS
 62
8
370
9
100
AcDbLine
 10
409.75
 20
240.4666666666667
 30
0.0
 11
409.75
 21
263.4666666666667
 31
0.0
  0
LINE
  5
3B9
330
1B
100
AcDbEntity
 67
1
  8
ESTRIBOS
 62
8
370
9
100
AcDbLine
 10
410.55
 20
240.4666666666667
 30
0.0
 11
410.55
 21
263.4666666666667
 31
0.0
  0
LINE
  5
3BA
330
1B
100
AcDbEntity
 67
1
  8
ESTRIBOS
 62
8
370
9
100
AcDbLine
 10
411.35
 20
240.4666666666667
 30
0.0
 11
411.35
 21
263.4666666666667
 31
0.0
  0
LINE
  5
3BB
330
1B
100
AcDbEntity
 67
1
  8
ESTRIBOS
 62
8
370
9
100
AcDbLine
 10
412.15
 20
240.4666666666667
 30
0.0
 11
412.15
 21
263.4666666666667
 31
0.0
  0
LINE
  5
3BC
330
1B
100
AcDbEntity
 67
1
  8
ESTRIBOS
 62
8
370
9
100
AcDbLine
 10
412.95
 20
240.4666666666667
 30
0.0
 11
412.95
 21
263.4666666666667
 31
0.0
  0
LINE
  5
3BD
330
1B
100
AcDbEntity
 67
1
  8
ESTRIBOS
 62
8
370
9
100
AcDbLine
 10
413.75
 20
240.4666666666667
 30
0.0
 11
413.75
 21
263.4666666666667
 31
0.0
  0
LINE
  5
3BE
330
1B
100
AcDbEntity
 67
1
  8
ESTRIBOS
 62
8
370
9
100
AcDbLine
 10
414.55
 20
240.4666666666667
 30
0.0
 11
414.55
 21
263.4666666666667
 31
0.0
  0
LINE
  5
3BF
330
1B
100
AcDbEntity
 67
1
  8
ESTRIBOS
 62
8
370
9
100
AcDbLine
 10
415.35
 20
240.4666666666667
 30
0.0
 11
415.35
 21
263.4666666666667
 31
0.0
  0
LINE
  5
3C0
330
1B
100
AcDbEntity
 67
1
  8
ESTRIBOS
 62
8
370
9
100
AcDbLine
 10
416.15
 20
240.4666666666667
 30
0.0
 11
416.15
 21
263.4666666666667
 31
0.0
  0
LINE
  5
3C1
330
1B
100
AcDbEntity
 67
1
  8
ESTRIBOS
 62
8
370
9
100
AcDbLine
 10
416.95
 20
240.4666666666667
 30
0.0
 11
416.95
 21
263.4666666666667
 31
0.0
  0
LINE
  5
3C2
330
1B
100
AcDbEntity
 67
1
  8
ESTRIBOS
 62
8
370
9
100
AcDbLine
 10
417.75
 20
240.4666666666667
 30
0.0
 11
417.75
 21
263.4666666666667
 31
0.0
  0
LINE
  5
3C3
330
1B
100
AcDbEntity
 67
1
  8
ESTRIBOS
 62
8
370
9
100
AcDbLine
 10
418.55
 20
240.4666666666667
 30
0.0
 11
418.55
 21
263.4666666666667
 31
0.0
  0
TEXT
  5
3C4
330
1B
100
AcDbEntity
 67
1
  8
ESTRIBOS
 62
8
100
AcDbText
 10
406.05
 20
251.16666666666669
 30
0.0
 40
1.6
  1
Nº4 2R @80/@80
 72
1
 11
406.05
 21
251.16666666666669
 31
0.0
100
AcDbText
 73
2
  0
LWPOLYLINE
  5
3C5
330
1B
100
AcDbEntity
 67
1
  8
ACERO_SUP_CONT
 62
4
370
35
100
AcDbPolyline
 90
4
 70
0
 10
57.05
 20
256.4666666666667
 10
57.05
 20
262.4666666666667
 10
419.05
 20
262.4666666666667
 10
419.05
 20
256.4666666666667
  0
TEXT
  5
3C6
330
1B
100
AcDbEntity
 67
1
  8
ACERO_SUP_CONT
 62
4
100
AcDbText
 10
238.05
 20
265.4666666666667
 30
0.0
 40
2.2
  1
M1  2#5 CONT.  Lc=36210 mm
 72
1
 11
238.05
 21
265.4666666666667
 31
0.0
100
AcDbText
 73
2
  0
LWPOLYLINE
  5
3C7
330
1B
100
AcDbEntity
 67
1
  8
ACERO_SUP_APOYO
 62
5
370
30
100
AcDbPolyline
 90
3
 70
0
 10
54.0
 20
254.9666666666667
 10
54.0
 20
259.9666666666667
 10
63.55
 20
259.9666666666667
  0
TEXT
  5
3C8
330
1B
100
AcDbEntity
 67
1
  8
ACERO_SUP_APOYO
 62
5
100
AcDbText
 10
57.05
 20
261.4666666666667
 30
0.0
 40
1.7
  1
M2 3#5 L=805
 72
1
 11
57.05
 21
261.4666666666667
 31
0.0
100
AcDbText
 73
2
  0
LWPOLYLINE
  5
3C9
330
1B
100
AcDbEntity
 67
1
  8
ACERO_SUP_APOYO
 62
5
370
30
100
AcDbPolyline
 90
2
 70
0
 10
76.55
 20
257.7666666666667
 10
92.175
 20
257.7666666666667
  0
TEXT
  5
3CA
330
1B
100
AcDbEntity
 67
1
  8
ACERO_SUP_APOYO
 62
5
100
AcDbText
 10
83.05
 20
259.2666666666667
 30
0.0
 40
1.7
  1
M2 3#5 L=2062
 72
1
 11
83.05
 21
259.2666666666667
 31
0.0
100
AcDbText
 73
2
  0
LWPOLYLINE
  5
3CB
330
1B
100
AcDbEntity
 67
1
  8
ACERO_SUP_APOYO
 62
5
370
30
100
AcDbPolyline
 90
2
 70
0
 10
110.425
 20
259.9666666666667
 10
126.05
 20
259.9666666666667
  0
TEXT
  5
3CC
330
1B
100
AcDbEntity
 67
1
  8
ACERO_SUP_APOYO
 62
5
100
AcDbText
 10
119.55
 20
261.4666666666667
 30
0.0
 40
1.7
  1
M2 3#5 L=2062
 72
1
 11
119.55
 21
261.4666666666667
 31
0.0
100
AcDbText
 73
2
  0
LWPOLYLINE
  5
3CD
330
1B
100
AcDbEntity
 67
1
  8
ACERO_SUP_APOYO
 62
5
370
30
100
AcDbPolyline
 90
2
 70
0
 10
139.05
 20
257.7666666666667
 10
151.8
 20
257.7666666666667
  0
TEXT
  5
3CE
330
1B
100
AcDbEntity
 67
1
  8
ACERO_SUP_APOYO
 62
5
100
AcDbText
 10
145.55
 20
259.2666666666667
 30
0.0
 40
1.7
  1
M2 3#5 L=1775
 72
1
 11
145.55
 21
259.2666666666667
 31
0.0
100
AcDbText
 73
2
  0
LWPOLYLINE
  5
3CF
330
1B
100
AcDbEntity
 67
1
  8
ACERO_SUP_APOYO
 62
5
370
30
100
AcDbPolyline
 90
2
 70
0
 10
164.3
 20
259.9666666666667
 10
180.55
 20
259.9666666666667
  0
TEXT
  5
3D0
330
1B
100
AcDbEntity
 67
1
  8
ACERO_SUP_APOYO
 62
5
100
AcDbText
 10
170.55
 20
261.4666666666667
 30
0.0
 40
1.7
  1
M2 3#5 L=2125
 72
1
 11
170.55
 21
261.4666666666667
 31
0.0
100
AcDbText
 73
2
  0
LWPOLYLINE
  5
3D1
330
1B
100
AcDbEntity
 67
1
  8
ACERO_SUP_APOYO
 62
5
370
30
100
AcDbPolyline
 90
2
 70
0
 10
200.55
 20
257.7666666666667
 10
224.3
 20
257.7666666666667
  0
TEXT
  5
3D2
330
1B
100
AcDbEntity
 67
1
  8
ACERO_SUP_APOYO
 62
5
100
AcDbText
 10
210.55
 20
259.2666666666667
 30
0.0
 40
1.7
  1
M2 3#5 L=2875
 72
1
 11
210.55
 21
259.2666666666667
 31
0.0
100
AcDbText
 73
2
  0
LWPOLYLINE
  5
3D3
330
1B
100
AcDbEntity
 67
1
  8
ACERO_SUP_APOYO
 62
5
370
30
100
AcDbPolyline
 90
2
 70
0
 10
251.8
 20
259.9666666666667
 10
275.55
 20
259.9666666666667
  0
TEXT
  5
3D4
330
1B
100
AcDbEntity
 67
1
  8
ACERO_SUP_APOYO
 62
5
100
AcDbText
 10
265.55
 20
261.4666666666667
 30
0.0
 40
1.7
  1
M2 3#5 L=2875
 72
1
 11
265.55
 21
261.4666666666667
 31
0.0
100
AcDbText
 73
2
  0
LWPOLYLINE
  5
3D5
330
1B
100
AcDbEntity
 67
1
  8
ACERO_SUP_APOYO
 62
5
370
30
100
AcDbPolyline
 90
2
 70
0
 10
295.55
 20
257.7666666666667
 10
311.8
 20
257.7666666666667
  0
TEXT
  5
3D6
330
1B
100
AcDbEntity
 67
1
  8
ACERO_SUP_APOYO
 62
5
100
AcDbText
 10
305.55
 20
259.2666666666667
 30
0.0
 40
1.7
  1
M2 3#5 L=2125
 72
1
 11
305.55
 21
259.2666666666667
 31
0.0
100
AcDbText
 73
2
  0
LWPOLYLINE
  5
3D7
330
1B
100
AcDbEntity
 67
1
  8
ACERO_SUP_APOYO
 62
5
370
30
100
AcDbPolyline
 90
2
 70
0
 10
324.3
 20
259.9666666666667
 10
337.05
 20
259.9666666666667
  0
TEXT
  5
3D8
330
1B
100
AcDbEntity
 67
1
  8
ACERO_SUP_APOYO
 62
5
100
AcDbText
 10
330.55
 20
261.4666666666667
 30
0.0
 40
1.7
  1
M2 3#5 L=1775
 72
1
 11
330.55
 21
261.4666666666667
 31
0.0
100
AcDbText
 73
2
  0
LWPOLYLINE
  5
3D9
330
1B
100
AcDbEntity
 67
1
  8
ACERO_SUP_APOYO
 62
5
370
30
100
AcDbPolyline
 90
2
 70
0
 10
350.05
 20
257.7666666666667
 10
365.675
 20
257.7666666666667
  0
TEXT
  5
3DA
330
1B
100
AcDbEntity
 67
1
  8
ACERO_SUP_APOYO
 62
5
100
AcDbText
 10
356.55
 20
259.2666666666667
 30
0.0
 40
1.7
  1
M2 3#5 L=2062
 72
1
 11
356.55
 21
259.2666666666667
 31
0.0
100
AcDbText
 73
2
  0
LWPOLYLINE
  5
3DB
330
1B
100
AcDbEntity
 67
1
  8
ACERO_SUP_APOYO
 62
5
370
30
100
AcDbPolyline
 90
2
 70
0
 10
383.925
 20
259.9666666666667
 10
399.55
 20
259.9666666666667
  0
TEXT
  5
3DC
330
1B
100
AcDbEntity
 67
1
  8
ACERO_SUP_APOYO
 62
5
100
AcDbText
 10
393.05
 20
261.4666666666667
 30
0.0
 40
1.7
  1
M2 3#5 L=2062
 72
1
 11
393.05
 21
261.4666666666667
 31
0.0
100
AcDbText
 73
2
  0
LWPOLYLINE
  5
3DD
330
1B
100
AcDbEntity
 67
1
  8
ACERO_SUP_APOYO
 62
5
370
30
100
AcDbPolyline
 90
3
 70
0
 10
412.55
 20
257.7666666666667
 10
422.1
 20
257.7666666666667
 10
422.1
 20
252.7666666666667
  0
TEXT
  5
3DE
330
1B
100
AcDbEntity
 67
1
  8
ACERO_SUP_APOYO
 62
5
100
AcDbText
 10
419.05
 20
259.2666666666667
 30
0.0
 40
1.7
  1
M2 3#5 L=805
 72
1
 11
419.05
 21
259.2666666666667
 31
0.0
100
AcDbText
 73
2
  0
LWPOLYLINE
  5
3DF
330
1B
100
AcDbEntity
 67
1
  8
ACERO_INF
 62
1
370
35
100
AcDbPolyline
 90
4
 70
0
 10
58.55
 20
246.4666666666667
 10
58.55
 20
241.4666666666667
 10
81.55
 20
241.4666666666667
 10
81.55
 20
246.4666666666667
  0
TEXT
  5
3E0
330
1B
100
AcDbEntity
 67
1
  8
ACERO_INF
 62
1
100
AcDbText
 10
70.05
 20
238.7666666666667
 30
0.0
 40
1.7
  1
M3 5#5 L=2610
 72
1
 11
70.05
 21
238.7666666666667
 31
0.0
100
AcDbText
 73
2
  0
LWPOLYLINE
  5
3E1
330
1B
100
AcDbEntity
 67
1
  8
ACERO_INF
 62
1
370
35
100
AcDbPolyline
 90
4
 70
0
 10
84.55
 20
248.2666666666667
 10
84.55
 20
243.2666666666667
 10
118.05
 20
243.2666666666667
 10
118.05
 20
248.2666666666667
  0
TEXT
  5
3E2
330
1B
100
AcDbEntity
 67
1
  8
ACERO_INF
 62
1
100
AcDbText
 10
101.3
 20
240.56666666666672
 30
0.0
 40
1.7
  1
M3 5#5 L=3660
 72
1
 11
101.3
 21
240.56666666666672
 31
0.0
100
AcDbText
 73
2
  0
LWPOLYLINE
  5
3E3
330
1B
100
AcDbEntity
 67
1
  8
ACERO_INF
 62
1
370
35
100
AcDbPolyline
 90
4
 70
0
 10
121.05
 20
246.4666666666667
 10
121.05
 20
241.4666666666667
 10
144.05
 20
241.4666666666667
 10
144.05
 20
246.4666666666667
  0
TEXT
  5
3E4
330
1B
100
AcDbEntity
 67
1
  8
ACERO_INF
 62
1
100
AcDbText
 10
132.55
 20
238.7666666666667
 30
0.0
 40
1.7
  1
M3 5#5 L=2610
 72
1
 11
132.55
 21
238.7666666666667
 31
0.0
100
AcDbText
 73
2
  0
LWPOLYLINE
  5
3E5
330
1B
100
AcDbEntity
 67
1
  8
ACERO_INF
 62
1
370
35
100
AcDbPolyline
 90
4
 70
0
 10
147.05
 20
248.2666666666667
 10
147.05
 20
243.2666666666667
 10
169.05
 20
243.2666666666667
 10
169.05
 20
248.2666666666667
  0
TEXT
  5
3E6
330
1B
100
AcDbEntity
 67
1
  8
ACERO_INF
 62
1
100
AcDbText
 10
158.05
 20
240.56666666666672
 30
0.0
 40
1.7
  1
M3 5#5 L=2510
 72
1
 11
158.05
 21
240.56666666666672
 31
0.0
100
AcDbText
 73
2
  0
LWPOLYLINE
  5
3E7
330
1B
100
AcDbEntity
 67
1
  8
ACERO_INF
 62
1
370
35
100
AcDbPolyline
 90
4
 70
0
 10
172.05
 20
246.4666666666667
 10
172.05
 20
241.4666666666667
 10
209.05
 20
241.4666666666667
 10
209.05
 20
246.4666666666667
  0
TEXT
  5
3E8
330
1B
100
AcDbEntity
 67
1
  8
ACERO_INF
 62
1
100
AcDbText
 10
190.55
 20
238.7666666666667
 30
0.0
 40
1.7
  1
M3 5#5 L=4010
 72
1
 11
190.55
 21
238.7666666666667
 31
0.0
100
AcDbText
 73
2
  0
LWPOLYLINE
  5
3E9
330
1B
100
AcDbEntity
 67
1
  8
ACERO_INF
 62
1
370
35
100
AcDbPolyline
 90
4
 70
0
 10
212.05
 20
248.2666666666667
 10
212.05
 20
243.2666666666667
 10
264.05
 20
243.2666666666667
 10
264.05
 20
248.2666666666667
  0
TEXT
  5
3EA
330
1B
100
AcDbEntity
 67
1
  8
ACERO_INF
 62
1
100
AcDbText
 10
238.05
 20
240.56666666666672
 30
0.0
 40
1.7
  1
M3 5#5 L=5510
 72
1
 11
238.05
 21
240.56666666666672
 31
0.0
100
AcDbText
 73
2
  0
LWPOLYLINE
  5
3EB
330
1B
100
AcDbEntity
 67
1
  8
ACERO_INF
 62
1
370
35
100
AcDbPolyline
 90
4
 70
0
 10
267.05
 20
246.4666666666667
 10
267.05
 20
241.4666666666667
 10
304.05
 20
241.4666666666667
 10
304.05
 20
246.4666666666667
  0
TEXT
  5
3EC
330
1B
100
AcDbEntity
 67
1
  8
ACERO_INF
 62
1
100
AcDbText
 10
285.55
 20
238.7666666666667
 30
0.0
 40
1.7
  1
M3 5#5 L=4010
 72
1
 11
285.55
 21
238.7666666666667
 31
0.0
100
AcDbText
 73
2
  0
LWPOLYLINE
  5
3ED
330
1B
100
AcDbEntity
 67
1
  8
ACERO_INF
 62
1
370
35
100
AcDbPolyline
 90
4
 70
0
 10
307.05
 20
248.2666666666667
 10
307.05
 20
243.2666666666667
 10
329.05
 20
243.2666666666667
 10
329.05
 20
248.2666666666667
  0
TEXT
  5
3EE
330
1B
100
AcDbEntity
 67
1
  8
ACERO_INF
 62
1
100
AcDbText
 10
318.05
 20
240.56666666666672
 30
0.0
 40
1.7
  1
M3 5#5 L=2510
 72
1
 11
318.05
 21
240.56666666666672
 31
0.0
100
AcDbText
 73
2
  0
LWPOLYLINE
  5
3EF
330
1B
100
AcDbEntity
 67
1
  8
ACERO_INF
 62
1
370
35
100
AcDbPolyline
 90
4
 70
0
 10
332.05
 20
246.4666666666667
 10
332.05
 20
241.4666666666667
 10
355.05
 20
241.4666666666667
 10
355.05
 20
246.4666666666667
  0
TEXT
  5
3F0
330
1B
100
AcDbEntity
 67
1
  8
ACERO_INF
 62
1
100
AcDbText
 10
343.55
 20
238.7666666666667
 30
0.0
 40
1.7
  1
M3 5#5 L=2610
 72
1
 11
343.55
 21
238.7666666666667
 31
0.0
100
AcDbText
 73
2
  0
LWPOLYLINE
  5
3F1
330
1B
100
AcDbEntity
 67
1
  8
ACERO_INF
 62
1
370
35
100
AcDbPolyline
 90
4
 70
0
 10
358.05
 20
248.2666666666667
 10
358.05
 20
243.2666666666667
 10
391.55
 20
243.2666666666667
 10
391.55
 20
248.2666666666667
  0
TEXT
  5
3F2
330
1B
100
AcDbEntity
 67
1
  8
ACERO_INF
 62
1
100
AcDbText
 10
374.8
 20
240.56666666666672
 30
0.0
 40
1.7
  1
M3 5#5 L=3660
 72
1
 11
374.8
 21
240.56666666666672
 31
0.0
100
AcDbText
 73
2
  0
LWPOLYLINE
  5
3F3
330
1B
100
AcDbEntity
 67
1
  8
ACERO_INF
 62
1
370
35
100
AcDbPolyline
 90
4
 70
0
 10
394.55
 20
246.4666666666667
 10
394.55
 20
241.4666666666667
 10
417.55
 20
241.4666666666667
 10
417.55
 20
246.4666666666667
  0
TEXT
  5
3F4
330
1B
100
AcDbEntity
 67
1
  8
ACERO_INF
 62
1
100
AcDbText
 10
406.05
 20
238.7666666666667
 30
0.0
 40
1.7
  1
M3 5#5 L=2610
 72
1
 11
406.05
 21
238.7666666666667
 31
0.0
100
AcDbText
 73
2
  0
LINE
  5
3F5
330
1B
100
AcDbEntity
 67
1
  8
CORTE
 62
6
370
13
100
AcDbLine
 10
61.73
 20
236.9666666666667
 30
0.0
 11
61.73
 21
266.9666666666667
 31
0.0
  0
TEXT
  5
3F6
330
1B
100
AcDbEntity
 67
1
  8
CORTE
 62
6
100
AcDbText
 10
61.73
 20
271.9666666666667
 30
0.0
 40
2.0
  1
A
 72
1
 11
61.73
 21
271.9666666666667
 31
0.0
100
AcDbText
 73
2
  0
LINE
  5
3F7
330
1B
100
AcDbEntity
 67
1
  8
CORTE
 62
6
370
13
100
AcDbLine
 10
247.95000000000002
 20
236.9666666666667
 30
0.0
 11
247.95000000000002
 21
266.9666666666667
 31
0.0
  0
TEXT
  5
3F8
330
1B
100
AcDbEntity
 67
1
  8
CORTE
 62
6
100
AcDbText
 10
247.95000000000002
 20
271.9666666666667
 30
0.0
 40
2.0
  1
B
 72
1
 11
247.95000000000002
 21
271.9666666666667
 31
0.0
100
AcDbText
 73
2
  0
LINE
  5
3F9
330
1B
100
AcDbEntity
 67
1
  8
CORTE
 62
6
370
13
100
AcDbLine
 10
414.37
 20
236.9666666666667
 30
0.0
 11
414.37
 21
266.9666666666667
 31
0.0
  0
TEXT
  5
3FA
330
1B
100
AcDbEntity
 67
1
  8
CORTE
 62
6
100
AcDbText
 10
414.37
 20
271.9666666666667
 30
0.0
 40
2.0
  1
C
 72
1
 11
414.37
 21
271.9666666666667
 31
0.0
100
AcDbText
 73
2
  0
LINE
  5
3FB
330
1B
100
AcDbEntity
 67
1
  8
COTAS
 62
3
370
13
100
AcDbLine
 10
57.05
 20
229.4666666666667
 30
0.0
 11
83.05
 21
229.4666666666667
 31
0.0
  0
LINE
  5
3FC
330
1B
100
AcDbEntity
 67
1
  8
COTAS
 62
3
370
13
100
AcDbLine
 10
57.05
 20
228.2666666666667
 30
0.0
 11
57.05
 21
230.66666666666669
 31
0.0
  0
LINE
  5
3FD
330
1B
100
AcDbEntity
 67
1
  8
COTAS
 62
3
370
13
100
AcDbLine
 10
83.05
 20
228.2666666666667
 30
0.0
 11
83.05
 21
230.66666666666669
 31
0.0
  0
TEXT
  5
3FE
330
1B
100
AcDbEntity
 67
1
  8
COTAS
 62
3
100
AcDbText
 10
70.05
 20
230.4666666666667
 30
0.0
 40
1.8
  1
2.600 m
 72
1
 11
70.05
 21
230.4666666666667
 31
0.0
100
AcDbText
 73
2
  0
TEXT
  5
3FF
330
1B
100
AcDbEntity
 67
1
  8
TEXTO
 62
7
100
AcDbText
 10
70.05
 20
226.2666666666667
 30
0.0
 40
1.55
  1
F1
 72
1
 11
70.05
 21
226.2666666666667
 31
0.0
100
AcDbText
 73
2
  0
LINE
  5
400
330
1B
100
AcDbEntity
 67
1
  8
COTAS
 62
3
370
13
100
AcDbLine
 10
83.05
 20
229.4666666666667
 30
0.0
 11
119.55
 21
229.4666666666667
 31
0.0
  0
LINE
  5
401
330
1B
100
AcDbEntity
 67
1
  8
COTAS
 62
3
370
13
100
AcDbLine
 10
83.05
 20
228.2666666666667
 30
0.0
 11
83.05
 21
230.66666666666669
 31
0.0
  0
LINE
  5
402
330
1B
100
AcDbEntity
 67
1
  8
COTAS
 62
3
370
13
100
AcDbLine
 10
119.55
 20
228.2666666666667
 30
0.0
 11
119.55
 21
230.66666666666669
 31
0.0
  0
TEXT
  5
403
330
1B
100
AcDbEntity
 67
1
  8
COTAS
 62
3
100
AcDbText
 10
101.3
 20
230.4666666666667
 30
0.0
 40
1.8
  1
3.650 m
 72
1
 11
101.3
 21
230.4666666666667
 31
0.0
100
AcDbText
 73
2
  0
TEXT
  5
404
330
1B
100
AcDbEntity
 67
1
  8
TEXTO
 62
7
100
AcDbText
 10
101.3
 20
226.2666666666667
 30
0.0
 40
1.55
  1
F2
 72
1
 11
101.3
 21
226.2666666666667
 31
0.0
100
AcDbText
 73
2
  0
LINE
  5
405
330
1B
100
AcDbEntity
 67
1
  8
COTAS
 62
3
370
13
100
AcDbLine
 10
119.55
 20
229.4666666666667
 30
0.0
 11
145.55
 21
229.4666666666667
 31
0.0
  0
LINE
  5
406
330
1B
100
AcDbEntity
 67
1
  8
COTAS
 62
3
370
13
100
AcDbLine
 10
119.55
 20
228.2666666666667
 30
0.0
 11
119.55
 21
230.66666666666669
 31
0.0
  0
LINE
  5
407
330
1B
100
AcDbEntity
 67
1
  8
COTAS
 62
3
370
13
100
AcDbLine
 10
145.55
 20
228.2666666666667
 30
0.0
 11
145.55
 21
230.66666666666669
 31
0.0
  0
TEXT
  5
408
330
1B
100
AcDbEntity
 67
1
  8
COTAS
 62
3
100
AcDbText
 10
132.55
 20
230.4666666666667
 30
0.0
 40
1.8
  1
2.600 m
 72
1
 11
132.55
 21
230.4666666666667
 31
0.0
100
AcDbText
 73
2
  0
TEXT
  5
409
330
1B
100
AcDbEntity
 67
1
  8
TEXTO
 62
7
100
AcDbText
 10
132.55
 20
226.2666666666667
 30
0.0
 40
1.55
  1
F3
 72
1
 11
132.55
 21
226.2666666666667
 31
0.0
100
AcDbText
 73
2
  0
LINE
  5
40A
330
1B
100
AcDbEntity
 67
1
  8
COTAS
 62
3
370
13
100
AcDbLine
 10
145.55
 20
229.4666666666667
 30
0.0
 11
170.55
 21
229.4666666666667
 31
0.0
  0
LINE
  5
40B
330
1B
100
AcDbEntity
 67
1
  8
COTAS
 62
3
370
13
100
AcDbLine
 10
145.55
 20
228.2666666666667
 30
0.0
 11
145.55
 21
230.66666666666669
 31
0.0
  0
LINE
  5
40C
330
1B
100
AcDbEntity
 67
1
  8
COTAS
 62
3
370
13
100
AcDbLine
 10
170.55
 20
228.2666666666667
 30
0.0
 11
170.55
 21
230.66666666666669
 31
0.0
  0
TEXT
  5
40D
330
1B
100
AcDbEntity
 67
1
  8
COTAS
 62
3
100
AcDbText
 10
158.05
 20
230.4666666666667
 30
0.0
 40
1.8
  1
2.500 m
 72
1
 11
158.05
 21
230.4666666666667
 31
0.0
100
AcDbText
 73
2
  0
TEXT
  5
40E
330
1B
100
AcDbEntity
 67
1
  8
TEXTO
 62
7
100
AcDbText
 10
158.05
 20
226.2666666666667
 30
0.0
 40
1.55
  1
F4
 72
1
 11
158.05
 21
226.2666666666667
 31
0.0
100
AcDbText
 73
2
  0
LINE
  5
40F
330
1B
100
AcDbEntity
 67
1
  8
COTAS
 62
3
370
13
100
AcDbLine
 10
170.55
 20
229.4666666666667
 30
0.0
 11
210.55
 21
229.4666666666667
 31
0.0
  0
LINE
  5
410
330
1B
100
AcDbEntity
 67
1
  8
COTAS
 62
3
370
13
100
AcDbLine
 10
170.55
 20
228.2666666666667
 30
0.0
 11
170.55
 21
230.66666666666669
 31
0.0
  0
LINE
  5
411
330
1B
100
AcDbEntity
 67
1
  8
COTAS
 62
3
370
13
100
AcDbLine
 10
210.55
 20
228.2666666666667
 30
0.0
 11
210.55
 21
230.66666666666669
 31
0.0
  0
TEXT
  5
412
330
1B
100
AcDbEntity
 67
1
  8
COTAS
 62
3
100
AcDbText
 10
190.55
 20
230.4666666666667
 30
0.0
 40
1.8
  1
4.000 m
 72
1
 11
190.55
 21
230.4666666666667
 31
0.0
100
AcDbText
 73
2
  0
TEXT
  5
413
330
1B
100
AcDbEntity
 67
1
  8
TEXTO
 62
7
100
AcDbText
 10
190.55
 20
226.2666666666667
 30
0.0
 40
1.55
  1
F5
 72
1
 11
190.55
 21
226.2666666666667
 31
0.0
100
AcDbText
 73
2
  0
LINE
  5
414
330
1B
100
AcDbEntity
 67
1
  8
COTAS
 62
3
370
13
100
AcDbLine
 10
210.55
 20
229.4666666666667
 30
0.0
 11
265.55
 21
229.4666666666667
 31
0.0
  0
LINE
  5
415
330
1B
100
AcDbEntity
 67
1
  8
COTAS
 62
3
370
13
100
AcDbLine
 10
210.55
 20
228.2666666666667
 30
0.0
 11
210.55
 21
230.66666666666669
 31
0.0
  0
LINE
  5
416
330
1B
100
AcDbEntity
 67
1
  8
COTAS
 62
3
370
13
100
AcDbLine
 10
265.55
 20
228.2666666666667
 30
0.0
 11
265.55
 21
230.66666666666669
 31
0.0
  0
TEXT
  5
417
330
1B
100
AcDbEntity
 67
1
  8
COTAS
 62
3
100
AcDbText
 10
238.05
 20
230.4666666666667
 30
0.0
 40
1.8
  1
5.500 m
 72
1
 11
238.05
 21
230.4666666666667
 31
0.0
100
AcDbText
 73
2
  0
TEXT
  5
418
330
1B
100
AcDbEntity
 67
1
  8
TEXTO
 62
7
100
AcDbText
 10
238.05
 20
226.2666666666667
 30
0.0
 40
1.55
  1
F99
 72
1
 11
238.05
 21
226.2666666666667
 31
0.0
100
AcDbText
 73
2
  0
LINE
  5
419
330
1B
100
AcDbEntity
 67
1
  8
COTAS
 62
3
370
13
100
AcDbLine
 10
265.55
 20
229.4666666666667
 30
0.0
 11
305.55
 21
229.4666666666667
 31
0.0
  0
LINE
  5
41A
330
1B
100
AcDbEntity
 67
1
  8
COTAS
 62
3
370
13
100
AcDbLine
 10
265.55
 20
228.2666666666667
 30
0.0
 11
265.55
 21
230.66666666666669
 31
0.0
  0
LINE
  5
41B
330
1B
100
AcDbEntity
 67
1
  8
COTAS
 62
3
370
13
100
AcDbLine
 10
305.55
 20
228.2666666666667
 30
0.0
 11
305.55
 21
230.66666666666669
 31
0.0
  0
TEXT
  5
41C
330
1B
100
AcDbEntity
 67
1
  8
COTAS
 62
3
100
AcDbText
 10
285.55
 20
230.4666666666667
 30
0.0
 40
1.8
  1
4.000 m
 72
1
 11
285.55
 21
230.4666666666667
 31
0.0
100
AcDbText
 73
2
  0
TEXT
  5
41D
330
1B
100
AcDbEntity
 67
1
  8
TEXTO
 62
7
100
AcDbText
 10
285.55
 20
226.2666666666667
 30
0.0
 40
1.55
  1
F6
 72
1
 11
285.55
 21
226.2666666666667
 31
0.0
100
AcDbText
 73
2
  0
LINE
  5
41E
330
1B
100
AcDbEntity
 67
1
  8
COTAS
 62
3
370
13
100
AcDbLine
 10
305.55
 20
229.4666666666667
 30
0.0
 11
330.55
 21
229.4666666666667
 31
0.0
  0
LINE
  5
41F
330
1B
100
AcDbEntity
 67
1
  8
COTAS
 62
3
370
13
100
AcDbLine
 10
305.55
 20
228.2666666666667
 30
0.0
 11
305.55
 21
230.66666666666669
 31
0.0
  0
LINE
  5
420
330
1B
100
AcDbEntity
 67
1
  8
COTAS
 62
3
370
13
100
AcDbLine
 10
330.55
 20
228.2666666666667
 30
0.0
 11
330.55
 21
230.66666666666669
 31
0.0
  0
TEXT
  5
421
330
1B
100
AcDbEntity
 67
1
  8
COTAS
 62
3
100
AcDbText
 10
318.05
 20
230.4666666666667
 30
0.0
 40
1.8
  1
2.500 m
 72
1
 11
318.05
 21
230.4666666666667
 31
0.0
100
AcDbText
 73
2
  0
TEXT
  5
422
330
1B
100
AcDbEntity
 67
1
  8
TEXTO
 62
7
100
AcDbText
 10
318.05
 20
226.2666666666667
 30
0.0
 40
1.55
  1
F7
 72
1
 11
318.05
 21
226.2666666666667
 31
0.0
100
AcDbText
 73
2
  0
LINE
  5
423
330
1B
100
AcDbEntity
 67
1
  8
COTAS
 62
3
370
13
100
AcDbLine
 10
330.55
 20
229.4666666666667
 30
0.0
 11
356.55
 21
229.4666666666667
 31
0.0
  0
LINE
  5
424
330
1B
100
AcDbEntity
 67
1
  8
COTAS
 62
3
370
13
100
AcDbLine
 10
330.55
 20
228.2666666666667
 30
0.0
 11
330.55
 21
230.66666666666669
 31
0.0
  0
LINE
  5
425
330
1B
100
AcDbEntity
 67
1
  8
COTAS
 62
3
370
13
100
AcDbLine
 10
356.55
 20
228.2666666666667
 30
0.0
 11
356.55
 21
230.66666666666669
 31
0.0
  0
TEXT
  5
426
330
1B
100
AcDbEntity
 67
1
  8
COTAS
 62
3
100
AcDbText
 10
343.55
 20
230.4666666666667
 30
0.0
 40
1.8
  1
2.600 m
 72
1
 11
343.55
 21
230.4666666666667
 31
0.0
100
AcDbText
 73
2
  0
TEXT
  5
427
330
1B
100
AcDbEntity
 67
1
  8
TEXTO
 62
7
100
AcDbText
 10
343.55
 20
226.2666666666667
 30
0.0
 40
1.55
  1
F8
 72
1
 11
343.55
 21
226.2666666666667
 31
0.0
100
AcDbText
 73
2
  0
LINE
  5
428
330
1B
100
AcDbEntity
 67
1
  8
COTAS
 62
3
370
13
100
AcDbLine
 10
356.55
 20
229.4666666666667
 30
0.0
 11
393.05
 21
229.4666666666667
 31
0.0
  0
LINE
  5
429
330
1B
100
AcDbEntity
 67
1
  8
COTAS
 62
3
370
13
100
AcDbLine
 10
356.55
 20
228.2666666666667
 30
0.0
 11
356.55
 21
230.66666666666669
 31
0.0
  0
LINE
  5
42A
330
1B
100
AcDbEntity
 67
1
  8
COTAS
 62
3
370
13
100
AcDbLine
 10
393.05
 20
228.2666666666667
 30
0.0
 11
393.05
 21
230.66666666666669
 31
0.0
  0
TEXT
  5
42B
330
1B
100
AcDbEntity
 67
1
  8
COTAS
 62
3
100
AcDbText
 10
374.8
 20
230.4666666666667
 30
0.0
 40
1.8
  1
3.650 m
 72
1
 11
374.8
 21
230.4666666666667
 31
0.0
100
AcDbText
 73
2
  0
TEXT
  5
42C
330
1B
100
AcDbEntity
 67
1
  8
TEXTO
 62
7
100
AcDbText
 10
374.8
 20
226.2666666666667
 30
0.0
 40
1.55
  1
F9
 72
1
 11
374.8
 21
226.2666666666667
 31
0.0
100
AcDbText
 73
2
  0
LINE
  5
42D
330
1B
100
AcDbEntity
 67
1
  8
COTAS
 62
3
370
13
100
AcDbLine
 10
393.05
 20
229.4666666666667
 30
0.0
 11
419.05
 21
229.4666666666667
 31
0.0
  0
LINE
  5
42E
330
1B
100
AcDbEntity
 67
1
  8
COTAS
 62
3
370
13
100
AcDbLine
 10
393.05
 20
228.2666666666667
 30
0.0
 11
393.05
 21
230.66666666666669
 31
0.0
  0
LINE
  5
42F
330
1B
100
AcDbEntity
 67
1
  8
COTAS
 62
3
370
13
100
AcDbLine
 10
419.05
 20
228.2666666666667
 30
0.0
 11
419.05
 21
230.66666666666669
 31
0.0
  0
TEXT
  5
430
330
1B
100
AcDbEntity
 67
1
  8
COTAS
 62
3
100
AcDbText
 10
406.05
 20
230.4666666666667
 30
0.0
 40
1.8
  1
2.600 m
 72
1
 11
406.05
 21
230.4666666666667
 31
0.0
100
AcDbText
 73
2
  0
TEXT
  5
431
330
1B
100
AcDbEntity
 67
1
  8
TEXTO
 62
7
100
AcDbText
 10
406.05
 20
226.2666666666667
 30
0.0
 40
1.55
  1
F10
 72
1
 11
406.05
 21
226.2666666666667
 31
0.0
100
AcDbText
 73
2
  0
LINE
  5
432
330
1B
100
AcDbEntity
 67
1
  8
COTAS
 62
3
370
13
100
AcDbLine
 10
57.05
 20
222.4666666666667
 30
0.0
 11
419.05
 21
222.4666666666667
 31
0.0
  0
LINE
  5
433
330
1B
100
AcDbEntity
 67
1
  8
COTAS
 62
3
370
13
100
AcDbLine
 10
57.05
 20
221.2666666666667
 30
0.0
 11
57.05
 21
223.66666666666669
 31
0.0
  0
LINE
  5
434
330
1B
100
AcDbEntity
 67
1
  8
COTAS
 62
3
370
13
100
AcDbLine
 10
419.05
 20
221.2666666666667
 30
0.0
 11
419.05
 21
223.66666666666669
 31
0.0
  0
TEXT
  5
435
330
1B
100
AcDbEntity
 67
1
  8
COTAS
 62
3
100
AcDbText
 10
238.05
 20
223.4666666666667
 30
0.0
 40
2.0
  1
TOTAL SAP I-J = 36.200 m
 72
1
 11
238.05
 21
223.4666666666667
 31
0.0
100
AcDbText
 73
2
  0
TEXT
  5
436
330
1B
100
AcDbEntity
 67
1
  8
TEXTO
 62
7
100
AcDbText
 10
419.05
 20
170.66666666666669
 30
0.0
 40
1.9
  1
ESC. H 1:100 | V 1:22 | EJES Y TRAMOS SAP
 72
2
 11
419.05
 21
170.66666666666669
 31
0.0
100
AcDbText
  0
LWPOLYLINE
  5
437
330
1B
100
AcDbEntity
 67
1
  8
MARCO
 62
7
370
25
100
AcDbPolyline
 90
4
 70
1
 10
538.0
 20
166.66666666666669
 10
697.0
 20
166.66666666666669
 10
697.0
 20
318.33333333333337
 10
538.0
 20
318.33333333333337
  0
TEXT
  5
438
330
1B
100
AcDbEntity
 67
1
  8
TEXTO
 62
7
100
AcDbText
 10
617.5
 20
311.33333333333337
 30
0.0
 40
3.4
  1
VIGA TIPO VR N1
 72
1
 11
617.5
 21
311.33333333333337
 31
0.0
100
AcDbText
 73
2
  0
TEXT
  5
439
330
1B
100
AcDbEntity
 67
1
  8
TEXTO
 62
7
100
AcDbText
 10
617.5
 20
304.33333333333337
 30
0.0
 40
2.0
  1
500x550 mm — DATOS EXCEL
 72
1
 11
617.5
 21
304.33333333333337
 31
0.0
100
AcDbText
 73
2
  0
LWPOLYLINE
  5
43A
330
1B
100
AcDbEntity
 67
1
  8
CONTORNO
 62
7
370
20
100
AcDbPolyline
 90
4
 70
1
 10
549.5
 20
225.7166666666667
 10
574.5
 20
225.7166666666667
 10
574.5
 20
253.2166666666667
 10
549.5
 20
253.2166666666667
  0
LWPOLYLINE
  5
43B
330
1B
100
AcDbEntity
 67
1
  8
ESTRIBOS
 62
8
370
18
100
AcDbPolyline
 90
4
 70
1
 10
551.5
 20
227.7166666666667
 10
572.5
 20
227.7166666666667
 10
572.5
 20
251.2166666666667
 10
551.5
 20
251.2166666666667
  0
CIRCLE
  5
43C
330
1B
100
AcDbEntity
 67
1
  8
ACERO_SUP_CONT
 62
4
100
AcDbCircle
 10
552.75
 20
250.1841666666667
 30
0.0
 40
0.55
  0
CIRCLE
  5
43D
330
1B
100
AcDbEntity
 67
1
  8
ACERO_SUP_CONT
 62
4
100
AcDbCircle
 10
557.375
 20
250.1841666666667
 30
0.0
 40
0.55
  0
CIRCLE
  5
43E
330
1B
100
AcDbEntity
 67
1
  8
ACERO_SUP_CONT
 62
4
100
AcDbCircle
 10
562.0
 20
250.1841666666667
 30
0.0
 40
0.55
  0
CIRCLE
  5
43F
330
1B
100
AcDbEntity
 67
1
  8
ACERO_SUP_CONT
 62
4
100
AcDbCircle
 10
566.625
 20
250.1841666666667
 30
0.0
 40
0.55
  0
CIRCLE
  5
440
330
1B
100
AcDbEntity
 67
1
  8
ACERO_SUP_CONT
 62
4
100
AcDbCircle
 10
571.25
 20
250.1841666666667
 30
0.0
 40
0.55
  0
CIRCLE
  5
441
330
1B
100
AcDbEntity
 67
1
  8
ACERO_INF
 62
1
100
AcDbCircle
 10
552.75
 20
228.7491666666667
 30
0.0
 40
0.55
  0
CIRCLE
  5
442
330
1B
100
AcDbEntity
 67
1
  8
ACERO_INF
 62
1
100
AcDbCircle
 10
557.375
 20
228.7491666666667
 30
0.0
 40
0.55
  0
CIRCLE
  5
443
330
1B
100
AcDbEntity
 67
1
  8
ACERO_INF
 62
1
100
AcDbCircle
 10
562.0
 20
228.7491666666667
 30
0.0
 40
0.55
  0
CIRCLE
  5
444
330
1B
100
AcDbEntity
 67
1
  8
ACERO_INF
 62
1
100
AcDbCircle
 10
566.625
 20
228.7491666666667
 30
0.0
 40
0.55
  0
CIRCLE
  5
445
330
1B
100
AcDbEntity
 67
1
  8
ACERO_INF
 62
1
100
AcDbCircle
 10
571.25
 20
228.7491666666667
 30
0.0
 40
0.55
  0
TEXT
  5
446
330
1B
100
AcDbEntity
 67
1
  8
TEXTO
 62
7
100
AcDbText
 10
562.0
 20
222.1166666666667
 30
0.0
 40
1.9
  1
SECCIÓN APOYO
 72
1
 11
562.0
 21
222.1166666666667
 31
0.0
100
AcDbText
 73
2
  0
TEXT
  5
447
330
1B
100
AcDbEntity
 67
1
  8
TEXTO
 62
7
100
AcDbText
 10
562.0
 20
219.3166666666667
 30
0.0
 40
1.55
  1
500x550 | 1:20
 72
1
 11
562.0
 21
219.3166666666667
 31
0.0
100
AcDbText
 73
2
  0
TEXT
  5
448
330
1B
100
AcDbEntity
 67
1
  8
TEXTO
100
AcDbText
 10
585.0
 20
291.33333333333337
 30
0.0
 40
2.0
  1
SUP: 5#5
 11
585.0
 21
291.33333333333337
 31
0.0
100
AcDbText
  0
TEXT
  5
449
330
1B
100
AcDbEntity
 67
1
  8
TEXTO
100
AcDbText
 10
585.0
 20
283.33333333333337
 30
0.0
 40
2.0
  1
INF: 5#5
 11
585.0
 21
283.33333333333337
 31
0.0
100
AcDbText
  0
TEXT
  5
44A
330
1B
100
AcDbEntity
 67
1
  8
TEXTO
100
AcDbText
 10
585.0
 20
275.33333333333337
 30
0.0
 40
2.0
  1
TORSIÓN: 0#5
 11
585.0
 21
275.33333333333337
 31
0.0
100
AcDbText
  0
TEXT
  5
44B
330
1B
100
AcDbEntity
 67
1
  8
TEXTO
100
AcDbText
 10
585.0
 20
267.33333333333337
 30
0.0
 40
2.0
  1
EST: Nº4 — 2 RAMAS
 11
585.0
 21
267.33333333333337
 31
0.0
100
AcDbText
  0
TEXT
  5
44C
330
1B
100
AcDbEntity
 67
1
  8
TEXTO
100
AcDbText
 10
585.0
 20
259.33333333333337
 30
0.0
 40
2.0
  1
s EXT/CENTRO: 80/80 mm
 11
585.0
 21
259.33333333333337
 31
0.0
100
AcDbText
  0
TEXT
  5
44D
330
1B
100
AcDbEntity
 67
1
  8
TEXTO
100
AcDbText
 10
585.0
 20
251.33333333333337
 30
0.0
 40
2.0
  1
FRAMES SAP: 22
 11
585.0
 21
251.33333333333337
 31
0.0
100
AcDbText
  0
TEXT
  5
44E
330
1B
100
AcDbEntity
 67
1
  8
TEXTO
100
AcDbText
 10
585.0
 20
243.33333333333337
 30
0.0
 40
2.0
  1
EJE a/e: 1-2-3-4-5-6-8-9-10-11-12-13
 11
585.0
 21
243.33333333333337
 31
0.0
100
AcDbText
  0
LINE
  5
44F
330
1B
100
AcDbEntity
 67
1
  8
MARCO
 62
8
370
13
100
AcDbLine
 10
10.0
 20
166.66666666666669
 30
0.0
 11
697.0
 21
166.66666666666669
 31
0.0
  0
LWPOLYLINE
  5
450
330
1B
100
AcDbEntity
 67
1
  8
MARCO
 62
7
370
25
100
AcDbPolyline
 90
4
 70
1
 10
10.0
 20
72.8
 10
50.0
 20
72.8
 10
50.0
 20
122.8
 10
10.0
 20
122.8
  0
TEXT
  5
451
330
1B
100
AcDbEntity
 67
1
  8
TEXTO
 62
7
100
AcDbText
 10
30.0
 20
116.8
 30
0.0
 40
2.8
  1
VIGA VR2
 72
1
 11
30.0
 21
116.8
 31
0.0
100
AcDbText
 73
2
  0
TEXT
  5
452
330
1B
100
AcDbEntity
 67
1
  8
TEXTO
 62
7
100
AcDbText
 10
30.0
 20
109.8
 30
0.0
 40
2.5
  1
EJE b
 72
1
 11
30.0
 21
109.8
 31
0.0
100
AcDbText
 73
2
  0
TEXT
  5
453
330
1B
100
AcDbEntity
 67
1
  8
TEXTO
 62
7
100
AcDbText
 10
30.0
 20
102.8
 30
0.0
 40
2.2
  1
500x550 mm
 72
1
 11
30.0
 21
102.8
 31
0.0
100
AcDbText
 73
2
  0
TEXT
  5
454
330
1B
100
AcDbEntity
 67
1
  8
TEXTO
100
AcDbText
 10
13.0
 20
94.8
 30
0.0
 40
2.0
  1
SUP 5#5
 11
13.0
 21
94.8
 31
0.0
100
AcDbText
  0
TEXT
  5
455
330
1B
100
AcDbEntity
 67
1
  8
TEXTO
100
AcDbText
 10
13.0
 20
88.8
 30
0.0
 40
2.0
  1
INF 5#5
 11
13.0
 21
88.8
 31
0.0
100
AcDbText
  0
TEXT
  5
456
330
1B
100
AcDbEntity
 67
1
  8
TEXTO
100
AcDbText
 10
13.0
 20
82.8
 30
0.0
 40
2.0
  1
TOR 16#5
 11
13.0
 21
82.8
 31
0.0
100
AcDbText
  0
TEXT
  5
457
330
1B
100
AcDbEntity
 67
1
  8
TEXTO
100
AcDbText
 10
13.0
 20
76.8
 30
0.0
 40
1.8
  1
z=3.5 m
 11
13.0
 21
76.8
 31
0.0
100
AcDbText
  0
LWPOLYLINE
  5
458
330
1B
100
AcDbEntity
 67
1
  8
CONTORNO
 62
7
370
25
100
AcDbPolyline
 90
4
 70
1
 10
57.05
 20
87.8
 10
452.634
 20
87.8
 10
452.634
 20
112.8
 10
57.05
 20
112.8
  0
LWPOLYLINE
  5
459
330
1B
100
AcDbEntity
 67
1
  8
APOYOS
 62
9
370
15
100
AcDbPolyline
 90
4
 70
1
 10
54.55
 20
83.8
 10
59.55
 20
83.8
 10
59.55
 20
116.8
 10
54.55
 20
116.8
  0
LINE
  5
45A
330
1B
100
AcDbEntity
 67
1
  8
EJES
  6
DASHED
 62
1
370
9
100
AcDbLine
 10
57.05
 20
76.8
 30
0.0
 11
57.05
 21
128.8
 31
0.0
  0
CIRCLE
  5
45B
330
1B
100
AcDbEntity
 67
1
  8
EJES
 62
1
370
18
100
AcDbCircle
 10
57.05
 20
124.8
 30
0.0
 40
3.5
  0
TEXT
  5
45C
330
1B
100
AcDbEntity
 67
1
  8
EJES
 62
1
100
AcDbText
 10
57.05
 20
124.8
 30
0.0
 40
2.5
  1
14
 72
1
 11
57.05
 21
124.8
 31
0.0
100
AcDbText
 73
2
  0
LWPOLYLINE
  5
45D
330
1B
100
AcDbEntity
 67
1
  8
APOYOS
 62
9
370
15
100
AcDbPolyline
 90
4
 70
1
 10
69.55
 20
83.8
 10
74.55
 20
83.8
 10
74.55
 20
116.8
 10
69.55
 20
116.8
  0
LINE
  5
45E
330
1B
100
AcDbEntity
 67
1
  8
EJES
  6
DASHED
 62
1
370
9
100
AcDbLine
 10
72.05
 20
76.8
 30
0.0
 11
72.05
 21
136.8
 31
0.0
  0
CIRCLE
  5
45F
330
1B
100
AcDbEntity
 67
1
  8
EJES
 62
1
370
18
100
AcDbCircle
 10
72.05
 20
132.8
 30
0.0
 40
3.5
  0
TEXT
  5
460
330
1B
100
AcDbEntity
 67
1
  8
EJES
 62
1
100
AcDbText
 10
72.05
 20
132.8
 30
0.0
 40
2.5
  1
1
 72
1
 11
72.05
 21
132.8
 31
0.0
100
AcDbText
 73
2
  0
LWPOLYLINE
  5
461
330
1B
100
AcDbEntity
 67
1
  8
APOYOS
 62
9
370
15
100
AcDbPolyline
 90
4
 70
1
 10
95.55
 20
83.8
 10
100.55
 20
83.8
 10
100.55
 20
116.8
 10
95.55
 20
116.8
  0
LINE
  5
462
330
1B
100
AcDbEntity
 67
1
  8
EJES
  6
DASHED
 62
1
370
9
100
AcDbLine
 10
98.05
 20
76.8
 30
0.0
 11
98.05
 21
128.8
 31
0.0
  0
CIRCLE
  5
463
330
1B
100
AcDbEntity
 67
1
  8
EJES
 62
1
370
18
100
AcDbCircle
 10
98.05
 20
124.8
 30
0.0
 40
3.5
  0
TEXT
  5
464
330
1B
100
AcDbEntity
 67
1
  8
EJES
 62
1
100
AcDbText
 10
98.05
 20
124.8
 30
0.0
 40
2.5
  1
2
 72
1
 11
98.05
 21
124.8
 31
0.0
100
AcDbText
 73
2
  0
LWPOLYLINE
  5
465
330
1B
100
AcDbEntity
 67
1
  8
APOYOS
 62
9
370
15
100
AcDbPolyline
 90
4
 70
1
 10
132.0808
 20
83.8
 10
137.0808
 20
83.8
 10
137.0808
 20
116.8
 10
132.0808
 20
116.8
  0
LINE
  5
466
330
1B
100
AcDbEntity
 67
1
  8
EJES
  6
DASHED
 62
1
370
9
100
AcDbLine
 10
134.5808
 20
76.8
 30
0.0
 11
134.5808
 21
136.8
 31
0.0
  0
CIRCLE
  5
467
330
1B
100
AcDbEntity
 67
1
  8
EJES
 62
1
370
18
100
AcDbCircle
 10
134.5808
 20
132.8
 30
0.0
 40
3.5
  0
TEXT
  5
468
330
1B
100
AcDbEntity
 67
1
  8
EJES
 62
1
100
AcDbText
 10
134.5808
 20
132.8
 30
0.0
 40
2.5
  1
3
 72
1
 11
134.5808
 21
132.8
 31
0.0
100
AcDbText
 73
2
  0
LWPOLYLINE
  5
469
330
1B
100
AcDbEntity
 67
1
  8
APOYOS
 62
9
370
15
100
AcDbPolyline
 90
4
 70
1
 10
158.0808
 20
83.8
 10
163.0808
 20
83.8
 10
163.0808
 20
116.8
 10
158.0808
 20
116.8
  0
LINE
  5
46A
330
1B
100
AcDbEntity
 67
1
  8
EJES
  6
DASHED
 62
1
370
9
100
AcDbLine
 10
160.5808
 20
76.8
 30
0.0
 11
160.5808
 21
128.8
 31
0.0
  0
CIRCLE
  5
46B
330
1B
100
AcDbEntity
 67
1
  8
EJES
 62
1
370
18
100
AcDbCircle
 10
160.5808
 20
124.8
 30
0.0
 40
3.5
  0
TEXT
  5
46C
330
1B
100
AcDbEntity
 67
1
  8
EJES
 62
1
100
AcDbText
 10
160.5808
 20
124.8
 30
0.0
 40
2.5
  1
4
 72
1
 11
160.5808
 21
124.8
 31
0.0
100
AcDbText
 73
2
  0
LWPOLYLINE
  5
46D
330
1B
100
AcDbEntity
 67
1
  8
APOYOS
 62
9
370
15
100
AcDbPolyline
 90
4
 70
1
 10
183.0808
 20
83.8
 10
188.0808
 20
83.8
 10
188.0808
 20
116.8
 10
183.0808
 20
116.8
  0
LINE
  5
46E
330
1B
100
AcDbEntity
 67
1
  8
EJES
  6
DASHED
 62
1
370
9
100
AcDbLine
 10
185.5808
 20
76.8
 30
0.0
 11
185.5808
 21
136.8
 31
0.0
  0
CIRCLE
  5
46F
330
1B
100
AcDbEntity
 67
1
  8
EJES
 62
1
370
18
100
AcDbCircle
 10
185.5808
 20
132.8
 30
0.0
 40
3.5
  0
TEXT
  5
470
330
1B
100
AcDbEntity
 67
1
  8
EJES
 62
1
100
AcDbText
 10
185.5808
 20
132.8
 30
0.0
 40
2.5
  1
5
 72
1
 11
185.5808
 21
132.8
 31
0.0
100
AcDbText
 73
2
  0
LWPOLYLINE
  5
471
330
1B
100
AcDbEntity
 67
1
  8
APOYOS
 62
9
370
15
100
AcDbPolyline
 90
4
 70
1
 10
224.842
 20
83.8
 10
229.842
 20
83.8
 10
229.842
 20
116.8
 10
224.842
 20
116.8
  0
LINE
  5
472
330
1B
100
AcDbEntity
 67
1
  8
EJES
  6
DASHED
 62
1
370
9
100
AcDbLine
 10
227.342
 20
76.8
 30
0.0
 11
227.342
 21
128.8
 31
0.0
  0
CIRCLE
  5
473
330
1B
100
AcDbEntity
 67
1
  8
EJES
 62
1
370
18
100
AcDbCircle
 10
227.342
 20
124.8
 30
0.0
 40
3.5
  0
TEXT
  5
474
330
1B
100
AcDbEntity
 67
1
  8
EJES
 62
1
100
AcDbText
 10
227.342
 20
124.8
 30
0.0
 40
2.5
  1
6
 72
1
 11
227.342
 21
124.8
 31
0.0
100
AcDbText
 73
2
  0
LWPOLYLINE
  5
475
330
1B
100
AcDbEntity
 67
1
  8
APOYOS
 62
9
370
15
100
AcDbPolyline
 90
4
 70
1
 10
252.842
 20
83.8
 10
257.842
 20
83.8
 10
257.842
 20
116.8
 10
252.842
 20
116.8
  0
LINE
  5
476
330
1B
100
AcDbEntity
 67
1
  8
EJES
  6
DASHED
 62
1
370
9
100
AcDbLine
 10
255.342
 20
76.8
 30
0.0
 11
255.342
 21
136.8
 31
0.0
  0
CIRCLE
  5
477
330
1B
100
AcDbEntity
 67
1
  8
EJES
 62
1
370
18
100
AcDbCircle
 10
255.342
 20
132.8
 30
0.0
 40
3.5
  0
TEXT
  5
478
330
1B
100
AcDbEntity
 67
1
  8
EJES
 62
1
100
AcDbText
 10
255.342
 20
132.8
 30
0.0
 40
2.5
  1
7
 72
1
 11
255.342
 21
132.8
 31
0.0
100
AcDbText
 73
2
  0
LWPOLYLINE
  5
479
330
1B
100
AcDbEntity
 67
1
  8
APOYOS
 62
9
370
15
100
AcDbPolyline
 90
4
 70
1
 10
279.842
 20
83.8
 10
284.842
 20
83.8
 10
284.842
 20
116.8
 10
279.842
 20
116.8
  0
LINE
  5
47A
330
1B
100
AcDbEntity
 67
1
  8
EJES
  6
DASHED
 62
1
370
9
100
AcDbLine
 10
282.342
 20
76.8
 30
0.0
 11
282.342
 21
128.8
 31
0.0
  0
CIRCLE
  5
47B
330
1B
100
AcDbEntity
 67
1
  8
EJES
 62
1
370
18
100
AcDbCircle
 10
282.342
 20
124.8
 30
0.0
 40
3.5
  0
TEXT
  5
47C
330
1B
100
AcDbEntity
 67
1
  8
EJES
 62
1
100
AcDbText
 10
282.342
 20
124.8
 30
0.0
 40
2.5
  1
8
 72
1
 11
282.342
 21
124.8
 31
0.0
100
AcDbText
 73
2
  0
LWPOLYLINE
  5
47D
330
1B
100
AcDbEntity
 67
1
  8
APOYOS
 62
9
370
15
100
AcDbPolyline
 90
4
 70
1
 10
321.6032
 20
83.8
 10
326.6032
 20
83.8
 10
326.6032
 20
116.8
 10
321.6032
 20
116.8
  0
LINE
  5
47E
330
1B
100
AcDbEntity
 67
1
  8
EJES
  6
DASHED
 62
1
370
9
100
AcDbLine
 10
324.1032
 20
76.8
 30
0.0
 11
324.1032
 21
136.8
 31
0.0
  0
CIRCLE
  5
47F
330
1B
100
AcDbEntity
 67
1
  8
EJES
 62
1
370
18
100
AcDbCircle
 10
324.1032
 20
132.8
 30
0.0
 40
3.5
  0
TEXT
  5
480
330
1B
100
AcDbEntity
 67
1
  8
EJES
 62
1
100
AcDbText
 10
324.1032
 20
132.8
 30
0.0
 40
2.5
  1
9
 72
1
 11
324.1032
 21
132.8
 31
0.0
100
AcDbText
 73
2
  0
LWPOLYLINE
  5
481
330
1B
100
AcDbEntity
 67
1
  8
APOYOS
 62
9
370
15
100
AcDbPolyline
 90
4
 70
1
 10
346.6032
 20
83.8
 10
351.6032
 20
83.8
 10
351.6032
 20
116.8
 10
346.6032
 20
116.8
  0
LINE
  5
482
330
1B
100
AcDbEntity
 67
1
  8
EJES
  6
DASHED
 62
1
370
9
100
AcDbLine
 10
349.1032
 20
76.8
 30
0.0
 11
349.1032
 21
128.8
 31
0.0
  0
CIRCLE
  5
483
330
1B
100
AcDbEntity
 67
1
  8
EJES
 62
1
370
18
100
AcDbCircle
 10
349.1032
 20
124.8
 30
0.0
 40
3.5
  0
TEXT
  5
484
330
1B
100
AcDbEntity
 67
1
  8
EJES
 62
1
100
AcDbText
 10
349.1032
 20
124.8
 30
0.0
 40
2.5
  1
10
 72
1
 11
349.1032
 21
124.8
 31
0.0
100
AcDbText
 73
2
  0
LWPOLYLINE
  5
485
330
1B
100
AcDbEntity
 67
1
  8
APOYOS
 62
9
370
15
100
AcDbPolyline
 90
4
 70
1
 10
372.6032
 20
83.8
 10
377.6032
 20
83.8
 10
377.6032
 20
116.8
 10
372.6032
 20
116.8
  0
LINE
  5
486
330
1B
100
AcDbEntity
 67
1
  8
EJES
  6
DASHED
 62
1
370
9
100
AcDbLine
 10
375.1032
 20
76.8
 30
0.0
 11
375.1032
 21
136.8
 31
0.0
  0
CIRCLE
  5
487
330
1B
100
AcDbEntity
 67
1
  8
EJES
 62
1
370
18
100
AcDbCircle
 10
375.1032
 20
132.8
 30
0.0
 40
3.5
  0
TEXT
  5
488
330
1B
100
AcDbEntity
 67
1
  8
EJES
 62
1
100
AcDbText
 10
375.1032
 20
132.8
 30
0.0
 40
2.5
  1
11
 72
1
 11
375.1032
 21
132.8
 31
0.0
100
AcDbText
 73
2
  0
LWPOLYLINE
  5
489
330
1B
100
AcDbEntity
 67
1
  8
APOYOS
 62
9
370
15
100
AcDbPolyline
 90
4
 70
1
 10
409.134
 20
83.8
 10
414.134
 20
83.8
 10
414.134
 20
116.8
 10
409.134
 20
116.8
  0
LINE
  5
48A
330
1B
100
AcDbEntity
 67
1
  8
EJES
  6
DASHED
 62
1
370
9
100
AcDbLine
 10
411.634
 20
76.8
 30
0.0
 11
411.634
 21
128.8
 31
0.0
  0
CIRCLE
  5
48B
330
1B
100
AcDbEntity
 67
1
  8
EJES
 62
1
370
18
100
AcDbCircle
 10
411.634
 20
124.8
 30
0.0
 40
3.5
  0
TEXT
  5
48C
330
1B
100
AcDbEntity
 67
1
  8
EJES
 62
1
100
AcDbText
 10
411.634
 20
124.8
 30
0.0
 40
2.5
  1
12
 72
1
 11
411.634
 21
124.8
 31
0.0
100
AcDbText
 73
2
  0
LWPOLYLINE
  5
48D
330
1B
100
AcDbEntity
 67
1
  8
APOYOS
 62
9
370
15
100
AcDbPolyline
 90
4
 70
1
 10
435.134
 20
83.8
 10
440.134
 20
83.8
 10
440.134
 20
116.8
 10
435.134
 20
116.8
  0
LINE
  5
48E
330
1B
100
AcDbEntity
 67
1
  8
EJES
  6
DASHED
 62
1
370
9
100
AcDbLine
 10
437.634
 20
76.8
 30
0.0
 11
437.634
 21
136.8
 31
0.0
  0
CIRCLE
  5
48F
330
1B
100
AcDbEntity
 67
1
  8
EJES
 62
1
370
18
100
AcDbCircle
 10
437.634
 20
132.8
 30
0.0
 40
3.5
  0
TEXT
  5
490
330
1B
100
AcDbEntity
 67
1
  8
EJES
 62
1
100
AcDbText
 10
437.634
 20
132.8
 30
0.0
 40
2.5
  1
13
 72
1
 11
437.634
 21
132.8
 31
0.0
100
AcDbText
 73
2
  0
LWPOLYLINE
  5
491
330
1B
100
AcDbEntity
 67
1
  8
APOYOS
 62
9
370
15
100
AcDbPolyline
 90
4
 70
1
 10
450.134
 20
83.8
 10
455.134
 20
83.8
 10
455.134
 20
116.8
 10
450.134
 20
116.8
  0
LINE
  5
492
330
1B
100
AcDbEntity
 67
1
  8
EJES
  6
DASHED
 62
1
370
9
100
AcDbLine
 10
452.634
 20
76.8
 30
0.0
 11
452.634
 21
128.8
 31
0.0
  0
CIRCLE
  5
493
330
1B
100
AcDbEntity
 67
1
  8
EJES
 62
1
370
18
100
AcDbCircle
 10
452.634
 20
124.8
 30
0.0
 40
3.5
  0
TEXT
  5
494
330
1B
100
AcDbEntity
 67
1
  8
EJES
 62
1
100
AcDbText
 10
452.634
 20
124.8
 30
0.0
 40
2.5
  1
15
 72
1
 11
452.634
 21
124.8
 31
0.0
100
AcDbText
 73
2
  0
LINE
  5
495
330
1B
100
AcDbEntity
 67
1
  8
ESTRIBOS
 62
8
370
9
100
AcDbLine
 10
57.55
 20
88.8
 30
0.0
 11
57.55
 21
111.8
 31
0.0
  0
LINE
  5
496
330
1B
100
AcDbEntity
 67
1
  8
ESTRIBOS
 62
8
370
9
100
AcDbLine
 10
58.45
 20
88.8
 30
0.0
 11
58.45
 21
111.8
 31
0.0
  0
LINE
  5
497
330
1B
100
AcDbEntity
 67
1
  8
ESTRIBOS
 62
8
370
9
100
AcDbLine
 10
59.35
 20
88.8
 30
0.0
 11
59.35
 21
111.8
 31
0.0
  0
LINE
  5
498
330
1B
100
AcDbEntity
 67
1
  8
ESTRIBOS
 62
8
370
9
100
AcDbLine
 10
60.25
 20
88.8
 30
0.0
 11
60.25
 21
111.8
 31
0.0
  0
LINE
  5
499
330
1B
100
AcDbEntity
 67
1
  8
ESTRIBOS
 62
8
370
9
100
AcDbLine
 10
61.15
 20
88.8
 30
0.0
 11
61.15
 21
111.8
 31
0.0
  0
LINE
  5
49A
330
1B
100
AcDbEntity
 67
1
  8
ESTRIBOS
 62
8
370
9
100
AcDbLine
 10
62.05
 20
88.8
 30
0.0
 11
62.05
 21
111.8
 31
0.0
  0
LINE
  5
49B
330
1B
100
AcDbEntity
 67
1
  8
ESTRIBOS
 62
8
370
9
100
AcDbLine
 10
62.95
 20
88.8
 30
0.0
 11
62.95
 21
111.8
 31
0.0
  0
LINE
  5
49C
330
1B
100
AcDbEntity
 67
1
  8
ESTRIBOS
 62
8
370
9
100
AcDbLine
 10
63.85
 20
88.8
 30
0.0
 11
63.85
 21
111.8
 31
0.0
  0
LINE
  5
49D
330
1B
100
AcDbEntity
 67
1
  8
ESTRIBOS
 62
8
370
9
100
AcDbLine
 10
65.25
 20
88.8
 30
0.0
 11
65.25
 21
111.8
 31
0.0
  0
LINE
  5
49E
330
1B
100
AcDbEntity
 67
1
  8
ESTRIBOS
 62
8
370
9
100
AcDbLine
 10
66.15
 20
88.8
 30
0.0
 11
66.15
 21
111.8
 31
0.0
  0
LINE
  5
49F
330
1B
100
AcDbEntity
 67
1
  8
ESTRIBOS
 62
8
370
9
100
AcDbLine
 10
67.05
 20
88.8
 30
0.0
 11
67.05
 21
111.8
 31
0.0
  0
LINE
  5
4A0
330
1B
100
AcDbEntity
 67
1
  8
ESTRIBOS
 62
8
370
9
100
AcDbLine
 10
67.95
 20
88.8
 30
0.0
 11
67.95
 21
111.8
 31
0.0
  0
LINE
  5
4A1
330
1B
100
AcDbEntity
 67
1
  8
ESTRIBOS
 62
8
370
9
100
AcDbLine
 10
68.85
 20
88.8
 30
0.0
 11
68.85
 21
111.8
 31
0.0
  0
LINE
  5
4A2
330
1B
100
AcDbEntity
 67
1
  8
ESTRIBOS
 62
8
370
9
100
AcDbLine
 10
69.75
 20
88.8
 30
0.0
 11
69.75
 21
111.8
 31
0.0
  0
LINE
  5
4A3
330
1B
100
AcDbEntity
 67
1
  8
ESTRIBOS
 62
8
370
9
100
AcDbLine
 10
70.65
 20
88.8
 30
0.0
 11
70.65
 21
111.8
 31
0.0
  0
LINE
  5
4A4
330
1B
100
AcDbEntity
 67
1
  8
ESTRIBOS
 62
8
370
9
100
AcDbLine
 10
71.55
 20
88.8
 30
0.0
 11
71.55
 21
111.8
 31
0.0
  0
TEXT
  5
4A5
330
1B
100
AcDbEntity
 67
1
  8
ESTRIBOS
 62
8
100
AcDbText
 10
64.55
 20
99.5
 30
0.0
 40
1.6
  1
Nº4 4R @90/@90
 72
1
 11
64.55
 21
99.5
 31
0.0
100
AcDbText
 73
2
  0
LINE
  5
4A6
330
1B
100
AcDbEntity
 67
1
  8
ESTRIBOS
 62
8
370
9
100
AcDbLine
 10
72.55
 20
88.8
 30
0.0
 11
72.55
 21
111.8
 31
0.0
  0
LINE
  5
4A7
330
1B
100
AcDbEntity
 67
1
  8
ESTRIBOS
 62
8
370
9
100
AcDbLine
 10
73.45
 20
88.8
 30
0.0
 11
73.45
 21
111.8
 31
0.0
  0
LINE
  5
4A8
330
1B
100
AcDbEntity
 67
1
  8
ESTRIBOS
 62
8
370
9
100
AcDbLine
 10
74.35
 20
88.8
 30
0.0
 11
74.35
 21
111.8
 31
0.0
  0
LINE
  5
4A9
330
1B
100
AcDbEntity
 67
1
  8
ESTRIBOS
 62
8
370
9
100
AcDbLine
 10
75.25
 20
88.8
 30
0.0
 11
75.25
 21
111.8
 31
0.0
  0
LINE
  5
4AA
330
1B
100
AcDbEntity
 67
1
  8
ESTRIBOS
 62
8
370
9
100
AcDbLine
 10
76.15
 20
88.8
 30
0.0
 11
76.15
 21
111.8
 31
0.0
  0
LINE
  5
4AB
330
1B
100
AcDbEntity
 67
1
  8
ESTRIBOS
 62
8
370
9
100
AcDbLine
 10
77.05
 20
88.8
 30
0.0
 11
77.05
 21
111.8
 31
0.0
  0
LINE
  5
4AC
330
1B
100
AcDbEntity
 67
1
  8
ESTRIBOS
 62
8
370
9
100
AcDbLine
 10
77.95
 20
88.8
 30
0.0
 11
77.95
 21
111.8
 31
0.0
  0
LINE
  5
4AD
330
1B
100
AcDbEntity
 67
1
  8
ESTRIBOS
 62
8
370
9
100
AcDbLine
 10
78.85
 20
88.8
 30
0.0
 11
78.85
 21
111.8
 31
0.0
  0
LINE
  5
4AE
330
1B
100
AcDbEntity
 67
1
  8
ESTRIBOS
 62
8
370
9
100
AcDbLine
 10
79.75
 20
88.8
 30
0.0
 11
79.75
 21
111.8
 31
0.0
  0
LINE
  5
4AF
330
1B
100
AcDbEntity
 67
1
  8
ESTRIBOS
 62
8
370
9
100
AcDbLine
 10
80.65
 20
88.8
 30
0.0
 11
80.65
 21
111.8
 31
0.0
  0
LINE
  5
4B0
330
1B
100
AcDbEntity
 67
1
  8
ESTRIBOS
 62
8
370
9
100
AcDbLine
 10
81.55
 20
88.8
 30
0.0
 11
81.55
 21
111.8
 31
0.0
  0
LINE
  5
4B1
330
1B
100
AcDbEntity
 67
1
  8
ESTRIBOS
 62
8
370
9
100
AcDbLine
 10
82.45
 20
88.8
 30
0.0
 11
82.45
 21
111.8
 31
0.0
  0
LINE
  5
4B2
330
1B
100
AcDbEntity
 67
1
  8
ESTRIBOS
 62
8
370
9
100
AcDbLine
 10
83.95
 20
88.8
 30
0.0
 11
83.95
 21
111.8
 31
0.0
  0
LINE
  5
4B3
330
1B
100
AcDbEntity
 67
1
  8
ESTRIBOS
 62
8
370
9
100
AcDbLine
 10
84.85
 20
88.8
 30
0.0
 11
84.85
 21
111.8
 31
0.0
  0
LINE
  5
4B4
330
1B
100
AcDbEntity
 67
1
  8
ESTRIBOS
 62
8
370
9
100
AcDbLine
 10
85.75
 20
88.8
 30
0.0
 11
85.75
 21
111.8
 31
0.0
  0
LINE
  5
4B5
330
1B
100
AcDbEntity
 67
1
  8
ESTRIBOS
 62
8
370
9
100
AcDbLine
 10
86.65
 20
88.8
 30
0.0
 11
86.65
 21
111.8
 31
0.0
  0
LINE
  5
4B6
330
1B
100
AcDbEntity
 67
1
  8
ESTRIBOS
 62
8
370
9
100
AcDbLine
 10
87.65
 20
88.8
 30
0.0
 11
87.65
 21
111.8
 31
0.0
  0
LINE
  5
4B7
330
1B
100
AcDbEntity
 67
1
  8
ESTRIBOS
 62
8
370
9
100
AcDbLine
 10
88.55
 20
88.8
 30
0.0
 11
88.55
 21
111.8
 31
0.0
  0
LINE
  5
4B8
330
1B
100
AcDbEntity
 67
1
  8
ESTRIBOS
 62
8
370
9
100
AcDbLine
 10
89.45
 20
88.8
 30
0.0
 11
89.45
 21
111.8
 31
0.0
  0
LINE
  5
4B9
330
1B
100
AcDbEntity
 67
1
  8
ESTRIBOS
 62
8
370
9
100
AcDbLine
 10
90.35
 20
88.8
 30
0.0
 11
90.35
 21
111.8
 31
0.0
  0
LINE
  5
4BA
330
1B
100
AcDbEntity
 67
1
  8
ESTRIBOS
 62
8
370
9
100
AcDbLine
 10
91.25
 20
88.8
 30
0.0
 11
91.25
 21
111.8
 31
0.0
  0
LINE
  5
4BB
330
1B
100
AcDbEntity
 67
1
  8
ESTRIBOS
 62
8
370
9
100
AcDbLine
 10
92.15
 20
88.8
 30
0.0
 11
92.15
 21
111.8
 31
0.0
  0
LINE
  5
4BC
330
1B
100
AcDbEntity
 67
1
  8
ESTRIBOS
 62
8
370
9
100
AcDbLine
 10
93.05
 20
88.8
 30
0.0
 11
93.05
 21
111.8
 31
0.0
  0
LINE
  5
4BD
330
1B
100
AcDbEntity
 67
1
  8
ESTRIBOS
 62
8
370
9
100
AcDbLine
 10
93.95
 20
88.8
 30
0.0
 11
93.95
 21
111.8
 31
0.0
  0
LINE
  5
4BE
330
1B
100
AcDbEntity
 67
1
  8
ESTRIBOS
 62
8
370
9
100
AcDbLine
 10
94.85
 20
88.8
 30
0.0
 11
94.85
 21
111.8
 31
0.0
  0
LINE
  5
4BF
330
1B
100
AcDbEntity
 67
1
  8
ESTRIBOS
 62
8
370
9
100
AcDbLine
 10
95.75
 20
88.8
 30
0.0
 11
95.75
 21
111.8
 31
0.0
  0
LINE
  5
4C0
330
1B
100
AcDbEntity
 67
1
  8
ESTRIBOS
 62
8
370
9
100
AcDbLine
 10
96.65
 20
88.8
 30
0.0
 11
96.65
 21
111.8
 31
0.0
  0
LINE
  5
4C1
330
1B
100
AcDbEntity
 67
1
  8
ESTRIBOS
 62
8
370
9
100
AcDbLine
 10
97.55
 20
88.8
 30
0.0
 11
97.55
 21
111.8
 31
0.0
  0
TEXT
  5
4C2
330
1B
100
AcDbEntity
 67
1
  8
ESTRIBOS
 62
8
100
AcDbText
 10
85.05
 20
99.5
 30
0.0
 40
1.6
  1
Nº4 4R @90/@90
 72
1
 11
85.05
 21
99.5
 31
0.0
100
AcDbText
 73
2
  0
LINE
  5
4C3
330
1B
100
AcDbEntity
 67
1
  8
ESTRIBOS
 62
8
370
9
100
AcDbLine
 10
98.55
 20
88.8
 30
0.0
 11
98.55
 21
111.8
 31
0.0
  0
LINE
  5
4C4
330
1B
100
AcDbEntity
 67
1
  8
ESTRIBOS
 62
8
370
9
100
AcDbLine
 10
99.45
 20
88.8
 30
0.0
 11
99.45
 21
111.8
 31
0.0
  0
LINE
  5
4C5
330
1B
100
AcDbEntity
 67
1
  8
ESTRIBOS
 62
8
370
9
100
AcDbLine
 10
100.35
 20
88.8
 30
0.0
 11
100.35
 21
111.8
 31
0.0
  0
LINE
  5
4C6
330
1B
100
AcDbEntity
 67
1
  8
ESTRIBOS
 62
8
370
9
100
AcDbLine
 10
101.25
 20
88.8
 30
0.0
 11
101.25
 21
111.8
 31
0.0
  0
LINE
  5
4C7
330
1B
100
AcDbEntity
 67
1
  8
ESTRIBOS
 62
8
370
9
100
AcDbLine
 10
102.15
 20
88.8
 30
0.0
 11
102.15
 21
111.8
 31
0.0
  0
LINE
  5
4C8
330
1B
100
AcDbEntity
 67
1
  8
ESTRIBOS
 62
8
370
9
100
AcDbLine
 10
103.05
 20
88.8
 30
0.0
 11
103.05
 21
111.8
 31
0.0
  0
LINE
  5
4C9
330
1B
100
AcDbEntity
 67
1
  8
ESTRIBOS
 62
8
370
9
100
AcDbLine
 10
103.95
 20
88.8
 30
0.0
 11
103.95
 21
111.8
 31
0.0
  0
LINE
  5
4CA
330
1B
100
AcDbEntity
 67
1
  8
ESTRIBOS
 62
8
370
9
100
AcDbLine
 10
104.85
 20
88.8
 30
0.0
 11
104.85
 21
111.8
 31
0.0
  0
LINE
  5
4CB
330
1B
100
AcDbEntity
 67
1
  8
ESTRIBOS
 62
8
370
9
100
AcDbLine
 10
105.75
 20
88.8
 30
0.0
 11
105.75
 21
111.8
 31
0.0
  0
LINE
  5
4CC
330
1B
100
AcDbEntity
 67
1
  8
ESTRIBOS
 62
8
370
9
100
AcDbLine
 10
106.65
 20
88.8
 30
0.0
 11
106.65
 21
111.8
 31
0.0
  0
LINE
  5
4CD
330
1B
100
AcDbEntity
 67
1
  8
ESTRIBOS
 62
8
370
9
100
AcDbLine
 10
107.55
 20
88.8
 30
0.0
 11
107.55
 21
111.8
 31
0.0
  0
LINE
  5
4CE
330
1B
100
AcDbEntity
 67
1
  8
ESTRIBOS
 62
8
370
9
100
AcDbLine
 10
108.45
 20
88.8
 30
0.0
 11
108.45
 21
111.8
 31
0.0
  0
LINE
  5
4CF
330
1B
100
AcDbEntity
 67
1
  8
ESTRIBOS
 62
8
370
9
100
AcDbLine
 10
109.95
 20
88.8
 30
0.0
 11
109.95
 21
111.8
 31
0.0
  0
LINE
  5
4D0
330
1B
100
AcDbEntity
 67
1
  8
ESTRIBOS
 62
8
370
9
100
AcDbLine
 10
110.85
 20
88.8
 30
0.0
 11
110.85
 21
111.8
 31
0.0
  0
LINE
  5
4D1
330
1B
100
AcDbEntity
 67
1
  8
ESTRIBOS
 62
8
370
9
100
AcDbLine
 10
111.75
 20
88.8
 30
0.0
 11
111.75
 21
111.8
 31
0.0
  0
LINE
  5
4D2
330
1B
100
AcDbEntity
 67
1
  8
ESTRIBOS
 62
8
370
9
100
AcDbLine
 10
112.65
 20
88.8
 30
0.0
 11
112.65
 21
111.8
 31
0.0
  0
LINE
  5
4D3
330
1B
100
AcDbEntity
 67
1
  8
ESTRIBOS
 62
8
370
9
100
AcDbLine
 10
113.55
 20
88.8
 30
0.0
 11
113.55
 21
111.8
 31
0.0
  0
LINE
  5
4D4
330
1B
100
AcDbEntity
 67
1
  8
ESTRIBOS
 62
8
370
9
100
AcDbLine
 10
114.45
 20
88.8
 30
0.0
 11
114.45
 21
111.8
 31
0.0
  0
LINE
  5
4D5
330
1B
100
AcDbEntity
 67
1
  8
ESTRIBOS
 62
8
370
9
100
AcDbLine
 10
115.35
 20
88.8
 30
0.0
 11
115.35
 21
111.8
 31
0.0
  0
LINE
  5
4D6
330
1B
100
AcDbEntity
 67
1
  8
ESTRIBOS
 62
8
370
9
100
AcDbLine
 10
116.25
 20
88.8
 30
0.0
 11
116.25
 21
111.8
 31
0.0
  0
LINE
  5
4D7
330
1B
100
AcDbEntity
 67
1
  8
ESTRIBOS
 62
8
370
9
100
AcDbLine
 10
117.15
 20
88.8
 30
0.0
 11
117.15
 21
111.8
 31
0.0
  0
LINE
  5
4D8
330
1B
100
AcDbEntity
 67
1
  8
ESTRIBOS
 62
8
370
9
100
AcDbLine
 10
118.05
 20
88.8
 30
0.0
 11
118.05
 21
111.8
 31
0.0
  0
LINE
  5
4D9
330
1B
100
AcDbEntity
 67
1
  8
ESTRIBOS
 62
8
370
9
100
AcDbLine
 10
118.95
 20
88.8
 30
0.0
 11
118.95
 21
111.8
 31
0.0
  0
LINE
  5
4DA
330
1B
100
AcDbEntity
 67
1
  8
ESTRIBOS
 62
8
370
9
100
AcDbLine
 10
119.85
 20
88.8
 30
0.0
 11
119.85
 21
111.8
 31
0.0
  0
LINE
  5
4DB
330
1B
100
AcDbEntity
 67
1
  8
ESTRIBOS
 62
8
370
9
100
AcDbLine
 10
120.75
 20
88.8
 30
0.0
 11
120.75
 21
111.8
 31
0.0
  0
LINE
  5
4DC
330
1B
100
AcDbEntity
 67
1
  8
ESTRIBOS
 62
8
370
9
100
AcDbLine
 10
121.65
 20
88.8
 30
0.0
 11
121.65
 21
111.8
 31
0.0
  0
LINE
  5
4DD
330
1B
100
AcDbEntity
 67
1
  8
ESTRIBOS
 62
8
370
9
100
AcDbLine
 10
122.55
 20
88.8
 30
0.0
 11
122.55
 21
111.8
 31
0.0
  0
LINE
  5
4DE
330
1B
100
AcDbEntity
 67
1
  8
ESTRIBOS
 62
8
370
9
100
AcDbLine
 10
123.45
 20
88.8
 30
0.0
 11
123.45
 21
111.8
 31
0.0
  0
LINE
  5
4DF
330
1B
100
AcDbEntity
 67
1
  8
ESTRIBOS
 62
8
370
9
100
AcDbLine
 10
124.1808
 20
88.8
 30
0.0
 11
124.1808
 21
111.8
 31
0.0
  0
LINE
  5
4E0
330
1B
100
AcDbEntity
 67
1
  8
ESTRIBOS
 62
8
370
9
100
AcDbLine
 10
125.0808
 20
88.8
 30
0.0
 11
125.0808
 21
111.8
 31
0.0
  0
LINE
  5
4E1
330
1B
100
AcDbEntity
 67
1
  8
ESTRIBOS
 62
8
370
9
100
AcDbLine
 10
125.9808
 20
88.8
 30
0.0
 11
125.9808
 21
111.8
 31
0.0
  0
LINE
  5
4E2
330
1B
100
AcDbEntity
 67
1
  8
ESTRIBOS
 62
8
370
9
100
AcDbLine
 10
126.8808
 20
88.8
 30
0.0
 11
126.8808
 21
111.8
 31
0.0
  0
LINE
  5
4E3
330
1B
100
AcDbEntity
 67
1
  8
ESTRIBOS
 62
8
370
9
100
AcDbLine
 10
127.7808
 20
88.8
 30
0.0
 11
127.7808
 21
111.8
 31
0.0
  0
LINE
  5
4E4
330
1B
100
AcDbEntity
 67
1
  8
ESTRIBOS
 62
8
370
9
100
AcDbLine
 10
128.6808
 20
88.8
 30
0.0
 11
128.6808
 21
111.8
 31
0.0
  0
LINE
  5
4E5
330
1B
100
AcDbEntity
 67
1
  8
ESTRIBOS
 62
8
370
9
100
AcDbLine
 10
129.5808
 20
88.8
 30
0.0
 11
129.5808
 21
111.8
 31
0.0
  0
LINE
  5
4E6
330
1B
100
AcDbEntity
 67
1
  8
ESTRIBOS
 62
8
370
9
100
AcDbLine
 10
130.4808
 20
88.8
 30
0.0
 11
130.4808
 21
111.8
 31
0.0
  0
LINE
  5
4E7
330
1B
100
AcDbEntity
 67
1
  8
ESTRIBOS
 62
8
370
9
100
AcDbLine
 10
131.3808
 20
88.8
 30
0.0
 11
131.3808
 21
111.8
 31
0.0
  0
LINE
  5
4E8
330
1B
100
AcDbEntity
 67
1
  8
ESTRIBOS
 62
8
370
9
100
AcDbLine
 10
132.2808
 20
88.8
 30
0.0
 11
132.2808
 21
111.8
 31
0.0
  0
LINE
  5
4E9
330
1B
100
AcDbEntity
 67
1
  8
ESTRIBOS
 62
8
370
9
100
AcDbLine
 10
133.1808
 20
88.8
 30
0.0
 11
133.1808
 21
111.8
 31
0.0
  0
LINE
  5
4EA
330
1B
100
AcDbEntity
 67
1
  8
ESTRIBOS
 62
8
370
9
100
AcDbLine
 10
134.0808
 20
88.8
 30
0.0
 11
134.0808
 21
111.8
 31
0.0
  0
TEXT
  5
4EB
330
1B
100
AcDbEntity
 67
1
  8
ESTRIBOS
 62
8
100
AcDbText
 10
116.31540000000001
 20
99.5
 30
0.0
 40
1.6
  1
Nº4 4R @90/@90
 72
1
 11
116.31540000000001
 21
99.5
 31
0.0
100
AcDbText
 73
2
  0
LINE
  5
4EC
330
1B
100
AcDbEntity
 67
1
  8
ESTRIBOS
 62
8
370
9
100
AcDbLine
 10
135.0808
 20
88.8
 30
0.0
 11
135.0808
 21
111.8
 31
0.0
  0
LINE
  5
4ED
330
1B
100
AcDbEntity
 67
1
  8
ESTRIBOS
 62
8
370
9
100
AcDbLine
 10
135.9808
 20
88.8
 30
0.0
 11
135.9808
 21
111.8
 31
0.0
  0
LINE
  5
4EE
330
1B
100
AcDbEntity
 67
1
  8
ESTRIBOS
 62
8
370
9
100
AcDbLine
 10
136.8808
 20
88.8
 30
0.0
 11
136.8808
 21
111.8
 31
0.0
  0
LINE
  5
4EF
330
1B
100
AcDbEntity
 67
1
  8
ESTRIBOS
 62
8
370
9
100
AcDbLine
 10
137.7808
 20
88.8
 30
0.0
 11
137.7808
 21
111.8
 31
0.0
  0
LINE
  5
4F0
330
1B
100
AcDbEntity
 67
1
  8
ESTRIBOS
 62
8
370
9
100
AcDbLine
 10
138.6808
 20
88.8
 30
0.0
 11
138.6808
 21
111.8
 31
0.0
  0
LINE
  5
4F1
330
1B
100
AcDbEntity
 67
1
  8
ESTRIBOS
 62
8
370
9
100
AcDbLine
 10
139.5808
 20
88.8
 30
0.0
 11
139.5808
 21
111.8
 31
0.0
  0
LINE
  5
4F2
330
1B
100
AcDbEntity
 67
1
  8
ESTRIBOS
 62
8
370
9
100
AcDbLine
 10
140.4808
 20
88.8
 30
0.0
 11
140.4808
 21
111.8
 31
0.0
  0
LINE
  5
4F3
330
1B
100
AcDbEntity
 67
1
  8
ESTRIBOS
 62
8
370
9
100
AcDbLine
 10
141.3808
 20
88.8
 30
0.0
 11
141.3808
 21
111.8
 31
0.0
  0
LINE
  5
4F4
330
1B
100
AcDbEntity
 67
1
  8
ESTRIBOS
 62
8
370
9
100
AcDbLine
 10
142.2808
 20
88.8
 30
0.0
 11
142.2808
 21
111.8
 31
0.0
  0
LINE
  5
4F5
330
1B
100
AcDbEntity
 67
1
  8
ESTRIBOS
 62
8
370
9
100
AcDbLine
 10
143.1808
 20
88.8
 30
0.0
 11
143.1808
 21
111.8
 31
0.0
  0
LINE
  5
4F6
330
1B
100
AcDbEntity
 67
1
  8
ESTRIBOS
 62
8
370
9
100
AcDbLine
 10
144.0808
 20
88.8
 30
0.0
 11
144.0808
 21
111.8
 31
0.0
  0
LINE
  5
4F7
330
1B
100
AcDbEntity
 67
1
  8
ESTRIBOS
 62
8
370
9
100
AcDbLine
 10
144.9808
 20
88.8
 30
0.0
 11
144.9808
 21
111.8
 31
0.0
  0
LINE
  5
4F8
330
1B
100
AcDbEntity
 67
1
  8
ESTRIBOS
 62
8
370
9
100
AcDbLine
 10
146.4808
 20
88.8
 30
0.0
 11
146.4808
 21
111.8
 31
0.0
  0
LINE
  5
4F9
330
1B
100
AcDbEntity
 67
1
  8
ESTRIBOS
 62
8
370
9
100
AcDbLine
 10
147.3808
 20
88.8
 30
0.0
 11
147.3808
 21
111.8
 31
0.0
  0
LINE
  5
4FA
330
1B
100
AcDbEntity
 67
1
  8
ESTRIBOS
 62
8
370
9
100
AcDbLine
 10
148.2808
 20
88.8
 30
0.0
 11
148.2808
 21
111.8
 31
0.0
  0
LINE
  5
4FB
330
1B
100
AcDbEntity
 67
1
  8
ESTRIBOS
 62
8
370
9
100
AcDbLine
 10
149.1808
 20
88.8
 30
0.0
 11
149.1808
 21
111.8
 31
0.0
  0
LINE
  5
4FC
330
1B
100
AcDbEntity
 67
1
  8
ESTRIBOS
 62
8
370
9
100
AcDbLine
 10
150.1808
 20
88.8
 30
0.0
 11
150.1808
 21
111.8
 31
0.0
  0
LINE
  5
4FD
330
1B
100
AcDbEntity
 67
1
  8
ESTRIBOS
 62
8
370
9
100
AcDbLine
 10
151.0808
 20
88.8
 30
0.0
 11
151.0808
 21
111.8
 31
0.0
  0
LINE
  5
4FE
330
1B
100
AcDbEntity
 67
1
  8
ESTRIBOS
 62
8
370
9
100
AcDbLine
 10
151.9808
 20
88.8
 30
0.0
 11
151.9808
 21
111.8
 31
0.0
  0
LINE
  5
4FF
330
1B
100
AcDbEntity
 67
1
  8
ESTRIBOS
 62
8
370
9
100
AcDbLine
 10
152.8808
 20
88.8
 30
0.0
 11
152.8808
 21
111.8
 31
0.0
  0
LINE
  5
500
330
1B
100
AcDbEntity
 67
1
  8
ESTRIBOS
 62
8
370
9
100
AcDbLine
 10
153.7808
 20
88.8
 30
0.0
 11
153.7808
 21
111.8
 31
0.0
  0
LINE
  5
501
330
1B
100
AcDbEntity
 67
1
  8
ESTRIBOS
 62
8
370
9
100
AcDbLine
 10
154.6808
 20
88.8
 30
0.0
 11
154.6808
 21
111.8
 31
0.0
  0
LINE
  5
502
330
1B
100
AcDbEntity
 67
1
  8
ESTRIBOS
 62
8
370
9
100
AcDbLine
 10
155.5808
 20
88.8
 30
0.0
 11
155.5808
 21
111.8
 31
0.0
  0
LINE
  5
503
330
1B
100
AcDbEntity
 67
1
  8
ESTRIBOS
 62
8
370
9
100
AcDbLine
 10
156.4808
 20
88.8
 30
0.0
 11
156.4808
 21
111.8
 31
0.0
  0
LINE
  5
504
330
1B
100
AcDbEntity
 67
1
  8
ESTRIBOS
 62
8
370
9
100
AcDbLine
 10
157.3808
 20
88.8
 30
0.0
 11
157.3808
 21
111.8
 31
0.0
  0
LINE
  5
505
330
1B
100
AcDbEntity
 67
1
  8
ESTRIBOS
 62
8
370
9
100
AcDbLine
 10
158.2808
 20
88.8
 30
0.0
 11
158.2808
 21
111.8
 31
0.0
  0
LINE
  5
506
330
1B
100
AcDbEntity
 67
1
  8
ESTRIBOS
 62
8
370
9
100
AcDbLine
 10
159.1808
 20
88.8
 30
0.0
 11
159.1808
 21
111.8
 31
0.0
  0
LINE
  5
507
330
1B
100
AcDbEntity
 67
1
  8
ESTRIBOS
 62
8
370
9
100
AcDbLine
 10
160.0808
 20
88.8
 30
0.0
 11
160.0808
 21
111.8
 31
0.0
  0
TEXT
  5
508
330
1B
100
AcDbEntity
 67
1
  8
ESTRIBOS
 62
8
100
AcDbText
 10
147.5808
 20
99.5
 30
0.0
 40
1.6
  1
Nº4 4R @90/@90
 72
1
 11
147.5808
 21
99.5
 31
0.0
100
AcDbText
 73
2
  0
LINE
  5
509
330
1B
100
AcDbEntity
 67
1
  8
ESTRIBOS
 62
8
370
9
100
AcDbLine
 10
161.0808
 20
88.8
 30
0.0
 11
161.0808
 21
111.8
 31
0.0
  0
LINE
  5
50A
330
1B
100
AcDbEntity
 67
1
  8
ESTRIBOS
 62
8
370
9
100
AcDbLine
 10
161.9808
 20
88.8
 30
0.0
 11
161.9808
 21
111.8
 31
0.0
  0
LINE
  5
50B
330
1B
100
AcDbEntity
 67
1
  8
ESTRIBOS
 62
8
370
9
100
AcDbLine
 10
162.8808
 20
88.8
 30
0.0
 11
162.8808
 21
111.8
 31
0.0
  0
LINE
  5
50C
330
1B
100
AcDbEntity
 67
1
  8
ESTRIBOS
 62
8
370
9
100
AcDbLine
 10
163.7808
 20
88.8
 30
0.0
 11
163.7808
 21
111.8
 31
0.0
  0
LINE
  5
50D
330
1B
100
AcDbEntity
 67
1
  8
ESTRIBOS
 62
8
370
9
100
AcDbLine
 10
164.6808
 20
88.8
 30
0.0
 11
164.6808
 21
111.8
 31
0.0
  0
LINE
  5
50E
330
1B
100
AcDbEntity
 67
1
  8
ESTRIBOS
 62
8
370
9
100
AcDbLine
 10
165.5808
 20
88.8
 30
0.0
 11
165.5808
 21
111.8
 31
0.0
  0
LINE
  5
50F
330
1B
100
AcDbEntity
 67
1
  8
ESTRIBOS
 62
8
370
9
100
AcDbLine
 10
166.4808
 20
88.8
 30
0.0
 11
166.4808
 21
111.8
 31
0.0
  0
LINE
  5
510
330
1B
100
AcDbEntity
 67
1
  8
ESTRIBOS
 62
8
370
9
100
AcDbLine
 10
167.3808
 20
88.8
 30
0.0
 11
167.3808
 21
111.8
 31
0.0
  0
LINE
  5
511
330
1B
100
AcDbEntity
 67
1
  8
ESTRIBOS
 62
8
370
9
100
AcDbLine
 10
168.2808
 20
88.8
 30
0.0
 11
168.2808
 21
111.8
 31
0.0
  0
LINE
  5
512
330
1B
100
AcDbEntity
 67
1
  8
ESTRIBOS
 62
8
370
9
100
AcDbLine
 10
169.1808
 20
88.8
 30
0.0
 11
169.1808
 21
111.8
 31
0.0
  0
LINE
  5
513
330
1B
100
AcDbEntity
 67
1
  8
ESTRIBOS
 62
8
370
9
100
AcDbLine
 10
170.0808
 20
88.8
 30
0.0
 11
170.0808
 21
111.8
 31
0.0
  0
LINE
  5
514
330
1B
100
AcDbEntity
 67
1
  8
ESTRIBOS
 62
8
370
9
100
AcDbLine
 10
170.9808
 20
88.8
 30
0.0
 11
170.9808
 21
111.8
 31
0.0
  0
LINE
  5
515
330
1B
100
AcDbEntity
 67
1
  8
ESTRIBOS
 62
8
370
9
100
AcDbLine
 10
172.4808
 20
88.8
 30
0.0
 11
172.4808
 21
111.8
 31
0.0
  0
LINE
  5
516
330
1B
100
AcDbEntity
 67
1
  8
ESTRIBOS
 62
8
370
9
100
AcDbLine
 10
173.3808
 20
88.8
 30
0.0
 11
173.3808
 21
111.8
 31
0.0
  0
LINE
  5
517
330
1B
100
AcDbEntity
 67
1
  8
ESTRIBOS
 62
8
370
9
100
AcDbLine
 10
174.2808
 20
88.8
 30
0.0
 11
174.2808
 21
111.8
 31
0.0
  0
LINE
  5
518
330
1B
100
AcDbEntity
 67
1
  8
ESTRIBOS
 62
8
370
9
100
AcDbLine
 10
175.1808
 20
88.8
 30
0.0
 11
175.1808
 21
111.8
 31
0.0
  0
LINE
  5
519
330
1B
100
AcDbEntity
 67
1
  8
ESTRIBOS
 62
8
370
9
100
AcDbLine
 10
176.0808
 20
88.8
 30
0.0
 11
176.0808
 21
111.8
 31
0.0
  0
LINE
  5
51A
330
1B
100
AcDbEntity
 67
1
  8
ESTRIBOS
 62
8
370
9
100
AcDbLine
 10
176.9808
 20
88.8
 30
0.0
 11
176.9808
 21
111.8
 31
0.0
  0
LINE
  5
51B
330
1B
100
AcDbEntity
 67
1
  8
ESTRIBOS
 62
8
370
9
100
AcDbLine
 10
177.8808
 20
88.8
 30
0.0
 11
177.8808
 21
111.8
 31
0.0
  0
LINE
  5
51C
330
1B
100
AcDbEntity
 67
1
  8
ESTRIBOS
 62
8
370
9
100
AcDbLine
 10
178.7808
 20
88.8
 30
0.0
 11
178.7808
 21
111.8
 31
0.0
  0
LINE
  5
51D
330
1B
100
AcDbEntity
 67
1
  8
ESTRIBOS
 62
8
370
9
100
AcDbLine
 10
179.6808
 20
88.8
 30
0.0
 11
179.6808
 21
111.8
 31
0.0
  0
LINE
  5
51E
330
1B
100
AcDbEntity
 67
1
  8
ESTRIBOS
 62
8
370
9
100
AcDbLine
 10
180.5808
 20
88.8
 30
0.0
 11
180.5808
 21
111.8
 31
0.0
  0
LINE
  5
51F
330
1B
100
AcDbEntity
 67
1
  8
ESTRIBOS
 62
8
370
9
100
AcDbLine
 10
181.4808
 20
88.8
 30
0.0
 11
181.4808
 21
111.8
 31
0.0
  0
LINE
  5
520
330
1B
100
AcDbEntity
 67
1
  8
ESTRIBOS
 62
8
370
9
100
AcDbLine
 10
182.3808
 20
88.8
 30
0.0
 11
182.3808
 21
111.8
 31
0.0
  0
LINE
  5
521
330
1B
100
AcDbEntity
 67
1
  8
ESTRIBOS
 62
8
370
9
100
AcDbLine
 10
183.2808
 20
88.8
 30
0.0
 11
183.2808
 21
111.8
 31
0.0
  0
LINE
  5
522
330
1B
100
AcDbEntity
 67
1
  8
ESTRIBOS
 62
8
370
9
100
AcDbLine
 10
184.1808
 20
88.8
 30
0.0
 11
184.1808
 21
111.8
 31
0.0
  0
LINE
  5
523
330
1B
100
AcDbEntity
 67
1
  8
ESTRIBOS
 62
8
370
9
100
AcDbLine
 10
185.0808
 20
88.8
 30
0.0
 11
185.0808
 21
111.8
 31
0.0
  0
TEXT
  5
524
330
1B
100
AcDbEntity
 67
1
  8
ESTRIBOS
 62
8
100
AcDbText
 10
173.0808
 20
99.5
 30
0.0
 40
1.6
  1
Nº4 4R @90/@90
 72
1
 11
173.0808
 21
99.5
 31
0.0
100
AcDbText
 73
2
  0
LINE
  5
525
330
1B
100
AcDbEntity
 67
1
  8
ESTRIBOS
 62
8
370
9
100
AcDbLine
 10
186.0808
 20
88.8
 30
0.0
 11
186.0808
 21
111.8
 31
0.0
  0
LINE
  5
526
330
1B
100
AcDbEntity
 67
1
  8
ESTRIBOS
 62
8
370
9
100
AcDbLine
 10
186.9808
 20
88.8
 30
0.0
 11
186.9808
 21
111.8
 31
0.0
  0
LINE
  5
527
330
1B
100
AcDbEntity
 67
1
  8
ESTRIBOS
 62
8
370
9
100
AcDbLine
 10
187.8808
 20
88.8
 30
0.0
 11
187.8808
 21
111.8
 31
0.0
  0
LINE
  5
528
330
1B
100
AcDbEntity
 67
1
  8
ESTRIBOS
 62
8
370
9
100
AcDbLine
 10
188.7808
 20
88.8
 30
0.0
 11
188.7808
 21
111.8
 31
0.0
  0
LINE
  5
529
330
1B
100
AcDbEntity
 67
1
  8
ESTRIBOS
 62
8
370
9
100
AcDbLine
 10
189.6808
 20
88.8
 30
0.0
 11
189.6808
 21
111.8
 31
0.0
  0
LINE
  5
52A
330
1B
100
AcDbEntity
 67
1
  8
ESTRIBOS
 62
8
370
9
100
AcDbLine
 10
190.5808
 20
88.8
 30
0.0
 11
190.5808
 21
111.8
 31
0.0
  0
LINE
  5
52B
330
1B
100
AcDbEntity
 67
1
  8
ESTRIBOS
 62
8
370
9
100
AcDbLine
 10
191.4808
 20
88.8
 30
0.0
 11
191.4808
 21
111.8
 31
0.0
  0
LINE
  5
52C
330
1B
100
AcDbEntity
 67
1
  8
ESTRIBOS
 62
8
370
9
100
AcDbLine
 10
192.3808
 20
88.8
 30
0.0
 11
192.3808
 21
111.8
 31
0.0
  0
LINE
  5
52D
330
1B
100
AcDbEntity
 67
1
  8
ESTRIBOS
 62
8
370
9
100
AcDbLine
 10
193.2808
 20
88.8
 30
0.0
 11
193.2808
 21
111.8
 31
0.0
  0
LINE
  5
52E
330
1B
100
AcDbEntity
 67
1
  8
ESTRIBOS
 62
8
370
9
100
AcDbLine
 10
194.1808
 20
88.8
 30
0.0
 11
194.1808
 21
111.8
 31
0.0
  0
LINE
  5
52F
330
1B
100
AcDbEntity
 67
1
  8
ESTRIBOS
 62
8
370
9
100
AcDbLine
 10
195.0808
 20
88.8
 30
0.0
 11
195.0808
 21
111.8
 31
0.0
  0
LINE
  5
530
330
1B
100
AcDbEntity
 67
1
  8
ESTRIBOS
 62
8
370
9
100
AcDbLine
 10
195.9808
 20
88.8
 30
0.0
 11
195.9808
 21
111.8
 31
0.0
  0
LINE
  5
531
330
1B
100
AcDbEntity
 67
1
  8
ESTRIBOS
 62
8
370
9
100
AcDbLine
 10
197.4808
 20
88.8
 30
0.0
 11
197.4808
 21
111.8
 31
0.0
  0
LINE
  5
532
330
1B
100
AcDbEntity
 67
1
  8
ESTRIBOS
 62
8
370
9
100
AcDbLine
 10
198.3808
 20
88.8
 30
0.0
 11
198.3808
 21
111.8
 31
0.0
  0
LINE
  5
533
330
1B
100
AcDbEntity
 67
1
  8
ESTRIBOS
 62
8
370
9
100
AcDbLine
 10
199.2808
 20
88.8
 30
0.0
 11
199.2808
 21
111.8
 31
0.0
  0
LINE
  5
534
330
1B
100
AcDbEntity
 67
1
  8
ESTRIBOS
 62
8
370
9
100
AcDbLine
 10
200.1808
 20
88.8
 30
0.0
 11
200.1808
 21
111.8
 31
0.0
  0
LINE
  5
535
330
1B
100
AcDbEntity
 67
1
  8
ESTRIBOS
 62
8
370
9
100
AcDbLine
 10
201.0808
 20
88.8
 30
0.0
 11
201.0808
 21
111.8
 31
0.0
  0
LINE
  5
536
330
1B
100
AcDbEntity
 67
1
  8
ESTRIBOS
 62
8
370
9
100
AcDbLine
 10
201.9808
 20
88.8
 30
0.0
 11
201.9808
 21
111.8
 31
0.0
  0
LINE
  5
537
330
1B
100
AcDbEntity
 67
1
  8
ESTRIBOS
 62
8
370
9
100
AcDbLine
 10
202.8808
 20
88.8
 30
0.0
 11
202.8808
 21
111.8
 31
0.0
  0
LINE
  5
538
330
1B
100
AcDbEntity
 67
1
  8
ESTRIBOS
 62
8
370
9
100
AcDbLine
 10
203.7808
 20
88.8
 30
0.0
 11
203.7808
 21
111.8
 31
0.0
  0
LINE
  5
539
330
1B
100
AcDbEntity
 67
1
  8
ESTRIBOS
 62
8
370
9
100
AcDbLine
 10
204.6808
 20
88.8
 30
0.0
 11
204.6808
 21
111.8
 31
0.0
  0
LINE
  5
53A
330
1B
100
AcDbEntity
 67
1
  8
ESTRIBOS
 62
8
370
9
100
AcDbLine
 10
205.5808
 20
88.8
 30
0.0
 11
205.5808
 21
111.8
 31
0.0
  0
LINE
  5
53B
330
1B
100
AcDbEntity
 67
1
  8
ESTRIBOS
 62
8
370
9
100
AcDbLine
 10
206.4808
 20
88.8
 30
0.0
 11
206.4808
 21
111.8
 31
0.0
  0
LINE
  5
53C
330
1B
100
AcDbEntity
 67
1
  8
ESTRIBOS
 62
8
370
9
100
AcDbLine
 10
207.3808
 20
88.8
 30
0.0
 11
207.3808
 21
111.8
 31
0.0
  0
LINE
  5
53D
330
1B
100
AcDbEntity
 67
1
  8
ESTRIBOS
 62
8
370
9
100
AcDbLine
 10
208.2808
 20
88.8
 30
0.0
 11
208.2808
 21
111.8
 31
0.0
  0
LINE
  5
53E
330
1B
100
AcDbEntity
 67
1
  8
ESTRIBOS
 62
8
370
9
100
AcDbLine
 10
209.1808
 20
88.8
 30
0.0
 11
209.1808
 21
111.8
 31
0.0
  0
LINE
  5
53F
330
1B
100
AcDbEntity
 67
1
  8
ESTRIBOS
 62
8
370
9
100
AcDbLine
 10
210.0808
 20
88.8
 30
0.0
 11
210.0808
 21
111.8
 31
0.0
  0
LINE
  5
540
330
1B
100
AcDbEntity
 67
1
  8
ESTRIBOS
 62
8
370
9
100
AcDbLine
 10
210.9808
 20
88.8
 30
0.0
 11
210.9808
 21
111.8
 31
0.0
  0
LINE
  5
541
330
1B
100
AcDbEntity
 67
1
  8
ESTRIBOS
 62
8
370
9
100
AcDbLine
 10
211.8808
 20
88.8
 30
0.0
 11
211.8808
 21
111.8
 31
0.0
  0
LINE
  5
542
330
1B
100
AcDbEntity
 67
1
  8
ESTRIBOS
 62
8
370
9
100
AcDbLine
 10
212.7808
 20
88.8
 30
0.0
 11
212.7808
 21
111.8
 31
0.0
  0
LINE
  5
543
330
1B
100
AcDbEntity
 67
1
  8
ESTRIBOS
 62
8
370
9
100
AcDbLine
 10
213.6808
 20
88.8
 30
0.0
 11
213.6808
 21
111.8
 31
0.0
  0
LINE
  5
544
330
1B
100
AcDbEntity
 67
1
  8
ESTRIBOS
 62
8
370
9
100
AcDbLine
 10
214.5808
 20
88.8
 30
0.0
 11
214.5808
 21
111.8
 31
0.0
  0
LINE
  5
545
330
1B
100
AcDbEntity
 67
1
  8
ESTRIBOS
 62
8
370
9
100
AcDbLine
 10
215.4808
 20
88.8
 30
0.0
 11
215.4808
 21
111.8
 31
0.0
  0
LINE
  5
546
330
1B
100
AcDbEntity
 67
1
  8
ESTRIBOS
 62
8
370
9
100
AcDbLine
 10
216.942
 20
88.8
 30
0.0
 11
216.942
 21
111.8
 31
0.0
  0
LINE
  5
547
330
1B
100
AcDbEntity
 67
1
  8
ESTRIBOS
 62
8
370
9
100
AcDbLine
 10
217.842
 20
88.8
 30
0.0
 11
217.842
 21
111.8
 31
0.0
  0
LINE
  5
548
330
1B
100
AcDbEntity
 67
1
  8
ESTRIBOS
 62
8
370
9
100
AcDbLine
 10
218.742
 20
88.8
 30
0.0
 11
218.742
 21
111.8
 31
0.0
  0
LINE
  5
549
330
1B
100
AcDbEntity
 67
1
  8
ESTRIBOS
 62
8
370
9
100
AcDbLine
 10
219.642
 20
88.8
 30
0.0
 11
219.642
 21
111.8
 31
0.0
  0
LINE
  5
54A
330
1B
100
AcDbEntity
 67
1
  8
ESTRIBOS
 62
8
370
9
100
AcDbLine
 10
220.542
 20
88.8
 30
0.0
 11
220.542
 21
111.8
 31
0.0
  0
LINE
  5
54B
330
1B
100
AcDbEntity
 67
1
  8
ESTRIBOS
 62
8
370
9
100
AcDbLine
 10
221.442
 20
88.8
 30
0.0
 11
221.442
 21
111.8
 31
0.0
  0
LINE
  5
54C
330
1B
100
AcDbEntity
 67
1
  8
ESTRIBOS
 62
8
370
9
100
AcDbLine
 10
222.342
 20
88.8
 30
0.0
 11
222.342
 21
111.8
 31
0.0
  0
LINE
  5
54D
330
1B
100
AcDbEntity
 67
1
  8
ESTRIBOS
 62
8
370
9
100
AcDbLine
 10
223.242
 20
88.8
 30
0.0
 11
223.242
 21
111.8
 31
0.0
  0
LINE
  5
54E
330
1B
100
AcDbEntity
 67
1
  8
ESTRIBOS
 62
8
370
9
100
AcDbLine
 10
224.142
 20
88.8
 30
0.0
 11
224.142
 21
111.8
 31
0.0
  0
LINE
  5
54F
330
1B
100
AcDbEntity
 67
1
  8
ESTRIBOS
 62
8
370
9
100
AcDbLine
 10
225.042
 20
88.8
 30
0.0
 11
225.042
 21
111.8
 31
0.0
  0
LINE
  5
550
330
1B
100
AcDbEntity
 67
1
  8
ESTRIBOS
 62
8
370
9
100
AcDbLine
 10
225.942
 20
88.8
 30
0.0
 11
225.942
 21
111.8
 31
0.0
  0
LINE
  5
551
330
1B
100
AcDbEntity
 67
1
  8
ESTRIBOS
 62
8
370
9
100
AcDbLine
 10
226.842
 20
88.8
 30
0.0
 11
226.842
 21
111.8
 31
0.0
  0
TEXT
  5
552
330
1B
100
AcDbEntity
 67
1
  8
ESTRIBOS
 62
8
100
AcDbText
 10
206.46140000000003
 20
99.5
 30
0.0
 40
1.6
  1
Nº4 4R @90/@90
 72
1
 11
206.46140000000003
 21
99.5
 31
0.0
100
AcDbText
 73
2
  0
LINE
  5
553
330
1B
100
AcDbEntity
 67
1
  8
ESTRIBOS
 62
8
370
9
100
AcDbLine
 10
227.842
 20
88.8
 30
0.0
 11
227.842
 21
111.8
 31
0.0
  0
LINE
  5
554
330
1B
100
AcDbEntity
 67
1
  8
ESTRIBOS
 62
8
370
9
100
AcDbLine
 10
228.742
 20
88.8
 30
0.0
 11
228.742
 21
111.8
 31
0.0
  0
LINE
  5
555
330
1B
100
AcDbEntity
 67
1
  8
ESTRIBOS
 62
8
370
9
100
AcDbLine
 10
229.642
 20
88.8
 30
0.0
 11
229.642
 21
111.8
 31
0.0
  0
LINE
  5
556
330
1B
100
AcDbEntity
 67
1
  8
ESTRIBOS
 62
8
370
9
100
AcDbLine
 10
230.542
 20
88.8
 30
0.0
 11
230.542
 21
111.8
 31
0.0
  0
LINE
  5
557
330
1B
100
AcDbEntity
 67
1
  8
ESTRIBOS
 62
8
370
9
100
AcDbLine
 10
231.442
 20
88.8
 30
0.0
 11
231.442
 21
111.8
 31
0.0
  0
LINE
  5
558
330
1B
100
AcDbEntity
 67
1
  8
ESTRIBOS
 62
8
370
9
100
AcDbLine
 10
232.342
 20
88.8
 30
0.0
 11
232.342
 21
111.8
 31
0.0
  0
LINE
  5
559
330
1B
100
AcDbEntity
 67
1
  8
ESTRIBOS
 62
8
370
9
100
AcDbLine
 10
233.242
 20
88.8
 30
0.0
 11
233.242
 21
111.8
 31
0.0
  0
LINE
  5
55A
330
1B
100
AcDbEntity
 67
1
  8
ESTRIBOS
 62
8
370
9
100
AcDbLine
 10
234.142
 20
88.8
 30
0.0
 11
234.142
 21
111.8
 31
0.0
  0
LINE
  5
55B
330
1B
100
AcDbEntity
 67
1
  8
ESTRIBOS
 62
8
370
9
100
AcDbLine
 10
235.042
 20
88.8
 30
0.0
 11
235.042
 21
111.8
 31
0.0
  0
LINE
  5
55C
330
1B
100
AcDbEntity
 67
1
  8
ESTRIBOS
 62
8
370
9
100
AcDbLine
 10
235.942
 20
88.8
 30
0.0
 11
235.942
 21
111.8
 31
0.0
  0
LINE
  5
55D
330
1B
100
AcDbEntity
 67
1
  8
ESTRIBOS
 62
8
370
9
100
AcDbLine
 10
236.842
 20
88.8
 30
0.0
 11
236.842
 21
111.8
 31
0.0
  0
LINE
  5
55E
330
1B
100
AcDbEntity
 67
1
  8
ESTRIBOS
 62
8
370
9
100
AcDbLine
 10
237.742
 20
88.8
 30
0.0
 11
237.742
 21
111.8
 31
0.0
  0
LINE
  5
55F
330
1B
100
AcDbEntity
 67
1
  8
ESTRIBOS
 62
8
370
9
100
AcDbLine
 10
239.242
 20
88.8
 30
0.0
 11
239.242
 21
111.8
 31
0.0
  0
LINE
  5
560
330
1B
100
AcDbEntity
 67
1
  8
ESTRIBOS
 62
8
370
9
100
AcDbLine
 10
240.142
 20
88.8
 30
0.0
 11
240.142
 21
111.8
 31
0.0
  0
LINE
  5
561
330
1B
100
AcDbEntity
 67
1
  8
ESTRIBOS
 62
8
370
9
100
AcDbLine
 10
241.042
 20
88.8
 30
0.0
 11
241.042
 21
111.8
 31
0.0
  0
LINE
  5
562
330
1B
100
AcDbEntity
 67
1
  8
ESTRIBOS
 62
8
370
9
100
AcDbLine
 10
241.942
 20
88.8
 30
0.0
 11
241.942
 21
111.8
 31
0.0
  0
LINE
  5
563
330
1B
100
AcDbEntity
 67
1
  8
ESTRIBOS
 62
8
370
9
100
AcDbLine
 10
242.842
 20
88.8
 30
0.0
 11
242.842
 21
111.8
 31
0.0
  0
LINE
  5
564
330
1B
100
AcDbEntity
 67
1
  8
ESTRIBOS
 62
8
370
9
100
AcDbLine
 10
243.742
 20
88.8
 30
0.0
 11
243.742
 21
111.8
 31
0.0
  0
LINE
  5
565
330
1B
100
AcDbEntity
 67
1
  8
ESTRIBOS
 62
8
370
9
100
AcDbLine
 10
244.942
 20
88.8
 30
0.0
 11
244.942
 21
111.8
 31
0.0
  0
LINE
  5
566
330
1B
100
AcDbEntity
 67
1
  8
ESTRIBOS
 62
8
370
9
100
AcDbLine
 10
245.842
 20
88.8
 30
0.0
 11
245.842
 21
111.8
 31
0.0
  0
LINE
  5
567
330
1B
100
AcDbEntity
 67
1
  8
ESTRIBOS
 62
8
370
9
100
AcDbLine
 10
246.742
 20
88.8
 30
0.0
 11
246.742
 21
111.8
 31
0.0
  0
LINE
  5
568
330
1B
100
AcDbEntity
 67
1
  8
ESTRIBOS
 62
8
370
9
100
AcDbLine
 10
247.642
 20
88.8
 30
0.0
 11
247.642
 21
111.8
 31
0.0
  0
LINE
  5
569
330
1B
100
AcDbEntity
 67
1
  8
ESTRIBOS
 62
8
370
9
100
AcDbLine
 10
248.542
 20
88.8
 30
0.0
 11
248.542
 21
111.8
 31
0.0
  0
LINE
  5
56A
330
1B
100
AcDbEntity
 67
1
  8
ESTRIBOS
 62
8
370
9
100
AcDbLine
 10
249.442
 20
88.8
 30
0.0
 11
249.442
 21
111.8
 31
0.0
  0
LINE
  5
56B
330
1B
100
AcDbEntity
 67
1
  8
ESTRIBOS
 62
8
370
9
100
AcDbLine
 10
250.342
 20
88.8
 30
0.0
 11
250.342
 21
111.8
 31
0.0
  0
LINE
  5
56C
330
1B
100
AcDbEntity
 67
1
  8
ESTRIBOS
 62
8
370
9
100
AcDbLine
 10
251.242
 20
88.8
 30
0.0
 11
251.242
 21
111.8
 31
0.0
  0
LINE
  5
56D
330
1B
100
AcDbEntity
 67
1
  8
ESTRIBOS
 62
8
370
9
100
AcDbLine
 10
252.142
 20
88.8
 30
0.0
 11
252.142
 21
111.8
 31
0.0
  0
LINE
  5
56E
330
1B
100
AcDbEntity
 67
1
  8
ESTRIBOS
 62
8
370
9
100
AcDbLine
 10
253.042
 20
88.8
 30
0.0
 11
253.042
 21
111.8
 31
0.0
  0
LINE
  5
56F
330
1B
100
AcDbEntity
 67
1
  8
ESTRIBOS
 62
8
370
9
100
AcDbLine
 10
253.942
 20
88.8
 30
0.0
 11
253.942
 21
111.8
 31
0.0
  0
LINE
  5
570
330
1B
100
AcDbEntity
 67
1
  8
ESTRIBOS
 62
8
370
9
100
AcDbLine
 10
254.842
 20
88.8
 30
0.0
 11
254.842
 21
111.8
 31
0.0
  0
TEXT
  5
571
330
1B
100
AcDbEntity
 67
1
  8
ESTRIBOS
 62
8
100
AcDbText
 10
241.342
 20
99.5
 30
0.0
 40
1.6
  1
Nº4 4R @90/@90
 72
1
 11
241.342
 21
99.5
 31
0.0
100
AcDbText
 73
2
  0
LINE
  5
572
330
1B
100
AcDbEntity
 67
1
  8
ESTRIBOS
 62
8
370
9
100
AcDbLine
 10
255.842
 20
88.8
 30
0.0
 11
255.842
 21
111.8
 31
0.0
  0
LINE
  5
573
330
1B
100
AcDbEntity
 67
1
  8
ESTRIBOS
 62
8
370
9
100
AcDbLine
 10
256.742
 20
88.8
 30
0.0
 11
256.742
 21
111.8
 31
0.0
  0
LINE
  5
574
330
1B
100
AcDbEntity
 67
1
  8
ESTRIBOS
 62
8
370
9
100
AcDbLine
 10
257.642
 20
88.8
 30
0.0
 11
257.642
 21
111.8
 31
0.0
  0
LINE
  5
575
330
1B
100
AcDbEntity
 67
1
  8
ESTRIBOS
 62
8
370
9
100
AcDbLine
 10
258.542
 20
88.8
 30
0.0
 11
258.542
 21
111.8
 31
0.0
  0
LINE
  5
576
330
1B
100
AcDbEntity
 67
1
  8
ESTRIBOS
 62
8
370
9
100
AcDbLine
 10
259.442
 20
88.8
 30
0.0
 11
259.442
 21
111.8
 31
0.0
  0
LINE
  5
577
330
1B
100
AcDbEntity
 67
1
  8
ESTRIBOS
 62
8
370
9
100
AcDbLine
 10
260.342
 20
88.8
 30
0.0
 11
260.342
 21
111.8
 31
0.0
  0
LINE
  5
578
330
1B
100
AcDbEntity
 67
1
  8
ESTRIBOS
 62
8
370
9
100
AcDbLine
 10
261.242
 20
88.8
 30
0.0
 11
261.242
 21
111.8
 31
0.0
  0
LINE
  5
579
330
1B
100
AcDbEntity
 67
1
  8
ESTRIBOS
 62
8
370
9
100
AcDbLine
 10
262.142
 20
88.8
 30
0.0
 11
262.142
 21
111.8
 31
0.0
  0
LINE
  5
57A
330
1B
100
AcDbEntity
 67
1
  8
ESTRIBOS
 62
8
370
9
100
AcDbLine
 10
263.042
 20
88.8
 30
0.0
 11
263.042
 21
111.8
 31
0.0
  0
LINE
  5
57B
330
1B
100
AcDbEntity
 67
1
  8
ESTRIBOS
 62
8
370
9
100
AcDbLine
 10
263.942
 20
88.8
 30
0.0
 11
263.942
 21
111.8
 31
0.0
  0
LINE
  5
57C
330
1B
100
AcDbEntity
 67
1
  8
ESTRIBOS
 62
8
370
9
100
AcDbLine
 10
264.842
 20
88.8
 30
0.0
 11
264.842
 21
111.8
 31
0.0
  0
LINE
  5
57D
330
1B
100
AcDbEntity
 67
1
  8
ESTRIBOS
 62
8
370
9
100
AcDbLine
 10
265.742
 20
88.8
 30
0.0
 11
265.742
 21
111.8
 31
0.0
  0
LINE
  5
57E
330
1B
100
AcDbEntity
 67
1
  8
ESTRIBOS
 62
8
370
9
100
AcDbLine
 10
267.242
 20
88.8
 30
0.0
 11
267.242
 21
111.8
 31
0.0
  0
LINE
  5
57F
330
1B
100
AcDbEntity
 67
1
  8
ESTRIBOS
 62
8
370
9
100
AcDbLine
 10
268.142
 20
88.8
 30
0.0
 11
268.142
 21
111.8
 31
0.0
  0
LINE
  5
580
330
1B
100
AcDbEntity
 67
1
  8
ESTRIBOS
 62
8
370
9
100
AcDbLine
 10
269.042
 20
88.8
 30
0.0
 11
269.042
 21
111.8
 31
0.0
  0
LINE
  5
581
330
1B
100
AcDbEntity
 67
1
  8
ESTRIBOS
 62
8
370
9
100
AcDbLine
 10
269.942
 20
88.8
 30
0.0
 11
269.942
 21
111.8
 31
0.0
  0
LINE
  5
582
330
1B
100
AcDbEntity
 67
1
  8
ESTRIBOS
 62
8
370
9
100
AcDbLine
 10
270.842
 20
88.8
 30
0.0
 11
270.842
 21
111.8
 31
0.0
  0
LINE
  5
583
330
1B
100
AcDbEntity
 67
1
  8
ESTRIBOS
 62
8
370
9
100
AcDbLine
 10
271.942
 20
88.8
 30
0.0
 11
271.942
 21
111.8
 31
0.0
  0
LINE
  5
584
330
1B
100
AcDbEntity
 67
1
  8
ESTRIBOS
 62
8
370
9
100
AcDbLine
 10
272.842
 20
88.8
 30
0.0
 11
272.842
 21
111.8
 31
0.0
  0
LINE
  5
585
330
1B
100
AcDbEntity
 67
1
  8
ESTRIBOS
 62
8
370
9
100
AcDbLine
 10
273.742
 20
88.8
 30
0.0
 11
273.742
 21
111.8
 31
0.0
  0
LINE
  5
586
330
1B
100
AcDbEntity
 67
1
  8
ESTRIBOS
 62
8
370
9
100
AcDbLine
 10
274.642
 20
88.8
 30
0.0
 11
274.642
 21
111.8
 31
0.0
  0
LINE
  5
587
330
1B
100
AcDbEntity
 67
1
  8
ESTRIBOS
 62
8
370
9
100
AcDbLine
 10
275.542
 20
88.8
 30
0.0
 11
275.542
 21
111.8
 31
0.0
  0
LINE
  5
588
330
1B
100
AcDbEntity
 67
1
  8
ESTRIBOS
 62
8
370
9
100
AcDbLine
 10
276.442
 20
88.8
 30
0.0
 11
276.442
 21
111.8
 31
0.0
  0
LINE
  5
589
330
1B
100
AcDbEntity
 67
1
  8
ESTRIBOS
 62
8
370
9
100
AcDbLine
 10
277.342
 20
88.8
 30
0.0
 11
277.342
 21
111.8
 31
0.0
  0
LINE
  5
58A
330
1B
100
AcDbEntity
 67
1
  8
ESTRIBOS
 62
8
370
9
100
AcDbLine
 10
278.242
 20
88.8
 30
0.0
 11
278.242
 21
111.8
 31
0.0
  0
LINE
  5
58B
330
1B
100
AcDbEntity
 67
1
  8
ESTRIBOS
 62
8
370
9
100
AcDbLine
 10
279.142
 20
88.8
 30
0.0
 11
279.142
 21
111.8
 31
0.0
  0
LINE
  5
58C
330
1B
100
AcDbEntity
 67
1
  8
ESTRIBOS
 62
8
370
9
100
AcDbLine
 10
280.042
 20
88.8
 30
0.0
 11
280.042
 21
111.8
 31
0.0
  0
LINE
  5
58D
330
1B
100
AcDbEntity
 67
1
  8
ESTRIBOS
 62
8
370
9
100
AcDbLine
 10
280.942
 20
88.8
 30
0.0
 11
280.942
 21
111.8
 31
0.0
  0
LINE
  5
58E
330
1B
100
AcDbEntity
 67
1
  8
ESTRIBOS
 62
8
370
9
100
AcDbLine
 10
281.842
 20
88.8
 30
0.0
 11
281.842
 21
111.8
 31
0.0
  0
TEXT
  5
58F
330
1B
100
AcDbEntity
 67
1
  8
ESTRIBOS
 62
8
100
AcDbText
 10
268.842
 20
99.5
 30
0.0
 40
1.6
  1
Nº4 4R @90/@90
 72
1
 11
268.842
 21
99.5
 31
0.0
100
AcDbText
 73
2
  0
LINE
  5
590
330
1B
100
AcDbEntity
 67
1
  8
ESTRIBOS
 62
8
370
9
100
AcDbLine
 10
282.842
 20
88.8
 30
0.0
 11
282.842
 21
111.8
 31
0.0
  0
LINE
  5
591
330
1B
100
AcDbEntity
 67
1
  8
ESTRIBOS
 62
8
370
9
100
AcDbLine
 10
283.742
 20
88.8
 30
0.0
 11
283.742
 21
111.8
 31
0.0
  0
LINE
  5
592
330
1B
100
AcDbEntity
 67
1
  8
ESTRIBOS
 62
8
370
9
100
AcDbLine
 10
284.642
 20
88.8
 30
0.0
 11
284.642
 21
111.8
 31
0.0
  0
LINE
  5
593
330
1B
100
AcDbEntity
 67
1
  8
ESTRIBOS
 62
8
370
9
100
AcDbLine
 10
285.542
 20
88.8
 30
0.0
 11
285.542
 21
111.8
 31
0.0
  0
LINE
  5
594
330
1B
100
AcDbEntity
 67
1
  8
ESTRIBOS
 62
8
370
9
100
AcDbLine
 10
286.442
 20
88.8
 30
0.0
 11
286.442
 21
111.8
 31
0.0
  0
LINE
  5
595
330
1B
100
AcDbEntity
 67
1
  8
ESTRIBOS
 62
8
370
9
100
AcDbLine
 10
287.342
 20
88.8
 30
0.0
 11
287.342
 21
111.8
 31
0.0
  0
LINE
  5
596
330
1B
100
AcDbEntity
 67
1
  8
ESTRIBOS
 62
8
370
9
100
AcDbLine
 10
288.242
 20
88.8
 30
0.0
 11
288.242
 21
111.8
 31
0.0
  0
LINE
  5
597
330
1B
100
AcDbEntity
 67
1
  8
ESTRIBOS
 62
8
370
9
100
AcDbLine
 10
289.142
 20
88.8
 30
0.0
 11
289.142
 21
111.8
 31
0.0
  0
LINE
  5
598
330
1B
100
AcDbEntity
 67
1
  8
ESTRIBOS
 62
8
370
9
100
AcDbLine
 10
290.042
 20
88.8
 30
0.0
 11
290.042
 21
111.8
 31
0.0
  0
LINE
  5
599
330
1B
100
AcDbEntity
 67
1
  8
ESTRIBOS
 62
8
370
9
100
AcDbLine
 10
290.942
 20
88.8
 30
0.0
 11
290.942
 21
111.8
 31
0.0
  0
LINE
  5
59A
330
1B
100
AcDbEntity
 67
1
  8
ESTRIBOS
 62
8
370
9
100
AcDbLine
 10
291.842
 20
88.8
 30
0.0
 11
291.842
 21
111.8
 31
0.0
  0
LINE
  5
59B
330
1B
100
AcDbEntity
 67
1
  8
ESTRIBOS
 62
8
370
9
100
AcDbLine
 10
292.742
 20
88.8
 30
0.0
 11
292.742
 21
111.8
 31
0.0
  0
LINE
  5
59C
330
1B
100
AcDbEntity
 67
1
  8
ESTRIBOS
 62
8
370
9
100
AcDbLine
 10
294.242
 20
88.8
 30
0.0
 11
294.242
 21
111.8
 31
0.0
  0
LINE
  5
59D
330
1B
100
AcDbEntity
 67
1
  8
ESTRIBOS
 62
8
370
9
100
AcDbLine
 10
295.142
 20
88.8
 30
0.0
 11
295.142
 21
111.8
 31
0.0
  0
LINE
  5
59E
330
1B
100
AcDbEntity
 67
1
  8
ESTRIBOS
 62
8
370
9
100
AcDbLine
 10
296.042
 20
88.8
 30
0.0
 11
296.042
 21
111.8
 31
0.0
  0
LINE
  5
59F
330
1B
100
AcDbEntity
 67
1
  8
ESTRIBOS
 62
8
370
9
100
AcDbLine
 10
296.942
 20
88.8
 30
0.0
 11
296.942
 21
111.8
 31
0.0
  0
LINE
  5
5A0
330
1B
100
AcDbEntity
 67
1
  8
ESTRIBOS
 62
8
370
9
100
AcDbLine
 10
297.842
 20
88.8
 30
0.0
 11
297.842
 21
111.8
 31
0.0
  0
LINE
  5
5A1
330
1B
100
AcDbEntity
 67
1
  8
ESTRIBOS
 62
8
370
9
100
AcDbLine
 10
298.742
 20
88.8
 30
0.0
 11
298.742
 21
111.8
 31
0.0
  0
LINE
  5
5A2
330
1B
100
AcDbEntity
 67
1
  8
ESTRIBOS
 62
8
370
9
100
AcDbLine
 10
299.642
 20
88.8
 30
0.0
 11
299.642
 21
111.8
 31
0.0
  0
LINE
  5
5A3
330
1B
100
AcDbEntity
 67
1
  8
ESTRIBOS
 62
8
370
9
100
AcDbLine
 10
300.542
 20
88.8
 30
0.0
 11
300.542
 21
111.8
 31
0.0
  0
LINE
  5
5A4
330
1B
100
AcDbEntity
 67
1
  8
ESTRIBOS
 62
8
370
9
100
AcDbLine
 10
301.442
 20
88.8
 30
0.0
 11
301.442
 21
111.8
 31
0.0
  0
LINE
  5
5A5
330
1B
100
AcDbEntity
 67
1
  8
ESTRIBOS
 62
8
370
9
100
AcDbLine
 10
302.342
 20
88.8
 30
0.0
 11
302.342
 21
111.8
 31
0.0
  0
LINE
  5
5A6
330
1B
100
AcDbEntity
 67
1
  8
ESTRIBOS
 62
8
370
9
100
AcDbLine
 10
303.242
 20
88.8
 30
0.0
 11
303.242
 21
111.8
 31
0.0
  0
LINE
  5
5A7
330
1B
100
AcDbEntity
 67
1
  8
ESTRIBOS
 62
8
370
9
100
AcDbLine
 10
304.142
 20
88.8
 30
0.0
 11
304.142
 21
111.8
 31
0.0
  0
LINE
  5
5A8
330
1B
100
AcDbEntity
 67
1
  8
ESTRIBOS
 62
8
370
9
100
AcDbLine
 10
305.042
 20
88.8
 30
0.0
 11
305.042
 21
111.8
 31
0.0
  0
LINE
  5
5A9
330
1B
100
AcDbEntity
 67
1
  8
ESTRIBOS
 62
8
370
9
100
AcDbLine
 10
305.942
 20
88.8
 30
0.0
 11
305.942
 21
111.8
 31
0.0
  0
LINE
  5
5AA
330
1B
100
AcDbEntity
 67
1
  8
ESTRIBOS
 62
8
370
9
100
AcDbLine
 10
306.842
 20
88.8
 30
0.0
 11
306.842
 21
111.8
 31
0.0
  0
LINE
  5
5AB
330
1B
100
AcDbEntity
 67
1
  8
ESTRIBOS
 62
8
370
9
100
AcDbLine
 10
307.742
 20
88.8
 30
0.0
 11
307.742
 21
111.8
 31
0.0
  0
LINE
  5
5AC
330
1B
100
AcDbEntity
 67
1
  8
ESTRIBOS
 62
8
370
9
100
AcDbLine
 10
308.642
 20
88.8
 30
0.0
 11
308.642
 21
111.8
 31
0.0
  0
LINE
  5
5AD
330
1B
100
AcDbEntity
 67
1
  8
ESTRIBOS
 62
8
370
9
100
AcDbLine
 10
309.542
 20
88.8
 30
0.0
 11
309.542
 21
111.8
 31
0.0
  0
LINE
  5
5AE
330
1B
100
AcDbEntity
 67
1
  8
ESTRIBOS
 62
8
370
9
100
AcDbLine
 10
310.442
 20
88.8
 30
0.0
 11
310.442
 21
111.8
 31
0.0
  0
LINE
  5
5AF
330
1B
100
AcDbEntity
 67
1
  8
ESTRIBOS
 62
8
370
9
100
AcDbLine
 10
311.342
 20
88.8
 30
0.0
 11
311.342
 21
111.8
 31
0.0
  0
LINE
  5
5B0
330
1B
100
AcDbEntity
 67
1
  8
ESTRIBOS
 62
8
370
9
100
AcDbLine
 10
312.242
 20
88.8
 30
0.0
 11
312.242
 21
111.8
 31
0.0
  0
LINE
  5
5B1
330
1B
100
AcDbEntity
 67
1
  8
ESTRIBOS
 62
8
370
9
100
AcDbLine
 10
313.7032
 20
88.8
 30
0.0
 11
313.7032
 21
111.8
 31
0.0
  0
LINE
  5
5B2
330
1B
100
AcDbEntity
 67
1
  8
ESTRIBOS
 62
8
370
9
100
AcDbLine
 10
314.6032
 20
88.8
 30
0.0
 11
314.6032
 21
111.8
 31
0.0
  0
LINE
  5
5B3
330
1B
100
AcDbEntity
 67
1
  8
ESTRIBOS
 62
8
370
9
100
AcDbLine
 10
315.5032
 20
88.8
 30
0.0
 11
315.5032
 21
111.8
 31
0.0
  0
LINE
  5
5B4
330
1B
100
AcDbEntity
 67
1
  8
ESTRIBOS
 62
8
370
9
100
AcDbLine
 10
316.4032
 20
88.8
 30
0.0
 11
316.4032
 21
111.8
 31
0.0
  0
LINE
  5
5B5
330
1B
100
AcDbEntity
 67
1
  8
ESTRIBOS
 62
8
370
9
100
AcDbLine
 10
317.3032
 20
88.8
 30
0.0
 11
317.3032
 21
111.8
 31
0.0
  0
LINE
  5
5B6
330
1B
100
AcDbEntity
 67
1
  8
ESTRIBOS
 62
8
370
9
100
AcDbLine
 10
318.2032
 20
88.8
 30
0.0
 11
318.2032
 21
111.8
 31
0.0
  0
LINE
  5
5B7
330
1B
100
AcDbEntity
 67
1
  8
ESTRIBOS
 62
8
370
9
100
AcDbLine
 10
319.1032
 20
88.8
 30
0.0
 11
319.1032
 21
111.8
 31
0.0
  0
LINE
  5
5B8
330
1B
100
AcDbEntity
 67
1
  8
ESTRIBOS
 62
8
370
9
100
AcDbLine
 10
320.0032
 20
88.8
 30
0.0
 11
320.0032
 21
111.8
 31
0.0
  0
LINE
  5
5B9
330
1B
100
AcDbEntity
 67
1
  8
ESTRIBOS
 62
8
370
9
100
AcDbLine
 10
320.9032
 20
88.8
 30
0.0
 11
320.9032
 21
111.8
 31
0.0
  0
LINE
  5
5BA
330
1B
100
AcDbEntity
 67
1
  8
ESTRIBOS
 62
8
370
9
100
AcDbLine
 10
321.8032
 20
88.8
 30
0.0
 11
321.8032
 21
111.8
 31
0.0
  0
LINE
  5
5BB
330
1B
100
AcDbEntity
 67
1
  8
ESTRIBOS
 62
8
370
9
100
AcDbLine
 10
322.7032
 20
88.8
 30
0.0
 11
322.7032
 21
111.8
 31
0.0
  0
LINE
  5
5BC
330
1B
100
AcDbEntity
 67
1
  8
ESTRIBOS
 62
8
370
9
100
AcDbLine
 10
323.6032
 20
88.8
 30
0.0
 11
323.6032
 21
111.8
 31
0.0
  0
TEXT
  5
5BD
330
1B
100
AcDbEntity
 67
1
  8
ESTRIBOS
 62
8
100
AcDbText
 10
303.2226
 20
99.5
 30
0.0
 40
1.6
  1
Nº4 4R @90/@90
 72
1
 11
303.2226
 21
99.5
 31
0.0
100
AcDbText
 73
2
  0
LINE
  5
5BE
330
1B
100
AcDbEntity
 67
1
  8
ESTRIBOS
 62
8
370
9
100
AcDbLine
 10
324.6032
 20
88.8
 30
0.0
 11
324.6032
 21
111.8
 31
0.0
  0
LINE
  5
5BF
330
1B
100
AcDbEntity
 67
1
  8
ESTRIBOS
 62
8
370
9
100
AcDbLine
 10
325.5032
 20
88.8
 30
0.0
 11
325.5032
 21
111.8
 31
0.0
  0
LINE
  5
5C0
330
1B
100
AcDbEntity
 67
1
  8
ESTRIBOS
 62
8
370
9
100
AcDbLine
 10
326.4032
 20
88.8
 30
0.0
 11
326.4032
 21
111.8
 31
0.0
  0
LINE
  5
5C1
330
1B
100
AcDbEntity
 67
1
  8
ESTRIBOS
 62
8
370
9
100
AcDbLine
 10
327.3032
 20
88.8
 30
0.0
 11
327.3032
 21
111.8
 31
0.0
  0
LINE
  5
5C2
330
1B
100
AcDbEntity
 67
1
  8
ESTRIBOS
 62
8
370
9
100
AcDbLine
 10
328.2032
 20
88.8
 30
0.0
 11
328.2032
 21
111.8
 31
0.0
  0
LINE
  5
5C3
330
1B
100
AcDbEntity
 67
1
  8
ESTRIBOS
 62
8
370
9
100
AcDbLine
 10
329.1032
 20
88.8
 30
0.0
 11
329.1032
 21
111.8
 31
0.0
  0
LINE
  5
5C4
330
1B
100
AcDbEntity
 67
1
  8
ESTRIBOS
 62
8
370
9
100
AcDbLine
 10
330.0032
 20
88.8
 30
0.0
 11
330.0032
 21
111.8
 31
0.0
  0
LINE
  5
5C5
330
1B
100
AcDbEntity
 67
1
  8
ESTRIBOS
 62
8
370
9
100
AcDbLine
 10
330.9032
 20
88.8
 30
0.0
 11
330.9032
 21
111.8
 31
0.0
  0
LINE
  5
5C6
330
1B
100
AcDbEntity
 67
1
  8
ESTRIBOS
 62
8
370
9
100
AcDbLine
 10
331.8032
 20
88.8
 30
0.0
 11
331.8032
 21
111.8
 31
0.0
  0
LINE
  5
5C7
330
1B
100
AcDbEntity
 67
1
  8
ESTRIBOS
 62
8
370
9
100
AcDbLine
 10
332.7032
 20
88.8
 30
0.0
 11
332.7032
 21
111.8
 31
0.0
  0
LINE
  5
5C8
330
1B
100
AcDbEntity
 67
1
  8
ESTRIBOS
 62
8
370
9
100
AcDbLine
 10
333.6032
 20
88.8
 30
0.0
 11
333.6032
 21
111.8
 31
0.0
  0
LINE
  5
5C9
330
1B
100
AcDbEntity
 67
1
  8
ESTRIBOS
 62
8
370
9
100
AcDbLine
 10
334.5032
 20
88.8
 30
0.0
 11
334.5032
 21
111.8
 31
0.0
  0
LINE
  5
5CA
330
1B
100
AcDbEntity
 67
1
  8
ESTRIBOS
 62
8
370
9
100
AcDbLine
 10
336.0032
 20
88.8
 30
0.0
 11
336.0032
 21
111.8
 31
0.0
  0
LINE
  5
5CB
330
1B
100
AcDbEntity
 67
1
  8
ESTRIBOS
 62
8
370
9
100
AcDbLine
 10
336.9032
 20
88.8
 30
0.0
 11
336.9032
 21
111.8
 31
0.0
  0
LINE
  5
5CC
330
1B
100
AcDbEntity
 67
1
  8
ESTRIBOS
 62
8
370
9
100
AcDbLine
 10
337.8032
 20
88.8
 30
0.0
 11
337.8032
 21
111.8
 31
0.0
  0
LINE
  5
5CD
330
1B
100
AcDbEntity
 67
1
  8
ESTRIBOS
 62
8
370
9
100
AcDbLine
 10
338.7032
 20
88.8
 30
0.0
 11
338.7032
 21
111.8
 31
0.0
  0
LINE
  5
5CE
330
1B
100
AcDbEntity
 67
1
  8
ESTRIBOS
 62
8
370
9
100
AcDbLine
 10
339.6032
 20
88.8
 30
0.0
 11
339.6032
 21
111.8
 31
0.0
  0
LINE
  5
5CF
330
1B
100
AcDbEntity
 67
1
  8
ESTRIBOS
 62
8
370
9
100
AcDbLine
 10
340.5032
 20
88.8
 30
0.0
 11
340.5032
 21
111.8
 31
0.0
  0
LINE
  5
5D0
330
1B
100
AcDbEntity
 67
1
  8
ESTRIBOS
 62
8
370
9
100
AcDbLine
 10
341.4032
 20
88.8
 30
0.0
 11
341.4032
 21
111.8
 31
0.0
  0
LINE
  5
5D1
330
1B
100
AcDbEntity
 67
1
  8
ESTRIBOS
 62
8
370
9
100
AcDbLine
 10
342.3032
 20
88.8
 30
0.0
 11
342.3032
 21
111.8
 31
0.0
  0
LINE
  5
5D2
330
1B
100
AcDbEntity
 67
1
  8
ESTRIBOS
 62
8
370
9
100
AcDbLine
 10
343.2032
 20
88.8
 30
0.0
 11
343.2032
 21
111.8
 31
0.0
  0
LINE
  5
5D3
330
1B
100
AcDbEntity
 67
1
  8
ESTRIBOS
 62
8
370
9
100
AcDbLine
 10
344.1032
 20
88.8
 30
0.0
 11
344.1032
 21
111.8
 31
0.0
  0
LINE
  5
5D4
330
1B
100
AcDbEntity
 67
1
  8
ESTRIBOS
 62
8
370
9
100
AcDbLine
 10
345.0032
 20
88.8
 30
0.0
 11
345.0032
 21
111.8
 31
0.0
  0
LINE
  5
5D5
330
1B
100
AcDbEntity
 67
1
  8
ESTRIBOS
 62
8
370
9
100
AcDbLine
 10
345.9032
 20
88.8
 30
0.0
 11
345.9032
 21
111.8
 31
0.0
  0
LINE
  5
5D6
330
1B
100
AcDbEntity
 67
1
  8
ESTRIBOS
 62
8
370
9
100
AcDbLine
 10
346.8032
 20
88.8
 30
0.0
 11
346.8032
 21
111.8
 31
0.0
  0
LINE
  5
5D7
330
1B
100
AcDbEntity
 67
1
  8
ESTRIBOS
 62
8
370
9
100
AcDbLine
 10
347.7032
 20
88.8
 30
0.0
 11
347.7032
 21
111.8
 31
0.0
  0
LINE
  5
5D8
330
1B
100
AcDbEntity
 67
1
  8
ESTRIBOS
 62
8
370
9
100
AcDbLine
 10
348.6032
 20
88.8
 30
0.0
 11
348.6032
 21
111.8
 31
0.0
  0
TEXT
  5
5D9
330
1B
100
AcDbEntity
 67
1
  8
ESTRIBOS
 62
8
100
AcDbText
 10
336.6032
 20
99.5
 30
0.0
 40
1.6
  1
Nº4 4R @90/@90
 72
1
 11
336.6032
 21
99.5
 31
0.0
100
AcDbText
 73
2
  0
LINE
  5
5DA
330
1B
100
AcDbEntity
 67
1
  8
ESTRIBOS
 62
8
370
9
100
AcDbLine
 10
349.6032
 20
88.8
 30
0.0
 11
349.6032
 21
111.8
 31
0.0
  0
LINE
  5
5DB
330
1B
100
AcDbEntity
 67
1
  8
ESTRIBOS
 62
8
370
9
100
AcDbLine
 10
350.5032
 20
88.8
 30
0.0
 11
350.5032
 21
111.8
 31
0.0
  0
LINE
  5
5DC
330
1B
100
AcDbEntity
 67
1
  8
ESTRIBOS
 62
8
370
9
100
AcDbLine
 10
351.4032
 20
88.8
 30
0.0
 11
351.4032
 21
111.8
 31
0.0
  0
LINE
  5
5DD
330
1B
100
AcDbEntity
 67
1
  8
ESTRIBOS
 62
8
370
9
100
AcDbLine
 10
352.3032
 20
88.8
 30
0.0
 11
352.3032
 21
111.8
 31
0.0
  0
LINE
  5
5DE
330
1B
100
AcDbEntity
 67
1
  8
ESTRIBOS
 62
8
370
9
100
AcDbLine
 10
353.2032
 20
88.8
 30
0.0
 11
353.2032
 21
111.8
 31
0.0
  0
LINE
  5
5DF
330
1B
100
AcDbEntity
 67
1
  8
ESTRIBOS
 62
8
370
9
100
AcDbLine
 10
354.1032
 20
88.8
 30
0.0
 11
354.1032
 21
111.8
 31
0.0
  0
LINE
  5
5E0
330
1B
100
AcDbEntity
 67
1
  8
ESTRIBOS
 62
8
370
9
100
AcDbLine
 10
355.0032
 20
88.8
 30
0.0
 11
355.0032
 21
111.8
 31
0.0
  0
LINE
  5
5E1
330
1B
100
AcDbEntity
 67
1
  8
ESTRIBOS
 62
8
370
9
100
AcDbLine
 10
355.9032
 20
88.8
 30
0.0
 11
355.9032
 21
111.8
 31
0.0
  0
LINE
  5
5E2
330
1B
100
AcDbEntity
 67
1
  8
ESTRIBOS
 62
8
370
9
100
AcDbLine
 10
356.8032
 20
88.8
 30
0.0
 11
356.8032
 21
111.8
 31
0.0
  0
LINE
  5
5E3
330
1B
100
AcDbEntity
 67
1
  8
ESTRIBOS
 62
8
370
9
100
AcDbLine
 10
357.7032
 20
88.8
 30
0.0
 11
357.7032
 21
111.8
 31
0.0
  0
LINE
  5
5E4
330
1B
100
AcDbEntity
 67
1
  8
ESTRIBOS
 62
8
370
9
100
AcDbLine
 10
358.6032
 20
88.8
 30
0.0
 11
358.6032
 21
111.8
 31
0.0
  0
LINE
  5
5E5
330
1B
100
AcDbEntity
 67
1
  8
ESTRIBOS
 62
8
370
9
100
AcDbLine
 10
359.5032
 20
88.8
 30
0.0
 11
359.5032
 21
111.8
 31
0.0
  0
LINE
  5
5E6
330
1B
100
AcDbEntity
 67
1
  8
ESTRIBOS
 62
8
370
9
100
AcDbLine
 10
361.0032
 20
88.8
 30
0.0
 11
361.0032
 21
111.8
 31
0.0
  0
LINE
  5
5E7
330
1B
100
AcDbEntity
 67
1
  8
ESTRIBOS
 62
8
370
9
100
AcDbLine
 10
361.9032
 20
88.8
 30
0.0
 11
361.9032
 21
111.8
 31
0.0
  0
LINE
  5
5E8
330
1B
100
AcDbEntity
 67
1
  8
ESTRIBOS
 62
8
370
9
100
AcDbLine
 10
362.8032
 20
88.8
 30
0.0
 11
362.8032
 21
111.8
 31
0.0
  0
LINE
  5
5E9
330
1B
100
AcDbEntity
 67
1
  8
ESTRIBOS
 62
8
370
9
100
AcDbLine
 10
363.7032
 20
88.8
 30
0.0
 11
363.7032
 21
111.8
 31
0.0
  0
LINE
  5
5EA
330
1B
100
AcDbEntity
 67
1
  8
ESTRIBOS
 62
8
370
9
100
AcDbLine
 10
364.7032
 20
88.8
 30
0.0
 11
364.7032
 21
111.8
 31
0.0
  0
LINE
  5
5EB
330
1B
100
AcDbEntity
 67
1
  8
ESTRIBOS
 62
8
370
9
100
AcDbLine
 10
365.6032
 20
88.8
 30
0.0
 11
365.6032
 21
111.8
 31
0.0
  0
LINE
  5
5EC
330
1B
100
AcDbEntity
 67
1
  8
ESTRIBOS
 62
8
370
9
100
AcDbLine
 10
366.5032
 20
88.8
 30
0.0
 11
366.5032
 21
111.8
 31
0.0
  0
LINE
  5
5ED
330
1B
100
AcDbEntity
 67
1
  8
ESTRIBOS
 62
8
370
9
100
AcDbLine
 10
367.4032
 20
88.8
 30
0.0
 11
367.4032
 21
111.8
 31
0.0
  0
LINE
  5
5EE
330
1B
100
AcDbEntity
 67
1
  8
ESTRIBOS
 62
8
370
9
100
AcDbLine
 10
368.3032
 20
88.8
 30
0.0
 11
368.3032
 21
111.8
 31
0.0
  0
LINE
  5
5EF
330
1B
100
AcDbEntity
 67
1
  8
ESTRIBOS
 62
8
370
9
100
AcDbLine
 10
369.2032
 20
88.8
 30
0.0
 11
369.2032
 21
111.8
 31
0.0
  0
LINE
  5
5F0
330
1B
100
AcDbEntity
 67
1
  8
ESTRIBOS
 62
8
370
9
100
AcDbLine
 10
370.1032
 20
88.8
 30
0.0
 11
370.1032
 21
111.8
 31
0.0
  0
LINE
  5
5F1
330
1B
100
AcDbEntity
 67
1
  8
ESTRIBOS
 62
8
370
9
100
AcDbLine
 10
371.0032
 20
88.8
 30
0.0
 11
371.0032
 21
111.8
 31
0.0
  0
LINE
  5
5F2
330
1B
100
AcDbEntity
 67
1
  8
ESTRIBOS
 62
8
370
9
100
AcDbLine
 10
371.9032
 20
88.8
 30
0.0
 11
371.9032
 21
111.8
 31
0.0
  0
LINE
  5
5F3
330
1B
100
AcDbEntity
 67
1
  8
ESTRIBOS
 62
8
370
9
100
AcDbLine
 10
372.8032
 20
88.8
 30
0.0
 11
372.8032
 21
111.8
 31
0.0
  0
LINE
  5
5F4
330
1B
100
AcDbEntity
 67
1
  8
ESTRIBOS
 62
8
370
9
100
AcDbLine
 10
373.7032
 20
88.8
 30
0.0
 11
373.7032
 21
111.8
 31
0.0
  0
LINE
  5
5F5
330
1B
100
AcDbEntity
 67
1
  8
ESTRIBOS
 62
8
370
9
100
AcDbLine
 10
374.6032
 20
88.8
 30
0.0
 11
374.6032
 21
111.8
 31
0.0
  0
TEXT
  5
5F6
330
1B
100
AcDbEntity
 67
1
  8
ESTRIBOS
 62
8
100
AcDbText
 10
362.1032
 20
99.5
 30
0.0
 40
1.6
  1
Nº4 4R @90/@90
 72
1
 11
362.1032
 21
99.5
 31
0.0
100
AcDbText
 73
2
  0
LINE
  5
5F7
330
1B
100
AcDbEntity
 67
1
  8
ESTRIBOS
 62
8
370
9
100
AcDbLine
 10
375.6032
 20
88.8
 30
0.0
 11
375.6032
 21
111.8
 31
0.0
  0
LINE
  5
5F8
330
1B
100
AcDbEntity
 67
1
  8
ESTRIBOS
 62
8
370
9
100
AcDbLine
 10
376.5032
 20
88.8
 30
0.0
 11
376.5032
 21
111.8
 31
0.0
  0
LINE
  5
5F9
330
1B
100
AcDbEntity
 67
1
  8
ESTRIBOS
 62
8
370
9
100
AcDbLine
 10
377.4032
 20
88.8
 30
0.0
 11
377.4032
 21
111.8
 31
0.0
  0
LINE
  5
5FA
330
1B
100
AcDbEntity
 67
1
  8
ESTRIBOS
 62
8
370
9
100
AcDbLine
 10
378.3032
 20
88.8
 30
0.0
 11
378.3032
 21
111.8
 31
0.0
  0
LINE
  5
5FB
330
1B
100
AcDbEntity
 67
1
  8
ESTRIBOS
 62
8
370
9
100
AcDbLine
 10
379.2032
 20
88.8
 30
0.0
 11
379.2032
 21
111.8
 31
0.0
  0
LINE
  5
5FC
330
1B
100
AcDbEntity
 67
1
  8
ESTRIBOS
 62
8
370
9
100
AcDbLine
 10
380.1032
 20
88.8
 30
0.0
 11
380.1032
 21
111.8
 31
0.0
  0
LINE
  5
5FD
330
1B
100
AcDbEntity
 67
1
  8
ESTRIBOS
 62
8
370
9
100
AcDbLine
 10
381.0032
 20
88.8
 30
0.0
 11
381.0032
 21
111.8
 31
0.0
  0
LINE
  5
5FE
330
1B
100
AcDbEntity
 67
1
  8
ESTRIBOS
 62
8
370
9
100
AcDbLine
 10
381.9032
 20
88.8
 30
0.0
 11
381.9032
 21
111.8
 31
0.0
  0
LINE
  5
5FF
330
1B
100
AcDbEntity
 67
1
  8
ESTRIBOS
 62
8
370
9
100
AcDbLine
 10
382.8032
 20
88.8
 30
0.0
 11
382.8032
 21
111.8
 31
0.0
  0
LINE
  5
600
330
1B
100
AcDbEntity
 67
1
  8
ESTRIBOS
 62
8
370
9
100
AcDbLine
 10
383.7032
 20
88.8
 30
0.0
 11
383.7032
 21
111.8
 31
0.0
  0
LINE
  5
601
330
1B
100
AcDbEntity
 67
1
  8
ESTRIBOS
 62
8
370
9
100
AcDbLine
 10
384.6032
 20
88.8
 30
0.0
 11
384.6032
 21
111.8
 31
0.0
  0
LINE
  5
602
330
1B
100
AcDbEntity
 67
1
  8
ESTRIBOS
 62
8
370
9
100
AcDbLine
 10
385.5032
 20
88.8
 30
0.0
 11
385.5032
 21
111.8
 31
0.0
  0
LINE
  5
603
330
1B
100
AcDbEntity
 67
1
  8
ESTRIBOS
 62
8
370
9
100
AcDbLine
 10
387.0032
 20
88.8
 30
0.0
 11
387.0032
 21
111.8
 31
0.0
  0
LINE
  5
604
330
1B
100
AcDbEntity
 67
1
  8
ESTRIBOS
 62
8
370
9
100
AcDbLine
 10
387.9032
 20
88.8
 30
0.0
 11
387.9032
 21
111.8
 31
0.0
  0
LINE
  5
605
330
1B
100
AcDbEntity
 67
1
  8
ESTRIBOS
 62
8
370
9
100
AcDbLine
 10
388.8032
 20
88.8
 30
0.0
 11
388.8032
 21
111.8
 31
0.0
  0
LINE
  5
606
330
1B
100
AcDbEntity
 67
1
  8
ESTRIBOS
 62
8
370
9
100
AcDbLine
 10
389.7032
 20
88.8
 30
0.0
 11
389.7032
 21
111.8
 31
0.0
  0
LINE
  5
607
330
1B
100
AcDbEntity
 67
1
  8
ESTRIBOS
 62
8
370
9
100
AcDbLine
 10
390.6032
 20
88.8
 30
0.0
 11
390.6032
 21
111.8
 31
0.0
  0
LINE
  5
608
330
1B
100
AcDbEntity
 67
1
  8
ESTRIBOS
 62
8
370
9
100
AcDbLine
 10
391.5032
 20
88.8
 30
0.0
 11
391.5032
 21
111.8
 31
0.0
  0
LINE
  5
609
330
1B
100
AcDbEntity
 67
1
  8
ESTRIBOS
 62
8
370
9
100
AcDbLine
 10
392.4032
 20
88.8
 30
0.0
 11
392.4032
 21
111.8
 31
0.0
  0
LINE
  5
60A
330
1B
100
AcDbEntity
 67
1
  8
ESTRIBOS
 62
8
370
9
100
AcDbLine
 10
393.3032
 20
88.8
 30
0.0
 11
393.3032
 21
111.8
 31
0.0
  0
LINE
  5
60B
330
1B
100
AcDbEntity
 67
1
  8
ESTRIBOS
 62
8
370
9
100
AcDbLine
 10
394.2032
 20
88.8
 30
0.0
 11
394.2032
 21
111.8
 31
0.0
  0
LINE
  5
60C
330
1B
100
AcDbEntity
 67
1
  8
ESTRIBOS
 62
8
370
9
100
AcDbLine
 10
395.1032
 20
88.8
 30
0.0
 11
395.1032
 21
111.8
 31
0.0
  0
LINE
  5
60D
330
1B
100
AcDbEntity
 67
1
  8
ESTRIBOS
 62
8
370
9
100
AcDbLine
 10
396.0032
 20
88.8
 30
0.0
 11
396.0032
 21
111.8
 31
0.0
  0
LINE
  5
60E
330
1B
100
AcDbEntity
 67
1
  8
ESTRIBOS
 62
8
370
9
100
AcDbLine
 10
396.9032
 20
88.8
 30
0.0
 11
396.9032
 21
111.8
 31
0.0
  0
LINE
  5
60F
330
1B
100
AcDbEntity
 67
1
  8
ESTRIBOS
 62
8
370
9
100
AcDbLine
 10
397.8032
 20
88.8
 30
0.0
 11
397.8032
 21
111.8
 31
0.0
  0
LINE
  5
610
330
1B
100
AcDbEntity
 67
1
  8
ESTRIBOS
 62
8
370
9
100
AcDbLine
 10
398.7032
 20
88.8
 30
0.0
 11
398.7032
 21
111.8
 31
0.0
  0
LINE
  5
611
330
1B
100
AcDbEntity
 67
1
  8
ESTRIBOS
 62
8
370
9
100
AcDbLine
 10
399.6032
 20
88.8
 30
0.0
 11
399.6032
 21
111.8
 31
0.0
  0
LINE
  5
612
330
1B
100
AcDbEntity
 67
1
  8
ESTRIBOS
 62
8
370
9
100
AcDbLine
 10
400.5032
 20
88.8
 30
0.0
 11
400.5032
 21
111.8
 31
0.0
  0
LINE
  5
613
330
1B
100
AcDbEntity
 67
1
  8
ESTRIBOS
 62
8
370
9
100
AcDbLine
 10
401.234
 20
88.8
 30
0.0
 11
401.234
 21
111.8
 31
0.0
  0
LINE
  5
614
330
1B
100
AcDbEntity
 67
1
  8
ESTRIBOS
 62
8
370
9
100
AcDbLine
 10
402.134
 20
88.8
 30
0.0
 11
402.134
 21
111.8
 31
0.0
  0
LINE
  5
615
330
1B
100
AcDbEntity
 67
1
  8
ESTRIBOS
 62
8
370
9
100
AcDbLine
 10
403.034
 20
88.8
 30
0.0
 11
403.034
 21
111.8
 31
0.0
  0
LINE
  5
616
330
1B
100
AcDbEntity
 67
1
  8
ESTRIBOS
 62
8
370
9
100
AcDbLine
 10
403.934
 20
88.8
 30
0.0
 11
403.934
 21
111.8
 31
0.0
  0
LINE
  5
617
330
1B
100
AcDbEntity
 67
1
  8
ESTRIBOS
 62
8
370
9
100
AcDbLine
 10
404.834
 20
88.8
 30
0.0
 11
404.834
 21
111.8
 31
0.0
  0
LINE
  5
618
330
1B
100
AcDbEntity
 67
1
  8
ESTRIBOS
 62
8
370
9
100
AcDbLine
 10
405.734
 20
88.8
 30
0.0
 11
405.734
 21
111.8
 31
0.0
  0
LINE
  5
619
330
1B
100
AcDbEntity
 67
1
  8
ESTRIBOS
 62
8
370
9
100
AcDbLine
 10
406.634
 20
88.8
 30
0.0
 11
406.634
 21
111.8
 31
0.0
  0
LINE
  5
61A
330
1B
100
AcDbEntity
 67
1
  8
ESTRIBOS
 62
8
370
9
100
AcDbLine
 10
407.534
 20
88.8
 30
0.0
 11
407.534
 21
111.8
 31
0.0
  0
LINE
  5
61B
330
1B
100
AcDbEntity
 67
1
  8
ESTRIBOS
 62
8
370
9
100
AcDbLine
 10
408.434
 20
88.8
 30
0.0
 11
408.434
 21
111.8
 31
0.0
  0
LINE
  5
61C
330
1B
100
AcDbEntity
 67
1
  8
ESTRIBOS
 62
8
370
9
100
AcDbLine
 10
409.334
 20
88.8
 30
0.0
 11
409.334
 21
111.8
 31
0.0
  0
LINE
  5
61D
330
1B
100
AcDbEntity
 67
1
  8
ESTRIBOS
 62
8
370
9
100
AcDbLine
 10
410.234
 20
88.8
 30
0.0
 11
410.234
 21
111.8
 31
0.0
  0
LINE
  5
61E
330
1B
100
AcDbEntity
 67
1
  8
ESTRIBOS
 62
8
370
9
100
AcDbLine
 10
411.134
 20
88.8
 30
0.0
 11
411.134
 21
111.8
 31
0.0
  0
TEXT
  5
61F
330
1B
100
AcDbEntity
 67
1
  8
ESTRIBOS
 62
8
100
AcDbText
 10
393.3686
 20
99.5
 30
0.0
 40
1.6
  1
Nº4 4R @90/@90
 72
1
 11
393.3686
 21
99.5
 31
0.0
100
AcDbText
 73
2
  0
LINE
  5
620
330
1B
100
AcDbEntity
 67
1
  8
ESTRIBOS
 62
8
370
9
100
AcDbLine
 10
412.134
 20
88.8
 30
0.0
 11
412.134
 21
111.8
 31
0.0
  0
LINE
  5
621
330
1B
100
AcDbEntity
 67
1
  8
ESTRIBOS
 62
8
370
9
100
AcDbLine
 10
413.034
 20
88.8
 30
0.0
 11
413.034
 21
111.8
 31
0.0
  0
LINE
  5
622
330
1B
100
AcDbEntity
 67
1
  8
ESTRIBOS
 62
8
370
9
100
AcDbLine
 10
413.934
 20
88.8
 30
0.0
 11
413.934
 21
111.8
 31
0.0
  0
LINE
  5
623
330
1B
100
AcDbEntity
 67
1
  8
ESTRIBOS
 62
8
370
9
100
AcDbLine
 10
414.834
 20
88.8
 30
0.0
 11
414.834
 21
111.8
 31
0.0
  0
LINE
  5
624
330
1B
100
AcDbEntity
 67
1
  8
ESTRIBOS
 62
8
370
9
100
AcDbLine
 10
415.734
 20
88.8
 30
0.0
 11
415.734
 21
111.8
 31
0.0
  0
LINE
  5
625
330
1B
100
AcDbEntity
 67
1
  8
ESTRIBOS
 62
8
370
9
100
AcDbLine
 10
416.634
 20
88.8
 30
0.0
 11
416.634
 21
111.8
 31
0.0
  0
LINE
  5
626
330
1B
100
AcDbEntity
 67
1
  8
ESTRIBOS
 62
8
370
9
100
AcDbLine
 10
417.534
 20
88.8
 30
0.0
 11
417.534
 21
111.8
 31
0.0
  0
LINE
  5
627
330
1B
100
AcDbEntity
 67
1
  8
ESTRIBOS
 62
8
370
9
100
AcDbLine
 10
418.434
 20
88.8
 30
0.0
 11
418.434
 21
111.8
 31
0.0
  0
LINE
  5
628
330
1B
100
AcDbEntity
 67
1
  8
ESTRIBOS
 62
8
370
9
100
AcDbLine
 10
419.334
 20
88.8
 30
0.0
 11
419.334
 21
111.8
 31
0.0
  0
LINE
  5
629
330
1B
100
AcDbEntity
 67
1
  8
ESTRIBOS
 62
8
370
9
100
AcDbLine
 10
420.234
 20
88.8
 30
0.0
 11
420.234
 21
111.8
 31
0.0
  0
LINE
  5
62A
330
1B
100
AcDbEntity
 67
1
  8
ESTRIBOS
 62
8
370
9
100
AcDbLine
 10
421.134
 20
88.8
 30
0.0
 11
421.134
 21
111.8
 31
0.0
  0
LINE
  5
62B
330
1B
100
AcDbEntity
 67
1
  8
ESTRIBOS
 62
8
370
9
100
AcDbLine
 10
422.034
 20
88.8
 30
0.0
 11
422.034
 21
111.8
 31
0.0
  0
LINE
  5
62C
330
1B
100
AcDbEntity
 67
1
  8
ESTRIBOS
 62
8
370
9
100
AcDbLine
 10
423.534
 20
88.8
 30
0.0
 11
423.534
 21
111.8
 31
0.0
  0
LINE
  5
62D
330
1B
100
AcDbEntity
 67
1
  8
ESTRIBOS
 62
8
370
9
100
AcDbLine
 10
424.434
 20
88.8
 30
0.0
 11
424.434
 21
111.8
 31
0.0
  0
LINE
  5
62E
330
1B
100
AcDbEntity
 67
1
  8
ESTRIBOS
 62
8
370
9
100
AcDbLine
 10
425.334
 20
88.8
 30
0.0
 11
425.334
 21
111.8
 31
0.0
  0
LINE
  5
62F
330
1B
100
AcDbEntity
 67
1
  8
ESTRIBOS
 62
8
370
9
100
AcDbLine
 10
426.234
 20
88.8
 30
0.0
 11
426.234
 21
111.8
 31
0.0
  0
LINE
  5
630
330
1B
100
AcDbEntity
 67
1
  8
ESTRIBOS
 62
8
370
9
100
AcDbLine
 10
427.234
 20
88.8
 30
0.0
 11
427.234
 21
111.8
 31
0.0
  0
LINE
  5
631
330
1B
100
AcDbEntity
 67
1
  8
ESTRIBOS
 62
8
370
9
100
AcDbLine
 10
428.134
 20
88.8
 30
0.0
 11
428.134
 21
111.8
 31
0.0
  0
LINE
  5
632
330
1B
100
AcDbEntity
 67
1
  8
ESTRIBOS
 62
8
370
9
100
AcDbLine
 10
429.034
 20
88.8
 30
0.0
 11
429.034
 21
111.8
 31
0.0
  0
LINE
  5
633
330
1B
100
AcDbEntity
 67
1
  8
ESTRIBOS
 62
8
370
9
100
AcDbLine
 10
429.934
 20
88.8
 30
0.0
 11
429.934
 21
111.8
 31
0.0
  0
LINE
  5
634
330
1B
100
AcDbEntity
 67
1
  8
ESTRIBOS
 62
8
370
9
100
AcDbLine
 10
430.834
 20
88.8
 30
0.0
 11
430.834
 21
111.8
 31
0.0
  0
LINE
  5
635
330
1B
100
AcDbEntity
 67
1
  8
ESTRIBOS
 62
8
370
9
100
AcDbLine
 10
431.734
 20
88.8
 30
0.0
 11
431.734
 21
111.8
 31
0.0
  0
LINE
  5
636
330
1B
100
AcDbEntity
 67
1
  8
ESTRIBOS
 62
8
370
9
100
AcDbLine
 10
432.634
 20
88.8
 30
0.0
 11
432.634
 21
111.8
 31
0.0
  0
LINE
  5
637
330
1B
100
AcDbEntity
 67
1
  8
ESTRIBOS
 62
8
370
9
100
AcDbLine
 10
433.534
 20
88.8
 30
0.0
 11
433.534
 21
111.8
 31
0.0
  0
LINE
  5
638
330
1B
100
AcDbEntity
 67
1
  8
ESTRIBOS
 62
8
370
9
100
AcDbLine
 10
434.434
 20
88.8
 30
0.0
 11
434.434
 21
111.8
 31
0.0
  0
LINE
  5
639
330
1B
100
AcDbEntity
 67
1
  8
ESTRIBOS
 62
8
370
9
100
AcDbLine
 10
435.334
 20
88.8
 30
0.0
 11
435.334
 21
111.8
 31
0.0
  0
LINE
  5
63A
330
1B
100
AcDbEntity
 67
1
  8
ESTRIBOS
 62
8
370
9
100
AcDbLine
 10
436.234
 20
88.8
 30
0.0
 11
436.234
 21
111.8
 31
0.0
  0
LINE
  5
63B
330
1B
100
AcDbEntity
 67
1
  8
ESTRIBOS
 62
8
370
9
100
AcDbLine
 10
437.134
 20
88.8
 30
0.0
 11
437.134
 21
111.8
 31
0.0
  0
TEXT
  5
63C
330
1B
100
AcDbEntity
 67
1
  8
ESTRIBOS
 62
8
100
AcDbText
 10
424.634
 20
99.5
 30
0.0
 40
1.6
  1
Nº4 4R @90/@90
 72
1
 11
424.634
 21
99.5
 31
0.0
100
AcDbText
 73
2
  0
LINE
  5
63D
330
1B
100
AcDbEntity
 67
1
  8
ESTRIBOS
 62
8
370
9
100
AcDbLine
 10
438.134
 20
88.8
 30
0.0
 11
438.134
 21
111.8
 31
0.0
  0
LINE
  5
63E
330
1B
100
AcDbEntity
 67
1
  8
ESTRIBOS
 62
8
370
9
100
AcDbLine
 10
439.034
 20
88.8
 30
0.0
 11
439.034
 21
111.8
 31
0.0
  0
LINE
  5
63F
330
1B
100
AcDbEntity
 67
1
  8
ESTRIBOS
 62
8
370
9
100
AcDbLine
 10
439.934
 20
88.8
 30
0.0
 11
439.934
 21
111.8
 31
0.0
  0
LINE
  5
640
330
1B
100
AcDbEntity
 67
1
  8
ESTRIBOS
 62
8
370
9
100
AcDbLine
 10
440.834
 20
88.8
 30
0.0
 11
440.834
 21
111.8
 31
0.0
  0
LINE
  5
641
330
1B
100
AcDbEntity
 67
1
  8
ESTRIBOS
 62
8
370
9
100
AcDbLine
 10
441.734
 20
88.8
 30
0.0
 11
441.734
 21
111.8
 31
0.0
  0
LINE
  5
642
330
1B
100
AcDbEntity
 67
1
  8
ESTRIBOS
 62
8
370
9
100
AcDbLine
 10
442.634
 20
88.8
 30
0.0
 11
442.634
 21
111.8
 31
0.0
  0
LINE
  5
643
330
1B
100
AcDbEntity
 67
1
  8
ESTRIBOS
 62
8
370
9
100
AcDbLine
 10
443.534
 20
88.8
 30
0.0
 11
443.534
 21
111.8
 31
0.0
  0
LINE
  5
644
330
1B
100
AcDbEntity
 67
1
  8
ESTRIBOS
 62
8
370
9
100
AcDbLine
 10
444.434
 20
88.8
 30
0.0
 11
444.434
 21
111.8
 31
0.0
  0
LINE
  5
645
330
1B
100
AcDbEntity
 67
1
  8
ESTRIBOS
 62
8
370
9
100
AcDbLine
 10
445.834
 20
88.8
 30
0.0
 11
445.834
 21
111.8
 31
0.0
  0
LINE
  5
646
330
1B
100
AcDbEntity
 67
1
  8
ESTRIBOS
 62
8
370
9
100
AcDbLine
 10
446.734
 20
88.8
 30
0.0
 11
446.734
 21
111.8
 31
0.0
  0
LINE
  5
647
330
1B
100
AcDbEntity
 67
1
  8
ESTRIBOS
 62
8
370
9
100
AcDbLine
 10
447.634
 20
88.8
 30
0.0
 11
447.634
 21
111.8
 31
0.0
  0
LINE
  5
648
330
1B
100
AcDbEntity
 67
1
  8
ESTRIBOS
 62
8
370
9
100
AcDbLine
 10
448.534
 20
88.8
 30
0.0
 11
448.534
 21
111.8
 31
0.0
  0
LINE
  5
649
330
1B
100
AcDbEntity
 67
1
  8
ESTRIBOS
 62
8
370
9
100
AcDbLine
 10
449.434
 20
88.8
 30
0.0
 11
449.434
 21
111.8
 31
0.0
  0
LINE
  5
64A
330
1B
100
AcDbEntity
 67
1
  8
ESTRIBOS
 62
8
370
9
100
AcDbLine
 10
450.334
 20
88.8
 30
0.0
 11
450.334
 21
111.8
 31
0.0
  0
LINE
  5
64B
330
1B
100
AcDbEntity
 67
1
  8
ESTRIBOS
 62
8
370
9
100
AcDbLine
 10
451.234
 20
88.8
 30
0.0
 11
451.234
 21
111.8
 31
0.0
  0
LINE
  5
64C
330
1B
100
AcDbEntity
 67
1
  8
ESTRIBOS
 62
8
370
9
100
AcDbLine
 10
452.134
 20
88.8
 30
0.0
 11
452.134
 21
111.8
 31
0.0
  0
TEXT
  5
64D
330
1B
100
AcDbEntity
 67
1
  8
ESTRIBOS
 62
8
100
AcDbText
 10
445.134
 20
99.5
 30
0.0
 40
1.6
  1
Nº4 4R @90/@90
 72
1
 11
445.134
 21
99.5
 31
0.0
100
AcDbText
 73
2
  0
LWPOLYLINE
  5
64E
330
1B
100
AcDbEntity
 67
1
  8
ACERO_SUP_CONT
 62
4
370
35
100
AcDbPolyline
 90
4
 70
0
 10
57.05
 20
104.8
 10
57.05
 20
110.8
 10
452.634
 20
110.8
 10
452.634
 20
104.8
  0
TEXT
  5
64F
330
1B
100
AcDbEntity
 67
1
  8
ACERO_SUP_CONT
 62
4
100
AcDbText
 10
254.842
 20
113.8
 30
0.0
 40
2.2
  1
M1  2#5 CONT.  Lc=39568 mm
 72
1
 11
254.842
 21
113.8
 31
0.0
100
AcDbText
 73
2
  0
LWPOLYLINE
  5
650
330
1B
100
AcDbEntity
 67
1
  8
ACERO_SUP_APOYO
 62
5
370
30
100
AcDbPolyline
 90
3
 70
0
 10
54.0
 20
103.3
 10
54.0
 20
108.3
 10
60.8
 20
108.3
  0
TEXT
  5
651
330
1B
100
AcDbEntity
 67
1
  8
ACERO_SUP_APOYO
 62
5
100
AcDbText
 10
57.05
 20
109.8
 30
0.0
 40
1.7
  1
M2 3#5 L=530
 72
1
 11
57.05
 21
109.8
 31
0.0
100
AcDbText
 73
2
  0
LWPOLYLINE
  5
652
330
1B
100
AcDbEntity
 67
1
  8
ACERO_SUP_APOYO
 62
5
370
30
100
AcDbPolyline
 90
2
 70
0
 10
68.3
 20
106.1
 10
78.55
 20
106.1
  0
TEXT
  5
653
330
1B
100
AcDbEntity
 67
1
  8
ACERO_SUP_APOYO
 62
5
100
AcDbText
 10
72.05
 20
107.6
 30
0.0
 40
1.7
  1
M2 3#5 L=1525
 72
1
 11
72.05
 21
107.6
 31
0.0
100
AcDbText
 73
2
  0
LWPOLYLINE
  5
654
330
1B
100
AcDbEntity
 67
1
  8
ACERO_SUP_APOYO
 62
5
370
30
100
AcDbPolyline
 90
2
 70
0
 10
91.55
 20
108.3
 10
107.1827
 20
108.3
  0
TEXT
  5
655
330
1B
100
AcDbEntity
 67
1
  8
ACERO_SUP_APOYO
 62
5
100
AcDbText
 10
98.05
 20
109.8
 30
0.0
 40
1.7
  1
M2 3#5 L=2063
 72
1
 11
98.05
 21
109.8
 31
0.0
100
AcDbText
 73
2
  0
LWPOLYLINE
  5
656
330
1B
100
AcDbEntity
 67
1
  8
ACERO_SUP_APOYO
 62
5
370
30
100
AcDbPolyline
 90
2
 70
0
 10
125.44810000000001
 20
106.1
 10
141.0808
 20
106.1
  0
TEXT
  5
657
330
1B
100
AcDbEntity
 67
1
  8
ACERO_SUP_APOYO
 62
5
100
AcDbText
 10
134.5808
 20
107.6
 30
0.0
 40
1.7
  1
M2 3#5 L=2063
 72
1
 11
134.5808
 21
107.6
 31
0.0
100
AcDbText
 73
2
  0
LWPOLYLINE
  5
658
330
1B
100
AcDbEntity
 67
1
  8
ACERO_SUP_APOYO
 62
5
370
30
100
AcDbPolyline
 90
2
 70
0
 10
154.0808
 20
108.3
 10
166.8308
 20
108.3
  0
TEXT
  5
659
330
1B
100
AcDbEntity
 67
1
  8
ACERO_SUP_APOYO
 62
5
100
AcDbText
 10
160.5808
 20
109.8
 30
0.0
 40
1.7
  1
M2 3#5 L=1775
 72
1
 11
160.5808
 21
109.8
 31
0.0
100
AcDbText
 73
2
  0
LWPOLYLINE
  5
65A
330
1B
100
AcDbEntity
 67
1
  8
ACERO_SUP_APOYO
 62
5
370
30
100
AcDbPolyline
 90
2
 70
0
 10
179.3308
 20
106.1
 10
196.02110000000002
 20
106.1
  0
TEXT
  5
65B
330
1B
100
AcDbEntity
 67
1
  8
ACERO_SUP_APOYO
 62
5
100
AcDbText
 10
185.5808
 20
107.6
 30
0.0
 40
1.7
  1
M2 3#5 L=2169
 72
1
 11
185.5808
 21
107.6
 31
0.0
100
AcDbText
 73
2
  0
LWPOLYLINE
  5
65C
330
1B
100
AcDbEntity
 67
1
  8
ACERO_SUP_APOYO
 62
5
370
30
100
AcDbPolyline
 90
2
 70
0
 10
216.9017
 20
108.3
 10
234.342
 20
108.3
  0
TEXT
  5
65D
330
1B
100
AcDbEntity
 67
1
  8
ACERO_SUP_APOYO
 62
5
100
AcDbText
 10
227.342
 20
109.8
 30
0.0
 40
1.7
  1
M2 3#5 L=2244
 72
1
 11
227.342
 21
109.8
 31
0.0
100
AcDbText
 73
2
  0
LWPOLYLINE
  5
65E
330
1B
100
AcDbEntity
 67
1
  8
ACERO_SUP_APOYO
 62
5
370
30
100
AcDbPolyline
 90
2
 70
0
 10
248.342
 20
106.1
 10
262.092
 20
106.1
  0
TEXT
  5
65F
330
1B
100
AcDbEntity
 67
1
  8
ACERO_SUP_APOYO
 62
5
100
AcDbText
 10
255.342
 20
107.6
 30
0.0
 40
1.7
  1
M2 3#5 L=1875
 72
1
 11
255.342
 21
107.6
 31
0.0
100
AcDbText
 73
2
  0
LWPOLYLINE
  5
660
330
1B
100
AcDbEntity
 67
1
  8
ACERO_SUP_APOYO
 62
5
370
30
100
AcDbPolyline
 90
2
 70
0
 10
275.592
 20
108.3
 10
292.78229999999996
 20
108.3
  0
TEXT
  5
661
330
1B
100
AcDbEntity
 67
1
  8
ACERO_SUP_APOYO
 62
5
100
AcDbText
 10
282.342
 20
109.8
 30
0.0
 40
1.7
  1
M2 3#5 L=2219
 72
1
 11
282.342
 21
109.8
 31
0.0
100
AcDbText
 73
2
  0
LWPOLYLINE
  5
662
330
1B
100
AcDbEntity
 67
1
  8
ACERO_SUP_APOYO
 62
5
370
30
100
AcDbPolyline
 90
2
 70
0
 10
313.66290000000004
 20
106.1
 10
330.3532
 20
106.1
  0
TEXT
  5
663
330
1B
100
AcDbEntity
 67
1
  8
ACERO_SUP_APOYO
 62
5
100
AcDbText
 10
324.1032
 20
107.6
 30
0.0
 40
1.7
  1
M2 3#5 L=2169
 72
1
 11
324.1032
 21
107.6
 31
0.0
100
AcDbText
 73
2
  0
LWPOLYLINE
  5
664
330
1B
100
AcDbEntity
 67
1
  8
ACERO_SUP_APOYO
 62
5
370
30
100
AcDbPolyline
 90
2
 70
0
 10
342.8532
 20
108.3
 10
355.6032
 20
108.3
  0
TEXT
  5
665
330
1B
100
AcDbEntity
 67
1
  8
ACERO_SUP_APOYO
 62
5
100
AcDbText
 10
349.1032
 20
109.8
 30
0.0
 40
1.7
  1
M2 3#5 L=1775
 72
1
 11
349.1032
 21
109.8
 31
0.0
100
AcDbText
 73
2
  0
LWPOLYLINE
  5
666
330
1B
100
AcDbEntity
 67
1
  8
ACERO_SUP_APOYO
 62
5
370
30
100
AcDbPolyline
 90
2
 70
0
 10
368.6032
 20
106.1
 10
384.2359
 20
106.1
  0
TEXT
  5
667
330
1B
100
AcDbEntity
 67
1
  8
ACERO_SUP_APOYO
 62
5
100
AcDbText
 10
375.1032
 20
107.6
 30
0.0
 40
1.7
  1
M2 3#5 L=2063
 72
1
 11
375.1032
 21
107.6
 31
0.0
100
AcDbText
 73
2
  0
LWPOLYLINE
  5
668
330
1B
100
AcDbEntity
 67
1
  8
ACERO_SUP_APOYO
 62
5
370
30
100
AcDbPolyline
 90
2
 70
0
 10
402.5013
 20
108.3
 10
418.134
 20
108.3
  0
TEXT
  5
669
330
1B
100
AcDbEntity
 67
1
  8
ACERO_SUP_APOYO
 62
5
100
AcDbText
 10
411.634
 20
109.8
 30
0.0
 40
1.7
  1
M2 3#5 L=2063
 72
1
 11
411.634
 21
109.8
 31
0.0
100
AcDbText
 73
2
  0
LWPOLYLINE
  5
66A
330
1B
100
AcDbEntity
 67
1
  8
ACERO_SUP_APOYO
 62
5
370
30
100
AcDbPolyline
 90
2
 70
0
 10
431.134
 20
106.1
 10
441.384
 20
106.1
  0
TEXT
  5
66B
330
1B
100
AcDbEntity
 67
1
  8
ACERO_SUP_APOYO
 62
5
100
AcDbText
 10
437.634
 20
107.6
 30
0.0
 40
1.7
  1
M2 3#5 L=1525
 72
1
 11
437.634
 21
107.6
 31
0.0
100
AcDbText
 73
2
  0
LWPOLYLINE
  5
66C
330
1B
100
AcDbEntity
 67
1
  8
ACERO_SUP_APOYO
 62
5
370
30
100
AcDbPolyline
 90
3
 70
0
 10
448.884
 20
108.3
 10
455.684
 20
108.3
 10
455.684
 20
103.3
  0
TEXT
  5
66D
330
1B
100
AcDbEntity
 67
1
  8
ACERO_SUP_APOYO
 62
5
100
AcDbText
 10
452.634
 20
109.8
 30
0.0
 40
1.7
  1
M2 3#5 L=530
 72
1
 11
452.634
 21
109.8
 31
0.0
100
AcDbText
 73
2
  0
LWPOLYLINE
  5
66E
330
1B
100
AcDbEntity
 67
1
  8
ACERO_INF
 62
1
370
35
100
AcDbPolyline
 90
4
 70
0
 10
58.55
 20
94.8
 10
58.55
 20
89.8
 10
70.55
 20
89.8
 10
70.55
 20
94.8
  0
TEXT
  5
66F
330
1B
100
AcDbEntity
 67
1
  8
ACERO_INF
 62
1
100
AcDbText
 10
64.55
 20
87.1
 30
0.0
 40
1.7
  1
M3 5#5 L=1510
 72
1
 11
64.55
 21
87.1
 31
0.0
100
AcDbText
 73
2
  0
LWPOLYLINE
  5
670
330
1B
100
AcDbEntity
 67
1
  8
ACERO_INF
 62
1
370
35
100
AcDbPolyline
 90
4
 70
0
 10
73.55
 20
96.6
 10
73.55
 20
91.6
 10
96.55
 20
91.6
 10
96.55
 20
96.6
  0
TEXT
  5
671
330
1B
100
AcDbEntity
 67
1
  8
ACERO_INF
 62
1
100
AcDbText
 10
85.05
 20
88.89999999999999
 30
0.0
 40
1.7
  1
M3 5#5 L=2610
 72
1
 11
85.05
 21
88.89999999999999
 31
0.0
100
AcDbText
 73
2
  0
LWPOLYLINE
  5
672
330
1B
100
AcDbEntity
 67
1
  8
ACERO_INF
 62
1
370
35
100
AcDbPolyline
 90
4
 70
0
 10
99.55
 20
94.8
 10
99.55
 20
89.8
 10
133.0808
 20
89.8
 10
133.0808
 20
94.8
  0
TEXT
  5
673
330
1B
100
AcDbEntity
 67
1
  8
ACERO_INF
 62
1
100
AcDbText
 10
116.31540000000001
 20
87.1
 30
0.0
 40
1.7
  1
M3 5#5 L=3663
 72
1
 11
116.31540000000001
 21
87.1
 31
0.0
100
AcDbText
 73
2
  0
LWPOLYLINE
  5
674
330
1B
100
AcDbEntity
 67
1
  8
ACERO_INF
 62
1
370
35
100
AcDbPolyline
 90
4
 70
0
 10
136.0808
 20
96.6
 10
136.0808
 20
91.6
 10
159.0808
 20
91.6
 10
159.0808
 20
96.6
  0
TEXT
  5
675
330
1B
100
AcDbEntity
 67
1
  8
ACERO_INF
 62
1
100
AcDbText
 10
147.5808
 20
88.89999999999999
 30
0.0
 40
1.7
  1
M3 5#5 L=2610
 72
1
 11
147.5808
 21
88.89999999999999
 31
0.0
100
AcDbText
 73
2
  0
LWPOLYLINE
  5
676
330
1B
100
AcDbEntity
 67
1
  8
ACERO_INF
 62
1
370
35
100
AcDbPolyline
 90
4
 70
0
 10
162.0808
 20
94.8
 10
162.0808
 20
89.8
 10
184.0808
 20
89.8
 10
184.0808
 20
94.8
  0
TEXT
  5
677
330
1B
100
AcDbEntity
 67
1
  8
ACERO_INF
 62
1
100
AcDbText
 10
173.0808
 20
87.1
 30
0.0
 40
1.7
  1
M3 5#5 L=2510
 72
1
 11
173.0808
 21
87.1
 31
0.0
100
AcDbText
 73
2
  0
LWPOLYLINE
  5
678
330
1B
100
AcDbEntity
 67
1
  8
ACERO_INF
 62
1
370
35
100
AcDbPolyline
 90
4
 70
0
 10
187.0808
 20
96.6
 10
187.0808
 20
91.6
 10
225.842
 20
91.6
 10
225.842
 20
96.6
  0
TEXT
  5
679
330
1B
100
AcDbEntity
 67
1
  8
ACERO_INF
 62
1
100
AcDbText
 10
206.46140000000003
 20
88.89999999999999
 30
0.0
 40
1.7
  1
M3 5#5 L=4186
 72
1
 11
206.46140000000003
 21
88.89999999999999
 31
0.0
100
AcDbText
 73
2
  0
LWPOLYLINE
  5
67A
330
1B
100
AcDbEntity
 67
1
  8
ACERO_INF
 62
1
370
35
100
AcDbPolyline
 90
4
 70
0
 10
228.842
 20
94.8
 10
228.842
 20
89.8
 10
253.842
 20
89.8
 10
253.842
 20
94.8
  0
TEXT
  5
67B
330
1B
100
AcDbEntity
 67
1
  8
ACERO_INF
 62
1
100
AcDbText
 10
241.342
 20
87.1
 30
0.0
 40
1.7
  1
M3 5#5 L=2810
 72
1
 11
241.342
 21
87.1
 31
0.0
100
AcDbText
 73
2
  0
LWPOLYLINE
  5
67C
330
1B
100
AcDbEntity
 67
1
  8
ACERO_INF
 62
1
370
35
100
AcDbPolyline
 90
4
 70
0
 10
256.842
 20
96.6
 10
256.842
 20
91.6
 10
280.842
 20
91.6
 10
280.842
 20
96.6
  0
TEXT
  5
67D
330
1B
100
AcDbEntity
 67
1
  8
ACERO_INF
 62
1
100
AcDbText
 10
268.842
 20
88.89999999999999
 30
0.0
 40
1.7
  1
M3 5#5 L=2710
 72
1
 11
268.842
 21
88.89999999999999
 31
0.0
100
AcDbText
 73
2
  0
LWPOLYLINE
  5
67E
330
1B
100
AcDbEntity
 67
1
  8
ACERO_INF
 62
1
370
35
100
AcDbPolyline
 90
4
 70
0
 10
283.842
 20
94.8
 10
283.842
 20
89.8
 10
322.6032
 20
89.8
 10
322.6032
 20
94.8
  0
TEXT
  5
67F
330
1B
100
AcDbEntity
 67
1
  8
ACERO_INF
 62
1
100
AcDbText
 10
303.2226
 20
87.1
 30
0.0
 40
1.7
  1
M3 5#5 L=4186
 72
1
 11
303.2226
 21
87.1
 31
0.0
100
AcDbText
 73
2
  0
LWPOLYLINE
  5
680
330
1B
100
AcDbEntity
 67
1
  8
ACERO_INF
 62
1
370
35
100
AcDbPolyline
 90
4
 70
0
 10
325.6032
 20
96.6
 10
325.6032
 20
91.6
 10
347.6032
 20
91.6
 10
347.6032
 20
96.6
  0
TEXT
  5
681
330
1B
100
AcDbEntity
 67
1
  8
ACERO_INF
 62
1
100
AcDbText
 10
336.6032
 20
88.89999999999999
 30
0.0
 40
1.7
  1
M3 5#5 L=2510
 72
1
 11
336.6032
 21
88.89999999999999
 31
0.0
100
AcDbText
 73
2
  0
LWPOLYLINE
  5
682
330
1B
100
AcDbEntity
 67
1
  8
ACERO_INF
 62
1
370
35
100
AcDbPolyline
 90
4
 70
0
 10
350.6032
 20
94.8
 10
350.6032
 20
89.8
 10
373.6032
 20
89.8
 10
373.6032
 20
94.8
  0
TEXT
  5
683
330
1B
100
AcDbEntity
 67
1
  8
ACERO_INF
 62
1
100
AcDbText
 10
362.1032
 20
87.1
 30
0.0
 40
1.7
  1
M3 5#5 L=2610
 72
1
 11
362.1032
 21
87.1
 31
0.0
100
AcDbText
 73
2
  0
LWPOLYLINE
  5
684
330
1B
100
AcDbEntity
 67
1
  8
ACERO_INF
 62
1
370
35
100
AcDbPolyline
 90
4
 70
0
 10
376.6032
 20
96.6
 10
376.6032
 20
91.6
 10
410.134
 20
91.6
 10
410.134
 20
96.6
  0
TEXT
  5
685
330
1B
100
AcDbEntity
 67
1
  8
ACERO_INF
 62
1
100
AcDbText
 10
393.3686
 20
88.89999999999999
 30
0.0
 40
1.7
  1
M3 5#5 L=3663
 72
1
 11
393.3686
 21
88.89999999999999
 31
0.0
100
AcDbText
 73
2
  0
LWPOLYLINE
  5
686
330
1B
100
AcDbEntity
 67
1
  8
ACERO_INF
 62
1
370
35
100
AcDbPolyline
 90
4
 70
0
 10
413.134
 20
94.8
 10
413.134
 20
89.8
 10
436.134
 20
89.8
 10
436.134
 20
94.8
  0
TEXT
  5
687
330
1B
100
AcDbEntity
 67
1
  8
ACERO_INF
 62
1
100
AcDbText
 10
424.634
 20
87.1
 30
0.0
 40
1.7
  1
M3 5#5 L=2610
 72
1
 11
424.634
 21
87.1
 31
0.0
100
AcDbText
 73
2
  0
LWPOLYLINE
  5
688
330
1B
100
AcDbEntity
 67
1
  8
ACERO_INF
 62
1
370
35
100
AcDbPolyline
 90
4
 70
0
 10
439.134
 20
96.6
 10
439.134
 20
91.6
 10
451.134
 20
91.6
 10
451.134
 20
96.6
  0
TEXT
  5
689
330
1B
100
AcDbEntity
 67
1
  8
ACERO_INF
 62
1
100
AcDbText
 10
445.134
 20
88.89999999999999
 30
0.0
 40
1.7
  1
M3 5#5 L=1510
 72
1
 11
445.134
 21
88.89999999999999
 31
0.0
100
AcDbText
 73
2
  0
LWPOLYLINE
  5
68A
330
1B
100
AcDbEntity
 67
1
  8
ACERO_TORSION
 62
30
370
30
100
AcDbPolyline
 90
2
 70
0
 10
58.05
 20
102.7
 10
451.634
 20
102.7
  0
TEXT
  5
68B
330
1B
100
AcDbEntity
 67
1
  8
ACERO_TORSION
 62
30
100
AcDbText
 10
254.842
 20
104.3
 30
0.0
 40
1.7
  1
M4 16#5 TORSIÓN DEDICADA
 72
1
 11
254.842
 21
104.3
 31
0.0
100
AcDbText
 73
2
  0
LINE
  5
68C
330
1B
100
AcDbEntity
 67
1
  8
CORTE
 62
6
370
13
100
AcDbLine
 10
59.75
 20
85.3
 30
0.0
 11
59.75
 21
115.3
 31
0.0
  0
TEXT
  5
68D
330
1B
100
AcDbEntity
 67
1
  8
CORTE
 62
6
100
AcDbText
 10
59.75
 20
120.3
 30
0.0
 40
2.0
  1
A
 72
1
 11
59.75
 21
120.3
 31
0.0
100
AcDbText
 73
2
  0
LINE
  5
68E
330
1B
100
AcDbEntity
 67
1
  8
CORTE
 62
6
370
13
100
AcDbLine
 10
273.702
 20
85.3
 30
0.0
 11
273.702
 21
115.3
 31
0.0
  0
TEXT
  5
68F
330
1B
100
AcDbEntity
 67
1
  8
CORTE
 62
6
100
AcDbText
 10
273.702
 20
120.3
 30
0.0
 40
2.0
  1
B
 72
1
 11
273.702
 21
120.3
 31
0.0
100
AcDbText
 73
2
  0
LINE
  5
690
330
1B
100
AcDbEntity
 67
1
  8
CORTE
 62
6
370
13
100
AcDbLine
 10
449.934
 20
85.3
 30
0.0
 11
449.934
 21
115.3
 31
0.0
  0
TEXT
  5
691
330
1B
100
AcDbEntity
 67
1
  8
CORTE
 62
6
100
AcDbText
 10
449.934
 20
120.3
 30
0.0
 40
2.0
  1
C
 72
1
 11
449.934
 21
120.3
 31
0.0
100
AcDbText
 73
2
  0
LINE
  5
692
330
1B
100
AcDbEntity
 67
1
  8
COTAS
 62
3
370
13
100
AcDbLine
 10
57.05
 20
77.8
 30
0.0
 11
72.05
 21
77.8
 31
0.0
  0
LINE
  5
693
330
1B
100
AcDbEntity
 67
1
  8
COTAS
 62
3
370
13
100
AcDbLine
 10
57.05
 20
76.6
 30
0.0
 11
57.05
 21
79.0
 31
0.0
  0
LINE
  5
694
330
1B
100
AcDbEntity
 67
1
  8
COTAS
 62
3
370
13
100
AcDbLine
 10
72.05
 20
76.6
 30
0.0
 11
72.05
 21
79.0
 31
0.0
  0
TEXT
  5
695
330
1B
100
AcDbEntity
 67
1
  8
COTAS
 62
3
100
AcDbText
 10
64.55
 20
78.8
 30
0.0
 40
1.8
  1
1.500 m
 72
1
 11
64.55
 21
78.8
 31
0.0
100
AcDbText
 73
2
  0
TEXT
  5
696
330
1B
100
AcDbEntity
 67
1
  8
TEXTO
 62
7
100
AcDbText
 10
64.55
 20
74.6
 30
0.0
 40
1.55
  1
F150
 72
1
 11
64.55
 21
74.6
 31
0.0
100
AcDbText
 73
2
  0
LINE
  5
697
330
1B
100
AcDbEntity
 67
1
  8
COTAS
 62
3
370
13
100
AcDbLine
 10
72.05
 20
71.8
 30
0.0
 11
98.05
 21
71.8
 31
0.0
  0
LINE
  5
698
330
1B
100
AcDbEntity
 67
1
  8
COTAS
 62
3
370
13
100
AcDbLine
 10
72.05
 20
70.6
 30
0.0
 11
72.05
 21
73.0
 31
0.0
  0
LINE
  5
699
330
1B
100
AcDbEntity
 67
1
  8
COTAS
 62
3
370
13
100
AcDbLine
 10
98.05
 20
70.6
 30
0.0
 11
98.05
 21
73.0
 31
0.0
  0
TEXT
  5
69A
330
1B
100
AcDbEntity
 67
1
  8
COTAS
 62
3
100
AcDbText
 10
85.05
 20
72.8
 30
0.0
 40
1.8
  1
2.600 m
 72
1
 11
85.05
 21
72.8
 31
0.0
100
AcDbText
 73
2
  0
TEXT
  5
69B
330
1B
100
AcDbEntity
 67
1
  8
TEXTO
 62
7
100
AcDbText
 10
85.05
 20
68.6
 30
0.0
 40
1.55
  1
F22
 72
1
 11
85.05
 21
68.6
 31
0.0
100
AcDbText
 73
2
  0
LINE
  5
69C
330
1B
100
AcDbEntity
 67
1
  8
COTAS
 62
3
370
13
100
AcDbLine
 10
98.05
 20
77.8
 30
0.0
 11
134.5808
 21
77.8
 31
0.0
  0
LINE
  5
69D
330
1B
100
AcDbEntity
 67
1
  8
COTAS
 62
3
370
13
100
AcDbLine
 10
98.05
 20
76.6
 30
0.0
 11
98.05
 21
79.0
 31
0.0
  0
LINE
  5
69E
330
1B
100
AcDbEntity
 67
1
  8
COTAS
 62
3
370
13
100
AcDbLine
 10
134.5808
 20
76.6
 30
0.0
 11
134.5808
 21
79.0
 31
0.0
  0
TEXT
  5
69F
330
1B
100
AcDbEntity
 67
1
  8
COTAS
 62
3
100
AcDbText
 10
116.31540000000001
 20
78.8
 30
0.0
 40
1.8
  1
3.653 m
 72
1
 11
116.31540000000001
 21
78.8
 31
0.0
100
AcDbText
 73
2
  0
TEXT
  5
6A0
330
1B
100
AcDbEntity
 67
1
  8
TEXTO
 62
7
100
AcDbText
 10
116.31540000000001
 20
74.6
 30
0.0
 40
1.55
  1
F21
 72
1
 11
116.31540000000001
 21
74.6
 31
0.0
100
AcDbText
 73
2
  0
LINE
  5
6A1
330
1B
100
AcDbEntity
 67
1
  8
COTAS
 62
3
370
13
100
AcDbLine
 10
134.5808
 20
71.8
 30
0.0
 11
160.5808
 21
71.8
 31
0.0
  0
LINE
  5
6A2
330
1B
100
AcDbEntity
 67
1
  8
COTAS
 62
3
370
13
100
AcDbLine
 10
134.5808
 20
70.6
 30
0.0
 11
134.5808
 21
73.0
 31
0.0
  0
LINE
  5
6A3
330
1B
100
AcDbEntity
 67
1
  8
COTAS
 62
3
370
13
100
AcDbLine
 10
160.5808
 20
70.6
 30
0.0
 11
160.5808
 21
73.0
 31
0.0
  0
TEXT
  5
6A4
330
1B
100
AcDbEntity
 67
1
  8
COTAS
 62
3
100
AcDbText
 10
147.5808
 20
72.8
 30
0.0
 40
1.8
  1
2.600 m
 72
1
 11
147.5808
 21
72.8
 31
0.0
100
AcDbText
 73
2
  0
TEXT
  5
6A5
330
1B
100
AcDbEntity
 67
1
  8
TEXTO
 62
7
100
AcDbText
 10
147.5808
 20
68.6
 30
0.0
 40
1.55
  1
F20
 72
1
 11
147.5808
 21
68.6
 31
0.0
100
AcDbText
 73
2
  0
LINE
  5
6A6
330
1B
100
AcDbEntity
 67
1
  8
COTAS
 62
3
370
13
100
AcDbLine
 10
160.5808
 20
77.8
 30
0.0
 11
185.5808
 21
77.8
 31
0.0
  0
LINE
  5
6A7
330
1B
100
AcDbEntity
 67
1
  8
COTAS
 62
3
370
13
100
AcDbLine
 10
160.5808
 20
76.6
 30
0.0
 11
160.5808
 21
79.0
 31
0.0
  0
LINE
  5
6A8
330
1B
100
AcDbEntity
 67
1
  8
COTAS
 62
3
370
13
100
AcDbLine
 10
185.5808
 20
76.6
 30
0.0
 11
185.5808
 21
79.0
 31
0.0
  0
TEXT
  5
6A9
330
1B
100
AcDbEntity
 67
1
  8
COTAS
 62
3
100
AcDbText
 10
173.0808
 20
78.8
 30
0.0
 40
1.8
  1
2.500 m
 72
1
 11
173.0808
 21
78.8
 31
0.0
100
AcDbText
 73
2
  0
TEXT
  5
6AA
330
1B
100
AcDbEntity
 67
1
  8
TEXTO
 62
7
100
AcDbText
 10
173.0808
 20
74.6
 30
0.0
 40
1.55
  1
F19
 72
1
 11
173.0808
 21
74.6
 31
0.0
100
AcDbText
 73
2
  0
LINE
  5
6AB
330
1B
100
AcDbEntity
 67
1
  8
COTAS
 62
3
370
13
100
AcDbLine
 10
185.5808
 20
71.8
 30
0.0
 11
227.342
 21
71.8
 31
0.0
  0
LINE
  5
6AC
330
1B
100
AcDbEntity
 67
1
  8
COTAS
 62
3
370
13
100
AcDbLine
 10
185.5808
 20
70.6
 30
0.0
 11
185.5808
 21
73.0
 31
0.0
  0
LINE
  5
6AD
330
1B
100
AcDbEntity
 67
1
  8
COTAS
 62
3
370
13
100
AcDbLine
 10
227.342
 20
70.6
 30
0.0
 11
227.342
 21
73.0
 31
0.0
  0
TEXT
  5
6AE
330
1B
100
AcDbEntity
 67
1
  8
COTAS
 62
3
100
AcDbText
 10
206.46140000000003
 20
72.8
 30
0.0
 40
1.8
  1
4.176 m
 72
1
 11
206.46140000000003
 21
72.8
 31
0.0
100
AcDbText
 73
2
  0
TEXT
  5
6AF
330
1B
100
AcDbEntity
 67
1
  8
TEXTO
 62
7
100
AcDbText
 10
206.46140000000003
 20
68.6
 30
0.0
 40
1.55
  1
F18
 72
1
 11
206.46140000000003
 21
68.6
 31
0.0
100
AcDbText
 73
2
  0
LINE
  5
6B0
330
1B
100
AcDbEntity
 67
1
  8
COTAS
 62
3
370
13
100
AcDbLine
 10
227.342
 20
77.8
 30
0.0
 11
255.342
 21
77.8
 31
0.0
  0
LINE
  5
6B1
330
1B
100
AcDbEntity
 67
1
  8
COTAS
 62
3
370
13
100
AcDbLine
 10
227.342
 20
76.6
 30
0.0
 11
227.342
 21
79.0
 31
0.0
  0
LINE
  5
6B2
330
1B
100
AcDbEntity
 67
1
  8
COTAS
 62
3
370
13
100
AcDbLine
 10
255.342
 20
76.6
 30
0.0
 11
255.342
 21
79.0
 31
0.0
  0
TEXT
  5
6B3
330
1B
100
AcDbEntity
 67
1
  8
COTAS
 62
3
100
AcDbText
 10
241.342
 20
78.8
 30
0.0
 40
1.8
  1
2.800 m
 72
1
 11
241.342
 21
78.8
 31
0.0
100
AcDbText
 73
2
  0
TEXT
  5
6B4
330
1B
100
AcDbEntity
 67
1
  8
TEXTO
 62
7
100
AcDbText
 10
241.342
 20
74.6
 30
0.0
 40
1.55
  1
F17
 72
1
 11
241.342
 21
74.6
 31
0.0
100
AcDbText
 73
2
  0
LINE
  5
6B5
330
1B
100
AcDbEntity
 67
1
  8
COTAS
 62
3
370
13
100
AcDbLine
 10
255.342
 20
71.8
 30
0.0
 11
282.342
 21
71.8
 31
0.0
  0
LINE
  5
6B6
330
1B
100
AcDbEntity
 67
1
  8
COTAS
 62
3
370
13
100
AcDbLine
 10
255.342
 20
70.6
 30
0.0
 11
255.342
 21
73.0
 31
0.0
  0
LINE
  5
6B7
330
1B
100
AcDbEntity
 67
1
  8
COTAS
 62
3
370
13
100
AcDbLine
 10
282.342
 20
70.6
 30
0.0
 11
282.342
 21
73.0
 31
0.0
  0
TEXT
  5
6B8
330
1B
100
AcDbEntity
 67
1
  8
COTAS
 62
3
100
AcDbText
 10
268.842
 20
72.8
 30
0.0
 40
1.8
  1
2.700 m
 72
1
 11
268.842
 21
72.8
 31
0.0
100
AcDbText
 73
2
  0
TEXT
  5
6B9
330
1B
100
AcDbEntity
 67
1
  8
TEXTO
 62
7
100
AcDbText
 10
268.842
 20
68.6
 30
0.0
 40
1.55
  1
F16
 72
1
 11
268.842
 21
68.6
 31
0.0
100
AcDbText
 73
2
  0
LINE
  5
6BA
330
1B
100
AcDbEntity
 67
1
  8
COTAS
 62
3
370
13
100
AcDbLine
 10
282.342
 20
77.8
 30
0.0
 11
324.1032
 21
77.8
 31
0.0
  0
LINE
  5
6BB
330
1B
100
AcDbEntity
 67
1
  8
COTAS
 62
3
370
13
100
AcDbLine
 10
282.342
 20
76.6
 30
0.0
 11
282.342
 21
79.0
 31
0.0
  0
LINE
  5
6BC
330
1B
100
AcDbEntity
 67
1
  8
COTAS
 62
3
370
13
100
AcDbLine
 10
324.1032
 20
76.6
 30
0.0
 11
324.1032
 21
79.0
 31
0.0
  0
TEXT
  5
6BD
330
1B
100
AcDbEntity
 67
1
  8
COTAS
 62
3
100
AcDbText
 10
303.2226
 20
78.8
 30
0.0
 40
1.8
  1
4.176 m
 72
1
 11
303.2226
 21
78.8
 31
0.0
100
AcDbText
 73
2
  0
TEXT
  5
6BE
330
1B
100
AcDbEntity
 67
1
  8
TEXTO
 62
7
100
AcDbText
 10
303.2226
 20
74.6
 30
0.0
 40
1.55
  1
F15
 72
1
 11
303.2226
 21
74.6
 31
0.0
100
AcDbText
 73
2
  0
LINE
  5
6BF
330
1B
100
AcDbEntity
 67
1
  8
COTAS
 62
3
370
13
100
AcDbLine
 10
324.1032
 20
71.8
 30
0.0
 11
349.1032
 21
71.8
 31
0.0
  0
LINE
  5
6C0
330
1B
100
AcDbEntity
 67
1
  8
COTAS
 62
3
370
13
100
AcDbLine
 10
324.1032
 20
70.6
 30
0.0
 11
324.1032
 21
73.0
 31
0.0
  0
LINE
  5
6C1
330
1B
100
AcDbEntity
 67
1
  8
COTAS
 62
3
370
13
100
AcDbLine
 10
349.1032
 20
70.6
 30
0.0
 11
349.1032
 21
73.0
 31
0.0
  0
TEXT
  5
6C2
330
1B
100
AcDbEntity
 67
1
  8
COTAS
 62
3
100
AcDbText
 10
336.6032
 20
72.8
 30
0.0
 40
1.8
  1
2.500 m
 72
1
 11
336.6032
 21
72.8
 31
0.0
100
AcDbText
 73
2
  0
TEXT
  5
6C3
330
1B
100
AcDbEntity
 67
1
  8
TEXTO
 62
7
100
AcDbText
 10
336.6032
 20
68.6
 30
0.0
 40
1.55
  1
F14
 72
1
 11
336.6032
 21
68.6
 31
0.0
100
AcDbText
 73
2
  0
LINE
  5
6C4
330
1B
100
AcDbEntity
 67
1
  8
COTAS
 62
3
370
13
100
AcDbLine
 10
349.1032
 20
77.8
 30
0.0
 11
375.1032
 21
77.8
 31
0.0
  0
LINE
  5
6C5
330
1B
100
AcDbEntity
 67
1
  8
COTAS
 62
3
370
13
100
AcDbLine
 10
349.1032
 20
76.6
 30
0.0
 11
349.1032
 21
79.0
 31
0.0
  0
LINE
  5
6C6
330
1B
100
AcDbEntity
 67
1
  8
COTAS
 62
3
370
13
100
AcDbLine
 10
375.1032
 20
76.6
 30
0.0
 11
375.1032
 21
79.0
 31
0.0
  0
TEXT
  5
6C7
330
1B
100
AcDbEntity
 67
1
  8
COTAS
 62
3
100
AcDbText
 10
362.1032
 20
78.8
 30
0.0
 40
1.8
  1
2.600 m
 72
1
 11
362.1032
 21
78.8
 31
0.0
100
AcDbText
 73
2
  0
TEXT
  5
6C8
330
1B
100
AcDbEntity
 67
1
  8
TEXTO
 62
7
100
AcDbText
 10
362.1032
 20
74.6
 30
0.0
 40
1.55
  1
F13
 72
1
 11
362.1032
 21
74.6
 31
0.0
100
AcDbText
 73
2
  0
LINE
  5
6C9
330
1B
100
AcDbEntity
 67
1
  8
COTAS
 62
3
370
13
100
AcDbLine
 10
375.1032
 20
71.8
 30
0.0
 11
411.634
 21
71.8
 31
0.0
  0
LINE
  5
6CA
330
1B
100
AcDbEntity
 67
1
  8
COTAS
 62
3
370
13
100
AcDbLine
 10
375.1032
 20
70.6
 30
0.0
 11
375.1032
 21
73.0
 31
0.0
  0
LINE
  5
6CB
330
1B
100
AcDbEntity
 67
1
  8
COTAS
 62
3
370
13
100
AcDbLine
 10
411.634
 20
70.6
 30
0.0
 11
411.634
 21
73.0
 31
0.0
  0
TEXT
  5
6CC
330
1B
100
AcDbEntity
 67
1
  8
COTAS
 62
3
100
AcDbText
 10
393.3686
 20
72.8
 30
0.0
 40
1.8
  1
3.653 m
 72
1
 11
393.3686
 21
72.8
 31
0.0
100
AcDbText
 73
2
  0
TEXT
  5
6CD
330
1B
100
AcDbEntity
 67
1
  8
TEXTO
 62
7
100
AcDbText
 10
393.3686
 20
68.6
 30
0.0
 40
1.55
  1
F12
 72
1
 11
393.3686
 21
68.6
 31
0.0
100
AcDbText
 73
2
  0
LINE
  5
6CE
330
1B
100
AcDbEntity
 67
1
  8
COTAS
 62
3
370
13
100
AcDbLine
 10
411.634
 20
77.8
 30
0.0
 11
437.634
 21
77.8
 31
0.0
  0
LINE
  5
6CF
330
1B
100
AcDbEntity
 67
1
  8
COTAS
 62
3
370
13
100
AcDbLine
 10
411.634
 20
76.6
 30
0.0
 11
411.634
 21
79.0
 31
0.0
  0
LINE
  5
6D0
330
1B
100
AcDbEntity
 67
1
  8
COTAS
 62
3
370
13
100
AcDbLine
 10
437.634
 20
76.6
 30
0.0
 11
437.634
 21
79.0
 31
0.0
  0
TEXT
  5
6D1
330
1B
100
AcDbEntity
 67
1
  8
COTAS
 62
3
100
AcDbText
 10
424.634
 20
78.8
 30
0.0
 40
1.8
  1
2.600 m
 72
1
 11
424.634
 21
78.8
 31
0.0
100
AcDbText
 73
2
  0
TEXT
  5
6D2
330
1B
100
AcDbEntity
 67
1
  8
TEXTO
 62
7
100
AcDbText
 10
424.634
 20
74.6
 30
0.0
 40
1.55
  1
F11
 72
1
 11
424.634
 21
74.6
 31
0.0
100
AcDbText
 73
2
  0
LINE
  5
6D3
330
1B
100
AcDbEntity
 67
1
  8
COTAS
 62
3
370
13
100
AcDbLine
 10
437.634
 20
71.8
 30
0.0
 11
452.634
 21
71.8
 31
0.0
  0
LINE
  5
6D4
330
1B
100
AcDbEntity
 67
1
  8
COTAS
 62
3
370
13
100
AcDbLine
 10
437.634
 20
70.6
 30
0.0
 11
437.634
 21
73.0
 31
0.0
  0
LINE
  5
6D5
330
1B
100
AcDbEntity
 67
1
  8
COTAS
 62
3
370
13
100
AcDbLine
 10
452.634
 20
70.6
 30
0.0
 11
452.634
 21
73.0
 31
0.0
  0
TEXT
  5
6D6
330
1B
100
AcDbEntity
 67
1
  8
COTAS
 62
3
100
AcDbText
 10
445.134
 20
72.8
 30
0.0
 40
1.8
  1
1.500 m
 72
1
 11
445.134
 21
72.8
 31
0.0
100
AcDbText
 73
2
  0
TEXT
  5
6D7
330
1B
100
AcDbEntity
 67
1
  8
TEXTO
 62
7
100
AcDbText
 10
445.134
 20
68.6
 30
0.0
 40
1.55
  1
F145
 72
1
 11
445.134
 21
68.6
 31
0.0
100
AcDbText
 73
2
  0
LINE
  5
6D8
330
1B
100
AcDbEntity
 67
1
  8
COTAS
 62
3
370
13
100
AcDbLine
 10
57.05
 20
64.8
 30
0.0
 11
452.634
 21
64.8
 31
0.0
  0
LINE
  5
6D9
330
1B
100
AcDbEntity
 67
1
  8
COTAS
 62
3
370
13
100
AcDbLine
 10
57.05
 20
63.599999999999994
 30
0.0
 11
57.05
 21
66.0
 31
0.0
  0
LINE
  5
6DA
330
1B
100
AcDbEntity
 67
1
  8
COTAS
 62
3
370
13
100
AcDbLine
 10
452.634
 20
63.599999999999994
 30
0.0
 11
452.634
 21
66.0
 31
0.0
  0
TEXT
  5
6DB
330
1B
100
AcDbEntity
 67
1
  8
COTAS
 62
3
100
AcDbText
 10
254.842
 20
65.8
 30
0.0
 40
2.0
  1
TOTAL SAP I-J = 39.558 m
 72
1
 11
254.842
 21
65.8
 31
0.0
100
AcDbText
 73
2
  0
TEXT
  5
6DC
330
1B
100
AcDbEntity
 67
1
  8
TEXTO
 62
7
100
AcDbText
 10
452.634
 20
19.0
 30
0.0
 40
1.9
  1
ESC. H 1:100 | V 1:22 | EJES Y TRAMOS SAP
 72
2
 11
452.634
 21
19.0
 31
0.0
100
AcDbText
  0
LWPOLYLINE
  5
6DD
330
1B
100
AcDbEntity
 67
1
  8
MARCO
 62
7
370
25
100
AcDbPolyline
 90
4
 70
1
 10
538.0
 20
15.0
 10
697.0
 20
15.0
 10
697.0
 20
166.66666666666666
 10
538.0
 20
166.66666666666666
  0
TEXT
  5
6DE
330
1B
100
AcDbEntity
 67
1
  8
TEXTO
 62
7
100
AcDbText
 10
617.5
 20
159.66666666666666
 30
0.0
 40
3.4
  1
VIGA TIPO VR2
 72
1
 11
617.5
 21
159.66666666666666
 31
0.0
100
AcDbText
 73
2
  0
TEXT
  5
6DF
330
1B
100
AcDbEntity
 67
1
  8
TEXTO
 62
7
100
AcDbText
 10
617.5
 20
152.66666666666666
 30
0.0
 40
2.0
  1
500x550 mm — DATOS EXCEL
 72
1
 11
617.5
 21
152.66666666666666
 31
0.0
100
AcDbText
 73
2
  0
LWPOLYLINE
  5
6E0
330
1B
100
AcDbEntity
 67
1
  8
CONTORNO
 62
7
370
20
100
AcDbPolyline
 90
4
 70
1
 10
549.5
 20
74.05
 10
574.5
 20
74.05
 10
574.5
 20
101.55
 10
549.5
 20
101.55
  0
LWPOLYLINE
  5
6E1
330
1B
100
AcDbEntity
 67
1
  8
ESTRIBOS
 62
8
370
18
100
AcDbPolyline
 90
4
 70
1
 10
551.5
 20
76.05
 10
572.5
 20
76.05
 10
572.5
 20
99.55
 10
551.5
 20
99.55
  0
LINE
  5
6E2
330
1B
100
AcDbEntity
 67
1
  8
ESTRIBOS
 62
8
370
13
100
AcDbLine
 10
557.8333333333334
 20
76.05
 30
0.0
 11
557.8333333333334
 21
99.55
 31
0.0
  0
LINE
  5
6E3
330
1B
100
AcDbEntity
 67
1
  8
ESTRIBOS
 62
8
370
13
100
AcDbLine
 10
566.1666666666666
 20
76.05
 30
0.0
 11
566.1666666666666
 21
99.55
 31
0.0
  0
CIRCLE
  5
6E4
330
1B
100
AcDbEntity
 67
1
  8
ACERO_SUP_CONT
 62
4
100
AcDbCircle
 10
552.75
 20
98.5175
 30
0.0
 40
0.55
  0
CIRCLE
  5
6E5
330
1B
100
AcDbEntity
 67
1
  8
ACERO_SUP_CONT
 62
4
100
AcDbCircle
 10
557.375
 20
98.5175
 30
0.0
 40
0.55
  0
CIRCLE
  5
6E6
330
1B
100
AcDbEntity
 67
1
  8
ACERO_SUP_CONT
 62
4
100
AcDbCircle
 10
562.0
 20
98.5175
 30
0.0
 40
0.55
  0
CIRCLE
  5
6E7
330
1B
100
AcDbEntity
 67
1
  8
ACERO_SUP_CONT
 62
4
100
AcDbCircle
 10
566.625
 20
98.5175
 30
0.0
 40
0.55
  0
CIRCLE
  5
6E8
330
1B
100
AcDbEntity
 67
1
  8
ACERO_SUP_CONT
 62
4
100
AcDbCircle
 10
571.25
 20
98.5175
 30
0.0
 40
0.55
  0
CIRCLE
  5
6E9
330
1B
100
AcDbEntity
 67
1
  8
ACERO_INF
 62
1
100
AcDbCircle
 10
552.75
 20
77.0825
 30
0.0
 40
0.55
  0
CIRCLE
  5
6EA
330
1B
100
AcDbEntity
 67
1
  8
ACERO_INF
 62
1
100
AcDbCircle
 10
557.375
 20
77.0825
 30
0.0
 40
0.55
  0
CIRCLE
  5
6EB
330
1B
100
AcDbEntity
 67
1
  8
ACERO_INF
 62
1
100
AcDbCircle
 10
562.0
 20
77.0825
 30
0.0
 40
0.55
  0
CIRCLE
  5
6EC
330
1B
100
AcDbEntity
 67
1
  8
ACERO_INF
 62
1
100
AcDbCircle
 10
566.625
 20
77.0825
 30
0.0
 40
0.55
  0
CIRCLE
  5
6ED
330
1B
100
AcDbEntity
 67
1
  8
ACERO_INF
 62
1
100
AcDbCircle
 10
571.25
 20
77.0825
 30
0.0
 40
0.55
  0
CIRCLE
  5
6EE
330
1B
100
AcDbEntity
 67
1
  8
ACERO_TORSION
 62
30
100
AcDbCircle
 10
557.2
 20
79.55
 30
0.0
 40
0.48
  0
CIRCLE
  5
6EF
330
1B
100
AcDbEntity
 67
1
  8
ACERO_TORSION
 62
30
100
AcDbCircle
 10
557.2
 20
96.05
 30
0.0
 40
0.48
  0
CIRCLE
  5
6F0
330
1B
100
AcDbEntity
 67
1
  8
ACERO_TORSION
 62
30
100
AcDbCircle
 10
560.4
 20
79.55
 30
0.0
 40
0.48
  0
CIRCLE
  5
6F1
330
1B
100
AcDbEntity
 67
1
  8
ACERO_TORSION
 62
30
100
AcDbCircle
 10
560.4
 20
96.05
 30
0.0
 40
0.48
  0
CIRCLE
  5
6F2
330
1B
100
AcDbEntity
 67
1
  8
ACERO_TORSION
 62
30
100
AcDbCircle
 10
563.6
 20
79.55
 30
0.0
 40
0.48
  0
CIRCLE
  5
6F3
330
1B
100
AcDbEntity
 67
1
  8
ACERO_TORSION
 62
30
100
AcDbCircle
 10
563.6
 20
96.05
 30
0.0
 40
0.48
  0
CIRCLE
  5
6F4
330
1B
100
AcDbEntity
 67
1
  8
ACERO_TORSION
 62
30
100
AcDbCircle
 10
566.8
 20
79.55
 30
0.0
 40
0.48
  0
CIRCLE
  5
6F5
330
1B
100
AcDbEntity
 67
1
  8
ACERO_TORSION
 62
30
100
AcDbCircle
 10
566.8
 20
96.05
 30
0.0
 40
0.48
  0
CIRCLE
  5
6F6
330
1B
100
AcDbEntity
 67
1
  8
ACERO_TORSION
 62
30
100
AcDbCircle
 10
554.0
 20
82.85
 30
0.0
 40
0.48
  0
CIRCLE
  5
6F7
330
1B
100
AcDbEntity
 67
1
  8
ACERO_TORSION
 62
30
100
AcDbCircle
 10
570.0
 20
82.85
 30
0.0
 40
0.48
  0
CIRCLE
  5
6F8
330
1B
100
AcDbEntity
 67
1
  8
ACERO_TORSION
 62
30
100
AcDbCircle
 10
554.0
 20
86.14999999999999
 30
0.0
 40
0.48
  0
CIRCLE
  5
6F9
330
1B
100
AcDbEntity
 67
1
  8
ACERO_TORSION
 62
30
100
AcDbCircle
 10
570.0
 20
86.14999999999999
 30
0.0
 40
0.48
  0
CIRCLE
  5
6FA
330
1B
100
AcDbEntity
 67
1
  8
ACERO_TORSION
 62
30
100
AcDbCircle
 10
554.0
 20
89.45
 30
0.0
 40
0.48
  0
CIRCLE
  5
6FB
330
1B
100
AcDbEntity
 67
1
  8
ACERO_TORSION
 62
30
100
AcDbCircle
 10
570.0
 20
89.45
 30
0.0
 40
0.48
  0
CIRCLE
  5
6FC
330
1B
100
AcDbEntity
 67
1
  8
ACERO_TORSION
 62
30
100
AcDbCircle
 10
554.0
 20
92.75
 30
0.0
 40
0.48
  0
CIRCLE
  5
6FD
330
1B
100
AcDbEntity
 67
1
  8
ACERO_TORSION
 62
30
100
AcDbCircle
 10
570.0
 20
92.75
 30
0.0
 40
0.48
  0
TEXT
  5
6FE
330
1B
100
AcDbEntity
 67
1
  8
TEXTO
 62
7
100
AcDbText
 10
562.0
 20
70.45
 30
0.0
 40
1.9
  1
SECCIÓN APOYO
 72
1
 11
562.0
 21
70.45
 31
0.0
100
AcDbText
 73
2
  0
TEXT
  5
6FF
330
1B
100
AcDbEntity
 67
1
  8
TEXTO
 62
7
100
AcDbText
 10
562.0
 20
67.64999999999999
 30
0.0
 40
1.55
  1
500x550 | 1:20
 72
1
 11
562.0
 21
67.64999999999999
 31
0.0
100
AcDbText
 73
2
  0
TEXT
  5
700
330
1B
100
AcDbEntity
 67
1
  8
TEXTO
100
AcDbText
 10
585.0
 20
139.66666666666666
 30
0.0
 40
2.0
  1
SUP: 5#5
 11
585.0
 21
139.66666666666666
 31
0.0
100
AcDbText
  0
TEXT
  5
701
330
1B
100
AcDbEntity
 67
1
  8
TEXTO
100
AcDbText
 10
585.0
 20
131.66666666666666
 30
0.0
 40
2.0
  1
INF: 5#5
 11
585.0
 21
131.66666666666666
 31
0.0
100
AcDbText
  0
TEXT
  5
702
330
1B
100
AcDbEntity
 67
1
  8
TEXTO
100
AcDbText
 10
585.0
 20
123.66666666666666
 30
0.0
 40
2.0
  1
TORSIÓN: 16#5
 11
585.0
 21
123.66666666666666
 31
0.0
100
AcDbText
  0
TEXT
  5
703
330
1B
100
AcDbEntity
 67
1
  8
TEXTO
100
AcDbText
 10
585.0
 20
115.66666666666666
 30
0.0
 40
2.0
  1
EST: Nº4 — 4 RAMAS
 11
585.0
 21
115.66666666666666
 31
0.0
100
AcDbText
  0
TEXT
  5
704
330
1B
100
AcDbEntity
 67
1
  8
TEXTO
100
AcDbText
 10
585.0
 20
107.66666666666666
 30
0.0
 40
2.0
  1
s EXT/CENTRO: 90/90 mm
 11
585.0
 21
107.66666666666666
 31
0.0
100
AcDbText
  0
TEXT
  5
705
330
1B
100
AcDbEntity
 67
1
  8
TEXTO
100
AcDbText
 10
585.0
 20
99.66666666666666
 30
0.0
 40
2.0
  1
FRAMES SAP: 140
 11
585.0
 21
99.66666666666666
 31
0.0
100
AcDbText
  0
TEXT
  5
706
330
1B
100
AcDbEntity
 67
1
  8
TEXTO
100
AcDbText
 10
585.0
 20
91.66666666666666
 30
0.0
 40
2.0
  1
EJE b: 14-1-2-3-4-5-6-7-8-9-10-11-12-13-15
 11
585.0
 21
91.66666666666666
 31
0.0
100
AcDbText
  0
TEXT
  5
707
330
1B
100
AcDbEntity
 67
1
  8
TEXTO
 62
1
100
AcDbText
 10
353.5
 20
9.5
 30
0.0
 40
1.8
  1
DETALLE ACADÉMICO — NO EMITIR PARA CONSTRUCCIÓN
 72
1
 11
353.5
 21
9.5
 31
0.0
100
AcDbText
 73
2
  0
ENDSEC
  0
SECTION
  2
OBJECTS
  0
DICTIONARY
  5
A
330
0
100
AcDbDictionary
281
1
  3
ACAD_COLOR
350
B
  3
ACAD_GROUP
350
C
  3
ACAD_LAYOUT
350
D
  3
ACAD_MATERIAL
350
E
  3
ACAD_MLEADERSTYLE
350
F
  3
ACAD_MLINESTYLE
350
10
  3
ACAD_PLOTSETTINGS
350
11
  3
ACAD_PLOTSTYLENAME
350
12
  3
ACAD_SCALELIST
350
14
  3
ACAD_TABLESTYLE
350
15
  3
ACAD_VISUALSTYLE
350
16
  3
EZDXF_META
350
2D
  0
DICTIONARY
  5
B
330
A
100
AcDbDictionary
281
1
  0
DICTIONARY
  5
C
330
A
100
AcDbDictionary
281
1
  0
DICTIONARY
  5
D
330
A
100
AcDbDictionary
281
1
  3
Model
350
1A
  3
RIGIDEZ_01
350
1E
  3
RIGIDEZ_02
350
70B
  0
DICTIONARY
  5
E
330
A
100
AcDbDictionary
281
1
  3
ByBlock
350
1F
  3
ByLayer
350
20
  3
Global
350
21
  0
DICTIONARY
  5
F
330
A
100
AcDbDictionary
281
1
  3
Standard
350
2C
  0
DICTIONARY
  5
10
330
A
100
AcDbDictionary
281
1
  3
Standard
350
22
  0
DICTIONARY
  5
11
330
A
100
AcDbDictionary
281
1
  0
ACDBDICTIONARYWDFLT
  5
12
330
A
100
AcDbDictionary
281
1
  3
Normal
350
13
100
AcDbDictionaryWithDefault
340
13
  0
ACDBPLACEHOLDER
  5
13
330
12
  0
DICTIONARY
  5
14
330
A
100
AcDbDictionary
281
1
  0
DICTIONARY
  5
15
330
A
100
AcDbDictionary
281
1
  0
DICTIONARY
  5
16
330
A
100
AcDbDictionary
281
1
  3
2dWireframe
350
5A
  3
Basic
350
5B
  3
Brighten
350
5C
  3
ColorChange
350
5D
  3
Conceptual
350
5E
  3
Dim
350
5F
  3
EdgeColorOff
350
60
  3
Facepattern
350
61
  3
Flat
350
62
  3
FlatWithEdges
350
63
  3
Gouraud
350
64
  3
GouraudWithEdges
350
65
  3
Hidden
350
66
  3
JitterOff
350
67
  3
Linepattern
350
68
  3
Modeling
350
69
  3
OverhangOff
350
6A
  3
Realistic
350
6B
  3
Shaded
350
6C
  3
Shaded with edges
350
6D
  3
Shades of Gray
350
6E
  3
Sketchy
350
6F
  3
Thicken
350
70
  3
Wireframe
350
71
  3
X-Ray
350
72
  0
LAYOUT
  5
1A
330
D
100
AcDbPlotSettings
  1

  4
A3
  6

 40
7.5
 41
20.0
 42
7.5
 43
20.0
 44
420.0
 45
297.0
 46
0.0
 47
0.0
 48
0.0
 49
0.0
140
0.0
141
0.0
142
1.0
143
1.0
 70
1024
 72
1
 73
0
 74
5
  7

 75
16
 76
0
 77
2
 78
300
147
1.0
148
0.0
149
0.0
100
AcDbLayout
  1
Model
 70
1
 71
0
 10
0.0
 20
0.0
 11
420.0
 21
297.0
 12
0.0
 22
0.0
 32
0.0
 14
1e+20
 24
1e+20
 34
1e+20
 15
-1e+20
 25
-1e+20
 35
-1e+20
146
0.0
 13
0.0
 23
0.0
 33
0.0
 16
1.0
 26
0.0
 36
0.0
 17
0.0
 27
1.0
 37
0.0
 76
1
330
17
  0
LAYOUT
  5
1E
330
D
100
AcDbPlotSettings
  1

  2
DWG To PDF.pc3
  4
ISO B2 707x500 mm 1:1_(707.00_x_500.00_MM)
  6

 40
0.0
 41
0.0
 42
0.0
 43
0.0
 44
707.0
 45
500.0
 46
0.0
 47
0.0
 48
0.0
 49
0.0
140
0.0
141
0.0
142
1.0
143
1.0
 70
0
 72
1
 73
0
 74
5
  7

 75
16
 76
0
 77
2
 78
300
147
1.0
148
0.0
149
0.0
100
AcDbLayout
  1
RIGIDEZ_01
 70
1
 71
1
 10
-0.0
 20
-0.0
 11
707.0
 21
500.0
 12
0.0
 22
0.0
 32
0.0
 14
1e+20
 24
1e+20
 34
1e+20
 15
-1e+20
 25
-1e+20
 35
-1e+20
146
0.0
 13
0.0
 23
0.0
 33
0.0
 16
1.0
 26
0.0
 36
0.0
 17
0.0
 27
1.0
 37
0.0
 76
1
330
1B
331
97
  0
MATERIAL
  5
1F
102
{ACAD_REACTORS
330
E
102
}
330
E
100
AcDbMaterial
  1
ByBlock
  2

 70
0
 40
1.0
 71
1
 41
1.0
 91
-1023410177
 42
1.0
 72
1
  3

 73
1
 74
1
 75
1
 44
0.5
 73
0
 45
1.0
 46
1.0
 77
1
  4

 78
1
 79
1
170
1
 48
1.0
171
1
  6

172
1
173
1
174
1
140
1.0
141
1.0
175
1
  7

176
1
177
1
178
1
143
1.0
179
1
  8

270
1
271
1
272
1
145
1.0
146
1.0
273
1
  9

274
1
275
1
276
1
 42
1.0
 72
1
  3

 73
1
 74
1
 75
1
 94
63
  0
MATERIAL
  5
20
102
{ACAD_REACTORS
330
E
102
}
330
E
100
AcDbMaterial
  1
ByLayer
  2

 70
0
 40
1.0
 71
1
 41
1.0
 91
-1023410177
 42
1.0
 72
1
  3

 73
1
 74
1
 75
1
 44
0.5
 73
0
 45
1.0
 46
1.0
 77
1
  4

 78
1
 79
1
170
1
 48
1.0
171
1
  6

172
1
173
1
174
1
140
1.0
141
1.0
175
1
  7

176
1
177
1
178
1
143
1.0
179
1
  8

270
1
271
1
272
1
145
1.0
146
1.0
273
1
  9

274
1
275
1
276
1
 42
1.0
 72
1
  3

 73
1
 74
1
 75
1
 94
63
  0
MATERIAL
  5
21
102
{ACAD_REACTORS
330
E
102
}
330
E
100
AcDbMaterial
  1
Global
  2

 70
0
 40
1.0
 71
1
 41
1.0
 91
-1023410177
 42
1.0
 72
1
  3

 73
1
 74
1
 75
1
 44
0.5
 73
0
 45
1.0
 46
1.0
 77
1
  4

 78
1
 79
1
170
1
 48
1.0
171
1
  6

172
1
173
1
174
1
140
1.0
141
1.0
175
1
  7

176
1
177
1
178
1
143
1.0
179
1
  8

270
1
271
1
272
1
145
1.0
146
1.0
273
1
  9

274
1
275
1
276
1
 42
1.0
 72
1
  3

 73
1
 74
1
 75
1
 94
63
  0
MLINESTYLE
  5
22
102
{ACAD_REACTORS
330
10
102
}
330
10
100
AcDbMlineStyle
  2
Standard
 70
0
  3

 62
256
 51
90.0
 52
90.0
 71
2
 49
0.5
 62
256
  6
BYLAYER
 49
-0.5
 62
256
  6
BYLAYER
  0
MLEADERSTYLE
  5
2C
102
{ACAD_REACTORS
330
F
102
}
330
F
100
AcDbMLeaderStyle
179
2
170
2
171
1
172
0
 90
2
 40
0.0
 41
0.0
173
1
 91
-1056964608
 92
-2
290
1
 42
2.0
291
1
 43
8.0
  3
Standard
 44
4.0
300

342
29
174
1
175
1
176
0
178
1
 93
-1056964608
 45
4.0
292
0
297
0
 46
4.0
 94
-1056964608
 47
1.0
 49
1.0
140
1.0
294
1
141
0.0
177
0
142
1.0
295
0
296
0
143
3.75
271
0
272
9
273
9
  0
DICTIONARY
  5
2D
330
A
100
AcDbDictionary
280
1
281
1
  3
CREATED_BY_EZDXF
350
2E
  3
WRITTEN_BY_EZDXF
350
142F
  0
DICTIONARYVAR
  5
2E
330
2D
100
DictionaryVariables
280
0
  1
1.4.4 @ 2026-07-18T07:10:44.121554+00:00
  0
VISUALSTYLE
  5
5A
102
{ACAD_REACTORS
330
16
102
}
330
16
100
AcDbVisualStyle
  2
2dWireframe
 70
4
177
3
291
0
 70
58
 90
2
176
1
 90
2
176
1
 90
0
176
1
 90
0
176
1
 40
0.6
176
1
 40
30.0
176
1
 62
7
420
16777215
176
1
 90
1
176
1
 90
4
176
1
 62
7
176
1
 62
257
176
1
 90
1
176
1
 90
1
176
1
 40
1.0
176
1
 90
8
176
1
 62
7
176
1
 40
1.0
176
1
 90
1
176
1
 90
6
176
1
 90
2
176
1
 62
7
176
1
 90
5
176
1
 90
0
176
1
 90
0
176
1
290
0
176
1
 90
1
176
1
 40
0.0
176
1
 90
0
176
1
290
1
176
1
290
1
176
1
290
0
176
1
290
0
176
1
290
0
176
1
290
0
176
1
290
0
176
1
290
0
176
1
290
0
176
1
 90
50
176
1
 40
0.0
176
1
 40
1.0
176
1
 90
0
176
1
 62
18
420
0
176
1
 90
50
176
1
 90
3
176
1
 62
5
420
255
176
1
290
0
176
1
 90
50
176
1
 90
50
176
1
 90
50
176
1
290
0
176
1
 90
50
176
1
 62
256
176
0
 40
1.0
176
0
 90
2
176
1
  1
strokes_ogs.tif
176
1
290
0
176
1
 40
1.0
176
1
 40
1.0
176
1
  0
VISUALSTYLE
  5
5B
102
{ACAD_REACTORS
330
16
102
}
330
16
100
AcDbVisualStyle
  2
Basic
 70
7
177
3
291
1
 70
58
 90
2
176
1
 90
2
176
1
 90
0
176
1
 90
1
176
1
 40
0.6
176
1
 40
30.0
176
1
 62
7
420
16777215
176
1
 90
1
176
1
 90
4
176
1
 62
7
176
1
 62
257
176
1
 90
1
176
1
 90
1
176
1
 40
1.0
176
1
 90
8
176
1
 62
7
176
1
 40
1.0
176
1
 90
1
176
1
 90
6
176
1
 90
2
176
1
 62
7
176
1
 90
5
176
1
 90
0
176
1
 90
0
176
1
290
0
176
1
 90
1
176
1
 40
0.0
176
1
 90
0
176
1
290
0
176
1
290
1
176
1
290
1
176
1
290
0
176
1
290
0
176
1
290
0
176
1
290
0
176
1
290
0
176
1
290
0
176
1
 90
50
176
1
 40
0.0
176
1
 40
1.0
176
1
 90
0
176
1
 62
18
420
0
176
1
 90
50
176
1
 90
3
176
1
 62
5
420
255
176
1
290
0
176
1
 90
50
176
1
 90
50
176
1
 90
50
176
1
290
0
176
1
 90
50
176
1
 62
256
176
0
 40
1.0
176
0
 90
2
176
1
  1
strokes_ogs.tif
176
1
290
0
176
1
 40
1.0
176
1
 40
1.0
176
1
  0
VISUALSTYLE
  5
5C
102
{ACAD_REACTORS
330
16
102
}
330
16
100
AcDbVisualStyle
  2
Brighten
 70
12
177
3
291
1
 70
58
 90
2
176
1
 90
2
176
1
 90
0
176
1
 90
2
176
1
 40
0.6
176
1
 40
30.0
176
1
 62
7
420
16777215
176
1
 90
1
176
1
 90
4
176
1
 62
7
176
1
 62
257
176
1
 90
1
176
1
 90
1
176
1
 40
1.0
176
1
 90
8
176
1
 62
7
176
1
 40
1.0
176
1
 90
1
176
1
 90
6
176
1
 90
2
176
1
 62
7
176
1
 90
5
176
1
 90
0
176
1
 90
0
176
1
290
0
176
1
 90
1
176
1
 40
0.0
176
1
 90
0
176
1
290
0
176
1
290
1
176
1
290
1
176
1
290
0
176
1
290
0
176
1
290
0
176
1
290
0
176
1
290
0
176
1
290
0
176
1
 90
50
176
1
 40
0.0
176
1
 40
1.0
176
1
 90
0
176
1
 62
18
420
0
176
1
 90
50
176
1
 90
3
176
1
 62
5
420
255
176
1
290
0
176
1
 90
50
176
1
 90
50
176
1
 90
50
176
1
290
0
176
1
 90
50
176
1
 62
256
176
0
 40
1.0
176
0
 90
2
176
1
  1
strokes_ogs.tif
176
1
290
0
176
1
 40
1.0
176
1
 40
1.0
176
1
  0
VISUALSTYLE
  5
5D
102
{ACAD_REACTORS
330
16
102
}
330
16
100
AcDbVisualStyle
  2
ColorChange
 70
16
177
3
291
1
 70
58
 90
2
176
1
 90
2
176
1
 90
0
176
1
 90
2
176
1
 40
0.6
176
1
 40
30.0
176
1
 62
7
420
16777215
176
1
 90
1
176
1
 90
4
176
1
 62
7
176
1
 62
257
176
1
 90
1
176
1
 90
1
176
1
 40
1.0
176
1
 90
8
176
1
 62
7
176
1
 40
1.0
176
1
 90
1
176
1
 90
6
176
1
 90
2
176
1
 62
7
176
1
 90
5
176
1
 90
0
176
1
 90
0
176
1
290
0
176
1
 90
1
176
1
 40
0.0
176
1
 90
0
176
1
290
0
176
1
290
1
176
1
290
1
176
1
290
0
176
1
290
0
176
1
290
0
176
1
290
0
176
1
290
0
176
1
290
0
176
1
 90
50
176
1
 40
0.0
176
1
 40
1.0
176
1
 90
0
176
1
 62
18
420
0
176
1
 90
50
176
1
 90
3
176
1
 62
5
420
255
176
1
290
0
176
1
 90
50
176
1
 90
50
176
1
 90
50
176
1
290
0
176
1
 90
50
176
1
 62
256
176
0
 40
1.0
176
0
 90
2
176
1
  1
strokes_ogs.tif
176
1
290
0
176
1
 40
1.0
176
1
 40
1.0
176
1
  0
VISUALSTYLE
  5
5E
102
{ACAD_REACTORS
330
16
102
}
330
16
100
AcDbVisualStyle
  2
Conceptual
 70
9
177
3
291
0
 70
58
 90
2
176
1
 90
2
176
1
 90
0
176
1
 90
3
176
1
 40
0.6
176
1
 40
30.0
176
1
 62
7
420
16777215
176
1
 90
1
176
1
 90
4
176
1
 62
7
176
1
 62
257
176
1
 90
1
176
1
 90
1
176
1
 40
1.0
176
1
 90
8
176
1
 62
7
176
1
 40
1.0
176
1
 90
1
176
1
 90
6
176
1
 90
2
176
1
 62
7
176
1
 90
5
176
1
 90
0
176
1
 90
0
176
1
290
0
176
1
 90
1
176
1
 40
0.0
176
1
 90
0
176
1
290
0
176
1
290
1
176
1
290
1
176
1
290
0
176
1
290
0
176
1
290
0
176
1
290
0
176
1
290
0
176
1
290
0
176
1
 90
50
176
1
 40
0.0
176
1
 40
1.0
176
1
 90
0
176
1
 62
18
420
0
176
1
 90
50
176
1
 90
3
176
1
 62
5
420
255
176
1
290
0
176
1
 90
50
176
1
 90
50
176
1
 90
50
176
1
290
0
176
1
 90
50
176
1
 62
256
176
0
 40
1.0
176
0
 90
2
176
1
  1
strokes_ogs.tif
176
1
290
0
176
1
 40
1.0
176
1
 40
1.0
176
1
  0
VISUALSTYLE
  5
5F
102
{ACAD_REACTORS
330
16
102
}
330
16
100
AcDbVisualStyle
  2
Dim
 70
11
177
3
291
1
 70
58
 90
2
176
1
 90
2
176
1
 90
0
176
1
 90
2
176
1
 40
0.6
176
1
 40
30.0
176
1
 62
7
420
16777215
176
1
 90
1
176
1
 90
4
176
1
 62
7
176
1
 62
257
176
1
 90
1
176
1
 90
1
176
1
 40
1.0
176
1
 90
8
176
1
 62
7
176
1
 40
1.0
176
1
 90
1
176
1
 90
6
176
1
 90
2
176
1
 62
7
176
1
 90
5
176
1
 90
0
176
1
 90
0
176
1
290
0
176
1
 90
1
176
1
 40
0.0
176
1
 90
0
176
1
290
0
176
1
290
1
176
1
290
1
176
1
290
0
176
1
290
0
176
1
290
0
176
1
290
0
176
1
290
0
176
1
290
0
176
1
 90
50
176
1
 40
0.0
176
1
 40
1.0
176
1
 90
0
176
1
 62
18
420
0
176
1
 90
50
176
1
 90
3
176
1
 62
5
420
255
176
1
290
0
176
1
 90
50
176
1
 90
50
176
1
 90
50
176
1
290
0
176
1
 90
50
176
1
 62
256
176
0
 40
1.0
176
0
 90
2
176
1
  1
strokes_ogs.tif
176
1
290
0
176
1
 40
1.0
176
1
 40
1.0
176
1
  0
VISUALSTYLE
  5
60
102
{ACAD_REACTORS
330
16
102
}
330
16
100
AcDbVisualStyle
  2
EdgeColorOff
 70
22
177
3
291
1
 70
58
 90
2
176
1
 90
2
176
1
 90
0
176
1
 90
2
176
1
 40
0.6
176
1
 40
30.0
176
1
 62
7
420
16777215
176
1
 90
1
176
1
 90
4
176
1
 62
7
176
1
 62
257
176
1
 90
1
176
1
 90
1
176
1
 40
1.0
176
1
 90
8
176
1
 62
7
176
1
 40
1.0
176
1
 90
1
176
1
 90
6
176
1
 90
2
176
1
 62
7
176
1
 90
5
176
1
 90
0
176
1
 90
0
176
1
290
0
176
1
 90
1
176
1
 40
0.0
176
1
 90
0
176
1
290
0
176
1
290
1
176
1
290
1
176
1
290
0
176
1
290
0
176
1
290
0
176
1
290
0
176
1
290
0
176
1
290
0
176
1
 90
50
176
1
 40
0.0
176
1
 40
1.0
176
1
 90
0
176
1
 62
18
420
0
176
1
 90
50
176
1
 90
3
176
1
 62
5
420
255
176
1
290
0
176
1
 90
50
176
1
 90
50
176
1
 90
50
176
1
290
0
176
1
 90
50
176
1
 62
256
176
0
 40
1.0
176
0
 90
2
176
1
  1
strokes_ogs.tif
176
1
290
0
176
1
 40
1.0
176
1
 40
1.0
176
1
  0
VISUALSTYLE
  5
61
102
{ACAD_REACTORS
330
16
102
}
330
16
100
AcDbVisualStyle
  2
Facepattern
 70
15
177
3
291
1
 70
58
 90
2
176
1
 90
2
176
1
 90
0
176
1
 90
2
176
1
 40
0.6
176
1
 40
30.0
176
1
 62
7
420
16777215
176
1
 90
1
176
1
 90
4
176
1
 62
7
176
1
 62
257
176
1
 90
1
176
1
 90
1
176
1
 40
1.0
176
1
 90
8
176
1
 62
7
176
1
 40
1.0
176
1
 90
1
176
1
 90
6
176
1
 90
2
176
1
 62
7
176
1
 90
5
176
1
 90
0
176
1
 90
0
176
1
290
0
176
1
 90
1
176
1
 40
0.0
176
1
 90
0
176
1
290
0
176
1
290
1
176
1
290
1
176
1
290
0
176
1
290
0
176
1
290
0
176
1
290
0
176
1
290
0
176
1
290
0
176
1
 90
50
176
1
 40
0.0
176
1
 40
1.0
176
1
 90
0
176
1
 62
18
420
0
176
1
 90
50
176
1
 90
3
176
1
 62
5
420
255
176
1
290
0
176
1
 90
50
176
1
 90
50
176
1
 90
50
176
1
290
0
176
1
 90
50
176
1
 62
256
176
0
 40
1.0
176
0
 90
2
176
1
  1
strokes_ogs.tif
176
1
290
0
176
1
 40
1.0
176
1
 40
1.0
176
1
  0
VISUALSTYLE
  5
62
102
{ACAD_REACTORS
330
16
102
}
330
16
100
AcDbVisualStyle
  2
Flat
 70
0
177
3
291
1
 70
58
 90
2
176
1
 90
2
176
1
 90
0
176
1
 90
2
176
1
 40
0.6
176
1
 40
30.0
176
1
 62
7
420
16777215
176
1
 90
1
176
1
 90
4
176
1
 62
7
176
1
 62
257
176
1
 90
1
176
1
 90
1
176
1
 40
1.0
176
1
 90
8
176
1
 62
7
176
1
 40
1.0
176
1
 90
1
176
1
 90
6
176
1
 90
2
176
1
 62
7
176
1
 90
5
176
1
 90
0
176
1
 90
0
176
1
290
0
176
1
 90
1
176
1
 40
0.0
176
1
 90
0
176
1
290
0
176
1
290
1
176
1
290
1
176
1
290
0
176
1
290
0
176
1
290
0
176
1
290
0
176
1
290
0
176
1
290
0
176
1
 90
50
176
1
 40
0.0
176
1
 40
1.0
176
1
 90
0
176
1
 62
18
420
0
176
1
 90
50
176
1
 90
3
176
1
 62
5
420
255
176
1
290
0
176
1
 90
50
176
1
 90
50
176
1
 90
50
176
1
290
0
176
1
 90
50
176
1
 62
256
176
0
 40
1.0
176
0
 90
2
176
1
  1
strokes_ogs.tif
176
1
290
0
176
1
 40
1.0
176
1
 40
1.0
176
1
  0
VISUALSTYLE
  5
63
102
{ACAD_REACTORS
330
16
102
}
330
16
100
AcDbVisualStyle
  2
FlatWithEdges
 70
1
177
3
291
1
 70
58
 90
2
176
1
 90
2
176
1
 90
0
176
1
 90
2
176
1
 40
0.6
176
1
 40
30.0
176
1
 62
7
420
16777215
176
1
 90
1
176
1
 90
4
176
1
 62
7
176
1
 62
257
176
1
 90
1
176
1
 90
1
176
1
 40
1.0
176
1
 90
8
176
1
 62
7
176
1
 40
1.0
176
1
 90
1
176
1
 90
6
176
1
 90
2
176
1
 62
7
176
1
 90
5
176
1
 90
0
176
1
 90
0
176
1
290
0
176
1
 90
1
176
1
 40
0.0
176
1
 90
0
176
1
290
0
176
1
290
1
176
1
290
1
176
1
290
0
176
1
290
0
176
1
290
0
176
1
290
0
176
1
290
0
176
1
290
0
176
1
 90
50
176
1
 40
0.0
176
1
 40
1.0
176
1
 90
0
176
1
 62
18
420
0
176
1
 90
50
176
1
 90
3
176
1
 62
5
420
255
176
1
290
0
176
1
 90
50
176
1
 90
50
176
1
 90
50
176
1
290
0
176
1
 90
50
176
1
 62
256
176
0
 40
1.0
176
0
 90
2
176
1
  1
strokes_ogs.tif
176
1
290
0
176
1
 40
1.0
176
1
 40
1.0
176
1
  0
VISUALSTYLE
  5
64
102
{ACAD_REACTORS
330
16
102
}
330
16
100
AcDbVisualStyle
  2
Gouraud
 70
2
177
3
291
1
 70
58
 90
2
176
1
 90
2
176
1
 90
0
176
1
 90
2
176
1
 40
0.6
176
1
 40
30.0
176
1
 62
7
420
16777215
176
1
 90
1
176
1
 90
4
176
1
 62
7
176
1
 62
257
176
1
 90
1
176
1
 90
1
176
1
 40
1.0
176
1
 90
8
176
1
 62
7
176
1
 40
1.0
176
1
 90
1
176
1
 90
6
176
1
 90
2
176
1
 62
7
176
1
 90
5
176
1
 90
0
176
1
 90
0
176
1
290
0
176
1
 90
1
176
1
 40
0.0
176
1
 90
0
176
1
290
0
176
1
290
1
176
1
290
1
176
1
290
0
176
1
290
0
176
1
290
0
176
1
290
0
176
1
290
0
176
1
290
0
176
1
 90
50
176
1
 40
0.0
176
1
 40
1.0
176
1
 90
0
176
1
 62
18
420
0
176
1
 90
50
176
1
 90
3
176
1
 62
5
420
255
176
1
290
0
176
1
 90
50
176
1
 90
50
176
1
 90
50
176
1
290
0
176
1
 90
50
176
1
 62
256
176
0
 40
1.0
176
0
 90
2
176
1
  1
strokes_ogs.tif
176
1
290
0
176
1
 40
1.0
176
1
 40
1.0
176
1
  0
VISUALSTYLE
  5
65
102
{ACAD_REACTORS
330
16
102
}
330
16
100
AcDbVisualStyle
  2
GouraudWithEdges
 70
3
177
3
291
1
 70
58
 90
2
176
1
 90
2
176
1
 90
0
176
1
 90
2
176
1
 40
0.6
176
1
 40
30.0
176
1
 62
7
420
16777215
176
1
 90
1
176
1
 90
4
176
1
 62
7
176
1
 62
257
176
1
 90
1
176
1
 90
1
176
1
 40
1.0
176
1
 90
8
176
1
 62
7
176
1
 40
1.0
176
1
 90
1
176
1
 90
6
176
1
 90
2
176
1
 62
7
176
1
 90
5
176
1
 90
0
176
1
 90
0
176
1
290
0
176
1
 90
1
176
1
 40
0.0
176
1
 90
0
176
1
290
0
176
1
290
1
176
1
290
1
176
1
290
0
176
1
290
0
176
1
290
0
176
1
290
0
176
1
290
0
176
1
290
0
176
1
 90
50
176
1
 40
0.0
176
1
 40
1.0
176
1
 90
0
176
1
 62
18
420
0
176
1
 90
50
176
1
 90
3
176
1
 62
5
420
255
176
1
290
0
176
1
 90
50
176
1
 90
50
176
1
 90
50
176
1
290
0
176
1
 90
50
176
1
 62
256
176
0
 40
1.0
176
0
 90
2
176
1
  1
strokes_ogs.tif
176
1
290
0
176
1
 40
1.0
176
1
 40
1.0
176
1
  0
VISUALSTYLE
  5
66
102
{ACAD_REACTORS
330
16
102
}
330
16
100
AcDbVisualStyle
  2
Hidden
 70
6
177
3
291
0
 70
58
 90
2
176
1
 90
2
176
1
 90
0
176
1
 90
1
176
1
 40
0.6
176
1
 40
30.0
176
1
 62
7
420
16777215
176
1
 90
1
176
1
 90
4
176
1
 62
7
176
1
 62
257
176
1
 90
1
176
1
 90
1
176
1
 40
1.0
176
1
 90
8
176
1
 62
7
176
1
 40
1.0
176
1
 90
1
176
1
 90
6
176
1
 90
2
176
1
 62
7
176
1
 90
5
176
1
 90
0
176
1
 90
0
176
1
290
0
176
1
 90
1
176
1
 40
0.0
176
1
 90
0
176
1
290
0
176
1
290
1
176
1
290
1
176
1
290
0
176
1
290
0
176
1
290
0
176
1
290
0
176
1
290
0
176
1
290
0
176
1
 90
50
176
1
 40
0.0
176
1
 40
1.0
176
1
 90
0
176
1
 62
18
420
0
176
1
 90
50
176
1
 90
3
176
1
 62
5
420
255
176
1
290
0
176
1
 90
50
176
1
 90
50
176
1
 90
50
176
1
290
0
176
1
 90
50
176
1
 62
256
176
0
 40
1.0
176
0
 90
2
176
1
  1
strokes_ogs.tif
176
1
290
0
176
1
 40
1.0
176
1
 40
1.0
176
1
  0
VISUALSTYLE
  5
67
102
{ACAD_REACTORS
330
16
102
}
330
16
100
AcDbVisualStyle
  2
JitterOff
 70
20
177
3
291
1
 70
58
 90
2
176
1
 90
2
176
1
 90
0
176
1
 90
2
176
1
 40
0.6
176
1
 40
30.0
176
1
 62
7
420
16777215
176
1
 90
1
176
1
 90
4
176
1
 62
7
176
1
 62
257
176
1
 90
1
176
1
 90
1
176
1
 40
1.0
176
1
 90
8
176
1
 62
7
176
1
 40
1.0
176
1
 90
1
176
1
 90
6
176
1
 90
2
176
1
 62
7
176
1
 90
5
176
1
 90
0
176
1
 90
0
176
1
290
0
176
1
 90
1
176
1
 40
0.0
176
1
 90
0
176
1
290
0
176
1
290
1
176
1
290
1
176
1
290
0
176
1
290
0
176
1
290
0
176
1
290
0
176
1
290
0
176
1
290
0
176
1
 90
50
176
1
 40
0.0
176
1
 40
1.0
176
1
 90
0
176
1
 62
18
420
0
176
1
 90
50
176
1
 90
3
176
1
 62
5
420
255
176
1
290
0
176
1
 90
50
176
1
 90
50
176
1
 90
50
176
1
290
0
176
1
 90
50
176
1
 62
256
176
0
 40
1.0
176
0
 90
2
176
1
  1
strokes_ogs.tif
176
1
290
0
176
1
 40
1.0
176
1
 40
1.0
176
1
  0
VISUALSTYLE
  5
68
102
{ACAD_REACTORS
330
16
102
}
330
16
100
AcDbVisualStyle
  2
Linepattern
 70
14
177
3
291
1
 70
58
 90
2
176
1
 90
2
176
1
 90
0
176
1
 90
2
176
1
 40
0.6
176
1
 40
30.0
176
1
 62
7
420
16777215
176
1
 90
1
176
1
 90
4
176
1
 62
7
176
1
 62
257
176
1
 90
1
176
1
 90
1
176
1
 40
1.0
176
1
 90
8
176
1
 62
7
176
1
 40
1.0
176
1
 90
1
176
1
 90
6
176
1
 90
2
176
1
 62
7
176
1
 90
5
176
1
 90
0
176
1
 90
0
176
1
290
0
176
1
 90
1
176
1
 40
0.0
176
1
 90
0
176
1
290
0
176
1
290
1
176
1
290
1
176
1
290
0
176
1
290
0
176
1
290
0
176
1
290
0
176
1
290
0
176
1
290
0
176
1
 90
50
176
1
 40
0.0
176
1
 40
1.0
176
1
 90
0
176
1
 62
18
420
0
176
1
 90
50
176
1
 90
3
176
1
 62
5
420
255
176
1
290
0
176
1
 90
50
176
1
 90
50
176
1
 90
50
176
1
290
0
176
1
 90
50
176
1
 62
256
176
0
 40
1.0
176
0
 90
2
176
1
  1
strokes_ogs.tif
176
1
290
0
176
1
 40
1.0
176
1
 40
1.0
176
1
  0
VISUALSTYLE
  5
69
102
{ACAD_REACTORS
330
16
102
}
330
16
100
AcDbVisualStyle
  2
Modeling
 70
10
177
3
291
0
 70
58
 90
2
176
1
 90
2
176
1
 90
0
176
1
 90
2
176
1
 40
0.6
176
1
 40
30.0
176
1
 62
7
420
16777215
176
1
 90
1
176
1
 90
4
176
1
 62
7
176
1
 62
257
176
1
 90
1
176
1
 90
1
176
1
 40
1.0
176
1
 90
8
176
1
 62
7
176
1
 40
1.0
176
1
 90
1
176
1
 90
6
176
1
 90
2
176
1
 62
7
176
1
 90
5
176
1
 90
0
176
1
 90
0
176
1
290
0
176
1
 90
1
176
1
 40
0.0
176
1
 90
0
176
1
290
0
176
1
290
1
176
1
290
1
176
1
290
0
176
1
290
0
176
1
290
0
176
1
290
0
176
1
290
0
176
1
290
0
176
1
 90
50
176
1
 40
0.0
176
1
 40
1.0
176
1
 90
0
176
1
 62
18
420
0
176
1
 90
50
176
1
 90
3
176
1
 62
5
420
255
176
1
290
0
176
1
 90
50
176
1
 90
50
176
1
 90
50
176
1
290
0
176
1
 90
50
176
1
 62
256
176
0
 40
1.0
176
0
 90
2
176
1
  1
strokes_ogs.tif
176
1
290
0
176
1
 40
1.0
176
1
 40
1.0
176
1
  0
VISUALSTYLE
  5
6A
102
{ACAD_REACTORS
330
16
102
}
330
16
100
AcDbVisualStyle
  2
OverhangOff
 70
21
177
3
291
1
 70
58
 90
2
176
1
 90
2
176
1
 90
0
176
1
 90
2
176
1
 40
0.6
176
1
 40
30.0
176
1
 62
7
420
16777215
176
1
 90
1
176
1
 90
4
176
1
 62
7
176
1
 62
257
176
1
 90
1
176
1
 90
1
176
1
 40
1.0
176
1
 90
8
176
1
 62
7
176
1
 40
1.0
176
1
 90
1
176
1
 90
6
176
1
 90
2
176
1
 62
7
176
1
 90
5
176
1
 90
0
176
1
 90
0
176
1
290
0
176
1
 90
1
176
1
 40
0.0
176
1
 90
0
176
1
290
0
176
1
290
1
176
1
290
1
176
1
290
0
176
1
290
0
176
1
290
0
176
1
290
0
176
1
290
0
176
1
290
0
176
1
 90
50
176
1
 40
0.0
176
1
 40
1.0
176
1
 90
0
176
1
 62
18
420
0
176
1
 90
50
176
1
 90
3
176
1
 62
5
420
255
176
1
290
0
176
1
 90
50
176
1
 90
50
176
1
 90
50
176
1
290
0
176
1
 90
50
176
1
 62
256
176
0
 40
1.0
176
0
 90
2
176
1
  1
strokes_ogs.tif
176
1
290
0
176
1
 40
1.0
176
1
 40
1.0
176
1
  0
VISUALSTYLE
  5
6B
102
{ACAD_REACTORS
330
16
102
}
330
16
100
AcDbVisualStyle
  2
Realistic
 70
8
177
3
291
0
 70
58
 90
2
176
1
 90
2
176
1
 90
0
176
1
 90
2
176
1
 40
0.6
176
1
 40
30.0
176
1
 62
7
420
16777215
176
1
 90
1
176
1
 90
4
176
1
 62
7
176
1
 62
257
176
1
 90
1
176
1
 90
1
176
1
 40
1.0
176
1
 90
8
176
1
 62
7
176
1
 40
1.0
176
1
 90
1
176
1
 90
6
176
1
 90
2
176
1
 62
7
176
1
 90
5
176
1
 90
0
176
1
 90
0
176
1
290
0
176
1
 90
1
176
1
 40
0.0
176
1
 90
0
176
1
290
0
176
1
290
1
176
1
290
1
176
1
290
0
176
1
290
0
176
1
290
0
176
1
290
0
176
1
290
0
176
1
290
0
176
1
 90
50
176
1
 40
0.0
176
1
 40
1.0
176
1
 90
0
176
1
 62
18
420
0
176
1
 90
50
176
1
 90
3
176
1
 62
5
420
255
176
1
290
0
176
1
 90
50
176
1
 90
50
176
1
 90
50
176
1
290
0
176
1
 90
50
176
1
 62
256
176
0
 40
1.0
176
0
 90
2
176
1
  1
strokes_ogs.tif
176
1
290
0
176
1
 40
1.0
176
1
 40
1.0
176
1
  0
VISUALSTYLE
  5
6C
102
{ACAD_REACTORS
330
16
102
}
330
16
100
AcDbVisualStyle
  2
Shaded
 70
27
177
3
291
0
 70
58
 90
2
176
1
 90
2
176
1
 90
0
176
1
 90
2
176
1
 40
0.6
176
1
 40
30.0
176
1
 62
7
420
16777215
176
1
 90
1
176
1
 90
4
176
1
 62
7
176
1
 62
257
176
1
 90
1
176
1
 90
1
176
1
 40
1.0
176
1
 90
8
176
1
 62
7
176
1
 40
1.0
176
1
 90
1
176
1
 90
6
176
1
 90
2
176
1
 62
7
176
1
 90
5
176
1
 90
0
176
1
 90
0
176
1
290
0
176
1
 90
1
176
1
 40
0.0
176
1
 90
0
176
1
290
0
176
1
290
1
176
1
290
1
176
1
290
0
176
1
290
0
176
1
290
0
176
1
290
0
176
1
290
0
176
1
290
0
176
1
 90
50
176
1
 40
0.0
176
1
 40
1.0
176
1
 90
0
176
1
 62
18
420
0
176
1
 90
50
176
1
 90
3
176
1
 62
5
420
255
176
1
290
0
176
1
 90
50
176
1
 90
50
176
1
 90
50
176
1
290
0
176
1
 90
50
176
1
 62
256
176
0
 40
1.0
176
0
 90
2
176
1
  1
strokes_ogs.tif
176
1
290
0
176
1
 40
1.0
176
1
 40
1.0
176
1
  0
VISUALSTYLE
  5
6D
102
{ACAD_REACTORS
330
16
102
}
330
16
100
AcDbVisualStyle
  2
Shaded with edges
 70
26
177
3
291
0
 70
58
 90
2
176
1
 90
2
176
1
 90
0
176
1
 90
2
176
1
 40
0.6
176
1
 40
30.0
176
1
 62
7
420
16777215
176
1
 90
1
176
1
 90
4
176
1
 62
7
176
1
 62
257
176
1
 90
1
176
1
 90
1
176
1
 40
1.0
176
1
 90
8
176
1
 62
7
176
1
 40
1.0
176
1
 90
1
176
1
 90
6
176
1
 90
2
176
1
 62
7
176
1
 90
5
176
1
 90
0
176
1
 90
0
176
1
290
0
176
1
 90
1
176
1
 40
0.0
176
1
 90
0
176
1
290
0
176
1
290
1
176
1
290
1
176
1
290
0
176
1
290
0
176
1
290
0
176
1
290
0
176
1
290
0
176
1
290
0
176
1
 90
50
176
1
 40
0.0
176
1
 40
1.0
176
1
 90
0
176
1
 62
18
420
0
176
1
 90
50
176
1
 90
3
176
1
 62
5
420
255
176
1
290
0
176
1
 90
50
176
1
 90
50
176
1
 90
50
176
1
290
0
176
1
 90
50
176
1
 62
256
176
0
 40
1.0
176
0
 90
2
176
1
  1
strokes_ogs.tif
176
1
290
0
176
1
 40
1.0
176
1
 40
1.0
176
1
  0
VISUALSTYLE
  5
6E
102
{ACAD_REACTORS
330
16
102
}
330
16
100
AcDbVisualStyle
  2
Shades of Gray
 70
23
177
3
291
0
 70
58
 90
2
176
1
 90
2
176
1
 90
0
176
1
 90
2
176
1
 40
0.6
176
1
 40
30.0
176
1
 62
7
420
16777215
176
1
 90
1
176
1
 90
4
176
1
 62
7
176
1
 62
257
176
1
 90
1
176
1
 90
1
176
1
 40
1.0
176
1
 90
8
176
1
 62
7
176
1
 40
1.0
176
1
 90
1
176
1
 90
6
176
1
 90
2
176
1
 62
7
176
1
 90
5
176
1
 90
0
176
1
 90
0
176
1
290
0
176
1
 90
1
176
1
 40
0.0
176
1
 90
0
176
1
290
0
176
1
290
1
176
1
290
1
176
1
290
0
176
1
290
0
176
1
290
0
176
1
290
0
176
1
290
0
176
1
290
0
176
1
 90
50
176
1
 40
0.0
176
1
 40
1.0
176
1
 90
0
176
1
 62
18
420
0
176
1
 90
50
176
1
 90
3
176
1
 62
5
420
255
176
1
290
0
176
1
 90
50
176
1
 90
50
176
1
 90
50
176
1
290
0
176
1
 90
50
176
1
 62
256
176
0
 40
1.0
176
0
 90
2
176
1
  1
strokes_ogs.tif
176
1
290
0
176
1
 40
1.0
176
1
 40
1.0
176
1
  0
VISUALSTYLE
  5
6F
102
{ACAD_REACTORS
330
16
102
}
330
16
100
AcDbVisualStyle
  2
Sketchy
 70
24
177
3
291
0
 70
58
 90
2
176
1
 90
2
176
1
 90
0
176
1
 90
1
176
1
 40
0.6
176
1
 40
30.0
176
1
 62
7
420
16777215
176
1
 90
1
176
1
 90
4
176
1
 62
7
176
1
 62
257
176
1
 90
1
176
1
 90
1
176
1
 40
1.0
176
1
 90
8
176
1
 62
7
176
1
 40
1.0
176
1
 90
1
176
1
 90
6
176
1
 90
2
176
1
 62
7
176
1
 90
5
176
1
 90
0
176
1
 90
0
176
1
290
0
176
1
 90
1
176
1
 40
0.0
176
1
 90
0
176
1
290
0
176
1
290
1
176
1
290
1
176
1
290
0
176
1
290
0
176
1
290
0
176
1
290
0
176
1
290
0
176
1
290
0
176
1
 90
50
176
1
 40
0.0
176
1
 40
1.0
176
1
 90
0
176
1
 62
18
420
0
176
1
 90
50
176
1
 90
3
176
1
 62
5
420
255
176
1
290
0
176
1
 90
50
176
1
 90
50
176
1
 90
50
176
1
290
0
176
1
 90
50
176
1
 62
256
176
0
 40
1.0
176
0
 90
2
176
1
  1
strokes_ogs.tif
176
1
290
0
176
1
 40
1.0
176
1
 40
1.0
176
1
  0
VISUALSTYLE
  5
70
102
{ACAD_REACTORS
330
16
102
}
330
16
100
AcDbVisualStyle
  2
Thicken
 70
13
177
3
291
1
 70
58
 90
2
176
1
 90
2
176
1
 90
0
176
1
 90
2
176
1
 40
0.6
176
1
 40
30.0
176
1
 62
7
420
16777215
176
1
 90
1
176
1
 90
4
176
1
 62
7
176
1
 62
257
176
1
 90
1
176
1
 90
1
176
1
 40
1.0
176
1
 90
8
176
1
 62
7
176
1
 40
1.0
176
1
 90
1
176
1
 90
6
176
1
 90
2
176
1
 62
7
176
1
 90
5
176
1
 90
0
176
1
 90
0
176
1
290
0
176
1
 90
1
176
1
 40
0.0
176
1
 90
0
176
1
290
0
176
1
290
1
176
1
290
1
176
1
290
0
176
1
290
0
176
1
290
0
176
1
290
0
176
1
290
0
176
1
290
0
176
1
 90
50
176
1
 40
0.0
176
1
 40
1.0
176
1
 90
0
176
1
 62
18
420
0
176
1
 90
50
176
1
 90
3
176
1
 62
5
420
255
176
1
290
0
176
1
 90
50
176
1
 90
50
176
1
 90
50
176
1
290
0
176
1
 90
50
176
1
 62
256
176
0
 40
1.0
176
0
 90
2
176
1
  1
strokes_ogs.tif
176
1
290
0
176
1
 40
1.0
176
1
 40
1.0
176
1
  0
VISUALSTYLE
  5
71
102
{ACAD_REACTORS
330
16
102
}
330
16
100
AcDbVisualStyle
  2
Wireframe
 70
5
177
3
291
0
 70
58
 90
2
176
1
 90
2
176
1
 90
0
176
1
 90
0
176
1
 40
0.6
176
1
 40
30.0
176
1
 62
7
420
16777215
176
1
 90
1
176
1
 90
4
176
1
 62
7
176
1
 62
257
176
1
 90
1
176
1
 90
1
176
1
 40
1.0
176
1
 90
8
176
1
 62
7
176
1
 40
1.0
176
1
 90
1
176
1
 90
6
176
1
 90
2
176
1
 62
7
176
1
 90
5
176
1
 90
0
176
1
 90
0
176
1
290
0
176
1
 90
1
176
1
 40
0.0
176
1
 90
0
176
1
290
0
176
1
290
1
176
1
290
1
176
1
290
0
176
1
290
0
176
1
290
0
176
1
290
0
176
1
290
0
176
1
290
0
176
1
 90
50
176
1
 40
0.0
176
1
 40
1.0
176
1
 90
0
176
1
 62
18
420
0
176
1
 90
50
176
1
 90
3
176
1
 62
5
420
255
176
1
290
0
176
1
 90
50
176
1
 90
50
176
1
 90
50
176
1
290
0
176
1
 90
50
176
1
 62
256
176
0
 40
1.0
176
0
 90
2
176
1
  1
strokes_ogs.tif
176
1
290
0
176
1
 40
1.0
176
1
 40
1.0
176
1
  0
VISUALSTYLE
  5
72
102
{ACAD_REACTORS
330
16
102
}
330
16
100
AcDbVisualStyle
  2
X-Ray
 70
25
177
3
291
0
 70
58
 90
2
176
1
 90
2
176
1
 90
0
176
1
 90
2
176
1
 40
0.5
176
1
 40
30.0
176
1
 62
7
420
16777215
176
1
 90
1
176
1
 90
4
176
1
 62
7
176
1
 62
257
176
1
 90
1
176
1
 90
1
176
1
 40
1.0
176
1
 90
8
176
1
 62
7
176
1
 40
1.0
176
1
 90
1
176
1
 90
6
176
1
 90
2
176
1
 62
7
176
1
 90
5
176
1
 90
0
176
1
 90
0
176
1
290
0
176
1
 90
1
176
1
 40
0.0
176
1
 90
0
176
1
290
0
176
1
290
1
176
1
290
1
176
1
290
0
176
1
290
0
176
1
290
0
176
1
290
0
176
1
290
0
176
1
290
0
176
1
 90
50
176
1
 40
0.0
176
1
 40
1.0
176
1
 90
0
176
1
 62
18
420
0
176
1
 90
50
176
1
 90
3
176
1
 62
5
420
255
176
1
290
0
176
1
 90
50
176
1
 90
50
176
1
 90
50
176
1
290
0
176
1
 90
50
176
1
 62
256
176
0
 40
1.0
176
0
 90
2
176
1
  1
strokes_ogs.tif
176
1
290
0
176
1
 40
1.0
176
1
 40
1.0
176
1
  0
LAYOUT
  5
70B
330
D
100
AcDbPlotSettings
  1

  2
DWG To PDF.pc3
  4
ISO B2 707x500 mm 1:1_(707.00_x_500.00_MM)
  6

 40
0.0
 41
0.0
 42
0.0
 43
0.0
 44
707.0
 45
500.0
 46
0.0
 47
0.0
 48
0.0
 49
0.0
140
0.0
141
0.0
142
1.0
143
1.0
 70
0
 72
1
 73
0
 74
5
  7

 75
16
 76
0
 77
2
 78
300
147
1.0
148
0.0
149
0.0
100
AcDbLayout
  1
RIGIDEZ_02
 70
1
 71
3
 10
-0.0
 20
-0.0
 11
707.0
 21
500.0
 12
0.0
 22
0.0
 32
0.0
 14
1e+20
 24
1e+20
 34
1e+20
 15
-1e+20
 25
-1e+20
 35
-1e+20
146
0.0
 13
0.0
 23
0.0
 33
0.0
 16
1.0
 26
0.0
 36
0.0
 17
0.0
 27
1.0
 37
0.0
 76
1
330
708
331
70C
  0
DICTIONARYVAR
  5
142F
330
2D
100
DictionaryVariables
280
0
  1
1.4.4 @ 2026-07-18T07:10:44.230670+00:00
  0
ENDSEC
  0
EOF
