  0
SECTION
  2
HEADER
  9
$ACADVER
  1
AC1032
  9
$ACADMAINTVER
 90
4
  9
$DWGCODEPAGE
  3
ANSI_1252
  9
$LASTSAVEDBY
  1
ezdxf
  9
$REQUIREDVERSIONS
160
0
  9
$INSBASE
 10
0.0
 20
0.0
 30
0.0
  9
$EXTMIN
 10
1e+20
 20
1e+20
 30
1e+20
  9
$EXTMAX
 10
-1e+20
 20
-1e+20
 30
-1e+20
  9
$LIMMIN
 10
0.0
 20
0.0
  9
$LIMMAX
 10
420.0
 20
297.0
  9
$ORTHOMODE
 70
0
  9
$REGENMODE
 70
1
  9
$FILLMODE
 70
1
  9
$QTEXTMODE
 70
0
  9
$MIRRTEXT
 70
1
  9
$LTSCALE
 40
1.0
  9
$ATTMODE
 70
1
  9
$TEXTSIZE
 40
2.5
  9
$TRACEWID
 40
1.0
  9
$TEXTSTYLE
  7
OpenSans
  9
$CLAYER
  8
0
  9
$CELTYPE
  6
ByLayer
  9
$CECOLOR
 62
256
  9
$CELTSCALE
 40
1.0
  9
$DISPSILH
 70
0
  9
$DIMSCALE
 40
1.0
  9
$DIMASZ
 40
0.175
  9
$DIMEXO
 40
0.125
  9
$DIMDLI
 40
3.75
  9
$DIMRND
 40
0.0
  9
$DIMDLE
 40
0.0
  9
$DIMEXE
 40
0.375
  9
$DIMTP
 40
0.0
  9
$DIMTM
 40
0.0
  9
$DIMTXT
 40
0.25
  9
$DIMCEN
 40
2.5
  9
$DIMTSZ
 40
0.0
  9
$DIMTOL
 70
0
  9
$DIMLIM
 70
0
  9
$DIMTIH
 70
0
  9
$DIMTOH
 70
0
  9
$DIMSE1
 70
0
  9
$DIMSE2
 70
0
  9
$DIMTAD
 70
1
  9
$DIMZIN
 70
12
  9
$DIMBLK
  1
ARCHTICK
  9
$DIMASO
 70
1
  9
$DIMSHO
 70
1
  9
$DIMPOST
  1

  9
$DIMAPOST
  1

  9
$DIMALT
 70
0
  9
$DIMALTD
 70
3
  9
$DIMALTF
 40
0.03937007874
  9
$DIMLFAC
 40
100.0
  9
$DIMTOFL
 70
1
  9
$DIMTVP
 40
0.0
  9
$DIMTIX
 70
0
  9
$DIMSOXD
 70
0
  9
$DIMSAH
 70
0
  9
$DIMBLK1
  1

  9
$DIMBLK2
  1

  9
$DIMSTYLE
  2
EZDXF
  9
$DIMCLRD
 70
0
  9
$DIMCLRE
 70
0
  9
$DIMCLRT
 70
0
  9
$DIMTFAC
 40
0.5
  9
$DIMGAP
 40
0.1
  9
$DIMJUST
 70
0
  9
$DIMSD1
 70
0
  9
$DIMSD2
 70
0
  9
$DIMTOLJ
 70
0
  9
$DIMTZIN
 70
8
  9
$DIMALTZ
 70
0
  9
$DIMALTTZ
 70
0
  9
$DIMUPT
 70
1
  9
$DIMDEC
 70
2
  9
$DIMTDEC
 70
2
  9
$DIMALTU
 70
2
  9
$DIMALTTD
 70
3
  9
$DIMTXSTY
  7
OpenSansCondensed-Light
  9
$DIMAUNIT
 70
0
  9
$DIMADEC
 70
2
  9
$DIMALTRND
 40
0.0
  9
$DIMAZIN
 70
3
  9
$DIMDSEP
 70
46
  9
$DIMATFIT
 70
3
  9
$DIMFRAC
 70
0
  9
$DIMLDRBLK
  1

  9
$DIMLUNIT
 70
2
  9
$DIMLWD
 70
-2
  9
$DIMLWE
 70
-2
  9
$DIMTMOVE
 70
2
  9
$DIMFXL
 40
1.0
  9
$DIMFXLON
 70
0
  9
$DIMJOGANG
 40
0.785398163397
  9
$DIMTFILL
 70
0
  9
$DIMTFILLCLR
 70
0
  9
$DIMARCSYM
 70
0
  9
$DIMLTYPE
  6

  9
$DIMLTEX1
  6

  9
$DIMLTEX2
  6

  9
$DIMTXTDIRECTION
 70
0
  9
$LUNITS
 70
2
  9
$LUPREC
 70
2
  9
$SKETCHINC
 40
1.0
  9
$FILLETRAD
 40
10.0
  9
$AUNITS
 70
0
  9
$AUPREC
 70
2
  9
$MENU
  1
.
  9
$ELEVATION
 40
0.0
  9
$PELEVATION
 40
0.0
  9
$THICKNESS
 40
0.0
  9
$LIMCHECK
 70
0
  9
$CHAMFERA
 40
0.0
  9
$CHAMFERB
 40
0.0
  9
$CHAMFERC
 40
0.0
  9
$CHAMFERD
 40
0.0
  9
$SKPOLY
 70
0
  9
$TDCREATE
 40
2461240.2828819444
  9
$TDUCREATE
 40
2458532.153996898
  9
$TDUPDATE
 40
2461240.2828819444
  9
$TDUUPDATE
 40
2458532.1544311
  9
$TDINDWG
 40
0.0
  9
$TDUSRTIMER
 40
0.0
  9
$USRTIMER
 70
1
  9
$ANGBASE
 50
0.0
  9
$ANGDIR
 70
0
  9
$PDMODE
 70
0
  9
$PDSIZE
 40
0.0
  9
$PLINEWID
 40
0.0
  9
$SPLFRAME
 70
0
  9
$SPLINETYPE
 70
6
  9
$SPLINESEGS
 70
8
  9
$HANDSEED
  5
970
  9
$SURFTAB1
 70
6
  9
$SURFTAB2
 70
6
  9
$SURFTYPE
 70
6
  9
$SURFU
 70
6
  9
$SURFV
 70
6
  9
$UCSBASE
  2

  9
$UCSNAME
  2

  9
$UCSORG
 10
0.0
 20
0.0
 30
0.0
  9
$UCSXDIR
 10
1.0
 20
0.0
 30
0.0
  9
$UCSYDIR
 10
0.0
 20
1.0
 30
0.0
  9
$UCSORTHOREF
  2

  9
$UCSORTHOVIEW
 70
0
  9
$UCSORGTOP
 10
0.0
 20
0.0
 30
0.0
  9
$UCSORGBOTTOM
 10
0.0
 20
0.0
 30
0.0
  9
$UCSORGLEFT
 10
0.0
 20
0.0
 30
0.0
  9
$UCSORGRIGHT
 10
0.0
 20
0.0
 30
0.0
  9
$UCSORGFRONT
 10
0.0
 20
0.0
 30
0.0
  9
$UCSORGBACK
 10
0.0
 20
0.0
 30
0.0
  9
$PUCSBASE
  2

  9
$PUCSNAME
  2

  9
$PUCSORG
 10
0.0
 20
0.0
 30
0.0
  9
$PUCSXDIR
 10
1.0
 20
0.0
 30
0.0
  9
$PUCSYDIR
 10
0.0
 20
1.0
 30
0.0
  9
$PUCSORTHOREF
  2

  9
$PUCSORTHOVIEW
 70
0
  9
$PUCSORGTOP
 10
0.0
 20
0.0
 30
0.0
  9
$PUCSORGBOTTOM
 10
0.0
 20
0.0
 30
0.0
  9
$PUCSORGLEFT
 10
0.0
 20
0.0
 30
0.0
  9
$PUCSORGRIGHT
 10
0.0
 20
0.0
 30
0.0
  9
$PUCSORGFRONT
 10
0.0
 20
0.0
 30
0.0
  9
$PUCSORGBACK
 10
0.0
 20
0.0
 30
0.0
  9
$USERI1
 70
0
  9
$USERI2
 70
0
  9
$USERI3
 70
0
  9
$USERI4
 70
0
  9
$USERI5
 70
0
  9
$USERR1
 40
0.0
  9
$USERR2
 40
0.0
  9
$USERR3
 40
0.0
  9
$USERR4
 40
0.0
  9
$USERR5
 40
0.0
  9
$WORLDVIEW
 70
1
  9
$SHADEDGE
 70
3
  9
$SHADEDIF
 70
70
  9
$TILEMODE
 70
1
  9
$MAXACTVP
 70
64
  9
$PINSBASE
 10
0.0
 20
0.0
 30
0.0
  9
$PLIMCHECK
 70
0
  9
$PEXTMIN
 10
1e+20
 20
1e+20
 30
1e+20
  9
$PEXTMAX
 10
-1e+20
 20
-1e+20
 30
-1e+20
  9
$PLIMMIN
 10
-0.0
 20
-0.0
  9
$PLIMMAX
 10
841.0
 20
594.0
  9
$UNITMODE
 70
0
  9
$VISRETAIN
 70
1
  9
$PLINEGEN
 70
0
  9
$PSLTSCALE
 70
1
  9
$TREEDEPTH
 70
3020
  9
$CMLSTYLE
  2
Standard
  9
$CMLJUST
 70
0
  9
$CMLSCALE
 40
20.0
  9
$PROXYGRAPHICS
 70
1
  9
$MEASUREMENT
 70
1
  9
$CELWEIGHT
370
-1
  9
$ENDCAPS
280
0
  9
$JOINSTYLE
280
0
  9
$LWDISPLAY
290
0
  9
$INSUNITS
 70
4
  9
$HYPERLINKBASE
  1

  9
$STYLESHEET
  1

  9
$XEDIT
290
1
  9
$CEPSNTYPE
380
0
  9
$PSTYLEMODE
290
1
  9
$FINGERPRINTGUID
  2
{CFC6E2CE-0D89-4390-BAA1-FD554F9C5F9A}
  9
$VERSIONGUID
  2
{082619CA-7944-4AE9-824D-003F1C01D92A}
  9
$EXTNAMES
290
1
  9
$PSVPSCALE
 40
0.0
  9
$OLESTARTUP
290
0
  9
$SORTENTS
280
127
  9
$INDEXCTL
280
0
  9
$HIDETEXT
280
1
  9
$XCLIPFRAME
280
1
  9
$HALOGAP
280
0
  9
$OBSCOLOR
 70
257
  9
$OBSLTYPE
280
0
  9
$INTERSECTIONDISPLAY
280
0
  9
$INTERSECTIONCOLOR
 70
257
  9
$DIMASSOC
280
2
  9
$PROJECTNAME
  1

  9
$CAMERADISPLAY
290
0
  9
$LENSLENGTH
 40
50.0
  9
$CAMERAHEIGHT
 40
0.0
  9
$STEPSPERSEC
 40
24.0
  9
$STEPSIZE
 40
100.0
  9
$3DDWFPREC
 40
2.0
  9
$PSOLWIDTH
 40
0.005
  9
$PSOLHEIGHT
 40
0.08
  9
$LOFTANG1
 40
1.570796326795
  9
$LOFTANG2
 40
1.570796326795
  9
$LOFTMAG1
 40
0.0
  9
$LOFTMAG2
 40
0.0
  9
$LOFTPARAM
 70
7
  9
$LOFTNORMALS
280
1
  9
$LATITUDE
 40
37.795
  9
$LONGITUDE
 40
-122.394
  9
$NORTHDIRECTION
 40
0.0
  9
$TIMEZONE
 70
-8000
  9
$LIGHTGLYPHDISPLAY
280
1
  9
$TILEMODELIGHTSYNCH
280
1
  9
$CMATERIAL
347
20
  9
$SOLIDHIST
280
0
  9
$SHOWHIST
280
1
  9
$DWFFRAME
280
2
  9
$DGNFRAME
280
2
  9
$REALWORLDSCALE
290
1
  9
$INTERFERECOLOR
 62
256
  9
$CSHADOW
280
0
  9
$SHADOWPLANELOCATION
 40
0.0
  0
ENDSEC
  0
SECTION
  2
CLASSES
  0
CLASS
  1
ACDBDICTIONARYWDFLT
  2
AcDbDictionaryWithDefault
  3
ObjectDBX Classes
 90
0
 91
0
280
0
281
0
  0
CLASS
  1
SUN
  2
AcDbSun
  3
SCENEOE
 90
1153
 91
0
280
0
281
0
  0
CLASS
  1
VISUALSTYLE
  2
AcDbVisualStyle
  3
ObjectDBX Classes
 90
4095
 91
0
280
0
281
0
  0
CLASS
  1
MATERIAL
  2
AcDbMaterial
  3
ObjectDBX Classes
 90
1153
 91
0
280
0
281
0
  0
CLASS
  1
SCALE
  2
AcDbScale
  3
ObjectDBX Classes
 90
1153
 91
0
280
0
281
0
  0
CLASS
  1
TABLESTYLE
  2
AcDbTableStyle
  3
ObjectDBX Classes
 90
4095
 91
0
280
0
281
0
  0
CLASS
  1
MLEADERSTYLE
  2
AcDbMLeaderStyle
  3
ACDB_MLEADERSTYLE_CLASS
 90
4095
 91
0
280
0
281
0
  0
CLASS
  1
DICTIONARYVAR
  2
AcDbDictionaryVar
  3
ObjectDBX Classes
 90
0
 91
0
280
0
281
0
  0
CLASS
  1
CELLSTYLEMAP
  2
AcDbCellStyleMap
  3
ObjectDBX Classes
 90
1152
 91
0
280
0
281
0
  0
CLASS
  1
MENTALRAYRENDERSETTINGS
  2
AcDbMentalRayRenderSettings
  3
SCENEOE
 90
1024
 91
0
280
0
281
0
  0
CLASS
  1
ACDBDETAILVIEWSTYLE
  2
AcDbDetailViewStyle
  3
ObjectDBX Classes
 90
1025
 91
0
280
0
281
0
  0
CLASS
  1
ACDBSECTIONVIEWSTYLE
  2
AcDbSectionViewStyle
  3
ObjectDBX Classes
 90
1025
 91
0
280
0
281
0
  0
CLASS
  1
RASTERVARIABLES
  2
AcDbRasterVariables
  3
ISM
 90
0
 91
0
280
0
281
0
  0
CLASS
  1
ACDBPLACEHOLDER
  2
AcDbPlaceHolder
  3
ObjectDBX Classes
 90
0
 91
0
280
0
281
0
  0
CLASS
  1
LAYOUT
  2
AcDbLayout
  3
ObjectDBX Classes
 90
0
 91
0
280
0
281
0
  0
ENDSEC
  0
SECTION
  2
TABLES
  0
TABLE
  2
VPORT
  5
8
330
0
100
AcDbSymbolTable
 70
1
  0
VPORT
  5
23
330
8
100
AcDbSymbolTableRecord
100
AcDbViewportTableRecord
  2
*Active
 70
0
 10
0.0
 20
0.0
 11
1.0
 21
1.0
 12
0.0
 22
0.0
 13
0.0
 23
0.0
 14
0.5
 24
0.5
 15
0.5
 25
0.5
 16
0.0
 26
0.0
 36
1.0
 17
0.0
 27
0.0
 37
0.0
 40
1000.0
 41
1.34
 42
50.0
 43
0.0
 44
0.0
 50
0.0
 51
0.0
 71
0
 72
1000
 73
1
 74
3
 75
0
 76
0
 77
0
 78
0
281
0
 65
0
146
0.0
  0
ENDTAB
  0
TABLE
  2
LTYPE
  5
2
330
0
100
AcDbSymbolTable
 70
21
  0
LTYPE
  5
24
330
2
100
AcDbSymbolTableRecord
100
AcDbLinetypeTableRecord
  2
ByBlock
 70
0
  3

 72
65
 73
0
 40
0.0
  0
LTYPE
  5
25
330
2
100
AcDbSymbolTableRecord
100
AcDbLinetypeTableRecord
  2
ByLayer
 70
0
  3

 72
65
 73
0
 40
0.0
  0
LTYPE
  5
26
330
2
100
AcDbSymbolTableRecord
100
AcDbLinetypeTableRecord
  2
Continuous
 70
0
  3

 72
65
 73
0
 40
0.0
  0
LTYPE
  5
2F
330
2
100
AcDbSymbolTableRecord
100
AcDbLinetypeTableRecord
  2
CENTER
 70
0
  3
Center ____ _ ____ _ ____ _ ____ _ ____ _ ____
 72
65
 73
4
 40
5.08
 49
3.175
 74
0
 49
-0.635
 74
0
 49
0.635
 74
0
 49
-0.635
 74
0
  0
LTYPE
  5
30
330
2
100
AcDbSymbolTableRecord
100
AcDbLinetypeTableRecord
  2
CENTERX2
 70
0
  3
Center (2x) ________  __  ________  __  ________
 72
65
 73
4
 40
8.89
 49
6.35
 74
0
 49
-0.635
 74
0
 49
1.27
 74
0
 49
-0.635
 74
0
  0
LTYPE
  5
31
330
2
100
AcDbSymbolTableRecord
100
AcDbLinetypeTableRecord
  2
CENTER2
 70
0
  3
Center (.5x) ____ _ ____ _ ____ _ ____ _ ____
 72
65
 73
4
 40
2.54
 49
1.587
 74
0
 49
-0.318
 74
0
 49
0.318
 74
0
 49
-0.318
 74
0
  0
LTYPE
  5
32
330
2
100
AcDbSymbolTableRecord
100
AcDbLinetypeTableRecord
  2
DASHED
 70
0
  3
Dashed __ __ __ __ __ __ __ __ __ __ __ __ __ _
 72
65
 73
2
 40
1.524
 49
1.27
 74
0
 49
-0.254
 74
0
  0
LTYPE
  5
33
330
2
100
AcDbSymbolTableRecord
100
AcDbLinetypeTableRecord
  2
DASHEDX2
 70
0
  3
Dashed (2x) ____  ____  ____  ____  ____  ____
 72
65
 73
2
 40
3.048
 49
2.54
 74
0
 49
-0.508
 74
0
  0
LTYPE
  5
34
330
2
100
AcDbSymbolTableRecord
100
AcDbLinetypeTableRecord
  2
DASHED2
 70
0
  3
Dashed (.5x) _ _ _ _ _ _ _ _ _ _ _ _ _ _
 72
65
 73
2
 40
0.762
 49
0.635
 74
0
 49
-0.127
 74
0
  0
LTYPE
  5
35
330
2
100
AcDbSymbolTableRecord
100
AcDbLinetypeTableRecord
  2
PHANTOM
 70
0
  3
Phantom ______  __  __  ______  __  __  ______
 72
65
 73
6
 40
6.35
 49
3.175
 74
0
 49
-0.635
 74
0
 49
0.635
 74
0
 49
-0.635
 74
0
 49
0.635
 74
0
 49
-0.635
 74
0
  0
LTYPE
  5
36
330
2
100
AcDbSymbolTableRecord
100
AcDbLinetypeTableRecord
  2
PHANTOMX2
 70
0
  3
Phantom (2x)____________    ____    ____    ____________
 72
65
 73
6
 40
10.795
 49
6.35
 74
0
 49
-0.635
 74
0
 49
1.27
 74
0
 49
-0.635
 74
0
 49
1.27
 74
0
 49
-0.635
 74
0
  0
LTYPE
  5
37
330
2
100
AcDbSymbolTableRecord
100
AcDbLinetypeTableRecord
  2
PHANTOM2
 70
0
  3
Phantom (.5x) ___ _ _ ___ _ _ ___ _ _ ___ _ _ ___
 72
65
 73
6
 40
3.175
 49
1.587
 74
0
 49
-0.318
 74
0
 49
0.318
 74
0
 49
-0.318
 74
0
 49
0.318
 74
0
 49
-0.318
 74
0
  0
LTYPE
  5
38
330
2
100
AcDbSymbolTableRecord
100
AcDbLinetypeTableRecord
  2
DASHDOT
 70
0
  3
Dash dot __ . __ . __ . __ . __ . __ . __ . __
 72
65
 73
4
 40
3.556
 49
2.54
 74
0
 49
-0.508
 74
0
 49
0.0
 74
0
 49
-0.508
 74
0
  0
LTYPE
  5
39
330
2
100
AcDbSymbolTableRecord
100
AcDbLinetypeTableRecord
  2
DASHDOTX2
 70
0
  3
Dash dot (2x) ____  .  ____  .  ____  .  ____
 72
65
 73
4
 40
6.096
 49
5.08
 74
0
 49
-0.508
 74
0
 49
0.0
 74
0
 49
-0.508
 74
0
  0
LTYPE
  5
3A
330
2
100
AcDbSymbolTableRecord
100
AcDbLinetypeTableRecord
  2
DASHDOT2
 70
0
  3
Dash dot (.5x) _ . _ . _ . _ . _ . _ . _ . _
 72
65
 73
4
 40
1.778
 49
1.27
 74
0
 49
-0.254
 74
0
 49
0.0
 74
0
 49
-0.254
 74
0
  0
LTYPE
  5
3B
330
2
100
AcDbSymbolTableRecord
100
AcDbLinetypeTableRecord
  2
DOT
 70
0
  3
Dot .  .  .  .  .  .  .  .  .  .  .  .  .  .  .  .
 72
65
 73
2
 40
0.508
 49
0.0
 74
0
 49
-0.508
 74
0
  0
LTYPE
  5
3C
330
2
100
AcDbSymbolTableRecord
100
AcDbLinetypeTableRecord
  2
DOTX2
 70
0
  3
Dot (2x) .    .    .    .    .    .    .    . 
 72
65
 73
2
 40
1.016
 49
0.0
 74
0
 49
-1.016
 74
0
  0
LTYPE
  5
3D
330
2
100
AcDbSymbolTableRecord
100
AcDbLinetypeTableRecord
  2
DOT2
 70
0
  3
Dot (.5) . . . . . . . . . . . . . . . . . . . 
 72
65
 73
2
 40
0.254
 49
0.0
 74
0
 49
-0.254
 74
0
  0
LTYPE
  5
3E
330
2
100
AcDbSymbolTableRecord
100
AcDbLinetypeTableRecord
  2
DIVIDE
 70
0
  3
Divide __ . . __ . . __ . . __ . . __ . . __
 72
65
 73
6
 40
4.064
 49
2.54
 74
0
 49
-0.508
 74
0
 49
0.0
 74
0
 49
-0.508
 74
0
 49
0.0
 74
0
 49
-0.508
 74
0
  0
LTYPE
  5
3F
330
2
100
AcDbSymbolTableRecord
100
AcDbLinetypeTableRecord
  2
DIVIDEX2
 70
0
  3
Divide (2x) ____  . .  ____  . .  ____  . .  ____
 72
65
 73
6
 40
6.604
 49
5.08
 74
0
 49
-0.508
 74
0
 49
0.0
 74
0
 49
-0.508
 74
0
 49
0.0
 74
0
 49
-0.508
 74
0
  0
LTYPE
  5
40
330
2
100
AcDbSymbolTableRecord
100
AcDbLinetypeTableRecord
  2
DIVIDE2
 70
0
  3
Divide(.5x) _ . _ . _ . _ . _ . _ . _ . _
 72
65
 73
6
 40
2.032
 49
1.27
 74
0
 49
-0.254
 74
0
 49
0.0
 74
0
 49
-0.254
 74
0
 49
0.0
 74
0
 49
-0.254
 74
0
  0
ENDTAB
  0
TABLE
  2
LAYER
  5
1
330
0
100
AcDbSymbolTable
 70
16
  0
LAYER
  5
27
330
1
100
AcDbSymbolTableRecord
100
AcDbLayerTableRecord
  2
0
 70
0
 62
7
  6
Continuous
370
-3
390
13
347
21
  0
LAYER
  5
28
330
1
100
AcDbSymbolTableRecord
100
AcDbLayerTableRecord
  2
Defpoints
 70
0
 62
7
  6
Continuous
290
0
370
-3
390
13
347
21
  0
LAYER
  5
8A
330
1
100
AcDbSymbolTableRecord
100
AcDbLayerTableRecord
  2
VIGA
 70
0
 62
7
  6
Continuous
370
-3
390
13
347
21
  0
LAYER
  5
8B
330
1
100
AcDbSymbolTableRecord
100
AcDbLayerTableRecord
  2
COLUMNAS
 70
0
 62
7
  6
Continuous
370
-3
390
13
347
21
  0
LAYER
  5
8C
330
1
100
AcDbSymbolTableRecord
100
AcDbLayerTableRecord
  2
EJES
 70
0
 62
7
  6
Continuous
370
-3
390
13
347
21
  0
LAYER
  5
8D
330
1
100
AcDbSymbolTableRecord
100
AcDbLayerTableRecord
  2
REF_SUP_CONT
 70
0
 62
7
  6
Continuous
370
-3
390
13
347
21
  0
LAYER
  5
8E
330
1
100
AcDbSymbolTableRecord
100
AcDbLayerTableRecord
  2
REF_SUP_BASTON
 70
0
 62
7
  6
Continuous
370
-3
390
13
347
21
  0
LAYER
  5
8F
330
1
100
AcDbSymbolTableRecord
100
AcDbLayerTableRecord
  2
REF_INF
 70
0
 62
7
  6
Continuous
370
-3
390
13
347
21
  0
LAYER
  5
90
330
1
100
AcDbSymbolTableRecord
100
AcDbLayerTableRecord
  2
REF_TORSION
 70
0
 62
7
  6
Continuous
370
-3
390
13
347
21
  0
LAYER
  5
91
330
1
100
AcDbSymbolTableRecord
100
AcDbLayerTableRecord
  2
ESTRIBOS
 70
0
 62
7
  6
Continuous
370
-3
390
13
347
21
  0
LAYER
  5
92
330
1
100
AcDbSymbolTableRecord
100
AcDbLayerTableRecord
  2
CORTES
 70
0
 62
7
  6
Continuous
370
-3
390
13
347
21
  0
LAYER
  5
93
330
1
100
AcDbSymbolTableRecord
100
AcDbLayerTableRecord
  2
COTAS
 70
0
 62
7
  6
Continuous
370
-3
390
13
347
21
  0
LAYER
  5
94
330
1
100
AcDbSymbolTableRecord
100
AcDbLayerTableRecord
  2
TEXTO
 70
0
 62
7
  6
Continuous
370
-3
390
13
347
21
  0
LAYER
  5
95
330
1
100
AcDbSymbolTableRecord
100
AcDbLayerTableRecord
  2
TRAZADO_PLANTA
 70
0
 62
7
  6
Continuous
370
-3
390
13
347
21
  0
LAYER
  5
96
330
1
100
AcDbSymbolTableRecord
100
AcDbLayerTableRecord
  2
MARCO
 70
0
 62
7
  6
Continuous
370
-3
390
13
347
21
  0
LAYER
  5
97
330
1
100
AcDbSymbolTableRecord
100
AcDbLayerTableRecord
  2
VIEWPORT
 70
0
 62
7
  6
Continuous
370
-3
390
13
347
21
  0
ENDTAB
  0
TABLE
  2
STYLE
  5
5
330
0
100
AcDbSymbolTable
 70
26
  0
STYLE
  5
29
330
5
100
AcDbSymbolTableRecord
100
AcDbTextStyleTableRecord
  2
Standard
 70
0
 40
0.0
 41
1.0
 50
0.0
 71
0
 42
2.5
  3
txt
  4

  0
STYLE
  5
41
330
5
100
AcDbSymbolTableRecord
100
AcDbTextStyleTableRecord
  2
OpenSans-Light
 70
0
 40
0.0
 41
1.0
 50
0.0
 71
0
 42
2.5
  3
OpenSans-Light.ttf
  4

  0
STYLE
  5
42
330
5
100
AcDbSymbolTableRecord
100
AcDbTextStyleTableRecord
  2
OpenSans-Light-Italic
 70
0
 40
0.0
 41
1.0
 50
0.0
 71
0
 42
2.5
  3
OpenSans-LightItalic.ttf
  4

  0
STYLE
  5
43
330
5
100
AcDbSymbolTableRecord
100
AcDbTextStyleTableRecord
  2
OpenSans
 70
0
 40
0.0
 41
1.0
 50
0.0
 71
0
 42
2.5
  3
OpenSans-Regular.ttf
  4

  0
STYLE
  5
44
330
5
100
AcDbSymbolTableRecord
100
AcDbTextStyleTableRecord
  2
OpenSans-Italic
 70
0
 40
0.0
 41
1.0
 50
0.0
 71
0
 42
2.5
  3
OpenSans-Italic.ttf
  4

  0
STYLE
  5
45
330
5
100
AcDbSymbolTableRecord
100
AcDbTextStyleTableRecord
  2
OpenSans-SemiBold
 70
0
 40
0.0
 41
1.0
 50
0.0
 71
0
 42
2.5
  3
OpenSans-SemiBold.ttf
  4

  0
STYLE
  5
46
330
5
100
AcDbSymbolTableRecord
100
AcDbTextStyleTableRecord
  2
OpenSans-SemiBoldItalic
 70
0
 40
0.0
 41
1.0
 50
0.0
 71
0
 42
2.5
  3
OpenSans-SemiBoldItalic.ttf
  4

  0
STYLE
  5
47
330
5
100
AcDbSymbolTableRecord
100
AcDbTextStyleTableRecord
  2
OpenSans-Bold
 70
0
 40
0.0
 41
1.0
 50
0.0
 71
0
 42
2.5
  3
OpenSans-Bold.ttf
  4

  0
STYLE
  5
48
330
5
100
AcDbSymbolTableRecord
100
AcDbTextStyleTableRecord
  2
OpenSans-BoldItalic
 70
0
 40
0.0
 41
1.0
 50
0.0
 71
0
 42
2.5
  3
OpenSans-BoldItalic.ttf
  4

  0
STYLE
  5
49
330
5
100
AcDbSymbolTableRecord
100
AcDbTextStyleTableRecord
  2
OpenSans-ExtraBold
 70
0
 40
0.0
 41
1.0
 50
0.0
 71
0
 42
2.5
  3
OpenSans-ExtraBold.ttf
  4

  0
STYLE
  5
4A
330
5
100
AcDbSymbolTableRecord
100
AcDbTextStyleTableRecord
  2
OpenSans-ExtraBoldItalic
 70
0
 40
0.0
 41
1.0
 50
0.0
 71
0
 42
2.5
  3
OpenSans-ExtraBoldItalic.ttf
  4

  0
STYLE
  5
4B
330
5
100
AcDbSymbolTableRecord
100
AcDbTextStyleTableRecord
  2
OpenSansCondensed-Bold
 70
0
 40
0.0
 41
1.0
 50
0.0
 71
0
 42
2.5
  3
OpenSansCondensed-Bold.ttf
  4

  0
STYLE
  5
4C
330
5
100
AcDbSymbolTableRecord
100
AcDbTextStyleTableRecord
  2
OpenSansCondensed-Light
 70
0
 40
0.0
 41
1.0
 50
0.0
 71
0
 42
2.5
  3
OpenSansCondensed-Light.ttf
  4

  0
STYLE
  5
4D
330
5
100
AcDbSymbolTableRecord
100
AcDbTextStyleTableRecord
  2
OpenSansCondensed-Italic
 70
0
 40
0.0
 41
1.0
 50
0.0
 71
0
 42
2.5
  3
OpenSansCondensed-LightItalic.ttf
  4

  0
STYLE
  5
4E
330
5
100
AcDbSymbolTableRecord
100
AcDbTextStyleTableRecord
  2
LiberationSans
 70
0
 40
0.0
 41
1.0
 50
0.0
 71
0
 42
2.5
  3
LiberationSans-Regular.ttf
  4

  0
STYLE
  5
4F
330
5
100
AcDbSymbolTableRecord
100
AcDbTextStyleTableRecord
  2
LiberationSans-Bold
 70
0
 40
0.0
 41
1.0
 50
0.0
 71
0
 42
2.5
  3
LiberationSans-Bold.ttf
  4

  0
STYLE
  5
50
330
5
100
AcDbSymbolTableRecord
100
AcDbTextStyleTableRecord
  2
LiberationSans-BoldItalic
 70
0
 40
0.0
 41
1.0
 50
0.0
 71
0
 42
2.5
  3
LiberationSans-BoldItalic.ttf
  4

  0
STYLE
  5
51
330
5
100
AcDbSymbolTableRecord
100
AcDbTextStyleTableRecord
  2
LiberationSans-Italic
 70
0
 40
0.0
 41
1.0
 50
0.0
 71
0
 42
2.5
  3
LiberationSans-Italic.ttf
  4

  0
STYLE
  5
52
330
5
100
AcDbSymbolTableRecord
100
AcDbTextStyleTableRecord
  2
LiberationSerif
 70
0
 40
0.0
 41
1.0
 50
0.0
 71
0
 42
2.5
  3
LiberationSerif-Regular.ttf
  4

  0
STYLE
  5
53
330
5
100
AcDbSymbolTableRecord
100
AcDbTextStyleTableRecord
  2
LiberationSerif-Bold
 70
0
 40
0.0
 41
1.0
 50
0.0
 71
0
 42
2.5
  3
LiberationSerif-Bold.ttf
  4

  0
STYLE
  5
54
330
5
100
AcDbSymbolTableRecord
100
AcDbTextStyleTableRecord
  2
LiberationSerif-BoldItalic
 70
0
 40
0.0
 41
1.0
 50
0.0
 71
0
 42
2.5
  3
LiberationSerif-BoldItalic.ttf
  4

  0
STYLE
  5
55
330
5
100
AcDbSymbolTableRecord
100
AcDbTextStyleTableRecord
  2
LiberationSerif-Italic
 70
0
 40
0.0
 41
1.0
 50
0.0
 71
0
 42
2.5
  3
LiberationSerif-Italic.ttf
  4

  0
STYLE
  5
56
330
5
100
AcDbSymbolTableRecord
100
AcDbTextStyleTableRecord
  2
LiberationMono
 70
0
 40
0.0
 41
1.0
 50
0.0
 71
0
 42
2.5
  3
LiberationMono-Regular.ttf
  4

  0
STYLE
  5
57
330
5
100
AcDbSymbolTableRecord
100
AcDbTextStyleTableRecord
  2
LiberationMono-Bold
 70
0
 40
0.0
 41
1.0
 50
0.0
 71
0
 42
2.5
  3
LiberationMono-Bold.ttf
  4

  0
STYLE
  5
58
330
5
100
AcDbSymbolTableRecord
100
AcDbTextStyleTableRecord
  2
LiberationMono-BoldItalic
 70
0
 40
0.0
 41
1.0
 50
0.0
 71
0
 42
2.5
  3
LiberationMono-BoldItalic.ttf
  4

  0
STYLE
  5
59
330
5
100
AcDbSymbolTableRecord
100
AcDbTextStyleTableRecord
  2
LiberationMono-Italic
 70
0
 40
0.0
 41
1.0
 50
0.0
 71
0
 42
2.5
  3
LiberationMono-Italic.ttf
  4

  0
ENDTAB
  0
TABLE
  2
VIEW
  5
7
330
0
100
AcDbSymbolTable
 70
0
  0
ENDTAB
  0
TABLE
  2
UCS
  5
6
330
0
100
AcDbSymbolTable
 70
0
  0
ENDTAB
  0
TABLE
  2
APPID
  5
3
330
0
100
AcDbSymbolTable
 70
3
  0
APPID
  5
2A
330
3
100
AcDbSymbolTableRecord
100
AcDbRegAppTableRecord
  2
ACAD
 70
0
  0
APPID
  5
96D
330
3
100
AcDbSymbolTableRecord
100
AcDbRegAppTableRecord
  2
HATCHBACKGROUNDCOLOR
 70
0
  0
APPID
  5
96E
330
3
100
AcDbSymbolTableRecord
100
AcDbRegAppTableRecord
  2
EZDXF
 70
0
  0
ENDTAB
  0
TABLE
  2
DIMSTYLE
  5
4
330
0
100
AcDbSymbolTable
 70
12
100
AcDbDimStyleTable
  0
DIMSTYLE
105
2B
330
4
100
AcDbSymbolTableRecord
100
AcDbDimStyleTableRecord
  2
Standard
 70
0
 40
1.0
 41
2.5
 42
0.625
 43
3.75
 44
1.25
 45
0.0
 46
0.0
 47
0.0
 48
0.0
 49
2.5
140
2.5
141
2.5
142
0.0
143
0.03937007874
144
1.0
145
0.0
146
1.0
147
0.625
148
0.0
 69
0
 70
0
 71
0
 72
0
 73
0
 74
0
 75
0
 76
0
 77
1
 78
8
 79
3
170
0
171
3
172
1
173
0
174
0
175
0
176
0
177
0
178
0
179
2
271
2
272
2
273
2
274
3
275
0
276
0
277
2
278
44
279
0
280
0
281
0
282
0
283
0
284
8
285
0
286
0
288
0
289
3
290
0
371
-2
372
-2
  0
DIMSTYLE
105
73
330
4
100
AcDbSymbolTableRecord
100
AcDbDimStyleTableRecord
  2
EZDXF
 70
0
 40
1.0
 41
0.175
 42
0.125
 43
3.75
 44
0.375
 45
0.0
 46
0.0
 47
0.0
 48
0.0
 49
2.5
140
0.25
141
2.5
142
0.0
143
0.03937007874
144
100.0
145
0.0
146
0.5
147
0.1
148
0.0
 69
0
 70
0
 71
0
 72
0
 73
0
 74
0
 75
0
 76
0
 77
1
 78
12
 79
3
170
0
171
3
172
1
173
0
174
0
175
0
176
0
177
0
178
0
179
2
271
2
272
2
273
2
274
3
275
0
276
0
277
2
278
46
279
2
280
0
281
0
282
0
283
0
284
8
285
0
286
0
288
1
289
3
290
0
340
4C
342
74
371
-2
372
-2
  0
DIMSTYLE
105
7C
330
4
100
AcDbSymbolTableRecord
100
AcDbDimStyleTableRecord
  2
EZ_M_100_H25_CM
 70
0
 40
1.0
 41
0.25
 42
0.125
 43
3.75
 44
0.375
 45
0.0
 46
0.0
 47
0.0
 48
0.0
 49
2.5
140
0.25
141
2.5
142
0.125
143
0.03937007874
144
100.0
145
0.0
146
0.5
147
0.1
148
0.0
 69
0
 70
0
 71
0
 72
0
 73
0
 74
0
 75
0
 76
0
 77
1
 78
12
 79
3
170
0
171
3
172
1
173
0
174
0
175
0
176
0
177
0
178
0
179
2
271
2
272
2
273
2
274
3
275
0
276
0
277
2
278
46
279
2
280
0
281
0
282
0
283
0
284
8
285
0
286
0
288
1
289
3
290
0
340
4C
371
-2
372
-2
  0
DIMSTYLE
105
7D
330
4
100
AcDbSymbolTableRecord
100
AcDbDimStyleTableRecord
  2
EZ_M_50_H25_CM
 70
0
 40
1.0
 41
0.125
 42
0.0625
 43
3.75
 44
0.1875
 45
0.0
 46
0.0
 47
0.0
 48
0.0
 49
2.5
140
0.125
141
2.5
142
0.0625
143
0.03937007874
144
100.0
145
0.0
146
0.5
147
0.05
148
0.0
 69
0
 70
0
 71
0
 72
0
 73
0
 74
0
 75
0
 76
0
 77
1
 78
12
 79
3
170
0
171
3
172
1
173
0
174
0
175
0
176
0
177
0
178
0
179
2
271
2
272
2
273
2
274
3
275
0
276
0
277
2
278
46
279
2
280
0
281
0
282
0
283
0
284
8
285
0
286
0
288
1
289
3
290
0
340
4C
371
-2
372
-2
  0
DIMSTYLE
105
7E
330
4
100
AcDbSymbolTableRecord
100
AcDbDimStyleTableRecord
  2
EZ_M_25_H25_CM
 70
0
 40
1.0
 41
0.0625
 42
0.03125
 43
3.75
 44
0.09375
 45
0.0
 46
0.0
 47
0.0
 48
0.0
 49
2.5
140
0.0625
141
2.5
142
0.03125
143
0.03937007874
144
100.0
145
0.0
146
0.5
147
0.025
148
0.0
 69
0
 70
0
 71
0
 72
0
 73
0
 74
0
 75
0
 76
0
 77
1
 78
12
 79
3
170
0
171
3
172
1
173
0
174
0
175
0
176
0
177
0
178
0
179
2
271
2
272
2
273
2
274
3
275
0
276
0
277
2
278
46
279
2
280
0
281
0
282
0
283
0
284
8
285
0
286
0
288
1
289
3
290
0
340
4C
371
-2
372
-2
  0
DIMSTYLE
105
7F
330
4
100
AcDbSymbolTableRecord
100
AcDbDimStyleTableRecord
  2
EZ_M_20_H25_CM
 70
0
 40
1.0
 41
0.05
 42
0.025
 43
3.75
 44
0.07500000000000001
 45
0.0
 46
0.0
 47
0.0
 48
0.0
 49
2.5
140
0.05
141
2.5
142
0.025
143
0.03937007874
144
100.0
145
0.0
146
0.5
147
0.020000000000000004
148
0.0
 69
0
 70
0
 71
0
 72
0
 73
0
 74
0
 75
0
 76
0
 77
1
 78
12
 79
3
170
0
171
3
172
1
173
0
174
0
175
0
176
0
177
0
178
0
179
2
271
2
272
2
273
2
274
3
275
0
276
0
277
2
278
46
279
2
280
0
281
0
282
0
283
0
284
8
285
0
286
0
288
1
289
3
290
0
340
4C
371
-2
372
-2
  0
DIMSTYLE
105
80
330
4
100
AcDbSymbolTableRecord
100
AcDbDimStyleTableRecord
  2
EZ_M_10_H25_CM
 70
0
 40
1.0
 41
0.025
 42
0.0125
 43
3.75
 44
0.037500000000000006
 45
0.0
 46
0.0
 47
0.0
 48
0.0
 49
2.5
140
0.025
141
2.5
142
0.0125
143
0.03937007874
144
100.0
145
0.0
146
0.5
147
0.010000000000000002
148
0.0
 69
0
 70
0
 71
0
 72
0
 73
0
 74
0
 75
0
 76
0
 77
1
 78
12
 79
3
170
0
171
3
172
1
173
0
174
0
175
0
176
0
177
0
178
0
179
2
271
2
272
2
273
2
274
3
275
0
276
0
277
2
278
46
279
2
280
0
281
0
282
0
283
0
284
8
285
0
286
0
288
1
289
3
290
0
340
4C
371
-2
372
-2
  0
DIMSTYLE
105
81
330
4
100
AcDbSymbolTableRecord
100
AcDbDimStyleTableRecord
  2
EZ_M_5_H25_CM
 70
0
 40
1.0
 41
0.0125
 42
0.00625
 43
3.75
 44
0.018750000000000003
 45
0.0
 46
0.0
 47
0.0
 48
0.0
 49
2.5
140
0.0125
141
2.5
142
0.00625
143
0.03937007874
144
100.0
145
0.0
146
0.5
147
0.005000000000000001
148
0.0
 69
0
 70
0
 71
0
 72
0
 73
0
 74
0
 75
0
 76
0
 77
1
 78
12
 79
3
170
0
171
3
172
1
173
0
174
0
175
0
176
0
177
0
178
0
179
2
271
2
272
2
273
2
274
3
275
0
276
0
277
2
278
46
279
2
280
0
281
0
282
0
283
0
284
8
285
0
286
0
288
1
289
3
290
0
340
4C
371
-2
372
-2
  0
DIMSTYLE
105
82
330
4
100
AcDbSymbolTableRecord
100
AcDbDimStyleTableRecord
  2
EZ_M_1_H25_CM
 70
0
 40
1.0
 41
0.0025
 42
0.00125
 43
3.75
 44
0.00375
 45
0.0
 46
0.0
 47
0.0
 48
0.0
 49
2.5
140
0.0025
141
2.5
142
0.00125
143
0.03937007874
144
100.0
145
0.0
146
0.5
147
0.001
148
0.0
 69
0
 70
0
 71
0
 72
0
 73
0
 74
0
 75
0
 76
0
 77
1
 78
12
 79
3
170
0
171
3
172
1
173
0
174
0
175
0
176
0
177
0
178
0
179
2
271
2
272
2
273
2
274
3
275
0
276
0
277
2
278
46
279
2
280
0
281
0
282
0
283
0
284
8
285
0
286
0
288
1
289
3
290
0
340
4C
371
-2
372
-2
  0
DIMSTYLE
105
83
330
4
100
AcDbSymbolTableRecord
100
AcDbDimStyleTableRecord
  2
EZ_RADIUS
 70
0
 40
1.0
 41
0.25
 42
0.125
 43
3.75
 44
0.375
 45
0.0
 46
0.0
 47
0.0
 48
0.0
 49
2.5
140
0.25
141
0.0
142
0.0
143
0.03937007874
144
100.0
145
0.0
146
0.5
147
0.1
148
0.0
 69
0
 70
0
 71
0
 72
0
 73
0
 74
0
 75
0
 76
0
 77
1
 78
12
 79
3
170
0
171
3
172
0
173
0
174
0
175
0
176
0
177
0
178
0
179
2
271
2
272
2
273
2
274
3
275
0
276
0
277
2
278
46
279
1
280
0
281
0
282
0
283
0
284
8
285
0
286
0
288
1
289
3
290
0
340
4C
342
84
371
-2
372
-2
  0
DIMSTYLE
105
88
330
4
100
AcDbSymbolTableRecord
100
AcDbDimStyleTableRecord
  2
EZ_RADIUS_INSIDE
 70
0
 40
1.0
 41
0.25
 42
0.125
 43
3.75
 44
0.375
 45
0.0
 46
0.0
 47
0.0
 48
0.0
 49
2.5
140
0.25
141
0.0
142
0.0
143
0.03937007874
144
100.0
145
0.0
146
0.5
147
0.1
148
0.0
 69
0
 70
0
 71
0
 72
0
 73
0
 74
0
 75
0
 76
0
 77
0
 78
12
 79
3
170
0
171
3
172
0
173
0
174
1
175
0
176
0
177
0
178
0
179
2
271
2
272
2
273
2
274
3
275
0
276
0
277
2
278
46
279
0
280
0
281
0
282
0
283
0
284
8
285
0
286
0
288
1
289
0
290
0
340
4C
342
84
371
-2
372
-2
  0
DIMSTYLE
105
89
330
4
100
AcDbSymbolTableRecord
100
AcDbDimStyleTableRecord
  2
EZ_CURVED
 70
0
 40
1.0
 41
0.25
 42
0.125
 43
3.75
 44
0.375
 45
0.0
 46
0.0
 47
0.0
 48
0.0
 49
2.5
140
0.25
141
2.5
142
0.0
143
0.03937007874
144
100.0
145
0.0
146
0.5
147
0.1
148
0.0
 69
0
 70
0
 71
0
 72
0
 73
0
 74
0
 75
0
 76
0
 77
1
 78
12
 79
2
 90
2
170
0
171
3
172
1
173
0
174
0
175
0
176
0
177
0
178
0
179
2
271
2
272
2
273
2
274
3
275
0
276
0
277
2
278
46
279
2
280
0
281
0
282
0
283
0
284
8
285
0
286
0
288
1
289
3
290
0
340
4C
371
-2
372
-2
  0
ENDTAB
  0
TABLE
  2
BLOCK_RECORD
  5
9
330
0
100
AcDbSymbolTable
 70
43
  0
BLOCK_RECORD
  5
17
330
9
100
AcDbSymbolTableRecord
100
AcDbBlockTableRecord
  2
*Model_Space
340
1A
 70
0
280
1
281
0
  0
BLOCK_RECORD
  5
74
330
9
100
AcDbSymbolTableRecord
100
AcDbBlockTableRecord
  2
_ARCHTICK
340
0
 70
0
280
1
281
0
  0
BLOCK_RECORD
  5
78
330
9
100
AcDbSymbolTableRecord
100
AcDbBlockTableRecord
  2
_CLOSEDFILLED
340
0
 70
0
280
1
281
0
  0
BLOCK_RECORD
  5
84
330
9
100
AcDbSymbolTableRecord
100
AcDbBlockTableRecord
  2
_CLOSEDBLANK
340
0
 70
0
280
1
281
0
  0
BLOCK_RECORD
  5
F4
330
9
100
AcDbSymbolTableRecord
100
AcDbBlockTableRecord
  2
*D1
340
0
 70
0
280
1
281
0
  0
BLOCK_RECORD
  5
103
330
9
100
AcDbSymbolTableRecord
100
AcDbBlockTableRecord
  2
*D2
340
0
 70
0
280
1
281
0
  0
BLOCK_RECORD
  5
112
330
9
100
AcDbSymbolTableRecord
100
AcDbBlockTableRecord
  2
*D3
340
0
 70
0
280
1
281
0
  0
BLOCK_RECORD
  5
219
330
9
100
AcDbSymbolTableRecord
100
AcDbBlockTableRecord
  2
*D4
340
0
 70
0
280
1
281
0
  0
BLOCK_RECORD
  5
228
330
9
100
AcDbSymbolTableRecord
100
AcDbBlockTableRecord
  2
*D5
340
0
 70
0
280
1
281
0
  0
BLOCK_RECORD
  5
237
330
9
100
AcDbSymbolTableRecord
100
AcDbBlockTableRecord
  2
*D6
340
0
 70
0
280
1
281
0
  0
BLOCK_RECORD
  5
246
330
9
100
AcDbSymbolTableRecord
100
AcDbBlockTableRecord
  2
*D7
340
0
 70
0
280
1
281
0
  0
BLOCK_RECORD
  5
255
330
9
100
AcDbSymbolTableRecord
100
AcDbBlockTableRecord
  2
*D8
340
0
 70
0
280
1
281
0
  0
BLOCK_RECORD
  5
38D
330
9
100
AcDbSymbolTableRecord
100
AcDbBlockTableRecord
  2
*D9
340
0
 70
0
280
1
281
0
  0
BLOCK_RECORD
  5
39C
330
9
100
AcDbSymbolTableRecord
100
AcDbBlockTableRecord
  2
*D10
340
0
 70
0
280
1
281
0
  0
BLOCK_RECORD
  5
3AB
330
9
100
AcDbSymbolTableRecord
100
AcDbBlockTableRecord
  2
*D11
340
0
 70
0
280
1
281
0
  0
BLOCK_RECORD
  5
3BA
330
9
100
AcDbSymbolTableRecord
100
AcDbBlockTableRecord
  2
*D12
340
0
 70
0
280
1
281
0
  0
BLOCK_RECORD
  5
3C9
330
9
100
AcDbSymbolTableRecord
100
AcDbBlockTableRecord
  2
*D13
340
0
 70
0
280
1
281
0
  0
BLOCK_RECORD
  5
445
330
9
100
AcDbSymbolTableRecord
100
AcDbBlockTableRecord
  2
*D14
340
0
 70
0
280
1
281
0
  0
BLOCK_RECORD
  5
454
330
9
100
AcDbSymbolTableRecord
100
AcDbBlockTableRecord
  2
*D15
340
0
 70
0
280
1
281
0
  0
BLOCK_RECORD
  5
4A4
330
9
100
AcDbSymbolTableRecord
100
AcDbBlockTableRecord
  2
*D16
340
0
 70
0
280
1
281
0
  0
BLOCK_RECORD
  5
4B3
330
9
100
AcDbSymbolTableRecord
100
AcDbBlockTableRecord
  2
*D17
340
0
 70
0
280
1
281
0
  0
BLOCK_RECORD
  5
5C4
330
9
100
AcDbSymbolTableRecord
100
AcDbBlockTableRecord
  2
*D18
340
0
 70
0
280
1
281
0
  0
BLOCK_RECORD
  5
5D3
330
9
100
AcDbSymbolTableRecord
100
AcDbBlockTableRecord
  2
*D19
340
0
 70
0
280
1
281
0
  0
BLOCK_RECORD
  5
5E2
330
9
100
AcDbSymbolTableRecord
100
AcDbBlockTableRecord
  2
*D20
340
0
 70
0
280
1
281
0
  0
BLOCK_RECORD
  5
5F1
330
9
100
AcDbSymbolTableRecord
100
AcDbBlockTableRecord
  2
*D21
340
0
 70
0
280
1
281
0
  0
BLOCK_RECORD
  5
600
330
9
100
AcDbSymbolTableRecord
100
AcDbBlockTableRecord
  2
*D22
340
0
 70
0
280
1
281
0
  0
BLOCK_RECORD
  5
70A
330
9
100
AcDbSymbolTableRecord
100
AcDbBlockTableRecord
  2
*D23
340
0
 70
0
280
1
281
0
  0
BLOCK_RECORD
  5
719
330
9
100
AcDbSymbolTableRecord
100
AcDbBlockTableRecord
  2
*D24
340
0
 70
0
280
1
281
0
  0
BLOCK_RECORD
  5
728
330
9
100
AcDbSymbolTableRecord
100
AcDbBlockTableRecord
  2
*D25
340
0
 70
0
280
1
281
0
  0
BLOCK_RECORD
  5
737
330
9
100
AcDbSymbolTableRecord
100
AcDbBlockTableRecord
  2
*D26
340
0
 70
0
280
1
281
0
  0
BLOCK_RECORD
  5
746
330
9
100
AcDbSymbolTableRecord
100
AcDbBlockTableRecord
  2
*D27
340
0
 70
0
280
1
281
0
  0
BLOCK_RECORD
  5
849
330
9
100
AcDbSymbolTableRecord
100
AcDbBlockTableRecord
  2
*D28
340
0
 70
0
280
1
281
0
  0
BLOCK_RECORD
  5
858
330
9
100
AcDbSymbolTableRecord
100
AcDbBlockTableRecord
  2
*D29
340
0
 70
0
280
1
281
0
  0
BLOCK_RECORD
  5
867
330
9
100
AcDbSymbolTableRecord
100
AcDbBlockTableRecord
  2
*D30
340
0
 70
0
280
1
281
0
  0
BLOCK_RECORD
  5
876
330
9
100
AcDbSymbolTableRecord
100
AcDbBlockTableRecord
  2
*D31
340
0
 70
0
280
1
281
0
  0
BLOCK_RECORD
  5
885
330
9
100
AcDbSymbolTableRecord
100
AcDbBlockTableRecord
  2
*D32
340
0
 70
0
280
1
281
0
  0
BLOCK_RECORD
  5
8E9
330
9
100
AcDbSymbolTableRecord
100
AcDbBlockTableRecord
  2
*Paper_Space1
340
8EC
 70
0
280
1
281
0
  0
BLOCK_RECORD
  5
8FF
330
9
100
AcDbSymbolTableRecord
100
AcDbBlockTableRecord
  2
*Paper_Space2
340
902
 70
0
280
1
281
0
  0
BLOCK_RECORD
  5
915
330
9
100
AcDbSymbolTableRecord
100
AcDbBlockTableRecord
  2
*Paper_Space3
340
918
 70
0
280
1
281
0
  0
BLOCK_RECORD
  5
92B
330
9
100
AcDbSymbolTableRecord
100
AcDbBlockTableRecord
  2
*Paper_Space4
340
92E
 70
0
280
1
281
0
  0
BLOCK_RECORD
  5
941
330
9
100
AcDbSymbolTableRecord
100
AcDbBlockTableRecord
  2
*Paper_Space5
340
944
 70
0
280
1
281
0
  0
BLOCK_RECORD
  5
957
330
9
100
AcDbSymbolTableRecord
100
AcDbBlockTableRecord
  2
*Paper_Space6
340
95A
 70
0
280
1
281
0
  0
BLOCK_RECORD
  5
8D3
330
9
100
AcDbSymbolTableRecord
100
AcDbBlockTableRecord
  2
*Paper_Space
340
8D6
 70
0
280
1
281
0
  0
ENDTAB
  0
ENDSEC
  0
SECTION
  2
BLOCKS
  0
BLOCK
  5
18
330
17
100
AcDbEntity
  8
0
100
AcDbBlockBegin
  2
*Model_Space
 70
0
 10
0.0
 20
0.0
 30
0.0
  3
*Model_Space
  1

  0
ENDBLK
  5
19
330
17
100
AcDbEntity
  8
0
100
AcDbBlockEnd
  0
BLOCK
  5
75
330
74
100
AcDbEntity
  8
0
100
AcDbBlockBegin
  2
_ARCHTICK
 70
0
 10
0.0
 20
0.0
 30
0.0
  3
_ARCHTICK
  1

  0
LWPOLYLINE
  5
77
330
74
100
AcDbEntity
  8
0
  6
BYBLOCK
 62
0
100
AcDbPolyline
 90
2
 70
0
 43
0.15
 10
-0.5
 20
-0.5
 10
0.5
 20
0.5
  0
ENDBLK
  5
76
330
74
100
AcDbEntity
  8
0
100
AcDbBlockEnd
  0
BLOCK
  5
79
330
78
100
AcDbEntity
  8
0
100
AcDbBlockBegin
  2
_CLOSEDFILLED
 70
0
 10
0.0
 20
0.0
 30
0.0
  3
_CLOSEDFILLED
  1

  0
SOLID
  5
7B
330
78
100
AcDbEntity
  8
0
  6
BYBLOCK
 62
0
100
AcDbTrace
 10
-1.0
 20
0.16439898372402537
 30
0.0
 11
0.0
 21
0.0
 31
0.0
 12
-1.0
 22
-0.16439898372402537
 32
0.0
 13
-1.0
 23
-0.16439898372402537
 33
0.0
  0
ENDBLK
  5
7A
330
78
100
AcDbEntity
  8
0
100
AcDbBlockEnd
  0
BLOCK
  5
85
330
84
100
AcDbEntity
  8
0
100
AcDbBlockBegin
  2
_CLOSEDBLANK
 70
0
 10
0.0
 20
0.0
 30
0.0
  3
_CLOSEDBLANK
  1

  0
LWPOLYLINE
  5
87
330
84
100
AcDbEntity
  8
0
  6
BYBLOCK
 62
0
100
AcDbPolyline
 90
3
 70
1
 10
-1.0
 20
0.16439898372402537
 10
0.0
 20
0.0
 10
-1.0
 20
-0.16439898372402537
  0
ENDBLK
  5
86
330
84
100
AcDbEntity
  8
0
100
AcDbBlockEnd
  0
BLOCK
  5
F5
330
F4
100
AcDbEntity
  8
0
100
AcDbBlockBegin
  2
*D1
 70
1
 10
0.0
 20
0.0
 30
0.0
  3
*D1
  1

  0
LINE
  5
F7
330
F4
100
AcDbEntity
  8
0
 62
7
100
AcDbLine
 10
5750.0
 20
2975.0
 30
0.0
 11
5750.0
 21
2810.0
 31
0.0
  0
LINE
  5
F8
330
F4
100
AcDbEntity
  8
0
 62
7
100
AcDbLine
 10
9500.0
 20
2975.0
 30
0.0
 11
9500.0
 21
2810.0
 31
0.0
  0
INSERT
  5
F9
330
F4
100
AcDbEntity
  8
COTAS
 62
7
100
AcDbBlockReference
  2
_ARCHTICK
 10
5750.0
 20
2880.0
 30
0.0
 41
45.0
 42
45.0
 50
180.0
  0
INSERT
  5
FB
330
F4
100
AcDbEntity
  8
COTAS
 62
7
100
AcDbBlockReference
  2
_ARCHTICK
 10
9500.0
 20
2880.0
 30
0.0
 41
45.0
 42
45.0
  0
LINE
  5
FD
330
F4
100
AcDbEntity
  8
0
 62
7
100
AcDbLine
 10
5750.0
 20
2880.0
 30
0.0
 11
9500.0
 21
2880.0
 31
0.0
  0
MTEXT
  5
FE
330
F4
100
AcDbEntity
  8
COTAS
 62
7
100
AcDbMText
 10
7625.0
 20
2922.6
 30
0.0
 40
85.0
 71
5
  1
3750 mm
  7
OpenSansCondensed-Light
  0
POINT
  5
FF
330
F4
100
AcDbEntity
  8
Defpoints
100
AcDbPoint
 10
5750.0
 20
2880.0
 30
0.0
  0
POINT
  5
100
330
F4
100
AcDbEntity
  8
Defpoints
100
AcDbPoint
 10
5750.0
 20
3000.0
 30
0.0
  0
POINT
  5
101
330
F4
100
AcDbEntity
  8
Defpoints
100
AcDbPoint
 10
9500.0
 20
3000.0
 30
0.0
  0
ENDBLK
  5
F6
330
F4
100
AcDbEntity
  8
0
100
AcDbBlockEnd
  0
BLOCK
  5
104
330
103
100
AcDbEntity
  8
0
100
AcDbBlockBegin
  2
*D2
 70
1
 10
0.0
 20
0.0
 30
0.0
  3
*D2
  1

  0
LINE
  5
106
330
103
100
AcDbEntity
  8
0
 62
7
100
AcDbLine
 10
9500.0
 20
2975.0
 30
0.0
 11
9500.0
 21
2810.0
 31
0.0
  0
LINE
  5
107
330
103
100
AcDbEntity
  8
0
 62
7
100
AcDbLine
 10
13250.0
 20
2975.0
 30
0.0
 11
13250.0
 21
2810.0
 31
0.0
  0
INSERT
  5
108
330
103
100
AcDbEntity
  8
COTAS
 62
7
100
AcDbBlockReference
  2
_ARCHTICK
 10
9500.0
 20
2880.0
 30
0.0
 41
45.0
 42
45.0
 50
180.0
  0
INSERT
  5
10A
330
103
100
AcDbEntity
  8
COTAS
 62
7
100
AcDbBlockReference
  2
_ARCHTICK
 10
13250.0
 20
2880.0
 30
0.0
 41
45.0
 42
45.0
  0
LINE
  5
10C
330
103
100
AcDbEntity
  8
0
 62
7
100
AcDbLine
 10
9500.0
 20
2880.0
 30
0.0
 11
13250.0
 21
2880.0
 31
0.0
  0
MTEXT
  5
10D
330
103
100
AcDbEntity
  8
COTAS
 62
7
100
AcDbMText
 10
11375.0
 20
2922.6
 30
0.0
 40
85.0
 71
5
  1
3750 mm
  7
OpenSansCondensed-Light
  0
POINT
  5
10E
330
103
100
AcDbEntity
  8
Defpoints
100
AcDbPoint
 10
9500.0
 20
2880.0
 30
0.0
  0
POINT
  5
10F
330
103
100
AcDbEntity
  8
Defpoints
100
AcDbPoint
 10
9500.0
 20
3000.0
 30
0.0
  0
POINT
  5
110
330
103
100
AcDbEntity
  8
Defpoints
100
AcDbPoint
 10
13250.0
 20
3000.0
 30
0.0
  0
ENDBLK
  5
105
330
103
100
AcDbEntity
  8
0
100
AcDbBlockEnd
  0
BLOCK
  5
113
330
112
100
AcDbEntity
  8
0
100
AcDbBlockBegin
  2
*D3
 70
1
 10
0.0
 20
0.0
 30
0.0
  3
*D3
  1

  0
LINE
  5
115
330
112
100
AcDbEntity
  8
0
 62
7
100
AcDbLine
 10
5750.0
 20
2635.0
 30
0.0
 11
5750.0
 21
2470.0
 31
0.0
  0
LINE
  5
116
330
112
100
AcDbEntity
  8
0
 62
7
100
AcDbLine
 10
13250.0
 20
2635.0
 30
0.0
 11
13250.0
 21
2470.0
 31
0.0
  0
INSERT
  5
117
330
112
100
AcDbEntity
  8
COTAS
 62
7
100
AcDbBlockReference
  2
_ARCHTICK
 10
5750.0
 20
2540.0
 30
0.0
 41
45.0
 42
45.0
 50
180.0
  0
INSERT
  5
119
330
112
100
AcDbEntity
  8
COTAS
 62
7
100
AcDbBlockReference
  2
_ARCHTICK
 10
13250.0
 20
2540.0
 30
0.0
 41
45.0
 42
45.0
  0
LINE
  5
11B
330
112
100
AcDbEntity
  8
0
 62
7
100
AcDbLine
 10
5750.0
 20
2540.0
 30
0.0
 11
13250.0
 21
2540.0
 31
0.0
  0
MTEXT
  5
11C
330
112
100
AcDbEntity
  8
COTAS
 62
7
100
AcDbMText
 10
9500.0
 20
2582.6
 30
0.0
 40
85.0
 71
5
  1
LONGITUD ENTRE EJES = 7500 mm
  7
OpenSansCondensed-Light
  0
POINT
  5
11D
330
112
100
AcDbEntity
  8
Defpoints
100
AcDbPoint
 10
5750.0
 20
2540.0
 30
0.0
  0
POINT
  5
11E
330
112
100
AcDbEntity
  8
Defpoints
100
AcDbPoint
 10
5750.0
 20
2660.0
 30
0.0
  0
POINT
  5
11F
330
112
100
AcDbEntity
  8
Defpoints
100
AcDbPoint
 10
13250.0
 20
2660.0
 30
0.0
  0
ENDBLK
  5
114
330
112
100
AcDbEntity
  8
0
100
AcDbBlockEnd
  0
BLOCK
  5
21A
330
219
100
AcDbEntity
  8
0
100
AcDbBlockBegin
  2
*D4
 70
1
 10
0.0
 20
0.0
 30
0.0
  3
*D4
  1

  0
LINE
  5
21C
330
219
100
AcDbEntity
  8
0
 62
7
100
AcDbLine
 10
1750.0
 20
-5225.0
 30
0.0
 11
1750.0
 21
-5390.0
 31
0.0
  0
LINE
  5
21D
330
219
100
AcDbEntity
  8
0
 62
7
100
AcDbLine
 10
5750.0
 20
-5225.0
 30
0.0
 11
5750.0
 21
-5390.0
 31
0.0
  0
INSERT
  5
21E
330
219
100
AcDbEntity
  8
COTAS
 62
7
100
AcDbBlockReference
  2
_ARCHTICK
 10
1750.0
 20
-5320.0
 30
0.0
 41
45.0
 42
45.0
 50
180.0
  0
INSERT
  5
220
330
219
100
AcDbEntity
  8
COTAS
 62
7
100
AcDbBlockReference
  2
_ARCHTICK
 10
5750.0
 20
-5320.0
 30
0.0
 41
45.0
 42
45.0
  0
LINE
  5
222
330
219
100
AcDbEntity
  8
0
 62
7
100
AcDbLine
 10
1750.0
 20
-5320.0
 30
0.0
 11
5750.0
 21
-5320.0
 31
0.0
  0
MTEXT
  5
223
330
219
100
AcDbEntity
  8
COTAS
 62
7
100
AcDbMText
 10
3750.0
 20
-5277.4
 30
0.0
 40
85.0
 71
5
  1
4000 mm
  7
OpenSansCondensed-Light
  0
POINT
  5
224
330
219
100
AcDbEntity
  8
Defpoints
100
AcDbPoint
 10
1750.0
 20
-5320.0
 30
0.0
  0
POINT
  5
225
330
219
100
AcDbEntity
  8
Defpoints
100
AcDbPoint
 10
1750.0
 20
-5200.0
 30
0.0
  0
POINT
  5
226
330
219
100
AcDbEntity
  8
Defpoints
100
AcDbPoint
 10
5750.0
 20
-5200.0
 30
0.0
  0
ENDBLK
  5
21B
330
219
100
AcDbEntity
  8
0
100
AcDbBlockEnd
  0
BLOCK
  5
229
330
228
100
AcDbEntity
  8
0
100
AcDbBlockBegin
  2
*D5
 70
1
 10
0.0
 20
0.0
 30
0.0
  3
*D5
  1

  0
LINE
  5
22B
330
228
100
AcDbEntity
  8
0
 62
7
100
AcDbLine
 10
5750.0
 20
-5225.0
 30
0.0
 11
5750.0
 21
-5390.0
 31
0.0
  0
LINE
  5
22C
330
228
100
AcDbEntity
  8
0
 62
7
100
AcDbLine
 10
9500.0
 20
-5225.0
 30
0.0
 11
9500.0
 21
-5390.0
 31
0.0
  0
INSERT
  5
22D
330
228
100
AcDbEntity
  8
COTAS
 62
7
100
AcDbBlockReference
  2
_ARCHTICK
 10
5750.0
 20
-5320.0
 30
0.0
 41
45.0
 42
45.0
 50
180.0
  0
INSERT
  5
22F
330
228
100
AcDbEntity
  8
COTAS
 62
7
100
AcDbBlockReference
  2
_ARCHTICK
 10
9500.0
 20
-5320.0
 30
0.0
 41
45.0
 42
45.0
  0
LINE
  5
231
330
228
100
AcDbEntity
  8
0
 62
7
100
AcDbLine
 10
5750.0
 20
-5320.0
 30
0.0
 11
9500.0
 21
-5320.0
 31
0.0
  0
MTEXT
  5
232
330
228
100
AcDbEntity
  8
COTAS
 62
7
100
AcDbMText
 10
7625.0
 20
-5277.4
 30
0.0
 40
85.0
 71
5
  1
3750 mm
  7
OpenSansCondensed-Light
  0
POINT
  5
233
330
228
100
AcDbEntity
  8
Defpoints
100
AcDbPoint
 10
5750.0
 20
-5320.0
 30
0.0
  0
POINT
  5
234
330
228
100
AcDbEntity
  8
Defpoints
100
AcDbPoint
 10
5750.0
 20
-5200.0
 30
0.0
  0
POINT
  5
235
330
228
100
AcDbEntity
  8
Defpoints
100
AcDbPoint
 10
9500.0
 20
-5200.0
 30
0.0
  0
ENDBLK
  5
22A
330
228
100
AcDbEntity
  8
0
100
AcDbBlockEnd
  0
BLOCK
  5
238
330
237
100
AcDbEntity
  8
0
100
AcDbBlockBegin
  2
*D6
 70
1
 10
0.0
 20
0.0
 30
0.0
  3
*D6
  1

  0
LINE
  5
23A
330
237
100
AcDbEntity
  8
0
 62
7
100
AcDbLine
 10
9500.0
 20
-5225.0
 30
0.0
 11
9500.0
 21
-5390.0
 31
0.0
  0
LINE
  5
23B
330
237
100
AcDbEntity
  8
0
 62
7
100
AcDbLine
 10
13250.0
 20
-5225.0
 30
0.0
 11
13250.0
 21
-5390.0
 31
0.0
  0
INSERT
  5
23C
330
237
100
AcDbEntity
  8
COTAS
 62
7
100
AcDbBlockReference
  2
_ARCHTICK
 10
9500.0
 20
-5320.0
 30
0.0
 41
45.0
 42
45.0
 50
180.0
  0
INSERT
  5
23E
330
237
100
AcDbEntity
  8
COTAS
 62
7
100
AcDbBlockReference
  2
_ARCHTICK
 10
13250.0
 20
-5320.0
 30
0.0
 41
45.0
 42
45.0
  0
LINE
  5
240
330
237
100
AcDbEntity
  8
0
 62
7
100
AcDbLine
 10
9500.0
 20
-5320.0
 30
0.0
 11
13250.0
 21
-5320.0
 31
0.0
  0
MTEXT
  5
241
330
237
100
AcDbEntity
  8
COTAS
 62
7
100
AcDbMText
 10
11375.0
 20
-5277.4
 30
0.0
 40
85.0
 71
5
  1
3750 mm
  7
OpenSansCondensed-Light
  0
POINT
  5
242
330
237
100
AcDbEntity
  8
Defpoints
100
AcDbPoint
 10
9500.0
 20
-5320.0
 30
0.0
  0
POINT
  5
243
330
237
100
AcDbEntity
  8
Defpoints
100
AcDbPoint
 10
9500.0
 20
-5200.0
 30
0.0
  0
POINT
  5
244
330
237
100
AcDbEntity
  8
Defpoints
100
AcDbPoint
 10
13250.0
 20
-5200.0
 30
0.0
  0
ENDBLK
  5
239
330
237
100
AcDbEntity
  8
0
100
AcDbBlockEnd
  0
BLOCK
  5
247
330
246
100
AcDbEntity
  8
0
100
AcDbBlockBegin
  2
*D7
 70
1
 10
0.0
 20
0.0
 30
0.0
  3
*D7
  1

  0
LINE
  5
249
330
246
100
AcDbEntity
  8
0
 62
7
100
AcDbLine
 10
13250.0
 20
-5225.0
 30
0.0
 11
13250.0
 21
-5390.0
 31
0.0
  0
LINE
  5
24A
330
246
100
AcDbEntity
  8
0
 62
7
100
AcDbLine
 10
17250.0
 20
-5225.0
 30
0.0
 11
17250.0
 21
-5390.0
 31
0.0
  0
INSERT
  5
24B
330
246
100
AcDbEntity
  8
COTAS
 62
7
100
AcDbBlockReference
  2
_ARCHTICK
 10
13250.0
 20
-5320.0
 30
0.0
 41
45.0
 42
45.0
 50
180.0
  0
INSERT
  5
24D
330
246
100
AcDbEntity
  8
COTAS
 62
7
100
AcDbBlockReference
  2
_ARCHTICK
 10
17250.0
 20
-5320.0
 30
0.0
 41
45.0
 42
45.0
  0
LINE
  5
24F
330
246
100
AcDbEntity
  8
0
 62
7
100
AcDbLine
 10
13250.0
 20
-5320.0
 30
0.0
 11
17250.0
 21
-5320.0
 31
0.0
  0
MTEXT
  5
250
330
246
100
AcDbEntity
  8
COTAS
 62
7
100
AcDbMText
 10
15250.0
 20
-5277.4
 30
0.0
 40
85.0
 71
5
  1
4000 mm
  7
OpenSansCondensed-Light
  0
POINT
  5
251
330
246
100
AcDbEntity
  8
Defpoints
100
AcDbPoint
 10
13250.0
 20
-5320.0
 30
0.0
  0
POINT
  5
252
330
246
100
AcDbEntity
  8
Defpoints
100
AcDbPoint
 10
13250.0
 20
-5200.0
 30
0.0
  0
POINT
  5
253
330
246
100
AcDbEntity
  8
Defpoints
100
AcDbPoint
 10
17250.0
 20
-5200.0
 30
0.0
  0
ENDBLK
  5
248
330
246
100
AcDbEntity
  8
0
100
AcDbBlockEnd
  0
BLOCK
  5
256
330
255
100
AcDbEntity
  8
0
100
AcDbBlockBegin
  2
*D8
 70
1
 10
0.0
 20
0.0
 30
0.0
  3
*D8
  1

  0
LINE
  5
258
330
255
100
AcDbEntity
  8
0
 62
7
100
AcDbLine
 10
1750.0
 20
-5565.0
 30
0.0
 11
1750.0
 21
-5730.0
 31
0.0
  0
LINE
  5
259
330
255
100
AcDbEntity
  8
0
 62
7
100
AcDbLine
 10
17250.0
 20
-5565.0
 30
0.0
 11
17250.0
 21
-5730.0
 31
0.0
  0
INSERT
  5
25A
330
255
100
AcDbEntity
  8
COTAS
 62
7
100
AcDbBlockReference
  2
_ARCHTICK
 10
1750.0
 20
-5660.0
 30
0.0
 41
45.0
 42
45.0
 50
180.0
  0
INSERT
  5
25C
330
255
100
AcDbEntity
  8
COTAS
 62
7
100
AcDbBlockReference
  2
_ARCHTICK
 10
17250.0
 20
-5660.0
 30
0.0
 41
45.0
 42
45.0
  0
LINE
  5
25E
330
255
100
AcDbEntity
  8
0
 62
7
100
AcDbLine
 10
1750.0
 20
-5660.0
 30
0.0
 11
17250.0
 21
-5660.0
 31
0.0
  0
MTEXT
  5
25F
330
255
100
AcDbEntity
  8
COTAS
 62
7
100
AcDbMText
 10
9500.0
 20
-5617.4
 30
0.0
 40
85.0
 71
5
  1
LONGITUD ENTRE EJES = 15500 mm
  7
OpenSansCondensed-Light
  0
POINT
  5
260
330
255
100
AcDbEntity
  8
Defpoints
100
AcDbPoint
 10
1750.0
 20
-5660.0
 30
0.0
  0
POINT
  5
261
330
255
100
AcDbEntity
  8
Defpoints
100
AcDbPoint
 10
1750.0
 20
-5540.0
 30
0.0
  0
POINT
  5
262
330
255
100
AcDbEntity
  8
Defpoints
100
AcDbPoint
 10
17250.0
 20
-5540.0
 30
0.0
  0
ENDBLK
  5
257
330
255
100
AcDbEntity
  8
0
100
AcDbBlockEnd
  0
BLOCK
  5
38E
330
38D
100
AcDbEntity
  8
0
100
AcDbBlockBegin
  2
*D9
 70
1
 10
0.0
 20
0.0
 30
0.0
  3
*D9
  1

  0
LINE
  5
390
330
38D
100
AcDbEntity
  8
0
 62
7
100
AcDbLine
 10
1685.2260999999999
 20
-14025.0
 30
0.0
 11
1685.2260999999999
 21
-14190.0
 31
0.0
  0
LINE
  5
391
330
38D
100
AcDbEntity
  8
0
 62
7
100
AcDbLine
 10
5685.2261
 20
-14025.0
 30
0.0
 11
5685.2261
 21
-14190.0
 31
0.0
  0
INSERT
  5
392
330
38D
100
AcDbEntity
  8
COTAS
 62
7
100
AcDbBlockReference
  2
_ARCHTICK
 10
1685.2260999999999
 20
-14120.0
 30
0.0
 41
45.0
 42
45.0
 50
180.0
  0
INSERT
  5
394
330
38D
100
AcDbEntity
  8
COTAS
 62
7
100
AcDbBlockReference
  2
_ARCHTICK
 10
5685.2261
 20
-14120.0
 30
0.0
 41
45.0
 42
45.0
  0
LINE
  5
396
330
38D
100
AcDbEntity
  8
0
 62
7
100
AcDbLine
 10
1685.2260999999999
 20
-14120.0
 30
0.0
 11
5685.2261
 21
-14120.0
 31
0.0
  0
MTEXT
  5
397
330
38D
100
AcDbEntity
  8
COTAS
 62
7
100
AcDbMText
 10
3685.2261
 20
-14077.4
 30
0.0
 40
85.0
 71
5
  1
4000 mm
  7
OpenSansCondensed-Light
  0
POINT
  5
398
330
38D
100
AcDbEntity
  8
Defpoints
100
AcDbPoint
 10
1685.2260999999999
 20
-14120.0
 30
0.0
  0
POINT
  5
399
330
38D
100
AcDbEntity
  8
Defpoints
100
AcDbPoint
 10
1685.2260999999999
 20
-14000.0
 30
0.0
  0
POINT
  5
39A
330
38D
100
AcDbEntity
  8
Defpoints
100
AcDbPoint
 10
5685.2261
 20
-14000.0
 30
0.0
  0
ENDBLK
  5
38F
330
38D
100
AcDbEntity
  8
0
100
AcDbBlockEnd
  0
BLOCK
  5
39D
330
39C
100
AcDbEntity
  8
0
100
AcDbBlockBegin
  2
*D10
 70
1
 10
0.0
 20
0.0
 30
0.0
  3
*D10
  1

  0
LINE
  5
39F
330
39C
100
AcDbEntity
  8
0
 62
7
100
AcDbLine
 10
5685.2261
 20
-14025.0
 30
0.0
 11
5685.2261
 21
-14190.0
 31
0.0
  0
LINE
  5
3A0
330
39C
100
AcDbEntity
  8
0
 62
7
100
AcDbLine
 10
9500.0
 20
-14025.0
 30
0.0
 11
9500.0
 21
-14190.0
 31
0.0
  0
INSERT
  5
3A1
330
39C
100
AcDbEntity
  8
COTAS
 62
7
100
AcDbBlockReference
  2
_ARCHTICK
 10
5685.2261
 20
-14120.0
 30
0.0
 41
45.0
 42
45.0
 50
180.0
  0
INSERT
  5
3A3
330
39C
100
AcDbEntity
  8
COTAS
 62
7
100
AcDbBlockReference
  2
_ARCHTICK
 10
9500.0
 20
-14120.0
 30
0.0
 41
45.0
 42
45.0
  0
LINE
  5
3A5
330
39C
100
AcDbEntity
  8
0
 62
7
100
AcDbLine
 10
5685.2261
 20
-14120.0
 30
0.0
 11
9500.0
 21
-14120.0
 31
0.0
  0
MTEXT
  5
3A6
330
39C
100
AcDbEntity
  8
COTAS
 62
7
100
AcDbMText
 10
7592.61305
 20
-14077.4
 30
0.0
 40
85.0
 71
5
  1
3814,8 mm
  7
OpenSansCondensed-Light
  0
POINT
  5
3A7
330
39C
100
AcDbEntity
  8
Defpoints
100
AcDbPoint
 10
5685.2261
 20
-14120.0
 30
0.0
  0
POINT
  5
3A8
330
39C
100
AcDbEntity
  8
Defpoints
100
AcDbPoint
 10
5685.2261
 20
-14000.0
 30
0.0
  0
POINT
  5
3A9
330
39C
100
AcDbEntity
  8
Defpoints
100
AcDbPoint
 10
9500.0
 20
-14000.0
 30
0.0
  0
ENDBLK
  5
39E
330
39C
100
AcDbEntity
  8
0
100
AcDbBlockEnd
  0
BLOCK
  5
3AC
330
3AB
100
AcDbEntity
  8
0
100
AcDbBlockBegin
  2
*D11
 70
1
 10
0.0
 20
0.0
 30
0.0
  3
*D11
  1

  0
LINE
  5
3AE
330
3AB
100
AcDbEntity
  8
0
 62
7
100
AcDbLine
 10
9500.0
 20
-14025.0
 30
0.0
 11
9500.0
 21
-14190.0
 31
0.0
  0
LINE
  5
3AF
330
3AB
100
AcDbEntity
  8
0
 62
7
100
AcDbLine
 10
13314.7739
 20
-14025.0
 30
0.0
 11
13314.7739
 21
-14190.0
 31
0.0
  0
INSERT
  5
3B0
330
3AB
100
AcDbEntity
  8
COTAS
 62
7
100
AcDbBlockReference
  2
_ARCHTICK
 10
9500.0
 20
-14120.0
 30
0.0
 41
45.0
 42
45.0
 50
180.0
  0
INSERT
  5
3B2
330
3AB
100
AcDbEntity
  8
COTAS
 62
7
100
AcDbBlockReference
  2
_ARCHTICK
 10
13314.7739
 20
-14120.0
 30
0.0
 41
45.0
 42
45.0
  0
LINE
  5
3B4
330
3AB
100
AcDbEntity
  8
0
 62
7
100
AcDbLine
 10
9500.0
 20
-14120.0
 30
0.0
 11
13314.7739
 21
-14120.0
 31
0.0
  0
MTEXT
  5
3B5
330
3AB
100
AcDbEntity
  8
COTAS
 62
7
100
AcDbMText
 10
11407.38695
 20
-14077.4
 30
0.0
 40
85.0
 71
5
  1
3814,8 mm
  7
OpenSansCondensed-Light
  0
POINT
  5
3B6
330
3AB
100
AcDbEntity
  8
Defpoints
100
AcDbPoint
 10
9500.0
 20
-14120.0
 30
0.0
  0
POINT
  5
3B7
330
3AB
100
AcDbEntity
  8
Defpoints
100
AcDbPoint
 10
9500.0
 20
-14000.0
 30
0.0
  0
POINT
  5
3B8
330
3AB
100
AcDbEntity
  8
Defpoints
100
AcDbPoint
 10
13314.7739
 20
-14000.0
 30
0.0
  0
ENDBLK
  5
3AD
330
3AB
100
AcDbEntity
  8
0
100
AcDbBlockEnd
  0
BLOCK
  5
3BB
330
3BA
100
AcDbEntity
  8
0
100
AcDbBlockBegin
  2
*D12
 70
1
 10
0.0
 20
0.0
 30
0.0
  3
*D12
  1

  0
LINE
  5
3BD
330
3BA
100
AcDbEntity
  8
0
 62
7
100
AcDbLine
 10
13314.7739
 20
-14025.0
 30
0.0
 11
13314.7739
 21
-14190.0
 31
0.0
  0
LINE
  5
3BE
330
3BA
100
AcDbEntity
  8
0
 62
7
100
AcDbLine
 10
17314.7739
 20
-14025.0
 30
0.0
 11
17314.7739
 21
-14190.0
 31
0.0
  0
INSERT
  5
3BF
330
3BA
100
AcDbEntity
  8
COTAS
 62
7
100
AcDbBlockReference
  2
_ARCHTICK
 10
13314.7739
 20
-14120.0
 30
0.0
 41
45.0
 42
45.0
 50
180.0
  0
INSERT
  5
3C1
330
3BA
100
AcDbEntity
  8
COTAS
 62
7
100
AcDbBlockReference
  2
_ARCHTICK
 10
17314.7739
 20
-14120.0
 30
0.0
 41
45.0
 42
45.0
  0
LINE
  5
3C3
330
3BA
100
AcDbEntity
  8
0
 62
7
100
AcDbLine
 10
13314.7739
 20
-14120.0
 30
0.0
 11
17314.7739
 21
-14120.0
 31
0.0
  0
MTEXT
  5
3C4
330
3BA
100
AcDbEntity
  8
COTAS
 62
7
100
AcDbMText
 10
15314.7739
 20
-14077.4
 30
0.0
 40
85.0
 71
5
  1
4000 mm
  7
OpenSansCondensed-Light
  0
POINT
  5
3C5
330
3BA
100
AcDbEntity
  8
Defpoints
100
AcDbPoint
 10
13314.7739
 20
-14120.0
 30
0.0
  0
POINT
  5
3C6
330
3BA
100
AcDbEntity
  8
Defpoints
100
AcDbPoint
 10
13314.7739
 20
-14000.0
 30
0.0
  0
POINT
  5
3C7
330
3BA
100
AcDbEntity
  8
Defpoints
100
AcDbPoint
 10
17314.7739
 20
-14000.0
 30
0.0
  0
ENDBLK
  5
3BC
330
3BA
100
AcDbEntity
  8
0
100
AcDbBlockEnd
  0
BLOCK
  5
3CA
330
3C9
100
AcDbEntity
  8
0
100
AcDbBlockBegin
  2
*D13
 70
1
 10
0.0
 20
0.0
 30
0.0
  3
*D13
  1

  0
LINE
  5
3CC
330
3C9
100
AcDbEntity
  8
0
 62
7
100
AcDbLine
 10
1685.2260999999999
 20
-14365.0
 30
0.0
 11
1685.2260999999999
 21
-14530.0
 31
0.0
  0
LINE
  5
3CD
330
3C9
100
AcDbEntity
  8
0
 62
7
100
AcDbLine
 10
17314.7739
 20
-14365.0
 30
0.0
 11
17314.7739
 21
-14530.0
 31
0.0
  0
INSERT
  5
3CE
330
3C9
100
AcDbEntity
  8
COTAS
 62
7
100
AcDbBlockReference
  2
_ARCHTICK
 10
1685.2260999999999
 20
-14460.0
 30
0.0
 41
45.0
 42
45.0
 50
180.0
  0
INSERT
  5
3D0
330
3C9
100
AcDbEntity
  8
COTAS
 62
7
100
AcDbBlockReference
  2
_ARCHTICK
 10
17314.7739
 20
-14460.0
 30
0.0
 41
45.0
 42
45.0
  0
LINE
  5
3D2
330
3C9
100
AcDbEntity
  8
0
 62
7
100
AcDbLine
 10
1685.2260999999999
 20
-14460.0
 30
0.0
 11
17314.7739
 21
-14460.0
 31
0.0
  0
MTEXT
  5
3D3
330
3C9
100
AcDbEntity
  8
COTAS
 62
7
100
AcDbMText
 10
9500.0
 20
-14417.4
 30
0.0
 40
85.0
 71
5
  1
LONGITUD ENTRE EJES = 15629,5 mm
  7
OpenSansCondensed-Light
  0
POINT
  5
3D4
330
3C9
100
AcDbEntity
  8
Defpoints
100
AcDbPoint
 10
1685.2260999999999
 20
-14460.0
 30
0.0
  0
POINT
  5
3D5
330
3C9
100
AcDbEntity
  8
Defpoints
100
AcDbPoint
 10
1685.2260999999999
 20
-14340.0
 30
0.0
  0
POINT
  5
3D6
330
3C9
100
AcDbEntity
  8
Defpoints
100
AcDbPoint
 10
17314.7739
 20
-14340.0
 30
0.0
  0
ENDBLK
  5
3CB
330
3C9
100
AcDbEntity
  8
0
100
AcDbBlockEnd
  0
BLOCK
  5
446
330
445
100
AcDbEntity
  8
0
100
AcDbBlockBegin
  2
*D14
 70
1
 10
0.0
 20
0.0
 30
0.0
  3
*D14
  1

  0
LINE
  5
448
330
445
100
AcDbEntity
  8
0
 62
7
100
AcDbLine
 10
2500.0
 20
-21425.0
 30
0.0
 11
2500.0
 21
-21590.0
 31
0.0
  0
LINE
  5
449
330
445
100
AcDbEntity
  8
0
 62
7
100
AcDbLine
 10
6350.0
 20
-21425.0
 30
0.0
 11
6350.0
 21
-21590.0
 31
0.0
  0
INSERT
  5
44A
330
445
100
AcDbEntity
  8
COTAS
 62
7
100
AcDbBlockReference
  2
_ARCHTICK
 10
2500.0
 20
-21520.0
 30
0.0
 41
45.0
 42
45.0
 50
180.0
  0
INSERT
  5
44C
330
445
100
AcDbEntity
  8
COTAS
 62
7
100
AcDbBlockReference
  2
_ARCHTICK
 10
6350.0
 20
-21520.0
 30
0.0
 41
45.0
 42
45.0
  0
LINE
  5
44E
330
445
100
AcDbEntity
  8
0
 62
7
100
AcDbLine
 10
2500.0
 20
-21520.0
 30
0.0
 11
6350.0
 21
-21520.0
 31
0.0
  0
MTEXT
  5
44F
330
445
100
AcDbEntity
  8
COTAS
 62
7
100
AcDbMText
 10
4425.0
 20
-21477.4
 30
0.0
 40
85.0
 71
5
  1
3850 mm
  7
OpenSansCondensed-Light
  0
POINT
  5
450
330
445
100
AcDbEntity
  8
Defpoints
100
AcDbPoint
 10
2500.0
 20
-21520.0
 30
0.0
  0
POINT
  5
451
330
445
100
AcDbEntity
  8
Defpoints
100
AcDbPoint
 10
2500.0
 20
-21400.0
 30
0.0
  0
POINT
  5
452
330
445
100
AcDbEntity
  8
Defpoints
100
AcDbPoint
 10
6350.0
 20
-21400.0
 30
0.0
  0
ENDBLK
  5
447
330
445
100
AcDbEntity
  8
0
100
AcDbBlockEnd
  0
BLOCK
  5
455
330
454
100
AcDbEntity
  8
0
100
AcDbBlockBegin
  2
*D15
 70
1
 10
0.0
 20
0.0
 30
0.0
  3
*D15
  1

  0
LINE
  5
457
330
454
100
AcDbEntity
  8
0
 62
7
100
AcDbLine
 10
2500.0
 20
-21765.0
 30
0.0
 11
2500.0
 21
-21930.0
 31
0.0
  0
LINE
  5
458
330
454
100
AcDbEntity
  8
0
 62
7
100
AcDbLine
 10
6350.0
 20
-21765.0
 30
0.0
 11
6350.0
 21
-21930.0
 31
0.0
  0
INSERT
  5
459
330
454
100
AcDbEntity
  8
COTAS
 62
7
100
AcDbBlockReference
  2
_ARCHTICK
 10
2500.0
 20
-21860.0
 30
0.0
 41
45.0
 42
45.0
 50
180.0
  0
INSERT
  5
45B
330
454
100
AcDbEntity
  8
COTAS
 62
7
100
AcDbBlockReference
  2
_ARCHTICK
 10
6350.0
 20
-21860.0
 30
0.0
 41
45.0
 42
45.0
  0
LINE
  5
45D
330
454
100
AcDbEntity
  8
0
 62
7
100
AcDbLine
 10
2500.0
 20
-21860.0
 30
0.0
 11
6350.0
 21
-21860.0
 31
0.0
  0
MTEXT
  5
45E
330
454
100
AcDbEntity
  8
COTAS
 62
7
100
AcDbMText
 10
4425.0
 20
-21817.4
 30
0.0
 40
85.0
 71
5
  1
LONGITUD ENTRE EJES = 3850 mm
  7
OpenSansCondensed-Light
  0
POINT
  5
45F
330
454
100
AcDbEntity
  8
Defpoints
100
AcDbPoint
 10
2500.0
 20
-21860.0
 30
0.0
  0
POINT
  5
460
330
454
100
AcDbEntity
  8
Defpoints
100
AcDbPoint
 10
2500.0
 20
-21740.0
 30
0.0
  0
POINT
  5
461
330
454
100
AcDbEntity
  8
Defpoints
100
AcDbPoint
 10
6350.0
 20
-21740.0
 30
0.0
  0
ENDBLK
  5
456
330
454
100
AcDbEntity
  8
0
100
AcDbBlockEnd
  0
BLOCK
  5
4A5
330
4A4
100
AcDbEntity
  8
0
100
AcDbBlockBegin
  2
*D16
 70
1
 10
0.0
 20
0.0
 30
0.0
  3
*D16
  1

  0
LINE
  5
4A7
330
4A4
100
AcDbEntity
  8
0
 62
7
100
AcDbLine
 10
12650.0
 20
-21425.0
 30
0.0
 11
12650.0
 21
-21590.0
 31
0.0
  0
LINE
  5
4A8
330
4A4
100
AcDbEntity
  8
0
 62
7
100
AcDbLine
 10
16500.0
 20
-21425.0
 30
0.0
 11
16500.0
 21
-21590.0
 31
0.0
  0
INSERT
  5
4A9
330
4A4
100
AcDbEntity
  8
COTAS
 62
7
100
AcDbBlockReference
  2
_ARCHTICK
 10
12650.0
 20
-21520.0
 30
0.0
 41
45.0
 42
45.0
 50
180.0
  0
INSERT
  5
4AB
330
4A4
100
AcDbEntity
  8
COTAS
 62
7
100
AcDbBlockReference
  2
_ARCHTICK
 10
16500.0
 20
-21520.0
 30
0.0
 41
45.0
 42
45.0
  0
LINE
  5
4AD
330
4A4
100
AcDbEntity
  8
0
 62
7
100
AcDbLine
 10
12650.0
 20
-21520.0
 30
0.0
 11
16500.0
 21
-21520.0
 31
0.0
  0
MTEXT
  5
4AE
330
4A4
100
AcDbEntity
  8
COTAS
 62
7
100
AcDbMText
 10
14575.0
 20
-21477.4
 30
0.0
 40
85.0
 71
5
  1
3850 mm
  7
OpenSansCondensed-Light
  0
POINT
  5
4AF
330
4A4
100
AcDbEntity
  8
Defpoints
100
AcDbPoint
 10
12650.0
 20
-21520.0
 30
0.0
  0
POINT
  5
4B0
330
4A4
100
AcDbEntity
  8
Defpoints
100
AcDbPoint
 10
12650.0
 20
-21400.0
 30
0.0
  0
POINT
  5
4B1
330
4A4
100
AcDbEntity
  8
Defpoints
100
AcDbPoint
 10
16500.0
 20
-21400.0
 30
0.0
  0
ENDBLK
  5
4A6
330
4A4
100
AcDbEntity
  8
0
100
AcDbBlockEnd
  0
BLOCK
  5
4B4
330
4B3
100
AcDbEntity
  8
0
100
AcDbBlockBegin
  2
*D17
 70
1
 10
0.0
 20
0.0
 30
0.0
  3
*D17
  1

  0
LINE
  5
4B6
330
4B3
100
AcDbEntity
  8
0
 62
7
100
AcDbLine
 10
12650.0
 20
-21765.0
 30
0.0
 11
12650.0
 21
-21930.0
 31
0.0
  0
LINE
  5
4B7
330
4B3
100
AcDbEntity
  8
0
 62
7
100
AcDbLine
 10
16500.0
 20
-21765.0
 30
0.0
 11
16500.0
 21
-21930.0
 31
0.0
  0
INSERT
  5
4B8
330
4B3
100
AcDbEntity
  8
COTAS
 62
7
100
AcDbBlockReference
  2
_ARCHTICK
 10
12650.0
 20
-21860.0
 30
0.0
 41
45.0
 42
45.0
 50
180.0
  0
INSERT
  5
4BA
330
4B3
100
AcDbEntity
  8
COTAS
 62
7
100
AcDbBlockReference
  2
_ARCHTICK
 10
16500.0
 20
-21860.0
 30
0.0
 41
45.0
 42
45.0
  0
LINE
  5
4BC
330
4B3
100
AcDbEntity
  8
0
 62
7
100
AcDbLine
 10
12650.0
 20
-21860.0
 30
0.0
 11
16500.0
 21
-21860.0
 31
0.0
  0
MTEXT
  5
4BD
330
4B3
100
AcDbEntity
  8
COTAS
 62
7
100
AcDbMText
 10
14575.0
 20
-21817.4
 30
0.0
 40
85.0
 71
5
  1
LONGITUD ENTRE EJES = 3850 mm
  7
OpenSansCondensed-Light
  0
POINT
  5
4BE
330
4B3
100
AcDbEntity
  8
Defpoints
100
AcDbPoint
 10
12650.0
 20
-21860.0
 30
0.0
  0
POINT
  5
4BF
330
4B3
100
AcDbEntity
  8
Defpoints
100
AcDbPoint
 10
12650.0
 20
-21740.0
 30
0.0
  0
POINT
  5
4C0
330
4B3
100
AcDbEntity
  8
Defpoints
100
AcDbPoint
 10
16500.0
 20
-21740.0
 30
0.0
  0
ENDBLK
  5
4B5
330
4B3
100
AcDbEntity
  8
0
100
AcDbBlockEnd
  0
BLOCK
  5
5C5
330
5C4
100
AcDbEntity
  8
0
100
AcDbBlockBegin
  2
*D18
 70
1
 10
0.0
 20
0.0
 30
0.0
  3
*D18
  1

  0
LINE
  5
5C7
330
5C4
100
AcDbEntity
  8
0
 62
7
100
AcDbLine
 10
1750.0
 20
-29825.0
 30
0.0
 11
1750.0
 21
-29990.0
 31
0.0
  0
LINE
  5
5C8
330
5C4
100
AcDbEntity
  8
0
 62
7
100
AcDbLine
 10
5600.0
 20
-29825.0
 30
0.0
 11
5600.0
 21
-29990.0
 31
0.0
  0
INSERT
  5
5C9
330
5C4
100
AcDbEntity
  8
COTAS
 62
7
100
AcDbBlockReference
  2
_ARCHTICK
 10
1750.0
 20
-29920.0
 30
0.0
 41
45.0
 42
45.0
 50
180.0
  0
INSERT
  5
5CB
330
5C4
100
AcDbEntity
  8
COTAS
 62
7
100
AcDbBlockReference
  2
_ARCHTICK
 10
5600.0
 20
-29920.0
 30
0.0
 41
45.0
 42
45.0
  0
LINE
  5
5CD
330
5C4
100
AcDbEntity
  8
0
 62
7
100
AcDbLine
 10
1750.0
 20
-29920.0
 30
0.0
 11
5600.0
 21
-29920.0
 31
0.0
  0
MTEXT
  5
5CE
330
5C4
100
AcDbEntity
  8
COTAS
 62
7
100
AcDbMText
 10
3675.0
 20
-29877.4
 30
0.0
 40
85.0
 71
5
  1
3850 mm
  7
OpenSansCondensed-Light
  0
POINT
  5
5CF
330
5C4
100
AcDbEntity
  8
Defpoints
100
AcDbPoint
 10
1750.0
 20
-29920.0
 30
0.0
  0
POINT
  5
5D0
330
5C4
100
AcDbEntity
  8
Defpoints
100
AcDbPoint
 10
1750.0
 20
-29800.0
 30
0.0
  0
POINT
  5
5D1
330
5C4
100
AcDbEntity
  8
Defpoints
100
AcDbPoint
 10
5600.0
 20
-29800.0
 30
0.0
  0
ENDBLK
  5
5C6
330
5C4
100
AcDbEntity
  8
0
100
AcDbBlockEnd
  0
BLOCK
  5
5D4
330
5D3
100
AcDbEntity
  8
0
100
AcDbBlockBegin
  2
*D19
 70
1
 10
0.0
 20
0.0
 30
0.0
  3
*D19
  1

  0
LINE
  5
5D6
330
5D3
100
AcDbEntity
  8
0
 62
7
100
AcDbLine
 10
5600.0
 20
-29825.0
 30
0.0
 11
5600.0
 21
-29990.0
 31
0.0
  0
LINE
  5
5D7
330
5D3
100
AcDbEntity
  8
0
 62
7
100
AcDbLine
 10
9500.0
 20
-29825.0
 30
0.0
 11
9500.0
 21
-29990.0
 31
0.0
  0
INSERT
  5
5D8
330
5D3
100
AcDbEntity
  8
COTAS
 62
7
100
AcDbBlockReference
  2
_ARCHTICK
 10
5600.0
 20
-29920.0
 30
0.0
 41
45.0
 42
45.0
 50
180.0
  0
INSERT
  5
5DA
330
5D3
100
AcDbEntity
  8
COTAS
 62
7
100
AcDbBlockReference
  2
_ARCHTICK
 10
9500.0
 20
-29920.0
 30
0.0
 41
45.0
 42
45.0
  0
LINE
  5
5DC
330
5D3
100
AcDbEntity
  8
0
 62
7
100
AcDbLine
 10
5600.0
 20
-29920.0
 30
0.0
 11
9500.0
 21
-29920.0
 31
0.0
  0
MTEXT
  5
5DD
330
5D3
100
AcDbEntity
  8
COTAS
 62
7
100
AcDbMText
 10
7550.0
 20
-29877.4
 30
0.0
 40
85.0
 71
5
  1
3900 mm
  7
OpenSansCondensed-Light
  0
POINT
  5
5DE
330
5D3
100
AcDbEntity
  8
Defpoints
100
AcDbPoint
 10
5600.0
 20
-29920.0
 30
0.0
  0
POINT
  5
5DF
330
5D3
100
AcDbEntity
  8
Defpoints
100
AcDbPoint
 10
5600.0
 20
-29800.0
 30
0.0
  0
POINT
  5
5E0
330
5D3
100
AcDbEntity
  8
Defpoints
100
AcDbPoint
 10
9500.0
 20
-29800.0
 30
0.0
  0
ENDBLK
  5
5D5
330
5D3
100
AcDbEntity
  8
0
100
AcDbBlockEnd
  0
BLOCK
  5
5E3
330
5E2
100
AcDbEntity
  8
0
100
AcDbBlockBegin
  2
*D20
 70
1
 10
0.0
 20
0.0
 30
0.0
  3
*D20
  1

  0
LINE
  5
5E5
330
5E2
100
AcDbEntity
  8
0
 62
7
100
AcDbLine
 10
9500.0
 20
-29825.0
 30
0.0
 11
9500.0
 21
-29990.0
 31
0.0
  0
LINE
  5
5E6
330
5E2
100
AcDbEntity
  8
0
 62
7
100
AcDbLine
 10
13400.0
 20
-29825.0
 30
0.0
 11
13400.0
 21
-29990.0
 31
0.0
  0
INSERT
  5
5E7
330
5E2
100
AcDbEntity
  8
COTAS
 62
7
100
AcDbBlockReference
  2
_ARCHTICK
 10
9500.0
 20
-29920.0
 30
0.0
 41
45.0
 42
45.0
 50
180.0
  0
INSERT
  5
5E9
330
5E2
100
AcDbEntity
  8
COTAS
 62
7
100
AcDbBlockReference
  2
_ARCHTICK
 10
13400.0
 20
-29920.0
 30
0.0
 41
45.0
 42
45.0
  0
LINE
  5
5EB
330
5E2
100
AcDbEntity
  8
0
 62
7
100
AcDbLine
 10
9500.0
 20
-29920.0
 30
0.0
 11
13400.0
 21
-29920.0
 31
0.0
  0
MTEXT
  5
5EC
330
5E2
100
AcDbEntity
  8
COTAS
 62
7
100
AcDbMText
 10
11450.0
 20
-29877.4
 30
0.0
 40
85.0
 71
5
  1
3900 mm
  7
OpenSansCondensed-Light
  0
POINT
  5
5ED
330
5E2
100
AcDbEntity
  8
Defpoints
100
AcDbPoint
 10
9500.0
 20
-29920.0
 30
0.0
  0
POINT
  5
5EE
330
5E2
100
AcDbEntity
  8
Defpoints
100
AcDbPoint
 10
9500.0
 20
-29800.0
 30
0.0
  0
POINT
  5
5EF
330
5E2
100
AcDbEntity
  8
Defpoints
100
AcDbPoint
 10
13400.0
 20
-29800.0
 30
0.0
  0
ENDBLK
  5
5E4
330
5E2
100
AcDbEntity
  8
0
100
AcDbBlockEnd
  0
BLOCK
  5
5F2
330
5F1
100
AcDbEntity
  8
0
100
AcDbBlockBegin
  2
*D21
 70
1
 10
0.0
 20
0.0
 30
0.0
  3
*D21
  1

  0
LINE
  5
5F4
330
5F1
100
AcDbEntity
  8
0
 62
7
100
AcDbLine
 10
13400.0
 20
-29825.0
 30
0.0
 11
13400.0
 21
-29990.0
 31
0.0
  0
LINE
  5
5F5
330
5F1
100
AcDbEntity
  8
0
 62
7
100
AcDbLine
 10
17250.0
 20
-29825.0
 30
0.0
 11
17250.0
 21
-29990.0
 31
0.0
  0
INSERT
  5
5F6
330
5F1
100
AcDbEntity
  8
COTAS
 62
7
100
AcDbBlockReference
  2
_ARCHTICK
 10
13400.0
 20
-29920.0
 30
0.0
 41
45.0
 42
45.0
 50
180.0
  0
INSERT
  5
5F8
330
5F1
100
AcDbEntity
  8
COTAS
 62
7
100
AcDbBlockReference
  2
_ARCHTICK
 10
17250.0
 20
-29920.0
 30
0.0
 41
45.0
 42
45.0
  0
LINE
  5
5FA
330
5F1
100
AcDbEntity
  8
0
 62
7
100
AcDbLine
 10
13400.0
 20
-29920.0
 30
0.0
 11
17250.0
 21
-29920.0
 31
0.0
  0
MTEXT
  5
5FB
330
5F1
100
AcDbEntity
  8
COTAS
 62
7
100
AcDbMText
 10
15325.0
 20
-29877.4
 30
0.0
 40
85.0
 71
5
  1
3850 mm
  7
OpenSansCondensed-Light
  0
POINT
  5
5FC
330
5F1
100
AcDbEntity
  8
Defpoints
100
AcDbPoint
 10
13400.0
 20
-29920.0
 30
0.0
  0
POINT
  5
5FD
330
5F1
100
AcDbEntity
  8
Defpoints
100
AcDbPoint
 10
13400.0
 20
-29800.0
 30
0.0
  0
POINT
  5
5FE
330
5F1
100
AcDbEntity
  8
Defpoints
100
AcDbPoint
 10
17250.0
 20
-29800.0
 30
0.0
  0
ENDBLK
  5
5F3
330
5F1
100
AcDbEntity
  8
0
100
AcDbBlockEnd
  0
BLOCK
  5
601
330
600
100
AcDbEntity
  8
0
100
AcDbBlockBegin
  2
*D22
 70
1
 10
0.0
 20
0.0
 30
0.0
  3
*D22
  1

  0
LINE
  5
603
330
600
100
AcDbEntity
  8
0
 62
7
100
AcDbLine
 10
1750.0
 20
-30165.0
 30
0.0
 11
1750.0
 21
-30330.0
 31
0.0
  0
LINE
  5
604
330
600
100
AcDbEntity
  8
0
 62
7
100
AcDbLine
 10
17250.0
 20
-30165.0
 30
0.0
 11
17250.0
 21
-30330.0
 31
0.0
  0
INSERT
  5
605
330
600
100
AcDbEntity
  8
COTAS
 62
7
100
AcDbBlockReference
  2
_ARCHTICK
 10
1750.0
 20
-30260.0
 30
0.0
 41
45.0
 42
45.0
 50
180.0
  0
INSERT
  5
607
330
600
100
AcDbEntity
  8
COTAS
 62
7
100
AcDbBlockReference
  2
_ARCHTICK
 10
17250.0
 20
-30260.0
 30
0.0
 41
45.0
 42
45.0
  0
LINE
  5
609
330
600
100
AcDbEntity
  8
0
 62
7
100
AcDbLine
 10
1750.0
 20
-30260.0
 30
0.0
 11
17250.0
 21
-30260.0
 31
0.0
  0
MTEXT
  5
60A
330
600
100
AcDbEntity
  8
COTAS
 62
7
100
AcDbMText
 10
9500.0
 20
-30217.4
 30
0.0
 40
85.0
 71
5
  1
LONGITUD ENTRE EJES = 15500 mm
  7
OpenSansCondensed-Light
  0
POINT
  5
60B
330
600
100
AcDbEntity
  8
Defpoints
100
AcDbPoint
 10
1750.0
 20
-30260.0
 30
0.0
  0
POINT
  5
60C
330
600
100
AcDbEntity
  8
Defpoints
100
AcDbPoint
 10
1750.0
 20
-30140.0
 30
0.0
  0
POINT
  5
60D
330
600
100
AcDbEntity
  8
Defpoints
100
AcDbPoint
 10
17250.0
 20
-30140.0
 30
0.0
  0
ENDBLK
  5
602
330
600
100
AcDbEntity
  8
0
100
AcDbBlockEnd
  0
BLOCK
  5
70B
330
70A
100
AcDbEntity
  8
0
100
AcDbBlockBegin
  2
*D23
 70
1
 10
0.0
 20
0.0
 30
0.0
  3
*D23
  1

  0
LINE
  5
70D
330
70A
100
AcDbEntity
  8
0
 62
7
100
AcDbLine
 10
1750.0
 20
-38025.0
 30
0.0
 11
1750.0
 21
-38190.0
 31
0.0
  0
LINE
  5
70E
330
70A
100
AcDbEntity
  8
0
 62
7
100
AcDbLine
 10
5600.0
 20
-38025.0
 30
0.0
 11
5600.0
 21
-38190.0
 31
0.0
  0
INSERT
  5
70F
330
70A
100
AcDbEntity
  8
COTAS
 62
7
100
AcDbBlockReference
  2
_ARCHTICK
 10
1750.0
 20
-38120.0
 30
0.0
 41
45.0
 42
45.0
 50
180.0
  0
INSERT
  5
711
330
70A
100
AcDbEntity
  8
COTAS
 62
7
100
AcDbBlockReference
  2
_ARCHTICK
 10
5600.0
 20
-38120.0
 30
0.0
 41
45.0
 42
45.0
  0
LINE
  5
713
330
70A
100
AcDbEntity
  8
0
 62
7
100
AcDbLine
 10
1750.0
 20
-38120.0
 30
0.0
 11
5600.0
 21
-38120.0
 31
0.0
  0
MTEXT
  5
714
330
70A
100
AcDbEntity
  8
COTAS
 62
7
100
AcDbMText
 10
3675.0
 20
-38077.4
 30
0.0
 40
85.0
 71
5
  1
3850 mm
  7
OpenSansCondensed-Light
  0
POINT
  5
715
330
70A
100
AcDbEntity
  8
Defpoints
100
AcDbPoint
 10
1750.0
 20
-38120.0
 30
0.0
  0
POINT
  5
716
330
70A
100
AcDbEntity
  8
Defpoints
100
AcDbPoint
 10
1750.0
 20
-38000.0
 30
0.0
  0
POINT
  5
717
330
70A
100
AcDbEntity
  8
Defpoints
100
AcDbPoint
 10
5600.0
 20
-38000.0
 30
0.0
  0
ENDBLK
  5
70C
330
70A
100
AcDbEntity
  8
0
100
AcDbBlockEnd
  0
BLOCK
  5
71A
330
719
100
AcDbEntity
  8
0
100
AcDbBlockBegin
  2
*D24
 70
1
 10
0.0
 20
0.0
 30
0.0
  3
*D24
  1

  0
LINE
  5
71C
330
719
100
AcDbEntity
  8
0
 62
7
100
AcDbLine
 10
5600.0
 20
-38025.0
 30
0.0
 11
5600.0
 21
-38190.0
 31
0.0
  0
LINE
  5
71D
330
719
100
AcDbEntity
  8
0
 62
7
100
AcDbLine
 10
9500.0
 20
-38025.0
 30
0.0
 11
9500.0
 21
-38190.0
 31
0.0
  0
INSERT
  5
71E
330
719
100
AcDbEntity
  8
COTAS
 62
7
100
AcDbBlockReference
  2
_ARCHTICK
 10
5600.0
 20
-38120.0
 30
0.0
 41
45.0
 42
45.0
 50
180.0
  0
INSERT
  5
720
330
719
100
AcDbEntity
  8
COTAS
 62
7
100
AcDbBlockReference
  2
_ARCHTICK
 10
9500.0
 20
-38120.0
 30
0.0
 41
45.0
 42
45.0
  0
LINE
  5
722
330
719
100
AcDbEntity
  8
0
 62
7
100
AcDbLine
 10
5600.0
 20
-38120.0
 30
0.0
 11
9500.0
 21
-38120.0
 31
0.0
  0
MTEXT
  5
723
330
719
100
AcDbEntity
  8
COTAS
 62
7
100
AcDbMText
 10
7550.0
 20
-38077.4
 30
0.0
 40
85.0
 71
5
  1
3900 mm
  7
OpenSansCondensed-Light
  0
POINT
  5
724
330
719
100
AcDbEntity
  8
Defpoints
100
AcDbPoint
 10
5600.0
 20
-38120.0
 30
0.0
  0
POINT
  5
725
330
719
100
AcDbEntity
  8
Defpoints
100
AcDbPoint
 10
5600.0
 20
-38000.0
 30
0.0
  0
POINT
  5
726
330
719
100
AcDbEntity
  8
Defpoints
100
AcDbPoint
 10
9500.0
 20
-38000.0
 30
0.0
  0
ENDBLK
  5
71B
330
719
100
AcDbEntity
  8
0
100
AcDbBlockEnd
  0
BLOCK
  5
729
330
728
100
AcDbEntity
  8
0
100
AcDbBlockBegin
  2
*D25
 70
1
 10
0.0
 20
0.0
 30
0.0
  3
*D25
  1

  0
LINE
  5
72B
330
728
100
AcDbEntity
  8
0
 62
7
100
AcDbLine
 10
9500.0
 20
-38025.0
 30
0.0
 11
9500.0
 21
-38190.0
 31
0.0
  0
LINE
  5
72C
330
728
100
AcDbEntity
  8
0
 62
7
100
AcDbLine
 10
13400.0
 20
-38025.0
 30
0.0
 11
13400.0
 21
-38190.0
 31
0.0
  0
INSERT
  5
72D
330
728
100
AcDbEntity
  8
COTAS
 62
7
100
AcDbBlockReference
  2
_ARCHTICK
 10
9500.0
 20
-38120.0
 30
0.0
 41
45.0
 42
45.0
 50
180.0
  0
INSERT
  5
72F
330
728
100
AcDbEntity
  8
COTAS
 62
7
100
AcDbBlockReference
  2
_ARCHTICK
 10
13400.0
 20
-38120.0
 30
0.0
 41
45.0
 42
45.0
  0
LINE
  5
731
330
728
100
AcDbEntity
  8
0
 62
7
100
AcDbLine
 10
9500.0
 20
-38120.0
 30
0.0
 11
13400.0
 21
-38120.0
 31
0.0
  0
MTEXT
  5
732
330
728
100
AcDbEntity
  8
COTAS
 62
7
100
AcDbMText
 10
11450.0
 20
-38077.4
 30
0.0
 40
85.0
 71
5
  1
3900 mm
  7
OpenSansCondensed-Light
  0
POINT
  5
733
330
728
100
AcDbEntity
  8
Defpoints
100
AcDbPoint
 10
9500.0
 20
-38120.0
 30
0.0
  0
POINT
  5
734
330
728
100
AcDbEntity
  8
Defpoints
100
AcDbPoint
 10
9500.0
 20
-38000.0
 30
0.0
  0
POINT
  5
735
330
728
100
AcDbEntity
  8
Defpoints
100
AcDbPoint
 10
13400.0
 20
-38000.0
 30
0.0
  0
ENDBLK
  5
72A
330
728
100
AcDbEntity
  8
0
100
AcDbBlockEnd
  0
BLOCK
  5
738
330
737
100
AcDbEntity
  8
0
100
AcDbBlockBegin
  2
*D26
 70
1
 10
0.0
 20
0.0
 30
0.0
  3
*D26
  1

  0
LINE
  5
73A
330
737
100
AcDbEntity
  8
0
 62
7
100
AcDbLine
 10
13400.0
 20
-38025.0
 30
0.0
 11
13400.0
 21
-38190.0
 31
0.0
  0
LINE
  5
73B
330
737
100
AcDbEntity
  8
0
 62
7
100
AcDbLine
 10
17250.0
 20
-38025.0
 30
0.0
 11
17250.0
 21
-38190.0
 31
0.0
  0
INSERT
  5
73C
330
737
100
AcDbEntity
  8
COTAS
 62
7
100
AcDbBlockReference
  2
_ARCHTICK
 10
13400.0
 20
-38120.0
 30
0.0
 41
45.0
 42
45.0
 50
180.0
  0
INSERT
  5
73E
330
737
100
AcDbEntity
  8
COTAS
 62
7
100
AcDbBlockReference
  2
_ARCHTICK
 10
17250.0
 20
-38120.0
 30
0.0
 41
45.0
 42
45.0
  0
LINE
  5
740
330
737
100
AcDbEntity
  8
0
 62
7
100
AcDbLine
 10
13400.0
 20
-38120.0
 30
0.0
 11
17250.0
 21
-38120.0
 31
0.0
  0
MTEXT
  5
741
330
737
100
AcDbEntity
  8
COTAS
 62
7
100
AcDbMText
 10
15325.0
 20
-38077.4
 30
0.0
 40
85.0
 71
5
  1
3850 mm
  7
OpenSansCondensed-Light
  0
POINT
  5
742
330
737
100
AcDbEntity
  8
Defpoints
100
AcDbPoint
 10
13400.0
 20
-38120.0
 30
0.0
  0
POINT
  5
743
330
737
100
AcDbEntity
  8
Defpoints
100
AcDbPoint
 10
13400.0
 20
-38000.0
 30
0.0
  0
POINT
  5
744
330
737
100
AcDbEntity
  8
Defpoints
100
AcDbPoint
 10
17250.0
 20
-38000.0
 30
0.0
  0
ENDBLK
  5
739
330
737
100
AcDbEntity
  8
0
100
AcDbBlockEnd
  0
BLOCK
  5
747
330
746
100
AcDbEntity
  8
0
100
AcDbBlockBegin
  2
*D27
 70
1
 10
0.0
 20
0.0
 30
0.0
  3
*D27
  1

  0
LINE
  5
749
330
746
100
AcDbEntity
  8
0
 62
7
100
AcDbLine
 10
1750.0
 20
-38365.0
 30
0.0
 11
1750.0
 21
-38530.0
 31
0.0
  0
LINE
  5
74A
330
746
100
AcDbEntity
  8
0
 62
7
100
AcDbLine
 10
17250.0
 20
-38365.0
 30
0.0
 11
17250.0
 21
-38530.0
 31
0.0
  0
INSERT
  5
74B
330
746
100
AcDbEntity
  8
COTAS
 62
7
100
AcDbBlockReference
  2
_ARCHTICK
 10
1750.0
 20
-38460.0
 30
0.0
 41
45.0
 42
45.0
 50
180.0
  0
INSERT
  5
74D
330
746
100
AcDbEntity
  8
COTAS
 62
7
100
AcDbBlockReference
  2
_ARCHTICK
 10
17250.0
 20
-38460.0
 30
0.0
 41
45.0
 42
45.0
  0
LINE
  5
74F
330
746
100
AcDbEntity
  8
0
 62
7
100
AcDbLine
 10
1750.0
 20
-38460.0
 30
0.0
 11
17250.0
 21
-38460.0
 31
0.0
  0
MTEXT
  5
750
330
746
100
AcDbEntity
  8
COTAS
 62
7
100
AcDbMText
 10
9500.0
 20
-38417.4
 30
0.0
 40
85.0
 71
5
  1
LONGITUD ENTRE EJES = 15500 mm
  7
OpenSansCondensed-Light
  0
POINT
  5
751
330
746
100
AcDbEntity
  8
Defpoints
100
AcDbPoint
 10
1750.0
 20
-38460.0
 30
0.0
  0
POINT
  5
752
330
746
100
AcDbEntity
  8
Defpoints
100
AcDbPoint
 10
1750.0
 20
-38340.0
 30
0.0
  0
POINT
  5
753
330
746
100
AcDbEntity
  8
Defpoints
100
AcDbPoint
 10
17250.0
 20
-38340.0
 30
0.0
  0
ENDBLK
  5
748
330
746
100
AcDbEntity
  8
0
100
AcDbBlockEnd
  0
BLOCK
  5
84A
330
849
100
AcDbEntity
  8
0
100
AcDbBlockBegin
  2
*D28
 70
1
 10
0.0
 20
0.0
 30
0.0
  3
*D28
  1

  0
LINE
  5
84C
330
849
100
AcDbEntity
  8
0
 62
7
100
AcDbLine
 10
1750.0
 20
-46225.0
 30
0.0
 11
1750.0
 21
-46390.0
 31
0.0
  0
LINE
  5
84D
330
849
100
AcDbEntity
  8
0
 62
7
100
AcDbLine
 10
4400.0
 20
-46225.0
 30
0.0
 11
4400.0
 21
-46390.0
 31
0.0
  0
INSERT
  5
84E
330
849
100
AcDbEntity
  8
COTAS
 62
7
100
AcDbBlockReference
  2
_ARCHTICK
 10
1750.0
 20
-46320.0
 30
0.0
 41
45.0
 42
45.0
 50
180.0
  0
INSERT
  5
850
330
849
100
AcDbEntity
  8
COTAS
 62
7
100
AcDbBlockReference
  2
_ARCHTICK
 10
4400.0
 20
-46320.0
 30
0.0
 41
45.0
 42
45.0
  0
LINE
  5
852
330
849
100
AcDbEntity
  8
0
 62
7
100
AcDbLine
 10
1750.0
 20
-46320.0
 30
0.0
 11
4400.0
 21
-46320.0
 31
0.0
  0
MTEXT
  5
853
330
849
100
AcDbEntity
  8
COTAS
 62
7
100
AcDbMText
 10
3075.0
 20
-46277.4
 30
0.0
 40
85.0
 71
5
  1
2650 mm
  7
OpenSansCondensed-Light
  0
POINT
  5
854
330
849
100
AcDbEntity
  8
Defpoints
100
AcDbPoint
 10
1750.0
 20
-46320.0
 30
0.0
  0
POINT
  5
855
330
849
100
AcDbEntity
  8
Defpoints
100
AcDbPoint
 10
1750.0
 20
-46200.0
 30
0.0
  0
POINT
  5
856
330
849
100
AcDbEntity
  8
Defpoints
100
AcDbPoint
 10
4400.0
 20
-46200.0
 30
0.0
  0
ENDBLK
  5
84B
330
849
100
AcDbEntity
  8
0
100
AcDbBlockEnd
  0
BLOCK
  5
859
330
858
100
AcDbEntity
  8
0
100
AcDbBlockBegin
  2
*D29
 70
1
 10
0.0
 20
0.0
 30
0.0
  3
*D29
  1

  0
LINE
  5
85B
330
858
100
AcDbEntity
  8
0
 62
7
100
AcDbLine
 10
4400.0
 20
-46225.0
 30
0.0
 11
4400.0
 21
-46390.0
 31
0.0
  0
LINE
  5
85C
330
858
100
AcDbEntity
  8
0
 62
7
100
AcDbLine
 10
9500.0
 20
-46225.0
 30
0.0
 11
9500.0
 21
-46390.0
 31
0.0
  0
INSERT
  5
85D
330
858
100
AcDbEntity
  8
COTAS
 62
7
100
AcDbBlockReference
  2
_ARCHTICK
 10
4400.0
 20
-46320.0
 30
0.0
 41
45.0
 42
45.0
 50
180.0
  0
INSERT
  5
85F
330
858
100
AcDbEntity
  8
COTAS
 62
7
100
AcDbBlockReference
  2
_ARCHTICK
 10
9500.0
 20
-46320.0
 30
0.0
 41
45.0
 42
45.0
  0
LINE
  5
861
330
858
100
AcDbEntity
  8
0
 62
7
100
AcDbLine
 10
4400.0
 20
-46320.0
 30
0.0
 11
9500.0
 21
-46320.0
 31
0.0
  0
MTEXT
  5
862
330
858
100
AcDbEntity
  8
COTAS
 62
7
100
AcDbMText
 10
6950.0
 20
-46277.4
 30
0.0
 40
85.0
 71
5
  1
5100 mm
  7
OpenSansCondensed-Light
  0
POINT
  5
863
330
858
100
AcDbEntity
  8
Defpoints
100
AcDbPoint
 10
4400.0
 20
-46320.0
 30
0.0
  0
POINT
  5
864
330
858
100
AcDbEntity
  8
Defpoints
100
AcDbPoint
 10
4400.0
 20
-46200.0
 30
0.0
  0
POINT
  5
865
330
858
100
AcDbEntity
  8
Defpoints
100
AcDbPoint
 10
9500.0
 20
-46200.0
 30
0.0
  0
ENDBLK
  5
85A
330
858
100
AcDbEntity
  8
0
100
AcDbBlockEnd
  0
BLOCK
  5
868
330
867
100
AcDbEntity
  8
0
100
AcDbBlockBegin
  2
*D30
 70
1
 10
0.0
 20
0.0
 30
0.0
  3
*D30
  1

  0
LINE
  5
86A
330
867
100
AcDbEntity
  8
0
 62
7
100
AcDbLine
 10
9500.0
 20
-46225.0
 30
0.0
 11
9500.0
 21
-46390.0
 31
0.0
  0
LINE
  5
86B
330
867
100
AcDbEntity
  8
0
 62
7
100
AcDbLine
 10
14600.0
 20
-46225.0
 30
0.0
 11
14600.0
 21
-46390.0
 31
0.0
  0
INSERT
  5
86C
330
867
100
AcDbEntity
  8
COTAS
 62
7
100
AcDbBlockReference
  2
_ARCHTICK
 10
9500.0
 20
-46320.0
 30
0.0
 41
45.0
 42
45.0
 50
180.0
  0
INSERT
  5
86E
330
867
100
AcDbEntity
  8
COTAS
 62
7
100
AcDbBlockReference
  2
_ARCHTICK
 10
14600.0
 20
-46320.0
 30
0.0
 41
45.0
 42
45.0
  0
LINE
  5
870
330
867
100
AcDbEntity
  8
0
 62
7
100
AcDbLine
 10
9500.0
 20
-46320.0
 30
0.0
 11
14600.0
 21
-46320.0
 31
0.0
  0
MTEXT
  5
871
330
867
100
AcDbEntity
  8
COTAS
 62
7
100
AcDbMText
 10
12050.0
 20
-46277.4
 30
0.0
 40
85.0
 71
5
  1
5100 mm
  7
OpenSansCondensed-Light
  0
POINT
  5
872
330
867
100
AcDbEntity
  8
Defpoints
100
AcDbPoint
 10
9500.0
 20
-46320.0
 30
0.0
  0
POINT
  5
873
330
867
100
AcDbEntity
  8
Defpoints
100
AcDbPoint
 10
9500.0
 20
-46200.0
 30
0.0
  0
POINT
  5
874
330
867
100
AcDbEntity
  8
Defpoints
100
AcDbPoint
 10
14600.0
 20
-46200.0
 30
0.0
  0
ENDBLK
  5
869
330
867
100
AcDbEntity
  8
0
100
AcDbBlockEnd
  0
BLOCK
  5
877
330
876
100
AcDbEntity
  8
0
100
AcDbBlockBegin
  2
*D31
 70
1
 10
0.0
 20
0.0
 30
0.0
  3
*D31
  1

  0
LINE
  5
879
330
876
100
AcDbEntity
  8
0
 62
7
100
AcDbLine
 10
14600.0
 20
-46225.0
 30
0.0
 11
14600.0
 21
-46390.0
 31
0.0
  0
LINE
  5
87A
330
876
100
AcDbEntity
  8
0
 62
7
100
AcDbLine
 10
17250.0
 20
-46225.0
 30
0.0
 11
17250.0
 21
-46390.0
 31
0.0
  0
INSERT
  5
87B
330
876
100
AcDbEntity
  8
COTAS
 62
7
100
AcDbBlockReference
  2
_ARCHTICK
 10
14600.0
 20
-46320.0
 30
0.0
 41
45.0
 42
45.0
 50
180.0
  0
INSERT
  5
87D
330
876
100
AcDbEntity
  8
COTAS
 62
7
100
AcDbBlockReference
  2
_ARCHTICK
 10
17250.0
 20
-46320.0
 30
0.0
 41
45.0
 42
45.0
  0
LINE
  5
87F
330
876
100
AcDbEntity
  8
0
 62
7
100
AcDbLine
 10
14600.0
 20
-46320.0
 30
0.0
 11
17250.0
 21
-46320.0
 31
0.0
  0
MTEXT
  5
880
330
876
100
AcDbEntity
  8
COTAS
 62
7
100
AcDbMText
 10
15925.0
 20
-46277.4
 30
0.0
 40
85.0
 71
5
  1
2650 mm
  7
OpenSansCondensed-Light
  0
POINT
  5
881
330
876
100
AcDbEntity
  8
Defpoints
100
AcDbPoint
 10
14600.0
 20
-46320.0
 30
0.0
  0
POINT
  5
882
330
876
100
AcDbEntity
  8
Defpoints
100
AcDbPoint
 10
14600.0
 20
-46200.0
 30
0.0
  0
POINT
  5
883
330
876
100
AcDbEntity
  8
Defpoints
100
AcDbPoint
 10
17250.0
 20
-46200.0
 30
0.0
  0
ENDBLK
  5
878
330
876
100
AcDbEntity
  8
0
100
AcDbBlockEnd
  0
BLOCK
  5
886
330
885
100
AcDbEntity
  8
0
100
AcDbBlockBegin
  2
*D32
 70
1
 10
0.0
 20
0.0
 30
0.0
  3
*D32
  1

  0
LINE
  5
888
330
885
100
AcDbEntity
  8
0
 62
7
100
AcDbLine
 10
1750.0
 20
-46565.0
 30
0.0
 11
1750.0
 21
-46730.0
 31
0.0
  0
LINE
  5
889
330
885
100
AcDbEntity
  8
0
 62
7
100
AcDbLine
 10
17250.0
 20
-46565.0
 30
0.0
 11
17250.0
 21
-46730.0
 31
0.0
  0
INSERT
  5
88A
330
885
100
AcDbEntity
  8
COTAS
 62
7
100
AcDbBlockReference
  2
_ARCHTICK
 10
1750.0
 20
-46660.0
 30
0.0
 41
45.0
 42
45.0
 50
180.0
  0
INSERT
  5
88C
330
885
100
AcDbEntity
  8
COTAS
 62
7
100
AcDbBlockReference
  2
_ARCHTICK
 10
17250.0
 20
-46660.0
 30
0.0
 41
45.0
 42
45.0
  0
LINE
  5
88E
330
885
100
AcDbEntity
  8
0
 62
7
100
AcDbLine
 10
1750.0
 20
-46660.0
 30
0.0
 11
17250.0
 21
-46660.0
 31
0.0
  0
MTEXT
  5
88F
330
885
100
AcDbEntity
  8
COTAS
 62
7
100
AcDbMText
 10
9500.0
 20
-46617.4
 30
0.0
 40
85.0
 71
5
  1
LONGITUD ENTRE EJES = 15500 mm
  7
OpenSansCondensed-Light
  0
POINT
  5
890
330
885
100
AcDbEntity
  8
Defpoints
100
AcDbPoint
 10
1750.0
 20
-46660.0
 30
0.0
  0
POINT
  5
891
330
885
100
AcDbEntity
  8
Defpoints
100
AcDbPoint
 10
1750.0
 20
-46540.0
 30
0.0
  0
POINT
  5
892
330
885
100
AcDbEntity
  8
Defpoints
100
AcDbPoint
 10
17250.0
 20
-46540.0
 30
0.0
  0
ENDBLK
  5
887
330
885
100
AcDbEntity
  8
0
100
AcDbBlockEnd
  0
BLOCK
  5
8EA
330
8E9
100
AcDbEntity
  8
0
100
AcDbBlockBegin
  2
*Paper_Space1
 70
0
 10
0.0
 20
0.0
 30
0.0
  3
*Paper_Space1
  1

  0
VIEWPORT
  5
8ED
330
8E9
100
AcDbEntity
 67
1
  8
VIEWPORTS
100
AcDbViewport
 10
420.5
 20
297.0
 30
0.0
 40
925.1
 41
653.4000000000001
 68
1
 69
1
 12
420.5
 22
297.0
 13
0.0
 23
0.0
 14
10.0
 24
10.0
 15
10.0
 25
10.0
 16
0.0
 26
0.0
 36
1.0
 17
0.0
 27
0.0
 37
0.0
 42
50.0
 43
0.0
 44
0.0
 45
653.4000000000001
 50
0.0
 51
0.0
 72
100
 90
557088
  1

281
0
 71
0
 74
0
110
0.0
120
0.0
130
0.0
111
1.0
121
0.0
131
0.0
112
0.0
122
1.0
132
0.0
 79
0
146
0.0
282
0
  0
LWPOLYLINE
  5
8EE
330
8E9
100
AcDbEntity
 67
1
  8
MARCO
 62
7
370
40
100
AcDbPolyline
 90
4
 70
1
 10
10.0
 20
10.0
 10
831.0
 20
10.0
 10
831.0
 20
584.0
 10
10.0
 20
584.0
  0
LWPOLYLINE
  5
8EF
330
8E9
100
AcDbEntity
 67
1
  8
MARCO
 62
7
370
35
100
AcDbPolyline
 90
4
 70
1
 10
10.0
 20
10.0
 10
831.0
 20
10.0
 10
831.0
 20
75.0
 10
10.0
 20
75.0
  0
LINE
  5
8F0
330
8E9
100
AcDbEntity
 67
1
  8
MARCO
 62
7
370
25
100
AcDbLine
 10
130.0
 20
10.0
 30
0.0
 11
130.0
 21
75.0
 31
0.0
  0
LINE
  5
8F1
330
8E9
100
AcDbEntity
 67
1
  8
MARCO
 62
7
370
25
100
AcDbLine
 10
500.0
 20
10.0
 30
0.0
 11
500.0
 21
75.0
 31
0.0
  0
LINE
  5
8F2
330
8E9
100
AcDbEntity
 67
1
  8
MARCO
 62
7
370
25
100
AcDbLine
 10
650.0
 20
10.0
 30
0.0
 11
650.0
 21
75.0
 31
0.0
  0
LINE
  5
8F3
330
8E9
100
AcDbEntity
 67
1
  8
MARCO
 62
7
370
25
100
AcDbLine
 10
745.0
 20
10.0
 30
0.0
 11
745.0
 21
75.0
 31
0.0
  0
TEXT
  5
8F4
330
8E9
100
AcDbEntity
 67
1
  8
TEXTO
 62
7
100
AcDbText
 10
70.0
 20
55.0
 30
0.0
 40
3.4
  1
UNIVERSIDAD NACIONAL DE COLOMBIA
 72
1
 11
70.0
 21
55.0
 31
0.0
100
AcDbText
 73
2
  0
TEXT
  5
8F5
330
8E9
100
AcDbEntity
 67
1
  8
TEXTO
 62
7
100
AcDbText
 10
70.0
 20
34.0
 30
0.0
 40
2.8
  1
DISEÑO ESTRUCTURAL — GRUPO 6
 72
1
 11
70.0
 21
34.0
 31
0.0
100
AcDbText
 73
2
  0
TEXT
  5
8F6
330
8E9
100
AcDbEntity
 67
1
  8
TEXTO
 62
7
100
AcDbText
 10
315.0
 20
50.0
 30
0.0
 40
5.0
  1
DESPIECE COMPLETO VC2 — VIGAS DE CARGA
 72
1
 11
315.0
 21
50.0
 31
0.0
100
AcDbText
 73
2
  0
TEXT
  5
8F7
330
8E9
100
AcDbEntity
 67
1
  8
TEXTO
 62
7
100
AcDbText
 10
315.0
 20
28.0
 30
0.0
 40
3.0
  1
Ejes de planta: 13 / 1 | Geometría modelspace 1:1 mm
 72
1
 11
315.0
 21
28.0
 31
0.0
100
AcDbText
 73
2
  0
TEXT
  5
8F8
330
8E9
100
AcDbEntity
 67
1
  8
TEXTO
 62
7
100
AcDbText
 10
575.0
 20
51.0
 30
0.0
 40
3.7
  1
REVISIÓN ACADÉMICA
 72
1
 11
575.0
 21
51.0
 31
0.0
100
AcDbText
 73
2
  0
TEXT
  5
8F9
330
8E9
100
AcDbEntity
 67
1
  8
TEXTO
 62
7
100
AcDbText
 10
575.0
 20
29.0
 30
0.0
 40
2.3
  1
NO EMITIR PARA CONSTRUCCIÓN
 72
1
 11
575.0
 21
29.0
 31
0.0
100
AcDbText
 73
2
  0
TEXT
  5
8FA
330
8E9
100
AcDbEntity
 67
1
  8
TEXTO
 62
7
100
AcDbText
 10
697.5
 20
51.0
 30
0.0
 40
3.5
  1
ESC. 1:25 — A1
 72
1
 11
697.5
 21
51.0
 31
0.0
100
AcDbText
 73
2
  0
TEXT
  5
8FB
330
8E9
100
AcDbEntity
 67
1
  8
TEXTO
 62
7
100
AcDbText
 10
697.5
 20
29.0
 30
0.0
 40
2.7
  1
841 × 594 mm
 72
1
 11
697.5
 21
29.0
 31
0.0
100
AcDbText
 73
2
  0
TEXT
  5
8FC
330
8E9
100
AcDbEntity
 67
1
  8
TEXTO
 62
7
100
AcDbText
 10
793.0
 20
51.0
 30
0.0
 40
3.0
  1
18-07-2026
 72
1
 11
793.0
 21
51.0
 31
0.0
100
AcDbText
 73
2
  0
TEXT
  5
8FD
330
8E9
100
AcDbEntity
 67
1
  8
TEXTO
 62
7
100
AcDbText
 10
793.0
 20
29.0
 30
0.0
 40
4.5
  1
VC2
 72
1
 11
793.0
 21
29.0
 31
0.0
100
AcDbText
 73
2
  0
VIEWPORT
  5
8FE
330
8E9
100
AcDbEntity
 67
1
  8
VIEWPORTS
100
AcDbViewport
 10
420.5
 20
340.0
 30
0.0
 40
821.0
 41
320.0
 68
2
 69
3
 12
9500.0
 22
-4700.0
 13
0.0
 23
0.0
 14
10.0
 24
10.0
 15
10.0
 25
10.0
 16
0.0
 26
0.0
 36
1.0
 17
0.0
 27
0.0
 37
0.0
 42
50.0
 43
0.0
 44
0.0
 45
8000.0
 50
0.0
 51
0.0
 72
100
 90
16384
  1

281
0
 71
0
 74
0
110
0.0
120
0.0
130
0.0
111
1.0
121
0.0
131
0.0
112
0.0
122
1.0
132
0.0
 79
0
146
0.0
282
0
  0
ENDBLK
  5
8EB
330
8E9
100
AcDbEntity
  8
0
100
AcDbBlockEnd
  0
BLOCK
  5
900
330
8FF
100
AcDbEntity
  8
0
100
AcDbBlockBegin
  2
*Paper_Space2
 70
0
 10
0.0
 20
0.0
 30
0.0
  3
*Paper_Space2
  1

  0
VIEWPORT
  5
903
330
8FF
100
AcDbEntity
 67
1
  8
VIEWPORTS
100
AcDbViewport
 10
420.5
 20
297.0
 30
0.0
 40
925.1
 41
653.4000000000001
 68
1
 69
1
 12
420.5
 22
297.0
 13
0.0
 23
0.0
 14
10.0
 24
10.0
 15
10.0
 25
10.0
 16
0.0
 26
0.0
 36
1.0
 17
0.0
 27
0.0
 37
0.0
 42
50.0
 43
0.0
 44
0.0
 45
653.4000000000001
 50
0.0
 51
0.0
 72
100
 90
557088
  1

281
0
 71
0
 74
0
110
0.0
120
0.0
130
0.0
111
1.0
121
0.0
131
0.0
112
0.0
122
1.0
132
0.0
 79
0
146
0.0
282
0
  0
LWPOLYLINE
  5
904
330
8FF
100
AcDbEntity
 67
1
  8
MARCO
 62
7
370
40
100
AcDbPolyline
 90
4
 70
1
 10
10.0
 20
10.0
 10
831.0
 20
10.0
 10
831.0
 20
584.0
 10
10.0
 20
584.0
  0
LWPOLYLINE
  5
905
330
8FF
100
AcDbEntity
 67
1
  8
MARCO
 62
7
370
35
100
AcDbPolyline
 90
4
 70
1
 10
10.0
 20
10.0
 10
831.0
 20
10.0
 10
831.0
 20
75.0
 10
10.0
 20
75.0
  0
LINE
  5
906
330
8FF
100
AcDbEntity
 67
1
  8
MARCO
 62
7
370
25
100
AcDbLine
 10
130.0
 20
10.0
 30
0.0
 11
130.0
 21
75.0
 31
0.0
  0
LINE
  5
907
330
8FF
100
AcDbEntity
 67
1
  8
MARCO
 62
7
370
25
100
AcDbLine
 10
500.0
 20
10.0
 30
0.0
 11
500.0
 21
75.0
 31
0.0
  0
LINE
  5
908
330
8FF
100
AcDbEntity
 67
1
  8
MARCO
 62
7
370
25
100
AcDbLine
 10
650.0
 20
10.0
 30
0.0
 11
650.0
 21
75.0
 31
0.0
  0
LINE
  5
909
330
8FF
100
AcDbEntity
 67
1
  8
MARCO
 62
7
370
25
100
AcDbLine
 10
745.0
 20
10.0
 30
0.0
 11
745.0
 21
75.0
 31
0.0
  0
TEXT
  5
90A
330
8FF
100
AcDbEntity
 67
1
  8
TEXTO
 62
7
100
AcDbText
 10
70.0
 20
55.0
 30
0.0
 40
3.4
  1
UNIVERSIDAD NACIONAL DE COLOMBIA
 72
1
 11
70.0
 21
55.0
 31
0.0
100
AcDbText
 73
2
  0
TEXT
  5
90B
330
8FF
100
AcDbEntity
 67
1
  8
TEXTO
 62
7
100
AcDbText
 10
70.0
 20
34.0
 30
0.0
 40
2.8
  1
DISEÑO ESTRUCTURAL — GRUPO 6
 72
1
 11
70.0
 21
34.0
 31
0.0
100
AcDbText
 73
2
  0
TEXT
  5
90C
330
8FF
100
AcDbEntity
 67
1
  8
TEXTO
 62
7
100
AcDbText
 10
315.0
 20
50.0
 30
0.0
 40
5.0
  1
DESPIECE COMPLETO VC3 — VIGAS DE CARGA
 72
1
 11
315.0
 21
50.0
 31
0.0
100
AcDbText
 73
2
  0
TEXT
  5
90D
330
8FF
100
AcDbEntity
 67
1
  8
TEXTO
 62
7
100
AcDbText
 10
315.0
 20
28.0
 30
0.0
 40
3.0
  1
Ejes de planta: 12 / 2 | Geometría modelspace 1:1 mm
 72
1
 11
315.0
 21
28.0
 31
0.0
100
AcDbText
 73
2
  0
TEXT
  5
90E
330
8FF
100
AcDbEntity
 67
1
  8
TEXTO
 62
7
100
AcDbText
 10
575.0
 20
51.0
 30
0.0
 40
3.7
  1
REVISIÓN ACADÉMICA
 72
1
 11
575.0
 21
51.0
 31
0.0
100
AcDbText
 73
2
  0
TEXT
  5
90F
330
8FF
100
AcDbEntity
 67
1
  8
TEXTO
 62
7
100
AcDbText
 10
575.0
 20
29.0
 30
0.0
 40
2.3
  1
NO EMITIR PARA CONSTRUCCIÓN
 72
1
 11
575.0
 21
29.0
 31
0.0
100
AcDbText
 73
2
  0
TEXT
  5
910
330
8FF
100
AcDbEntity
 67
1
  8
TEXTO
 62
7
100
AcDbText
 10
697.5
 20
51.0
 30
0.0
 40
3.5
  1
ESC. 1:25 — A1
 72
1
 11
697.5
 21
51.0
 31
0.0
100
AcDbText
 73
2
  0
TEXT
  5
911
330
8FF
100
AcDbEntity
 67
1
  8
TEXTO
 62
7
100
AcDbText
 10
697.5
 20
29.0
 30
0.0
 40
2.7
  1
841 × 594 mm
 72
1
 11
697.5
 21
29.0
 31
0.0
100
AcDbText
 73
2
  0
TEXT
  5
912
330
8FF
100
AcDbEntity
 67
1
  8
TEXTO
 62
7
100
AcDbText
 10
793.0
 20
51.0
 30
0.0
 40
3.0
  1
18-07-2026
 72
1
 11
793.0
 21
51.0
 31
0.0
100
AcDbText
 73
2
  0
TEXT
  5
913
330
8FF
100
AcDbEntity
 67
1
  8
TEXTO
 62
7
100
AcDbText
 10
793.0
 20
29.0
 30
0.0
 40
4.5
  1
VC3
 72
1
 11
793.0
 21
29.0
 31
0.0
100
AcDbText
 73
2
  0
VIEWPORT
  5
914
330
8FF
100
AcDbEntity
 67
1
  8
VIEWPORTS
100
AcDbViewport
 10
420.5
 20
340.0
 30
0.0
 40
821.0
 41
320.0
 68
2
 69
3
 12
9500.0
 22
-12900.0
 13
0.0
 23
0.0
 14
10.0
 24
10.0
 15
10.0
 25
10.0
 16
0.0
 26
0.0
 36
1.0
 17
0.0
 27
0.0
 37
0.0
 42
50.0
 43
0.0
 44
0.0
 45
8000.0
 50
0.0
 51
0.0
 72
100
 90
16384
  1

281
0
 71
0
 74
0
110
0.0
120
0.0
130
0.0
111
1.0
121
0.0
131
0.0
112
0.0
122
1.0
132
0.0
 79
0
146
0.0
282
0
  0
ENDBLK
  5
901
330
8FF
100
AcDbEntity
  8
0
100
AcDbBlockEnd
  0
BLOCK
  5
916
330
915
100
AcDbEntity
  8
0
100
AcDbBlockBegin
  2
*Paper_Space3
 70
0
 10
0.0
 20
0.0
 30
0.0
  3
*Paper_Space3
  1

  0
VIEWPORT
  5
919
330
915
100
AcDbEntity
 67
1
  8
VIEWPORTS
100
AcDbViewport
 10
420.5
 20
297.0
 30
0.0
 40
925.1
 41
653.4000000000001
 68
1
 69
1
 12
420.5
 22
297.0
 13
0.0
 23
0.0
 14
10.0
 24
10.0
 15
10.0
 25
10.0
 16
0.0
 26
0.0
 36
1.0
 17
0.0
 27
0.0
 37
0.0
 42
50.0
 43
0.0
 44
0.0
 45
653.4000000000001
 50
0.0
 51
0.0
 72
100
 90
557088
  1

281
0
 71
0
 74
0
110
0.0
120
0.0
130
0.0
111
1.0
121
0.0
131
0.0
112
0.0
122
1.0
132
0.0
 79
0
146
0.0
282
0
  0
LWPOLYLINE
  5
91A
330
915
100
AcDbEntity
 67
1
  8
MARCO
 62
7
370
40
100
AcDbPolyline
 90
4
 70
1
 10
10.0
 20
10.0
 10
831.0
 20
10.0
 10
831.0
 20
584.0
 10
10.0
 20
584.0
  0
LWPOLYLINE
  5
91B
330
915
100
AcDbEntity
 67
1
  8
MARCO
 62
7
370
35
100
AcDbPolyline
 90
4
 70
1
 10
10.0
 20
10.0
 10
831.0
 20
10.0
 10
831.0
 20
75.0
 10
10.0
 20
75.0
  0
LINE
  5
91C
330
915
100
AcDbEntity
 67
1
  8
MARCO
 62
7
370
25
100
AcDbLine
 10
130.0
 20
10.0
 30
0.0
 11
130.0
 21
75.0
 31
0.0
  0
LINE
  5
91D
330
915
100
AcDbEntity
 67
1
  8
MARCO
 62
7
370
25
100
AcDbLine
 10
500.0
 20
10.0
 30
0.0
 11
500.0
 21
75.0
 31
0.0
  0
LINE
  5
91E
330
915
100
AcDbEntity
 67
1
  8
MARCO
 62
7
370
25
100
AcDbLine
 10
650.0
 20
10.0
 30
0.0
 11
650.0
 21
75.0
 31
0.0
  0
LINE
  5
91F
330
915
100
AcDbEntity
 67
1
  8
MARCO
 62
7
370
25
100
AcDbLine
 10
745.0
 20
10.0
 30
0.0
 11
745.0
 21
75.0
 31
0.0
  0
TEXT
  5
920
330
915
100
AcDbEntity
 67
1
  8
TEXTO
 62
7
100
AcDbText
 10
70.0
 20
55.0
 30
0.0
 40
3.4
  1
UNIVERSIDAD NACIONAL DE COLOMBIA
 72
1
 11
70.0
 21
55.0
 31
0.0
100
AcDbText
 73
2
  0
TEXT
  5
921
330
915
100
AcDbEntity
 67
1
  8
TEXTO
 62
7
100
AcDbText
 10
70.0
 20
34.0
 30
0.0
 40
2.8
  1
DISEÑO ESTRUCTURAL — GRUPO 6
 72
1
 11
70.0
 21
34.0
 31
0.0
100
AcDbText
 73
2
  0
TEXT
  5
922
330
915
100
AcDbEntity
 67
1
  8
TEXTO
 62
7
100
AcDbText
 10
315.0
 20
50.0
 30
0.0
 40
5.0
  1
DESPIECE COMPLETO VC4 — VIGAS DE CARGA
 72
1
 11
315.0
 21
50.0
 31
0.0
100
AcDbText
 73
2
  0
TEXT
  5
923
330
915
100
AcDbEntity
 67
1
  8
TEXTO
 62
7
100
AcDbText
 10
315.0
 20
28.0
 30
0.0
 40
3.0
  1
Ejes de planta: 11 / 3 | Geometría modelspace 1:1 mm
 72
1
 11
315.0
 21
28.0
 31
0.0
100
AcDbText
 73
2
  0
TEXT
  5
924
330
915
100
AcDbEntity
 67
1
  8
TEXTO
 62
7
100
AcDbText
 10
575.0
 20
51.0
 30
0.0
 40
3.7
  1
REVISIÓN ACADÉMICA
 72
1
 11
575.0
 21
51.0
 31
0.0
100
AcDbText
 73
2
  0
TEXT
  5
925
330
915
100
AcDbEntity
 67
1
  8
TEXTO
 62
7
100
AcDbText
 10
575.0
 20
29.0
 30
0.0
 40
2.3
  1
NO EMITIR PARA CONSTRUCCIÓN
 72
1
 11
575.0
 21
29.0
 31
0.0
100
AcDbText
 73
2
  0
TEXT
  5
926
330
915
100
AcDbEntity
 67
1
  8
TEXTO
 62
7
100
AcDbText
 10
697.5
 20
51.0
 30
0.0
 40
3.5
  1
ESC. 1:25 — A1
 72
1
 11
697.5
 21
51.0
 31
0.0
100
AcDbText
 73
2
  0
TEXT
  5
927
330
915
100
AcDbEntity
 67
1
  8
TEXTO
 62
7
100
AcDbText
 10
697.5
 20
29.0
 30
0.0
 40
2.7
  1
841 × 594 mm
 72
1
 11
697.5
 21
29.0
 31
0.0
100
AcDbText
 73
2
  0
TEXT
  5
928
330
915
100
AcDbEntity
 67
1
  8
TEXTO
 62
7
100
AcDbText
 10
793.0
 20
51.0
 30
0.0
 40
3.0
  1
18-07-2026
 72
1
 11
793.0
 21
51.0
 31
0.0
100
AcDbText
 73
2
  0
TEXT
  5
929
330
915
100
AcDbEntity
 67
1
  8
TEXTO
 62
7
100
AcDbText
 10
793.0
 20
29.0
 30
0.0
 40
4.5
  1
VC4
 72
1
 11
793.0
 21
29.0
 31
0.0
100
AcDbText
 73
2
  0
VIEWPORT
  5
92A
330
915
100
AcDbEntity
 67
1
  8
VIEWPORTS
100
AcDbViewport
 10
420.5
 20
340.0
 30
0.0
 40
821.0
 41
320.0
 68
2
 69
3
 12
9500.0
 22
-21100.0
 13
0.0
 23
0.0
 14
10.0
 24
10.0
 15
10.0
 25
10.0
 16
0.0
 26
0.0
 36
1.0
 17
0.0
 27
0.0
 37
0.0
 42
50.0
 43
0.0
 44
0.0
 45
8000.0
 50
0.0
 51
0.0
 72
100
 90
16384
  1

281
0
 71
0
 74
0
110
0.0
120
0.0
130
0.0
111
1.0
121
0.0
131
0.0
112
0.0
122
1.0
132
0.0
 79
0
146
0.0
282
0
  0
ENDBLK
  5
917
330
915
100
AcDbEntity
  8
0
100
AcDbBlockEnd
  0
BLOCK
  5
92C
330
92B
100
AcDbEntity
  8
0
100
AcDbBlockBegin
  2
*Paper_Space4
 70
0
 10
0.0
 20
0.0
 30
0.0
  3
*Paper_Space4
  1

  0
VIEWPORT
  5
92F
330
92B
100
AcDbEntity
 67
1
  8
VIEWPORTS
100
AcDbViewport
 10
420.5
 20
297.0
 30
0.0
 40
925.1
 41
653.4000000000001
 68
1
 69
1
 12
420.5
 22
297.0
 13
0.0
 23
0.0
 14
10.0
 24
10.0
 15
10.0
 25
10.0
 16
0.0
 26
0.0
 36
1.0
 17
0.0
 27
0.0
 37
0.0
 42
50.0
 43
0.0
 44
0.0
 45
653.4000000000001
 50
0.0
 51
0.0
 72
100
 90
557088
  1

281
0
 71
0
 74
0
110
0.0
120
0.0
130
0.0
111
1.0
121
0.0
131
0.0
112
0.0
122
1.0
132
0.0
 79
0
146
0.0
282
0
  0
LWPOLYLINE
  5
930
330
92B
100
AcDbEntity
 67
1
  8
MARCO
 62
7
370
40
100
AcDbPolyline
 90
4
 70
1
 10
10.0
 20
10.0
 10
831.0
 20
10.0
 10
831.0
 20
584.0
 10
10.0
 20
584.0
  0
LWPOLYLINE
  5
931
330
92B
100
AcDbEntity
 67
1
  8
MARCO
 62
7
370
35
100
AcDbPolyline
 90
4
 70
1
 10
10.0
 20
10.0
 10
831.0
 20
10.0
 10
831.0
 20
75.0
 10
10.0
 20
75.0
  0
LINE
  5
932
330
92B
100
AcDbEntity
 67
1
  8
MARCO
 62
7
370
25
100
AcDbLine
 10
130.0
 20
10.0
 30
0.0
 11
130.0
 21
75.0
 31
0.0
  0
LINE
  5
933
330
92B
100
AcDbEntity
 67
1
  8
MARCO
 62
7
370
25
100
AcDbLine
 10
500.0
 20
10.0
 30
0.0
 11
500.0
 21
75.0
 31
0.0
  0
LINE
  5
934
330
92B
100
AcDbEntity
 67
1
  8
MARCO
 62
7
370
25
100
AcDbLine
 10
650.0
 20
10.0
 30
0.0
 11
650.0
 21
75.0
 31
0.0
  0
LINE
  5
935
330
92B
100
AcDbEntity
 67
1
  8
MARCO
 62
7
370
25
100
AcDbLine
 10
745.0
 20
10.0
 30
0.0
 11
745.0
 21
75.0
 31
0.0
  0
TEXT
  5
936
330
92B
100
AcDbEntity
 67
1
  8
TEXTO
 62
7
100
AcDbText
 10
70.0
 20
55.0
 30
0.0
 40
3.4
  1
UNIVERSIDAD NACIONAL DE COLOMBIA
 72
1
 11
70.0
 21
55.0
 31
0.0
100
AcDbText
 73
2
  0
TEXT
  5
937
330
92B
100
AcDbEntity
 67
1
  8
TEXTO
 62
7
100
AcDbText
 10
70.0
 20
34.0
 30
0.0
 40
2.8
  1
DISEÑO ESTRUCTURAL — GRUPO 6
 72
1
 11
70.0
 21
34.0
 31
0.0
100
AcDbText
 73
2
  0
TEXT
  5
938
330
92B
100
AcDbEntity
 67
1
  8
TEXTO
 62
7
100
AcDbText
 10
315.0
 20
50.0
 30
0.0
 40
5.0
  1
DESPIECE COMPLETO VC5 — VIGAS DE CARGA
 72
1
 11
315.0
 21
50.0
 31
0.0
100
AcDbText
 73
2
  0
TEXT
  5
939
330
92B
100
AcDbEntity
 67
1
  8
TEXTO
 62
7
100
AcDbText
 10
315.0
 20
28.0
 30
0.0
 40
3.0
  1
Ejes de planta: 10 / 4 | Geometría modelspace 1:1 mm
 72
1
 11
315.0
 21
28.0
 31
0.0
100
AcDbText
 73
2
  0
TEXT
  5
93A
330
92B
100
AcDbEntity
 67
1
  8
TEXTO
 62
7
100
AcDbText
 10
575.0
 20
51.0
 30
0.0
 40
3.7
  1
REVISIÓN ACADÉMICA
 72
1
 11
575.0
 21
51.0
 31
0.0
100
AcDbText
 73
2
  0
TEXT
  5
93B
330
92B
100
AcDbEntity
 67
1
  8
TEXTO
 62
7
100
AcDbText
 10
575.0
 20
29.0
 30
0.0
 40
2.3
  1
NO EMITIR PARA CONSTRUCCIÓN
 72
1
 11
575.0
 21
29.0
 31
0.0
100
AcDbText
 73
2
  0
TEXT
  5
93C
330
92B
100
AcDbEntity
 67
1
  8
TEXTO
 62
7
100
AcDbText
 10
697.5
 20
51.0
 30
0.0
 40
3.5
  1
ESC. 1:25 — A1
 72
1
 11
697.5
 21
51.0
 31
0.0
100
AcDbText
 73
2
  0
TEXT
  5
93D
330
92B
100
AcDbEntity
 67
1
  8
TEXTO
 62
7
100
AcDbText
 10
697.5
 20
29.0
 30
0.0
 40
2.7
  1
841 × 594 mm
 72
1
 11
697.5
 21
29.0
 31
0.0
100
AcDbText
 73
2
  0
TEXT
  5
93E
330
92B
100
AcDbEntity
 67
1
  8
TEXTO
 62
7
100
AcDbText
 10
793.0
 20
51.0
 30
0.0
 40
3.0
  1
18-07-2026
 72
1
 11
793.0
 21
51.0
 31
0.0
100
AcDbText
 73
2
  0
TEXT
  5
93F
330
92B
100
AcDbEntity
 67
1
  8
TEXTO
 62
7
100
AcDbText
 10
793.0
 20
29.0
 30
0.0
 40
4.5
  1
VC5
 72
1
 11
793.0
 21
29.0
 31
0.0
100
AcDbText
 73
2
  0
VIEWPORT
  5
940
330
92B
100
AcDbEntity
 67
1
  8
VIEWPORTS
100
AcDbViewport
 10
420.5
 20
340.0
 30
0.0
 40
821.0
 41
320.0
 68
2
 69
3
 12
9500.0
 22
-29300.0
 13
0.0
 23
0.0
 14
10.0
 24
10.0
 15
10.0
 25
10.0
 16
0.0
 26
0.0
 36
1.0
 17
0.0
 27
0.0
 37
0.0
 42
50.0
 43
0.0
 44
0.0
 45
8000.0
 50
0.0
 51
0.0
 72
100
 90
16384
  1

281
0
 71
0
 74
0
110
0.0
120
0.0
130
0.0
111
1.0
121
0.0
131
0.0
112
0.0
122
1.0
132
0.0
 79
0
146
0.0
282
0
  0
ENDBLK
  5
92D
330
92B
100
AcDbEntity
  8
0
100
AcDbBlockEnd
  0
BLOCK
  5
942
330
941
100
AcDbEntity
  8
0
100
AcDbBlockBegin
  2
*Paper_Space5
 70
0
 10
0.0
 20
0.0
 30
0.0
  3
*Paper_Space5
  1

  0
VIEWPORT
  5
945
330
941
100
AcDbEntity
 67
1
  8
VIEWPORTS
100
AcDbViewport
 10
420.5
 20
297.0
 30
0.0
 40
925.1
 41
653.4000000000001
 68
1
 69
1
 12
420.5
 22
297.0
 13
0.0
 23
0.0
 14
10.0
 24
10.0
 15
10.0
 25
10.0
 16
0.0
 26
0.0
 36
1.0
 17
0.0
 27
0.0
 37
0.0
 42
50.0
 43
0.0
 44
0.0
 45
653.4000000000001
 50
0.0
 51
0.0
 72
100
 90
557088
  1

281
0
 71
0
 74
0
110
0.0
120
0.0
130
0.0
111
1.0
121
0.0
131
0.0
112
0.0
122
1.0
132
0.0
 79
0
146
0.0
282
0
  0
LWPOLYLINE
  5
946
330
941
100
AcDbEntity
 67
1
  8
MARCO
 62
7
370
40
100
AcDbPolyline
 90
4
 70
1
 10
10.0
 20
10.0
 10
831.0
 20
10.0
 10
831.0
 20
584.0
 10
10.0
 20
584.0
  0
LWPOLYLINE
  5
947
330
941
100
AcDbEntity
 67
1
  8
MARCO
 62
7
370
35
100
AcDbPolyline
 90
4
 70
1
 10
10.0
 20
10.0
 10
831.0
 20
10.0
 10
831.0
 20
75.0
 10
10.0
 20
75.0
  0
LINE
  5
948
330
941
100
AcDbEntity
 67
1
  8
MARCO
 62
7
370
25
100
AcDbLine
 10
130.0
 20
10.0
 30
0.0
 11
130.0
 21
75.0
 31
0.0
  0
LINE
  5
949
330
941
100
AcDbEntity
 67
1
  8
MARCO
 62
7
370
25
100
AcDbLine
 10
500.0
 20
10.0
 30
0.0
 11
500.0
 21
75.0
 31
0.0
  0
LINE
  5
94A
330
941
100
AcDbEntity
 67
1
  8
MARCO
 62
7
370
25
100
AcDbLine
 10
650.0
 20
10.0
 30
0.0
 11
650.0
 21
75.0
 31
0.0
  0
LINE
  5
94B
330
941
100
AcDbEntity
 67
1
  8
MARCO
 62
7
370
25
100
AcDbLine
 10
745.0
 20
10.0
 30
0.0
 11
745.0
 21
75.0
 31
0.0
  0
TEXT
  5
94C
330
941
100
AcDbEntity
 67
1
  8
TEXTO
 62
7
100
AcDbText
 10
70.0
 20
55.0
 30
0.0
 40
3.4
  1
UNIVERSIDAD NACIONAL DE COLOMBIA
 72
1
 11
70.0
 21
55.0
 31
0.0
100
AcDbText
 73
2
  0
TEXT
  5
94D
330
941
100
AcDbEntity
 67
1
  8
TEXTO
 62
7
100
AcDbText
 10
70.0
 20
34.0
 30
0.0
 40
2.8
  1
DISEÑO ESTRUCTURAL — GRUPO 6
 72
1
 11
70.0
 21
34.0
 31
0.0
100
AcDbText
 73
2
  0
TEXT
  5
94E
330
941
100
AcDbEntity
 67
1
  8
TEXTO
 62
7
100
AcDbText
 10
315.0
 20
50.0
 30
0.0
 40
5.0
  1
DESPIECE COMPLETO VC6 — VIGAS DE CARGA
 72
1
 11
315.0
 21
50.0
 31
0.0
100
AcDbText
 73
2
  0
TEXT
  5
94F
330
941
100
AcDbEntity
 67
1
  8
TEXTO
 62
7
100
AcDbText
 10
315.0
 20
28.0
 30
0.0
 40
3.0
  1
Ejes de planta: 9 / 5 | Geometría modelspace 1:1 mm
 72
1
 11
315.0
 21
28.0
 31
0.0
100
AcDbText
 73
2
  0
TEXT
  5
950
330
941
100
AcDbEntity
 67
1
  8
TEXTO
 62
7
100
AcDbText
 10
575.0
 20
51.0
 30
0.0
 40
3.7
  1
REVISIÓN ACADÉMICA
 72
1
 11
575.0
 21
51.0
 31
0.0
100
AcDbText
 73
2
  0
TEXT
  5
951
330
941
100
AcDbEntity
 67
1
  8
TEXTO
 62
7
100
AcDbText
 10
575.0
 20
29.0
 30
0.0
 40
2.3
  1
NO EMITIR PARA CONSTRUCCIÓN
 72
1
 11
575.0
 21
29.0
 31
0.0
100
AcDbText
 73
2
  0
TEXT
  5
952
330
941
100
AcDbEntity
 67
1
  8
TEXTO
 62
7
100
AcDbText
 10
697.5
 20
51.0
 30
0.0
 40
3.5
  1
ESC. 1:25 — A1
 72
1
 11
697.5
 21
51.0
 31
0.0
100
AcDbText
 73
2
  0
TEXT
  5
953
330
941
100
AcDbEntity
 67
1
  8
TEXTO
 62
7
100
AcDbText
 10
697.5
 20
29.0
 30
0.0
 40
2.7
  1
841 × 594 mm
 72
1
 11
697.5
 21
29.0
 31
0.0
100
AcDbText
 73
2
  0
TEXT
  5
954
330
941
100
AcDbEntity
 67
1
  8
TEXTO
 62
7
100
AcDbText
 10
793.0
 20
51.0
 30
0.0
 40
3.0
  1
18-07-2026
 72
1
 11
793.0
 21
51.0
 31
0.0
100
AcDbText
 73
2
  0
TEXT
  5
955
330
941
100
AcDbEntity
 67
1
  8
TEXTO
 62
7
100
AcDbText
 10
793.0
 20
29.0
 30
0.0
 40
4.5
  1
VC6
 72
1
 11
793.0
 21
29.0
 31
0.0
100
AcDbText
 73
2
  0
VIEWPORT
  5
956
330
941
100
AcDbEntity
 67
1
  8
VIEWPORTS
100
AcDbViewport
 10
420.5
 20
340.0
 30
0.0
 40
821.0
 41
320.0
 68
2
 69
3
 12
9500.0
 22
-37500.0
 13
0.0
 23
0.0
 14
10.0
 24
10.0
 15
10.0
 25
10.0
 16
0.0
 26
0.0
 36
1.0
 17
0.0
 27
0.0
 37
0.0
 42
50.0
 43
0.0
 44
0.0
 45
8000.0
 50
0.0
 51
0.0
 72
100
 90
16384
  1

281
0
 71
0
 74
0
110
0.0
120
0.0
130
0.0
111
1.0
121
0.0
131
0.0
112
0.0
122
1.0
132
0.0
 79
0
146
0.0
282
0
  0
ENDBLK
  5
943
330
941
100
AcDbEntity
  8
0
100
AcDbBlockEnd
  0
BLOCK
  5
958
330
957
100
AcDbEntity
  8
0
100
AcDbBlockBegin
  2
*Paper_Space6
 70
0
 10
0.0
 20
0.0
 30
0.0
  3
*Paper_Space6
  1

  0
VIEWPORT
  5
95B
330
957
100
AcDbEntity
 67
1
  8
VIEWPORTS
100
AcDbViewport
 10
420.5
 20
297.0
 30
0.0
 40
925.1
 41
653.4000000000001
 68
1
 69
1
 12
420.5
 22
297.0
 13
0.0
 23
0.0
 14
10.0
 24
10.0
 15
10.0
 25
10.0
 16
0.0
 26
0.0
 36
1.0
 17
0.0
 27
0.0
 37
0.0
 42
50.0
 43
0.0
 44
0.0
 45
653.4000000000001
 50
0.0
 51
0.0
 72
100
 90
557088
  1

281
0
 71
0
 74
0
110
0.0
120
0.0
130
0.0
111
1.0
121
0.0
131
0.0
112
0.0
122
1.0
132
0.0
 79
0
146
0.0
282
0
  0
LWPOLYLINE
  5
95C
330
957
100
AcDbEntity
 67
1
  8
MARCO
 62
7
370
40
100
AcDbPolyline
 90
4
 70
1
 10
10.0
 20
10.0
 10
831.0
 20
10.0
 10
831.0
 20
584.0
 10
10.0
 20
584.0
  0
LWPOLYLINE
  5
95D
330
957
100
AcDbEntity
 67
1
  8
MARCO
 62
7
370
35
100
AcDbPolyline
 90
4
 70
1
 10
10.0
 20
10.0
 10
831.0
 20
10.0
 10
831.0
 20
75.0
 10
10.0
 20
75.0
  0
LINE
  5
95E
330
957
100
AcDbEntity
 67
1
  8
MARCO
 62
7
370
25
100
AcDbLine
 10
130.0
 20
10.0
 30
0.0
 11
130.0
 21
75.0
 31
0.0
  0
LINE
  5
95F
330
957
100
AcDbEntity
 67
1
  8
MARCO
 62
7
370
25
100
AcDbLine
 10
500.0
 20
10.0
 30
0.0
 11
500.0
 21
75.0
 31
0.0
  0
LINE
  5
960
330
957
100
AcDbEntity
 67
1
  8
MARCO
 62
7
370
25
100
AcDbLine
 10
650.0
 20
10.0
 30
0.0
 11
650.0
 21
75.0
 31
0.0
  0
LINE
  5
961
330
957
100
AcDbEntity
 67
1
  8
MARCO
 62
7
370
25
100
AcDbLine
 10
745.0
 20
10.0
 30
0.0
 11
745.0
 21
75.0
 31
0.0
  0
TEXT
  5
962
330
957
100
AcDbEntity
 67
1
  8
TEXTO
 62
7
100
AcDbText
 10
70.0
 20
55.0
 30
0.0
 40
3.4
  1
UNIVERSIDAD NACIONAL DE COLOMBIA
 72
1
 11
70.0
 21
55.0
 31
0.0
100
AcDbText
 73
2
  0
TEXT
  5
963
330
957
100
AcDbEntity
 67
1
  8
TEXTO
 62
7
100
AcDbText
 10
70.0
 20
34.0
 30
0.0
 40
2.8
  1
DISEÑO ESTRUCTURAL — GRUPO 6
 72
1
 11
70.0
 21
34.0
 31
0.0
100
AcDbText
 73
2
  0
TEXT
  5
964
330
957
100
AcDbEntity
 67
1
  8
TEXTO
 62
7
100
AcDbText
 10
315.0
 20
50.0
 30
0.0
 40
5.0
  1
DESPIECE COMPLETO VC7 — VIGAS DE CARGA
 72
1
 11
315.0
 21
50.0
 31
0.0
100
AcDbText
 73
2
  0
TEXT
  5
965
330
957
100
AcDbEntity
 67
1
  8
TEXTO
 62
7
100
AcDbText
 10
315.0
 20
28.0
 30
0.0
 40
3.0
  1
Ejes de planta: 8 / 6 | Geometría modelspace 1:1 mm
 72
1
 11
315.0
 21
28.0
 31
0.0
100
AcDbText
 73
2
  0
TEXT
  5
966
330
957
100
AcDbEntity
 67
1
  8
TEXTO
 62
7
100
AcDbText
 10
575.0
 20
51.0
 30
0.0
 40
3.7
  1
REVISIÓN ACADÉMICA
 72
1
 11
575.0
 21
51.0
 31
0.0
100
AcDbText
 73
2
  0
TEXT
  5
967
330
957
100
AcDbEntity
 67
1
  8
TEXTO
 62
7
100
AcDbText
 10
575.0
 20
29.0
 30
0.0
 40
2.3
  1
NO EMITIR PARA CONSTRUCCIÓN
 72
1
 11
575.0
 21
29.0
 31
0.0
100
AcDbText
 73
2
  0
TEXT
  5
968
330
957
100
AcDbEntity
 67
1
  8
TEXTO
 62
7
100
AcDbText
 10
697.5
 20
51.0
 30
0.0
 40
3.5
  1
ESC. 1:25 — A1
 72
1
 11
697.5
 21
51.0
 31
0.0
100
AcDbText
 73
2
  0
TEXT
  5
969
330
957
100
AcDbEntity
 67
1
  8
TEXTO
 62
7
100
AcDbText
 10
697.5
 20
29.0
 30
0.0
 40
2.7
  1
841 × 594 mm
 72
1
 11
697.5
 21
29.0
 31
0.0
100
AcDbText
 73
2
  0
TEXT
  5
96A
330
957
100
AcDbEntity
 67
1
  8
TEXTO
 62
7
100
AcDbText
 10
793.0
 20
51.0
 30
0.0
 40
3.0
  1
18-07-2026
 72
1
 11
793.0
 21
51.0
 31
0.0
100
AcDbText
 73
2
  0
TEXT
  5
96B
330
957
100
AcDbEntity
 67
1
  8
TEXTO
 62
7
100
AcDbText
 10
793.0
 20
29.0
 30
0.0
 40
4.5
  1
VC7
 72
1
 11
793.0
 21
29.0
 31
0.0
100
AcDbText
 73
2
  0
VIEWPORT
  5
96C
330
957
100
AcDbEntity
 67
1
  8
VIEWPORTS
100
AcDbViewport
 10
420.5
 20
340.0
 30
0.0
 40
821.0
 41
320.0
 68
2
 69
3
 12
9500.0
 22
-45700.0
 13
0.0
 23
0.0
 14
10.0
 24
10.0
 15
10.0
 25
10.0
 16
0.0
 26
0.0
 36
1.0
 17
0.0
 27
0.0
 37
0.0
 42
50.0
 43
0.0
 44
0.0
 45
8000.0
 50
0.0
 51
0.0
 72
100
 90
16384
  1

281
0
 71
0
 74
0
110
0.0
120
0.0
130
0.0
111
1.0
121
0.0
131
0.0
112
0.0
122
1.0
132
0.0
 79
0
146
0.0
282
0
  0
ENDBLK
  5
959
330
957
100
AcDbEntity
  8
0
100
AcDbBlockEnd
  0
BLOCK
  5
8D4
330
8D3
100
AcDbEntity
  8
0
100
AcDbBlockBegin
  2
*Paper_Space
 70
0
 10
0.0
 20
0.0
 30
0.0
  3
*Paper_Space
  1

  0
ENDBLK
  5
8D5
330
8D3
100
AcDbEntity
  8
0
100
AcDbBlockEnd
  0
ENDSEC
  0
SECTION
  2
ENTITIES
  0
TEXT
  5
98
330
17
100
AcDbEntity
  8
TEXTO
 62
7
100
AcDbText
 10
9500.0
 20
6650.0
 30
0.0
 40
190.0
  1
DESPIECE COMPLETO VIGA DE CARGA VC1
 72
1
 11
9500.0
 21
6650.0
 31
0.0
100
AcDbText
 73
2
  0
TEXT
  5
99
330
17
100
AcDbEntity
  8
TEXTO
 62
7
100
AcDbText
 10
9500.0
 20
6400.0
 30
0.0
 40
105.0
  1
APLICA EN EJES 15 Y 14 | Sección 450 × 550 mm | 20 vigas del grupo
 72
1
 11
9500.0
 21
6400.0
 31
0.0
100
AcDbText
 73
2
  0
TEXT
  5
9A
330
17
100
AcDbEntity
  8
TEXTO
 62
7
100
AcDbText
 10
9500.0
 20
6200.0
 30
0.0
 40
92.0
  1
DETALLE ACADÉMICO — NO EMITIR PARA CONSTRUCCIÓN | Verificación V-T: CUMPLE | Estado global del Excel: #VALUE!
 72
1
 11
9500.0
 21
6200.0
 31
0.0
100
AcDbText
 73
2
  0
TEXT
  5
9B
330
17
100
AcDbEntity
  8
TRAZADO_PLANTA
 62
7
100
AcDbText
 10
9500.0
 20
6000.0
 30
0.0
 40
100.0
  1
TRAZADO EN PLANTA SEGÚN PDF
 72
1
 11
9500.0
 21
6000.0
 31
0.0
100
AcDbText
 73
2
  0
LWPOLYLINE
  5
9C
330
17
100
AcDbEntity
  8
TRAZADO_PLANTA
 62
7
370
35
100
AcDbPolyline
 90
3
 70
0
 10
5750.0
 20
5300.0
 10
9500.0
 20
5300.0
 10
13250.0
 20
5300.0
  0
CIRCLE
  5
9D
330
17
100
AcDbEntity
  8
TRAZADO_PLANTA
 62
7
370
25
100
AcDbCircle
 10
5750.0
 20
5300.0
 30
0.0
 40
90.0
  0
TEXT
  5
9E
330
17
100
AcDbEntity
  8
TRAZADO_PLANTA
 62
7
100
AcDbText
 10
5750.0
 20
5460.0
 30
0.0
 40
85.0
  1
B
 72
1
 11
5750.0
 21
5460.0
 31
0.0
100
AcDbText
 73
2
  0
CIRCLE
  5
9F
330
17
100
AcDbEntity
  8
TRAZADO_PLANTA
 62
7
370
25
100
AcDbCircle
 10
9500.0
 20
5300.0
 30
0.0
 40
90.0
  0
TEXT
  5
A0
330
17
100
AcDbEntity
  8
TRAZADO_PLANTA
 62
7
100
AcDbText
 10
9500.0
 20
5460.0
 30
0.0
 40
85.0
  1
C
 72
1
 11
9500.0
 21
5460.0
 31
0.0
100
AcDbText
 73
2
  0
CIRCLE
  5
A1
330
17
100
AcDbEntity
  8
TRAZADO_PLANTA
 62
7
370
25
100
AcDbCircle
 10
13250.0
 20
5300.0
 30
0.0
 40
90.0
  0
TEXT
  5
A2
330
17
100
AcDbEntity
  8
TRAZADO_PLANTA
 62
7
100
AcDbText
 10
13250.0
 20
5460.0
 30
0.0
 40
85.0
  1
D
 72
1
 11
13250.0
 21
5460.0
 31
0.0
100
AcDbText
 73
2
  0
LWPOLYLINE
  5
A3
330
17
100
AcDbEntity
  8
VIGA
 62
7
370
40
100
AcDbPolyline
 90
4
 70
1
 10
5450.0
 20
3300.0
 10
13550.0
 20
3300.0
 10
13550.0
 20
3850.0
 10
5450.0
 20
3850.0
  0
LWPOLYLINE
  5
A4
330
17
100
AcDbEntity
  8
COLUMNAS
 62
7
370
35
100
AcDbPolyline
 90
4
 70
1
 10
5450.0
 20
2850.0
 10
6050.0
 20
2850.0
 10
6050.0
 20
4300.0
 10
5450.0
 20
4300.0
  0
LINE
  5
A5
330
17
100
AcDbEntity
  8
EJES
  6
CENTER
 62
7
370
18
100
AcDbLine
 10
5750.0
 20
2350.0
 30
0.0
 11
5750.0
 21
4850.0
 31
0.0
  0
CIRCLE
  5
A6
330
17
100
AcDbEntity
  8
EJES
 62
7
370
25
100
AcDbCircle
 10
5750.0
 20
4550.0
 30
0.0
 40
170.0
  0
TEXT
  5
A7
330
17
100
AcDbEntity
  8
EJES
 62
7
100
AcDbText
 10
5750.0
 20
4550.0
 30
0.0
 40
130.0
  1
B
 72
1
 11
5750.0
 21
4550.0
 31
0.0
100
AcDbText
 73
2
  0
LWPOLYLINE
  5
A8
330
17
100
AcDbEntity
  8
COLUMNAS
 62
7
370
35
100
AcDbPolyline
 90
4
 70
1
 10
9200.0
 20
2850.0
 10
9800.0
 20
2850.0
 10
9800.0
 20
4300.0
 10
9200.0
 20
4300.0
  0
LINE
  5
A9
330
17
100
AcDbEntity
  8
EJES
  6
CENTER
 62
7
370
18
100
AcDbLine
 10
9500.0
 20
2350.0
 30
0.0
 11
9500.0
 21
4850.0
 31
0.0
  0
CIRCLE
  5
AA
330
17
100
AcDbEntity
  8
EJES
 62
7
370
25
100
AcDbCircle
 10
9500.0
 20
4550.0
 30
0.0
 40
170.0
  0
TEXT
  5
AB
330
17
100
AcDbEntity
  8
EJES
 62
7
100
AcDbText
 10
9500.0
 20
4550.0
 30
0.0
 40
130.0
  1
C
 72
1
 11
9500.0
 21
4550.0
 31
0.0
100
AcDbText
 73
2
  0
LWPOLYLINE
  5
AC
330
17
100
AcDbEntity
  8
COLUMNAS
 62
7
370
35
100
AcDbPolyline
 90
4
 70
1
 10
12950.0
 20
2850.0
 10
13550.0
 20
2850.0
 10
13550.0
 20
4300.0
 10
12950.0
 20
4300.0
  0
LINE
  5
AD
330
17
100
AcDbEntity
  8
EJES
  6
CENTER
 62
7
370
18
100
AcDbLine
 10
13250.0
 20
2350.0
 30
0.0
 11
13250.0
 21
4850.0
 31
0.0
  0
CIRCLE
  5
AE
330
17
100
AcDbEntity
  8
EJES
 62
7
370
25
100
AcDbCircle
 10
13250.0
 20
4550.0
 30
0.0
 40
170.0
  0
TEXT
  5
AF
330
17
100
AcDbEntity
  8
EJES
 62
7
100
AcDbText
 10
13250.0
 20
4550.0
 30
0.0
 40
130.0
  1
D
 72
1
 11
13250.0
 21
4550.0
 31
0.0
100
AcDbText
 73
2
  0
LINE
  5
B0
330
17
100
AcDbEntity
  8
ESTRIBOS
 62
7
370
15
100
AcDbLine
 10
6100.0
 20
3340.0
 30
0.0
 11
6100.0
 21
3810.0
 31
0.0
  0
LINE
  5
B1
330
17
100
AcDbEntity
  8
ESTRIBOS
 62
7
370
15
100
AcDbLine
 10
6216.666667
 20
3340.0
 30
0.0
 11
6216.666667
 21
3810.0
 31
0.0
  0
LINE
  5
B2
330
17
100
AcDbEntity
  8
ESTRIBOS
 62
7
370
15
100
AcDbLine
 10
6333.333333
 20
3340.0
 30
0.0
 11
6333.333333
 21
3810.0
 31
0.0
  0
LINE
  5
B3
330
17
100
AcDbEntity
  8
ESTRIBOS
 62
7
370
15
100
AcDbLine
 10
6450.0
 20
3340.0
 30
0.0
 11
6450.0
 21
3810.0
 31
0.0
  0
LINE
  5
B4
330
17
100
AcDbEntity
  8
ESTRIBOS
 62
7
370
15
100
AcDbLine
 10
6566.666667
 20
3340.0
 30
0.0
 11
6566.666667
 21
3810.0
 31
0.0
  0
LINE
  5
B5
330
17
100
AcDbEntity
  8
ESTRIBOS
 62
7
370
15
100
AcDbLine
 10
6683.333333
 20
3340.0
 30
0.0
 11
6683.333333
 21
3810.0
 31
0.0
  0
LINE
  5
B6
330
17
100
AcDbEntity
  8
ESTRIBOS
 62
7
370
15
100
AcDbLine
 10
6800.0
 20
3340.0
 30
0.0
 11
6800.0
 21
3810.0
 31
0.0
  0
LINE
  5
B7
330
17
100
AcDbEntity
  8
ESTRIBOS
 62
7
370
15
100
AcDbLine
 10
6916.666667
 20
3340.0
 30
0.0
 11
6916.666667
 21
3810.0
 31
0.0
  0
LINE
  5
B8
330
17
100
AcDbEntity
  8
ESTRIBOS
 62
7
370
15
100
AcDbLine
 10
7033.333333
 20
3340.0
 30
0.0
 11
7033.333333
 21
3810.0
 31
0.0
  0
LINE
  5
B9
330
17
100
AcDbEntity
  8
ESTRIBOS
 62
7
370
15
100
AcDbLine
 10
7150.0
 20
3340.0
 30
0.0
 11
7150.0
 21
3810.0
 31
0.0
  0
LINE
  5
BA
330
17
100
AcDbEntity
  8
ESTRIBOS
 62
7
370
15
100
AcDbLine
 10
7340.0
 20
3340.0
 30
0.0
 11
7340.0
 21
3810.0
 31
0.0
  0
LINE
  5
BB
330
17
100
AcDbEntity
  8
ESTRIBOS
 62
7
370
15
100
AcDbLine
 10
7530.0
 20
3340.0
 30
0.0
 11
7530.0
 21
3810.0
 31
0.0
  0
LINE
  5
BC
330
17
100
AcDbEntity
  8
ESTRIBOS
 62
7
370
15
100
AcDbLine
 10
7720.0
 20
3340.0
 30
0.0
 11
7720.0
 21
3810.0
 31
0.0
  0
LINE
  5
BD
330
17
100
AcDbEntity
  8
ESTRIBOS
 62
7
370
15
100
AcDbLine
 10
7910.0
 20
3340.0
 30
0.0
 11
7910.0
 21
3810.0
 31
0.0
  0
LINE
  5
BE
330
17
100
AcDbEntity
  8
ESTRIBOS
 62
7
370
15
100
AcDbLine
 10
8100.0
 20
3340.0
 30
0.0
 11
8100.0
 21
3810.0
 31
0.0
  0
LINE
  5
BF
330
17
100
AcDbEntity
  8
ESTRIBOS
 62
7
370
15
100
AcDbLine
 10
8216.666667
 20
3340.0
 30
0.0
 11
8216.666667
 21
3810.0
 31
0.0
  0
LINE
  5
C0
330
17
100
AcDbEntity
  8
ESTRIBOS
 62
7
370
15
100
AcDbLine
 10
8333.333333
 20
3340.0
 30
0.0
 11
8333.333333
 21
3810.0
 31
0.0
  0
LINE
  5
C1
330
17
100
AcDbEntity
  8
ESTRIBOS
 62
7
370
15
100
AcDbLine
 10
8450.0
 20
3340.0
 30
0.0
 11
8450.0
 21
3810.0
 31
0.0
  0
LINE
  5
C2
330
17
100
AcDbEntity
  8
ESTRIBOS
 62
7
370
15
100
AcDbLine
 10
8566.666667
 20
3340.0
 30
0.0
 11
8566.666667
 21
3810.0
 31
0.0
  0
LINE
  5
C3
330
17
100
AcDbEntity
  8
ESTRIBOS
 62
7
370
15
100
AcDbLine
 10
8683.333333
 20
3340.0
 30
0.0
 11
8683.333333
 21
3810.0
 31
0.0
  0
LINE
  5
C4
330
17
100
AcDbEntity
  8
ESTRIBOS
 62
7
370
15
100
AcDbLine
 10
8800.0
 20
3340.0
 30
0.0
 11
8800.0
 21
3810.0
 31
0.0
  0
LINE
  5
C5
330
17
100
AcDbEntity
  8
ESTRIBOS
 62
7
370
15
100
AcDbLine
 10
8916.666667
 20
3340.0
 30
0.0
 11
8916.666667
 21
3810.0
 31
0.0
  0
LINE
  5
C6
330
17
100
AcDbEntity
  8
ESTRIBOS
 62
7
370
15
100
AcDbLine
 10
9033.333333
 20
3340.0
 30
0.0
 11
9033.333333
 21
3810.0
 31
0.0
  0
LINE
  5
C7
330
17
100
AcDbEntity
  8
ESTRIBOS
 62
7
370
15
100
AcDbLine
 10
9150.0
 20
3340.0
 30
0.0
 11
9150.0
 21
3810.0
 31
0.0
  0
LINE
  5
C8
330
17
100
AcDbEntity
  8
ESTRIBOS
 62
7
370
15
100
AcDbLine
 10
9850.0
 20
3340.0
 30
0.0
 11
9850.0
 21
3810.0
 31
0.0
  0
LINE
  5
C9
330
17
100
AcDbEntity
  8
ESTRIBOS
 62
7
370
15
100
AcDbLine
 10
9966.666667
 20
3340.0
 30
0.0
 11
9966.666667
 21
3810.0
 31
0.0
  0
LINE
  5
CA
330
17
100
AcDbEntity
  8
ESTRIBOS
 62
7
370
15
100
AcDbLine
 10
10083.333333
 20
3340.0
 30
0.0
 11
10083.333333
 21
3810.0
 31
0.0
  0
LINE
  5
CB
330
17
100
AcDbEntity
  8
ESTRIBOS
 62
7
370
15
100
AcDbLine
 10
10200.0
 20
3340.0
 30
0.0
 11
10200.0
 21
3810.0
 31
0.0
  0
LINE
  5
CC
330
17
100
AcDbEntity
  8
ESTRIBOS
 62
7
370
15
100
AcDbLine
 10
10316.666667
 20
3340.0
 30
0.0
 11
10316.666667
 21
3810.0
 31
0.0
  0
LINE
  5
CD
330
17
100
AcDbEntity
  8
ESTRIBOS
 62
7
370
15
100
AcDbLine
 10
10433.333333
 20
3340.0
 30
0.0
 11
10433.333333
 21
3810.0
 31
0.0
  0
LINE
  5
CE
330
17
100
AcDbEntity
  8
ESTRIBOS
 62
7
370
15
100
AcDbLine
 10
10550.0
 20
3340.0
 30
0.0
 11
10550.0
 21
3810.0
 31
0.0
  0
LINE
  5
CF
330
17
100
AcDbEntity
  8
ESTRIBOS
 62
7
370
15
100
AcDbLine
 10
10666.666667
 20
3340.0
 30
0.0
 11
10666.666667
 21
3810.0
 31
0.0
  0
LINE
  5
D0
330
17
100
AcDbEntity
  8
ESTRIBOS
 62
7
370
15
100
AcDbLine
 10
10783.333333
 20
3340.0
 30
0.0
 11
10783.333333
 21
3810.0
 31
0.0
  0
LINE
  5
D1
330
17
100
AcDbEntity
  8
ESTRIBOS
 62
7
370
15
100
AcDbLine
 10
10900.0
 20
3340.0
 30
0.0
 11
10900.0
 21
3810.0
 31
0.0
  0
LINE
  5
D2
330
17
100
AcDbEntity
  8
ESTRIBOS
 62
7
370
15
100
AcDbLine
 10
11090.0
 20
3340.0
 30
0.0
 11
11090.0
 21
3810.0
 31
0.0
  0
LINE
  5
D3
330
17
100
AcDbEntity
  8
ESTRIBOS
 62
7
370
15
100
AcDbLine
 10
11280.0
 20
3340.0
 30
0.0
 11
11280.0
 21
3810.0
 31
0.0
  0
LINE
  5
D4
330
17
100
AcDbEntity
  8
ESTRIBOS
 62
7
370
15
100
AcDbLine
 10
11470.0
 20
3340.0
 30
0.0
 11
11470.0
 21
3810.0
 31
0.0
  0
LINE
  5
D5
330
17
100
AcDbEntity
  8
ESTRIBOS
 62
7
370
15
100
AcDbLine
 10
11660.0
 20
3340.0
 30
0.0
 11
11660.0
 21
3810.0
 31
0.0
  0
LINE
  5
D6
330
17
100
AcDbEntity
  8
ESTRIBOS
 62
7
370
15
100
AcDbLine
 10
11850.0
 20
3340.0
 30
0.0
 11
11850.0
 21
3810.0
 31
0.0
  0
LINE
  5
D7
330
17
100
AcDbEntity
  8
ESTRIBOS
 62
7
370
15
100
AcDbLine
 10
11966.666667
 20
3340.0
 30
0.0
 11
11966.666667
 21
3810.0
 31
0.0
  0
LINE
  5
D8
330
17
100
AcDbEntity
  8
ESTRIBOS
 62
7
370
15
100
AcDbLine
 10
12083.333333
 20
3340.0
 30
0.0
 11
12083.333333
 21
3810.0
 31
0.0
  0
LINE
  5
D9
330
17
100
AcDbEntity
  8
ESTRIBOS
 62
7
370
15
100
AcDbLine
 10
12200.0
 20
3340.0
 30
0.0
 11
12200.0
 21
3810.0
 31
0.0
  0
LINE
  5
DA
330
17
100
AcDbEntity
  8
ESTRIBOS
 62
7
370
15
100
AcDbLine
 10
12316.666667
 20
3340.0
 30
0.0
 11
12316.666667
 21
3810.0
 31
0.0
  0
LINE
  5
DB
330
17
100
AcDbEntity
  8
ESTRIBOS
 62
7
370
15
100
AcDbLine
 10
12433.333333
 20
3340.0
 30
0.0
 11
12433.333333
 21
3810.0
 31
0.0
  0
LINE
  5
DC
330
17
100
AcDbEntity
  8
ESTRIBOS
 62
7
370
15
100
AcDbLine
 10
12550.0
 20
3340.0
 30
0.0
 11
12550.0
 21
3810.0
 31
0.0
  0
LINE
  5
DD
330
17
100
AcDbEntity
  8
ESTRIBOS
 62
7
370
15
100
AcDbLine
 10
12666.666667
 20
3340.0
 30
0.0
 11
12666.666667
 21
3810.0
 31
0.0
  0
LINE
  5
DE
330
17
100
AcDbEntity
  8
ESTRIBOS
 62
7
370
15
100
AcDbLine
 10
12783.333333
 20
3340.0
 30
0.0
 11
12783.333333
 21
3810.0
 31
0.0
  0
LINE
  5
DF
330
17
100
AcDbEntity
  8
ESTRIBOS
 62
7
370
15
100
AcDbLine
 10
12900.0
 20
3340.0
 30
0.0
 11
12900.0
 21
3810.0
 31
0.0
  0
LINE
  5
E0
330
17
100
AcDbEntity
  8
REF_SUP_CONT
 62
7
370
40
100
AcDbLine
 10
5750.0
 20
3780.0
 30
0.0
 11
13250.0
 21
3780.0
 31
0.0
  0
LINE
  5
E1
330
17
100
AcDbEntity
  8
REF_SUP_CONT
 62
7
370
40
100
AcDbLine
 10
5750.0
 20
3780.0
 30
0.0
 11
5445.0
 21
3780.0
 31
0.0
  0
LINE
  5
E2
330
17
100
AcDbEntity
  8
REF_SUP_CONT
 62
7
370
40
100
AcDbLine
 10
5445.0
 20
3780.0
 30
0.0
 11
5445.0
 21
3585.0
 31
0.0
  0
LINE
  5
E3
330
17
100
AcDbEntity
  8
REF_SUP_CONT
 62
7
370
40
100
AcDbLine
 10
13250.0
 20
3780.0
 30
0.0
 11
13555.0
 21
3780.0
 31
0.0
  0
LINE
  5
E4
330
17
100
AcDbEntity
  8
REF_SUP_CONT
 62
7
370
40
100
AcDbLine
 10
13555.0
 20
3780.0
 30
0.0
 11
13555.0
 21
3585.0
 31
0.0
  0
LINE
  5
E5
330
17
100
AcDbEntity
  8
REF_INF
 62
7
370
40
100
AcDbLine
 10
5750.0
 20
3370.0
 30
0.0
 11
13250.0
 21
3370.0
 31
0.0
  0
LINE
  5
E6
330
17
100
AcDbEntity
  8
REF_INF
 62
7
370
40
100
AcDbLine
 10
5750.0
 20
3370.0
 30
0.0
 11
5445.0
 21
3370.0
 31
0.0
  0
LINE
  5
E7
330
17
100
AcDbEntity
  8
REF_INF
 62
7
370
40
100
AcDbLine
 10
5445.0
 20
3370.0
 30
0.0
 11
5445.0
 21
3565.0
 31
0.0
  0
LINE
  5
E8
330
17
100
AcDbEntity
  8
REF_INF
 62
7
370
40
100
AcDbLine
 10
13250.0
 20
3370.0
 30
0.0
 11
13555.0
 21
3370.0
 31
0.0
  0
LINE
  5
E9
330
17
100
AcDbEntity
  8
REF_INF
 62
7
370
40
100
AcDbLine
 10
13555.0
 20
3370.0
 30
0.0
 11
13555.0
 21
3565.0
 31
0.0
  0
LINE
  5
EA
330
17
100
AcDbEntity
  8
REF_SUP_BASTON
 62
7
370
40
100
AcDbLine
 10
5731.027647137765
 20
3675.0
 30
0.0
 11
6540.0
 21
3675.0
 31
0.0
  0
ARC
  5
EB
330
17
100
AcDbEntity
  8
REF_SUP_BASTON
 62
7
370
40
100
AcDbCircle
 10
5731.027647137765
 20
3617.05
 30
0.0
 40
57.95
100
AcDbArc
 50
90.0
 51
180.0
  0
LINE
  5
EC
330
17
100
AcDbEntity
  8
REF_SUP_BASTON
 62
7
370
40
100
AcDbLine
 10
5673.077647137765
 20
3617.05
 30
0.0
 11
5673.077647137765
 21
3422.05
 31
0.0
  0
LINE
  5
ED
330
17
100
AcDbEntity
  8
REF_SUP_BASTON
 62
7
370
40
100
AcDbLine
 10
8710.0
 20
3605.0
 30
0.0
 11
9805.0
 21
3605.0
 31
0.0
  0
LINE
  5
EE
330
17
100
AcDbEntity
  8
REF_SUP_BASTON
 62
7
370
40
100
AcDbLine
 10
9195.0
 20
3550.0
 30
0.0
 11
10290.0
 21
3550.0
 31
0.0
  0
LINE
  5
EF
330
17
100
AcDbEntity
  8
REF_SUP_BASTON
 62
7
370
40
100
AcDbLine
 10
12460.0
 20
3675.0
 30
0.0
 11
13268.972352862236
 21
3675.0
 31
0.0
  0
ARC
  5
F0
330
17
100
AcDbEntity
  8
REF_SUP_BASTON
 62
7
370
40
100
AcDbCircle
 10
13268.972352862236
 20
3617.05
 30
0.0
 40
57.95
100
AcDbArc
 50
0.0
 51
90.0
  0
LINE
  5
F1
330
17
100
AcDbEntity
  8
REF_SUP_BASTON
 62
7
370
40
100
AcDbLine
 10
13326.922352862237
 20
3617.05
 30
0.0
 11
13326.922352862237
 21
3422.05
 31
0.0
  0
LINE
  5
F2
330
17
100
AcDbEntity
  8
REF_TORSION
 62
7
370
35
100
AcDbLine
 10
5750.0
 20
3575.0
 30
0.0
 11
13250.0
 21
3575.0
 31
0.0
  0
DIMENSION
  5
F3
330
17
100
AcDbEntity
  8
COTAS
100
AcDbDimension
280
0
  2
*D1
  3
EZDXF
 10
5750.0
 20
2880.0
 30
0.0
 11
7625.0
 21
2922.6
 31
0.0
 70
32
 71
5
  1
3750 mm
100
AcDbAlignedDimension
 13
5750.0
 23
3000.0
 33
0.0
 14
9500.0
 24
3000.0
 34
0.0
 50
0.0
100
AcDbRotatedDimension
1001
ACAD
1000
DSTYLE
1002
{
1070
140
1040
85.0
1070
41
1040
45.0
1070
44
1040
70.0
1070
42
1040
25.0
1070
77
1070
1
1070
176
1070
7
1070
177
1070
7
1070
178
1070
7
1002
}
  0
DIMENSION
  5
102
330
17
100
AcDbEntity
  8
COTAS
100
AcDbDimension
280
0
  2
*D2
  3
EZDXF
 10
9500.0
 20
2880.0
 30
0.0
 11
11375.0
 21
2922.6
 31
0.0
 70
32
 71
5
  1
3750 mm
100
AcDbAlignedDimension
 13
9500.0
 23
3000.0
 33
0.0
 14
13250.0
 24
3000.0
 34
0.0
 50
0.0
100
AcDbRotatedDimension
1001
ACAD
1000
DSTYLE
1002
{
1070
140
1040
85.0
1070
41
1040
45.0
1070
44
1040
70.0
1070
42
1040
25.0
1070
77
1070
1
1070
176
1070
7
1070
177
1070
7
1070
178
1070
7
1002
}
  0
DIMENSION
  5
111
330
17
100
AcDbEntity
  8
COTAS
100
AcDbDimension
280
0
  2
*D3
  3
EZDXF
 10
5750.0
 20
2540.0
 30
0.0
 11
9500.0
 21
2582.6
 31
0.0
 70
32
 71
5
  1
LONGITUD ENTRE EJES = 7500 mm
100
AcDbAlignedDimension
 13
5750.0
 23
2660.0
 33
0.0
 14
13250.0
 24
2660.0
 34
0.0
 50
0.0
100
AcDbRotatedDimension
1001
ACAD
1000
DSTYLE
1002
{
1070
140
1040
85.0
1070
41
1040
45.0
1070
44
1040
70.0
1070
42
1040
25.0
1070
77
1070
1
1070
176
1070
7
1070
177
1070
7
1070
178
1070
7
1002
}
  0
LINE
  5
120
330
17
100
AcDbEntity
  8
CORTES
 62
7
370
25
100
AcDbLine
 10
6170.0
 20
3190.0
 30
0.0
 11
6170.0
 21
3960.0
 31
0.0
  0
CIRCLE
  5
121
330
17
100
AcDbEntity
  8
CORTES
 62
7
370
25
100
AcDbCircle
 10
6170.0
 20
3190.0
 30
0.0
 40
75.0
  0
TEXT
  5
122
330
17
100
AcDbEntity
  8
CORTES
 62
7
100
AcDbText
 10
6170.0
 20
3190.0
 30
0.0
 40
70.0
  1
A
 72
1
 11
6170.0
 21
3190.0
 31
0.0
100
AcDbText
 73
2
  0
CIRCLE
  5
123
330
17
100
AcDbEntity
  8
CORTES
 62
7
370
25
100
AcDbCircle
 10
6170.0
 20
3960.0
 30
0.0
 40
75.0
  0
TEXT
  5
124
330
17
100
AcDbEntity
  8
CORTES
 62
7
100
AcDbText
 10
6170.0
 20
3960.0
 30
0.0
 40
70.0
  1
A
 72
1
 11
6170.0
 21
3960.0
 31
0.0
100
AcDbText
 73
2
  0
LINE
  5
125
330
17
100
AcDbEntity
  8
CORTES
 62
7
370
25
100
AcDbLine
 10
7625.0
 20
3190.0
 30
0.0
 11
7625.0
 21
3960.0
 31
0.0
  0
CIRCLE
  5
126
330
17
100
AcDbEntity
  8
CORTES
 62
7
370
25
100
AcDbCircle
 10
7625.0
 20
3190.0
 30
0.0
 40
75.0
  0
TEXT
  5
127
330
17
100
AcDbEntity
  8
CORTES
 62
7
100
AcDbText
 10
7625.0
 20
3190.0
 30
0.0
 40
70.0
  1
B
 72
1
 11
7625.0
 21
3190.0
 31
0.0
100
AcDbText
 73
2
  0
CIRCLE
  5
128
330
17
100
AcDbEntity
  8
CORTES
 62
7
370
25
100
AcDbCircle
 10
7625.0
 20
3960.0
 30
0.0
 40
75.0
  0
TEXT
  5
129
330
17
100
AcDbEntity
  8
CORTES
 62
7
100
AcDbText
 10
7625.0
 20
3960.0
 30
0.0
 40
70.0
  1
B
 72
1
 11
7625.0
 21
3960.0
 31
0.0
100
AcDbText
 73
2
  0
LWPOLYLINE
  5
12A
330
17
100
AcDbEntity
  8
VIGA
 62
7
370
35
100
AcDbPolyline
 90
4
 70
1
 10
7975.0
 20
625.0
 10
8425.0
 20
625.0
 10
8425.0
 20
1175.0
 10
7975.0
 20
1175.0
  0
LWPOLYLINE
  5
12B
330
17
100
AcDbEntity
  8
ESTRIBOS
 62
7
370
25
100
AcDbPolyline
 90
4
 70
1
 10
8015.0
 20
665.0
 10
8385.0
 20
665.0
 10
8385.0
 20
1135.0
 10
8015.0
 20
1135.0
  0
CIRCLE
  5
12C
330
17
100
AcDbEntity
  8
REF_SUP_CONT
 62
7
370
35
100
AcDbCircle
 10
8032.45
 20
1117.55
 30
0.0
 40
7.95
  0
CIRCLE
  5
12D
330
17
100
AcDbEntity
  8
REF_SUP_CONT
 62
7
370
35
100
AcDbCircle
 10
8144.15
 20
1117.55
 30
0.0
 40
7.95
  0
CIRCLE
  5
12E
330
17
100
AcDbEntity
  8
REF_SUP_CONT
 62
7
370
35
100
AcDbCircle
 10
8255.85
 20
1117.55
 30
0.0
 40
7.95
  0
CIRCLE
  5
12F
330
17
100
AcDbEntity
  8
REF_SUP_CONT
 62
7
370
35
100
AcDbCircle
 10
8367.55
 20
1117.55
 30
0.0
 40
7.95
  0
CIRCLE
  5
130
330
17
100
AcDbEntity
  8
REF_INF
 62
7
370
35
100
AcDbCircle
 10
8032.45
 20
682.45
 30
0.0
 40
7.95
  0
CIRCLE
  5
131
330
17
100
AcDbEntity
  8
REF_INF
 62
7
370
35
100
AcDbCircle
 10
8144.15
 20
682.45
 30
0.0
 40
7.95
  0
CIRCLE
  5
132
330
17
100
AcDbEntity
  8
REF_INF
 62
7
370
35
100
AcDbCircle
 10
8255.85
 20
682.45
 30
0.0
 40
7.95
  0
CIRCLE
  5
133
330
17
100
AcDbEntity
  8
REF_INF
 62
7
370
35
100
AcDbCircle
 10
8367.55
 20
682.45
 30
0.0
 40
7.95
  0
CIRCLE
  5
134
330
17
100
AcDbEntity
  8
REF_TORSION
 62
7
370
30
100
AcDbCircle
 10
8032.45
 20
742.45
 30
0.0
 40
7.95
  0
CIRCLE
  5
135
330
17
100
AcDbEntity
  8
REF_TORSION
 62
7
370
30
100
AcDbCircle
 10
8367.55
 20
742.45
 30
0.0
 40
7.95
  0
CIRCLE
  5
136
330
17
100
AcDbEntity
  8
REF_TORSION
 62
7
370
30
100
AcDbCircle
 10
8032.45
 20
847.4833333333333
 30
0.0
 40
7.95
  0
CIRCLE
  5
137
330
17
100
AcDbEntity
  8
REF_TORSION
 62
7
370
30
100
AcDbCircle
 10
8367.55
 20
847.4833333333333
 30
0.0
 40
7.95
  0
CIRCLE
  5
138
330
17
100
AcDbEntity
  8
REF_TORSION
 62
7
370
30
100
AcDbCircle
 10
8032.45
 20
952.5166666666667
 30
0.0
 40
7.95
  0
CIRCLE
  5
139
330
17
100
AcDbEntity
  8
REF_TORSION
 62
7
370
30
100
AcDbCircle
 10
8367.55
 20
952.5166666666667
 30
0.0
 40
7.95
  0
CIRCLE
  5
13A
330
17
100
AcDbEntity
  8
REF_TORSION
 62
7
370
30
100
AcDbCircle
 10
8032.45
 20
1057.55
 30
0.0
 40
7.95
  0
CIRCLE
  5
13B
330
17
100
AcDbEntity
  8
REF_TORSION
 62
7
370
30
100
AcDbCircle
 10
8367.55
 20
1057.55
 30
0.0
 40
7.95
  0
TEXT
  5
13C
330
17
100
AcDbEntity
  8
CORTES
 62
7
100
AcDbText
 10
8200.0
 20
505.0
 30
0.0
 40
90.0
  1
CORTE A–A APOYO
 72
1
 11
8200.0
 21
505.0
 31
0.0
100
AcDbText
 73
2
  0
TEXT
  5
13D
330
17
100
AcDbEntity
  8
TEXTO
 62
7
100
AcDbText
 10
8200.0
 20
390.0
 30
0.0
 40
80.0
  1
450 × 550 mm
 72
1
 11
8200.0
 21
390.0
 31
0.0
100
AcDbText
 73
2
  0
LWPOLYLINE
  5
13E
330
17
100
AcDbEntity
  8
VIGA
 62
7
370
35
100
AcDbPolyline
 90
4
 70
1
 10
10575.0
 20
625.0
 10
11025.0
 20
625.0
 10
11025.0
 20
1175.0
 10
10575.0
 20
1175.0
  0
LWPOLYLINE
  5
13F
330
17
100
AcDbEntity
  8
ESTRIBOS
 62
7
370
25
100
AcDbPolyline
 90
4
 70
1
 10
10615.0
 20
665.0
 10
10985.0
 20
665.0
 10
10985.0
 20
1135.0
 10
10615.0
 20
1135.0
  0
CIRCLE
  5
140
330
17
100
AcDbEntity
  8
REF_SUP_CONT
 62
7
370
35
100
AcDbCircle
 10
10632.45
 20
1117.55
 30
0.0
 40
7.95
  0
CIRCLE
  5
141
330
17
100
AcDbEntity
  8
REF_SUP_CONT
 62
7
370
35
100
AcDbCircle
 10
10967.550000000001
 20
1117.55
 30
0.0
 40
7.95
  0
CIRCLE
  5
142
330
17
100
AcDbEntity
  8
REF_INF
 62
7
370
35
100
AcDbCircle
 10
10632.45
 20
682.45
 30
0.0
 40
7.95
  0
CIRCLE
  5
143
330
17
100
AcDbEntity
  8
REF_INF
 62
7
370
35
100
AcDbCircle
 10
10744.150000000001
 20
682.45
 30
0.0
 40
7.95
  0
CIRCLE
  5
144
330
17
100
AcDbEntity
  8
REF_INF
 62
7
370
35
100
AcDbCircle
 10
10855.85
 20
682.45
 30
0.0
 40
7.95
  0
CIRCLE
  5
145
330
17
100
AcDbEntity
  8
REF_INF
 62
7
370
35
100
AcDbCircle
 10
10967.550000000001
 20
682.45
 30
0.0
 40
7.95
  0
CIRCLE
  5
146
330
17
100
AcDbEntity
  8
REF_TORSION
 62
7
370
30
100
AcDbCircle
 10
10632.45
 20
742.45
 30
0.0
 40
7.95
  0
CIRCLE
  5
147
330
17
100
AcDbEntity
  8
REF_TORSION
 62
7
370
30
100
AcDbCircle
 10
10967.55
 20
742.45
 30
0.0
 40
7.95
  0
CIRCLE
  5
148
330
17
100
AcDbEntity
  8
REF_TORSION
 62
7
370
30
100
AcDbCircle
 10
10632.45
 20
847.4833333333333
 30
0.0
 40
7.95
  0
CIRCLE
  5
149
330
17
100
AcDbEntity
  8
REF_TORSION
 62
7
370
30
100
AcDbCircle
 10
10967.55
 20
847.4833333333333
 30
0.0
 40
7.95
  0
CIRCLE
  5
14A
330
17
100
AcDbEntity
  8
REF_TORSION
 62
7
370
30
100
AcDbCircle
 10
10632.45
 20
952.5166666666667
 30
0.0
 40
7.95
  0
CIRCLE
  5
14B
330
17
100
AcDbEntity
  8
REF_TORSION
 62
7
370
30
100
AcDbCircle
 10
10967.55
 20
952.5166666666667
 30
0.0
 40
7.95
  0
CIRCLE
  5
14C
330
17
100
AcDbEntity
  8
REF_TORSION
 62
7
370
30
100
AcDbCircle
 10
10632.45
 20
1057.55
 30
0.0
 40
7.95
  0
CIRCLE
  5
14D
330
17
100
AcDbEntity
  8
REF_TORSION
 62
7
370
30
100
AcDbCircle
 10
10967.55
 20
1057.55
 30
0.0
 40
7.95
  0
TEXT
  5
14E
330
17
100
AcDbEntity
  8
CORTES
 62
7
100
AcDbText
 10
10800.0
 20
505.0
 30
0.0
 40
90.0
  1
CORTE B–B CENTRO
 72
1
 11
10800.0
 21
505.0
 31
0.0
100
AcDbText
 73
2
  0
TEXT
  5
14F
330
17
100
AcDbEntity
  8
TEXTO
 62
7
100
AcDbText
 10
10800.0
 20
390.0
 30
0.0
 40
80.0
  1
450 × 550 mm
 72
1
 11
10800.0
 21
390.0
 31
0.0
100
AcDbText
 73
2
  0
TEXT
  5
150
330
17
100
AcDbEntity
  8
REF_SUP_CONT
 62
7
100
AcDbText
 10
350.0
 20
1450.0
 30
0.0
 40
90.0
  1
SUPERIOR: 4 Nº5 (2 continuas + 2 bastones); Lc bastón desde cada apoyo = 1095 mm
 11
350.0
 21
1450.0
 31
0.0
100
AcDbText
  0
TEXT
  5
151
330
17
100
AcDbEntity
  8
REF_INF
 62
7
100
AcDbText
 10
350.0
 20
1300.0
 30
0.0
 40
90.0
  1
INFERIOR: 4 Nº5 continuas
 11
350.0
 21
1300.0
 31
0.0
100
AcDbText
  0
TEXT
  5
152
330
17
100
AcDbEntity
  8
REF_TORSION
 62
7
100
AcDbText
 10
350.0
 20
1150.0
 30
0.0
 40
90.0
  1
TORSIÓN: 8 Nº5 dedicadas
 11
350.0
 21
1150.0
 31
0.0
100
AcDbText
  0
TEXT
  5
153
330
17
100
AcDbEntity
  8
ESTRIBOS
 62
7
100
AcDbText
 10
350.0
 20
1000.0
 30
0.0
 40
82.0
  1
ESTRIBOS: Nº3 cerrado, 2 ramas, primer estribo ≤50 mm; @120 mm en 2h desde cada apoyo y @200 mm al centro
 11
350.0
 21
1000.0
 31
0.0
100
AcDbText
  0
TEXT
  5
154
330
17
100
AcDbEntity
  8
TEXTO
 62
7
100
AcDbText
 10
350.0
 20
850.0
 30
0.0
 40
82.0
  1
ANCLAJES Nº5: ld inf/sup/ldh = 370/480/305 mm; gancho 90° cola 195 mm
 11
350.0
 21
850.0
 31
0.0
100
AcDbText
  0
TEXT
  5
155
330
17
100
AcDbEntity
  8
TEXTO
 62
7
100
AcDbText
 10
350.0
 20
180.0
 30
0.0
 40
76.0
  1
NOTA: el trazado y los ejes provienen de VIGAS CARGA.pdf; la elevación desarrolla la viga completa, usa apoyos nominales de 600 mm y marca cada tramo entre ejes.
 11
350.0
 21
180.0
 31
0.0
100
AcDbText
  0
TEXT
  5
156
330
17
100
AcDbEntity
  8
TEXTO
 62
7
100
AcDbText
 10
9500.0
 20
-1550.0
 30
0.0
 40
190.0
  1
DESPIECE COMPLETO VIGA DE CARGA VC2
 72
1
 11
9500.0
 21
-1550.0
 31
0.0
100
AcDbText
 73
2
  0
TEXT
  5
157
330
17
100
AcDbEntity
  8
TEXTO
 62
7
100
AcDbText
 10
9500.0
 20
-1800.0
 30
0.0
 40
105.0
  1
APLICA EN EJES 13 Y 1 | Sección 450 × 550 mm | 40 vigas del grupo
 72
1
 11
9500.0
 21
-1800.0
 31
0.0
100
AcDbText
 73
2
  0
TEXT
  5
158
330
17
100
AcDbEntity
  8
TEXTO
 62
7
100
AcDbText
 10
9500.0
 20
-2000.0
 30
0.0
 40
92.0
  1
DETALLE ACADÉMICO — NO EMITIR PARA CONSTRUCCIÓN | Verificación V-T: CUMPLE | Estado global del Excel: #VALUE!
 72
1
 11
9500.0
 21
-2000.0
 31
0.0
100
AcDbText
 73
2
  0
TEXT
  5
159
330
17
100
AcDbEntity
  8
TRAZADO_PLANTA
 62
7
100
AcDbText
 10
9500.0
 20
-2200.0
 30
0.0
 40
100.0
  1
TRAZADO EN PLANTA SEGÚN PDF
 72
1
 11
9500.0
 21
-2200.0
 31
0.0
100
AcDbText
 73
2
  0
LWPOLYLINE
  5
15A
330
17
100
AcDbEntity
  8
TRAZADO_PLANTA
 62
7
370
35
100
AcDbPolyline
 90
5
 70
0
 10
1750.0
 20
-2900.0
 10
5750.0
 20
-2900.0
 10
9500.0
 20
-2900.0
 10
13250.0
 20
-2900.0
 10
17250.0
 20
-2900.0
  0
CIRCLE
  5
15B
330
17
100
AcDbEntity
  8
TRAZADO_PLANTA
 62
7
370
25
100
AcDbCircle
 10
1750.0
 20
-2900.0
 30
0.0
 40
90.0
  0
TEXT
  5
15C
330
17
100
AcDbEntity
  8
TRAZADO_PLANTA
 62
7
100
AcDbText
 10
1750.0
 20
-2740.0
 30
0.0
 40
85.0
  1
A
 72
1
 11
1750.0
 21
-2740.0
 31
0.0
100
AcDbText
 73
2
  0
CIRCLE
  5
15D
330
17
100
AcDbEntity
  8
TRAZADO_PLANTA
 62
7
370
25
100
AcDbCircle
 10
5750.0
 20
-2900.0
 30
0.0
 40
90.0
  0
TEXT
  5
15E
330
17
100
AcDbEntity
  8
TRAZADO_PLANTA
 62
7
100
AcDbText
 10
5750.0
 20
-2740.0
 30
0.0
 40
85.0
  1
B
 72
1
 11
5750.0
 21
-2740.0
 31
0.0
100
AcDbText
 73
2
  0
CIRCLE
  5
15F
330
17
100
AcDbEntity
  8
TRAZADO_PLANTA
 62
7
370
25
100
AcDbCircle
 10
9500.0
 20
-2900.0
 30
0.0
 40
90.0
  0
TEXT
  5
160
330
17
100
AcDbEntity
  8
TRAZADO_PLANTA
 62
7
100
AcDbText
 10
9500.0
 20
-2740.0
 30
0.0
 40
85.0
  1
C
 72
1
 11
9500.0
 21
-2740.0
 31
0.0
100
AcDbText
 73
2
  0
CIRCLE
  5
161
330
17
100
AcDbEntity
  8
TRAZADO_PLANTA
 62
7
370
25
100
AcDbCircle
 10
13250.0
 20
-2900.0
 30
0.0
 40
90.0
  0
TEXT
  5
162
330
17
100
AcDbEntity
  8
TRAZADO_PLANTA
 62
7
100
AcDbText
 10
13250.0
 20
-2740.0
 30
0.0
 40
85.0
  1
D
 72
1
 11
13250.0
 21
-2740.0
 31
0.0
100
AcDbText
 73
2
  0
CIRCLE
  5
163
330
17
100
AcDbEntity
  8
TRAZADO_PLANTA
 62
7
370
25
100
AcDbCircle
 10
17250.0
 20
-2900.0
 30
0.0
 40
90.0
  0
TEXT
  5
164
330
17
100
AcDbEntity
  8
TRAZADO_PLANTA
 62
7
100
AcDbText
 10
17250.0
 20
-2740.0
 30
0.0
 40
85.0
  1
E
 72
1
 11
17250.0
 21
-2740.0
 31
0.0
100
AcDbText
 73
2
  0
LWPOLYLINE
  5
165
330
17
100
AcDbEntity
  8
VIGA
 62
7
370
40
100
AcDbPolyline
 90
4
 70
1
 10
1450.0
 20
-4900.0
 10
17550.0
 20
-4900.0
 10
17550.0
 20
-4350.0
 10
1450.0
 20
-4350.0
  0
LWPOLYLINE
  5
166
330
17
100
AcDbEntity
  8
COLUMNAS
 62
7
370
35
100
AcDbPolyline
 90
4
 70
1
 10
1450.0
 20
-5350.0
 10
2050.0
 20
-5350.0
 10
2050.0
 20
-3900.0
 10
1450.0
 20
-3900.0
  0
LINE
  5
167
330
17
100
AcDbEntity
  8
EJES
  6
CENTER
 62
7
370
18
100
AcDbLine
 10
1750.0
 20
-5850.0
 30
0.0
 11
1750.0
 21
-3350.0
 31
0.0
  0
CIRCLE
  5
168
330
17
100
AcDbEntity
  8
EJES
 62
7
370
25
100
AcDbCircle
 10
1750.0
 20
-3650.0
 30
0.0
 40
170.0
  0
TEXT
  5
169
330
17
100
AcDbEntity
  8
EJES
 62
7
100
AcDbText
 10
1750.0
 20
-3650.0
 30
0.0
 40
130.0
  1
A
 72
1
 11
1750.0
 21
-3650.0
 31
0.0
100
AcDbText
 73
2
  0
LWPOLYLINE
  5
16A
330
17
100
AcDbEntity
  8
COLUMNAS
 62
7
370
35
100
AcDbPolyline
 90
4
 70
1
 10
5450.0
 20
-5350.0
 10
6050.0
 20
-5350.0
 10
6050.0
 20
-3900.0
 10
5450.0
 20
-3900.0
  0
LINE
  5
16B
330
17
100
AcDbEntity
  8
EJES
  6
CENTER
 62
7
370
18
100
AcDbLine
 10
5750.0
 20
-5850.0
 30
0.0
 11
5750.0
 21
-3350.0
 31
0.0
  0
CIRCLE
  5
16C
330
17
100
AcDbEntity
  8
EJES
 62
7
370
25
100
AcDbCircle
 10
5750.0
 20
-3650.0
 30
0.0
 40
170.0
  0
TEXT
  5
16D
330
17
100
AcDbEntity
  8
EJES
 62
7
100
AcDbText
 10
5750.0
 20
-3650.0
 30
0.0
 40
130.0
  1
B
 72
1
 11
5750.0
 21
-3650.0
 31
0.0
100
AcDbText
 73
2
  0
LWPOLYLINE
  5
16E
330
17
100
AcDbEntity
  8
COLUMNAS
 62
7
370
35
100
AcDbPolyline
 90
4
 70
1
 10
9200.0
 20
-5350.0
 10
9800.0
 20
-5350.0
 10
9800.0
 20
-3900.0
 10
9200.0
 20
-3900.0
  0
LINE
  5
16F
330
17
100
AcDbEntity
  8
EJES
  6
CENTER
 62
7
370
18
100
AcDbLine
 10
9500.0
 20
-5850.0
 30
0.0
 11
9500.0
 21
-3350.0
 31
0.0
  0
CIRCLE
  5
170
330
17
100
AcDbEntity
  8
EJES
 62
7
370
25
100
AcDbCircle
 10
9500.0
 20
-3650.0
 30
0.0
 40
170.0
  0
TEXT
  5
171
330
17
100
AcDbEntity
  8
EJES
 62
7
100
AcDbText
 10
9500.0
 20
-3650.0
 30
0.0
 40
130.0
  1
C
 72
1
 11
9500.0
 21
-3650.0
 31
0.0
100
AcDbText
 73
2
  0
LWPOLYLINE
  5
172
330
17
100
AcDbEntity
  8
COLUMNAS
 62
7
370
35
100
AcDbPolyline
 90
4
 70
1
 10
12950.0
 20
-5350.0
 10
13550.0
 20
-5350.0
 10
13550.0
 20
-3900.0
 10
12950.0
 20
-3900.0
  0
LINE
  5
173
330
17
100
AcDbEntity
  8
EJES
  6
CENTER
 62
7
370
18
100
AcDbLine
 10
13250.0
 20
-5850.0
 30
0.0
 11
13250.0
 21
-3350.0
 31
0.0
  0
CIRCLE
  5
174
330
17
100
AcDbEntity
  8
EJES
 62
7
370
25
100
AcDbCircle
 10
13250.0
 20
-3650.0
 30
0.0
 40
170.0
  0
TEXT
  5
175
330
17
100
AcDbEntity
  8
EJES
 62
7
100
AcDbText
 10
13250.0
 20
-3650.0
 30
0.0
 40
130.0
  1
D
 72
1
 11
13250.0
 21
-3650.0
 31
0.0
100
AcDbText
 73
2
  0
LWPOLYLINE
  5
176
330
17
100
AcDbEntity
  8
COLUMNAS
 62
7
370
35
100
AcDbPolyline
 90
4
 70
1
 10
16950.0
 20
-5350.0
 10
17550.0
 20
-5350.0
 10
17550.0
 20
-3900.0
 10
16950.0
 20
-3900.0
  0
LINE
  5
177
330
17
100
AcDbEntity
  8
EJES
  6
CENTER
 62
7
370
18
100
AcDbLine
 10
17250.0
 20
-5850.0
 30
0.0
 11
17250.0
 21
-3350.0
 31
0.0
  0
CIRCLE
  5
178
330
17
100
AcDbEntity
  8
EJES
 62
7
370
25
100
AcDbCircle
 10
17250.0
 20
-3650.0
 30
0.0
 40
170.0
  0
TEXT
  5
179
330
17
100
AcDbEntity
  8
EJES
 62
7
100
AcDbText
 10
17250.0
 20
-3650.0
 30
0.0
 40
130.0
  1
E
 72
1
 11
17250.0
 21
-3650.0
 31
0.0
100
AcDbText
 73
2
  0
LINE
  5
17A
330
17
100
AcDbEntity
  8
ESTRIBOS
 62
7
370
15
100
AcDbLine
 10
2100.0
 20
-4860.0
 30
0.0
 11
2100.0
 21
-4390.0
 31
0.0
  0
LINE
  5
17B
330
17
100
AcDbEntity
  8
ESTRIBOS
 62
7
370
15
100
AcDbLine
 10
2195.454545
 20
-4860.0
 30
0.0
 11
2195.454545
 21
-4390.0
 31
0.0
  0
LINE
  5
17C
330
17
100
AcDbEntity
  8
ESTRIBOS
 62
7
370
15
100
AcDbLine
 10
2290.909091
 20
-4860.0
 30
0.0
 11
2290.909091
 21
-4390.0
 31
0.0
  0
LINE
  5
17D
330
17
100
AcDbEntity
  8
ESTRIBOS
 62
7
370
15
100
AcDbLine
 10
2386.363636
 20
-4860.0
 30
0.0
 11
2386.363636
 21
-4390.0
 31
0.0
  0
LINE
  5
17E
330
17
100
AcDbEntity
  8
ESTRIBOS
 62
7
370
15
100
AcDbLine
 10
2481.818182
 20
-4860.0
 30
0.0
 11
2481.818182
 21
-4390.0
 31
0.0
  0
LINE
  5
17F
330
17
100
AcDbEntity
  8
ESTRIBOS
 62
7
370
15
100
AcDbLine
 10
2577.272727
 20
-4860.0
 30
0.0
 11
2577.272727
 21
-4390.0
 31
0.0
  0
LINE
  5
180
330
17
100
AcDbEntity
  8
ESTRIBOS
 62
7
370
15
100
AcDbLine
 10
2672.727273
 20
-4860.0
 30
0.0
 11
2672.727273
 21
-4390.0
 31
0.0
  0
LINE
  5
181
330
17
100
AcDbEntity
  8
ESTRIBOS
 62
7
370
15
100
AcDbLine
 10
2768.181818
 20
-4860.0
 30
0.0
 11
2768.181818
 21
-4390.0
 31
0.0
  0
LINE
  5
182
330
17
100
AcDbEntity
  8
ESTRIBOS
 62
7
370
15
100
AcDbLine
 10
2863.636364
 20
-4860.0
 30
0.0
 11
2863.636364
 21
-4390.0
 31
0.0
  0
LINE
  5
183
330
17
100
AcDbEntity
  8
ESTRIBOS
 62
7
370
15
100
AcDbLine
 10
2959.090909
 20
-4860.0
 30
0.0
 11
2959.090909
 21
-4390.0
 31
0.0
  0
LINE
  5
184
330
17
100
AcDbEntity
  8
ESTRIBOS
 62
7
370
15
100
AcDbLine
 10
3054.545455
 20
-4860.0
 30
0.0
 11
3054.545455
 21
-4390.0
 31
0.0
  0
LINE
  5
185
330
17
100
AcDbEntity
  8
ESTRIBOS
 62
7
370
15
100
AcDbLine
 10
3150.0
 20
-4860.0
 30
0.0
 11
3150.0
 21
-4390.0
 31
0.0
  0
LINE
  5
186
330
17
100
AcDbEntity
  8
ESTRIBOS
 62
7
370
15
100
AcDbLine
 10
3250.0
 20
-4860.0
 30
0.0
 11
3250.0
 21
-4390.0
 31
0.0
  0
LINE
  5
187
330
17
100
AcDbEntity
  8
ESTRIBOS
 62
7
370
15
100
AcDbLine
 10
3350.0
 20
-4860.0
 30
0.0
 11
3350.0
 21
-4390.0
 31
0.0
  0
LINE
  5
188
330
17
100
AcDbEntity
  8
ESTRIBOS
 62
7
370
15
100
AcDbLine
 10
3450.0
 20
-4860.0
 30
0.0
 11
3450.0
 21
-4390.0
 31
0.0
  0
LINE
  5
189
330
17
100
AcDbEntity
  8
ESTRIBOS
 62
7
370
15
100
AcDbLine
 10
3550.0
 20
-4860.0
 30
0.0
 11
3550.0
 21
-4390.0
 31
0.0
  0
LINE
  5
18A
330
17
100
AcDbEntity
  8
ESTRIBOS
 62
7
370
15
100
AcDbLine
 10
3650.0
 20
-4860.0
 30
0.0
 11
3650.0
 21
-4390.0
 31
0.0
  0
LINE
  5
18B
330
17
100
AcDbEntity
  8
ESTRIBOS
 62
7
370
15
100
AcDbLine
 10
3750.0
 20
-4860.0
 30
0.0
 11
3750.0
 21
-4390.0
 31
0.0
  0
LINE
  5
18C
330
17
100
AcDbEntity
  8
ESTRIBOS
 62
7
370
15
100
AcDbLine
 10
3850.0
 20
-4860.0
 30
0.0
 11
3850.0
 21
-4390.0
 31
0.0
  0
LINE
  5
18D
330
17
100
AcDbEntity
  8
ESTRIBOS
 62
7
370
15
100
AcDbLine
 10
3950.0
 20
-4860.0
 30
0.0
 11
3950.0
 21
-4390.0
 31
0.0
  0
LINE
  5
18E
330
17
100
AcDbEntity
  8
ESTRIBOS
 62
7
370
15
100
AcDbLine
 10
4050.0
 20
-4860.0
 30
0.0
 11
4050.0
 21
-4390.0
 31
0.0
  0
LINE
  5
18F
330
17
100
AcDbEntity
  8
ESTRIBOS
 62
7
370
15
100
AcDbLine
 10
4150.0
 20
-4860.0
 30
0.0
 11
4150.0
 21
-4390.0
 31
0.0
  0
LINE
  5
190
330
17
100
AcDbEntity
  8
ESTRIBOS
 62
7
370
15
100
AcDbLine
 10
4250.0
 20
-4860.0
 30
0.0
 11
4250.0
 21
-4390.0
 31
0.0
  0
LINE
  5
191
330
17
100
AcDbEntity
  8
ESTRIBOS
 62
7
370
15
100
AcDbLine
 10
4350.0
 20
-4860.0
 30
0.0
 11
4350.0
 21
-4390.0
 31
0.0
  0
LINE
  5
192
330
17
100
AcDbEntity
  8
ESTRIBOS
 62
7
370
15
100
AcDbLine
 10
4445.454545
 20
-4860.0
 30
0.0
 11
4445.454545
 21
-4390.0
 31
0.0
  0
LINE
  5
193
330
17
100
AcDbEntity
  8
ESTRIBOS
 62
7
370
15
100
AcDbLine
 10
4540.909091
 20
-4860.0
 30
0.0
 11
4540.909091
 21
-4390.0
 31
0.0
  0
LINE
  5
194
330
17
100
AcDbEntity
  8
ESTRIBOS
 62
7
370
15
100
AcDbLine
 10
4636.363636
 20
-4860.0
 30
0.0
 11
4636.363636
 21
-4390.0
 31
0.0
  0
LINE
  5
195
330
17
100
AcDbEntity
  8
ESTRIBOS
 62
7
370
15
100
AcDbLine
 10
4731.818182
 20
-4860.0
 30
0.0
 11
4731.818182
 21
-4390.0
 31
0.0
  0
LINE
  5
196
330
17
100
AcDbEntity
  8
ESTRIBOS
 62
7
370
15
100
AcDbLine
 10
4827.272727
 20
-4860.0
 30
0.0
 11
4827.272727
 21
-4390.0
 31
0.0
  0
LINE
  5
197
330
17
100
AcDbEntity
  8
ESTRIBOS
 62
7
370
15
100
AcDbLine
 10
4922.727273
 20
-4860.0
 30
0.0
 11
4922.727273
 21
-4390.0
 31
0.0
  0
LINE
  5
198
330
17
100
AcDbEntity
  8
ESTRIBOS
 62
7
370
15
100
AcDbLine
 10
5018.181818
 20
-4860.0
 30
0.0
 11
5018.181818
 21
-4390.0
 31
0.0
  0
LINE
  5
199
330
17
100
AcDbEntity
  8
ESTRIBOS
 62
7
370
15
100
AcDbLine
 10
5113.636364
 20
-4860.0
 30
0.0
 11
5113.636364
 21
-4390.0
 31
0.0
  0
LINE
  5
19A
330
17
100
AcDbEntity
  8
ESTRIBOS
 62
7
370
15
100
AcDbLine
 10
5209.090909
 20
-4860.0
 30
0.0
 11
5209.090909
 21
-4390.0
 31
0.0
  0
LINE
  5
19B
330
17
100
AcDbEntity
  8
ESTRIBOS
 62
7
370
15
100
AcDbLine
 10
5304.545455
 20
-4860.0
 30
0.0
 11
5304.545455
 21
-4390.0
 31
0.0
  0
LINE
  5
19C
330
17
100
AcDbEntity
  8
ESTRIBOS
 62
7
370
15
100
AcDbLine
 10
5400.0
 20
-4860.0
 30
0.0
 11
5400.0
 21
-4390.0
 31
0.0
  0
LINE
  5
19D
330
17
100
AcDbEntity
  8
ESTRIBOS
 62
7
370
15
100
AcDbLine
 10
6100.0
 20
-4860.0
 30
0.0
 11
6100.0
 21
-4390.0
 31
0.0
  0
LINE
  5
19E
330
17
100
AcDbEntity
  8
ESTRIBOS
 62
7
370
15
100
AcDbLine
 10
6195.454545
 20
-4860.0
 30
0.0
 11
6195.454545
 21
-4390.0
 31
0.0
  0
LINE
  5
19F
330
17
100
AcDbEntity
  8
ESTRIBOS
 62
7
370
15
100
AcDbLine
 10
6290.909091
 20
-4860.0
 30
0.0
 11
6290.909091
 21
-4390.0
 31
0.0
  0
LINE
  5
1A0
330
17
100
AcDbEntity
  8
ESTRIBOS
 62
7
370
15
100
AcDbLine
 10
6386.363636
 20
-4860.0
 30
0.0
 11
6386.363636
 21
-4390.0
 31
0.0
  0
LINE
  5
1A1
330
17
100
AcDbEntity
  8
ESTRIBOS
 62
7
370
15
100
AcDbLine
 10
6481.818182
 20
-4860.0
 30
0.0
 11
6481.818182
 21
-4390.0
 31
0.0
  0
LINE
  5
1A2
330
17
100
AcDbEntity
  8
ESTRIBOS
 62
7
370
15
100
AcDbLine
 10
6577.272727
 20
-4860.0
 30
0.0
 11
6577.272727
 21
-4390.0
 31
0.0
  0
LINE
  5
1A3
330
17
100
AcDbEntity
  8
ESTRIBOS
 62
7
370
15
100
AcDbLine
 10
6672.727273
 20
-4860.0
 30
0.0
 11
6672.727273
 21
-4390.0
 31
0.0
  0
LINE
  5
1A4
330
17
100
AcDbEntity
  8
ESTRIBOS
 62
7
370
15
100
AcDbLine
 10
6768.181818
 20
-4860.0
 30
0.0
 11
6768.181818
 21
-4390.0
 31
0.0
  0
LINE
  5
1A5
330
17
100
AcDbEntity
  8
ESTRIBOS
 62
7
370
15
100
AcDbLine
 10
6863.636364
 20
-4860.0
 30
0.0
 11
6863.636364
 21
-4390.0
 31
0.0
  0
LINE
  5
1A6
330
17
100
AcDbEntity
  8
ESTRIBOS
 62
7
370
15
100
AcDbLine
 10
6959.090909
 20
-4860.0
 30
0.0
 11
6959.090909
 21
-4390.0
 31
0.0
  0
LINE
  5
1A7
330
17
100
AcDbEntity
  8
ESTRIBOS
 62
7
370
15
100
AcDbLine
 10
7054.545455
 20
-4860.0
 30
0.0
 11
7054.545455
 21
-4390.0
 31
0.0
  0
LINE
  5
1A8
330
17
100
AcDbEntity
  8
ESTRIBOS
 62
7
370
15
100
AcDbLine
 10
7150.0
 20
-4860.0
 30
0.0
 11
7150.0
 21
-4390.0
 31
0.0
  0
LINE
  5
1A9
330
17
100
AcDbEntity
  8
ESTRIBOS
 62
7
370
15
100
AcDbLine
 10
7245.0
 20
-4860.0
 30
0.0
 11
7245.0
 21
-4390.0
 31
0.0
  0
LINE
  5
1AA
330
17
100
AcDbEntity
  8
ESTRIBOS
 62
7
370
15
100
AcDbLine
 10
7340.0
 20
-4860.0
 30
0.0
 11
7340.0
 21
-4390.0
 31
0.0
  0
LINE
  5
1AB
330
17
100
AcDbEntity
  8
ESTRIBOS
 62
7
370
15
100
AcDbLine
 10
7435.0
 20
-4860.0
 30
0.0
 11
7435.0
 21
-4390.0
 31
0.0
  0
LINE
  5
1AC
330
17
100
AcDbEntity
  8
ESTRIBOS
 62
7
370
15
100
AcDbLine
 10
7530.0
 20
-4860.0
 30
0.0
 11
7530.0
 21
-4390.0
 31
0.0
  0
LINE
  5
1AD
330
17
100
AcDbEntity
  8
ESTRIBOS
 62
7
370
15
100
AcDbLine
 10
7625.0
 20
-4860.0
 30
0.0
 11
7625.0
 21
-4390.0
 31
0.0
  0
LINE
  5
1AE
330
17
100
AcDbEntity
  8
ESTRIBOS
 62
7
370
15
100
AcDbLine
 10
7720.0
 20
-4860.0
 30
0.0
 11
7720.0
 21
-4390.0
 31
0.0
  0
LINE
  5
1AF
330
17
100
AcDbEntity
  8
ESTRIBOS
 62
7
370
15
100
AcDbLine
 10
7815.0
 20
-4860.0
 30
0.0
 11
7815.0
 21
-4390.0
 31
0.0
  0
LINE
  5
1B0
330
17
100
AcDbEntity
  8
ESTRIBOS
 62
7
370
15
100
AcDbLine
 10
7910.0
 20
-4860.0
 30
0.0
 11
7910.0
 21
-4390.0
 31
0.0
  0
LINE
  5
1B1
330
17
100
AcDbEntity
  8
ESTRIBOS
 62
7
370
15
100
AcDbLine
 10
8005.0
 20
-4860.0
 30
0.0
 11
8005.0
 21
-4390.0
 31
0.0
  0
LINE
  5
1B2
330
17
100
AcDbEntity
  8
ESTRIBOS
 62
7
370
15
100
AcDbLine
 10
8100.0
 20
-4860.0
 30
0.0
 11
8100.0
 21
-4390.0
 31
0.0
  0
LINE
  5
1B3
330
17
100
AcDbEntity
  8
ESTRIBOS
 62
7
370
15
100
AcDbLine
 10
8195.454545
 20
-4860.0
 30
0.0
 11
8195.454545
 21
-4390.0
 31
0.0
  0
LINE
  5
1B4
330
17
100
AcDbEntity
  8
ESTRIBOS
 62
7
370
15
100
AcDbLine
 10
8290.909091
 20
-4860.0
 30
0.0
 11
8290.909091
 21
-4390.0
 31
0.0
  0
LINE
  5
1B5
330
17
100
AcDbEntity
  8
ESTRIBOS
 62
7
370
15
100
AcDbLine
 10
8386.363636
 20
-4860.0
 30
0.0
 11
8386.363636
 21
-4390.0
 31
0.0
  0
LINE
  5
1B6
330
17
100
AcDbEntity
  8
ESTRIBOS
 62
7
370
15
100
AcDbLine
 10
8481.818182
 20
-4860.0
 30
0.0
 11
8481.818182
 21
-4390.0
 31
0.0
  0
LINE
  5
1B7
330
17
100
AcDbEntity
  8
ESTRIBOS
 62
7
370
15
100
AcDbLine
 10
8577.272727
 20
-4860.0
 30
0.0
 11
8577.272727
 21
-4390.0
 31
0.0
  0
LINE
  5
1B8
330
17
100
AcDbEntity
  8
ESTRIBOS
 62
7
370
15
100
AcDbLine
 10
8672.727273
 20
-4860.0
 30
0.0
 11
8672.727273
 21
-4390.0
 31
0.0
  0
LINE
  5
1B9
330
17
100
AcDbEntity
  8
ESTRIBOS
 62
7
370
15
100
AcDbLine
 10
8768.181818
 20
-4860.0
 30
0.0
 11
8768.181818
 21
-4390.0
 31
0.0
  0
LINE
  5
1BA
330
17
100
AcDbEntity
  8
ESTRIBOS
 62
7
370
15
100
AcDbLine
 10
8863.636364
 20
-4860.0
 30
0.0
 11
8863.636364
 21
-4390.0
 31
0.0
  0
LINE
  5
1BB
330
17
100
AcDbEntity
  8
ESTRIBOS
 62
7
370
15
100
AcDbLine
 10
8959.090909
 20
-4860.0
 30
0.0
 11
8959.090909
 21
-4390.0
 31
0.0
  0
LINE
  5
1BC
330
17
100
AcDbEntity
  8
ESTRIBOS
 62
7
370
15
100
AcDbLine
 10
9054.545455
 20
-4860.0
 30
0.0
 11
9054.545455
 21
-4390.0
 31
0.0
  0
LINE
  5
1BD
330
17
100
AcDbEntity
  8
ESTRIBOS
 62
7
370
15
100
AcDbLine
 10
9150.0
 20
-4860.0
 30
0.0
 11
9150.0
 21
-4390.0
 31
0.0
  0
LINE
  5
1BE
330
17
100
AcDbEntity
  8
ESTRIBOS
 62
7
370
15
100
AcDbLine
 10
9850.0
 20
-4860.0
 30
0.0
 11
9850.0
 21
-4390.0
 31
0.0
  0
LINE
  5
1BF
330
17
100
AcDbEntity
  8
ESTRIBOS
 62
7
370
15
100
AcDbLine
 10
9945.454545
 20
-4860.0
 30
0.0
 11
9945.454545
 21
-4390.0
 31
0.0
  0
LINE
  5
1C0
330
17
100
AcDbEntity
  8
ESTRIBOS
 62
7
370
15
100
AcDbLine
 10
10040.909091
 20
-4860.0
 30
0.0
 11
10040.909091
 21
-4390.0
 31
0.0
  0
LINE
  5
1C1
330
17
100
AcDbEntity
  8
ESTRIBOS
 62
7
370
15
100
AcDbLine
 10
10136.363636
 20
-4860.0
 30
0.0
 11
10136.363636
 21
-4390.0
 31
0.0
  0
LINE
  5
1C2
330
17
100
AcDbEntity
  8
ESTRIBOS
 62
7
370
15
100
AcDbLine
 10
10231.818182
 20
-4860.0
 30
0.0
 11
10231.818182
 21
-4390.0
 31
0.0
  0
LINE
  5
1C3
330
17
100
AcDbEntity
  8
ESTRIBOS
 62
7
370
15
100
AcDbLine
 10
10327.272727
 20
-4860.0
 30
0.0
 11
10327.272727
 21
-4390.0
 31
0.0
  0
LINE
  5
1C4
330
17
100
AcDbEntity
  8
ESTRIBOS
 62
7
370
15
100
AcDbLine
 10
10422.727273
 20
-4860.0
 30
0.0
 11
10422.727273
 21
-4390.0
 31
0.0
  0
LINE
  5
1C5
330
17
100
AcDbEntity
  8
ESTRIBOS
 62
7
370
15
100
AcDbLine
 10
10518.181818
 20
-4860.0
 30
0.0
 11
10518.181818
 21
-4390.0
 31
0.0
  0
LINE
  5
1C6
330
17
100
AcDbEntity
  8
ESTRIBOS
 62
7
370
15
100
AcDbLine
 10
10613.636364
 20
-4860.0
 30
0.0
 11
10613.636364
 21
-4390.0
 31
0.0
  0
LINE
  5
1C7
330
17
100
AcDbEntity
  8
ESTRIBOS
 62
7
370
15
100
AcDbLine
 10
10709.090909
 20
-4860.0
 30
0.0
 11
10709.090909
 21
-4390.0
 31
0.0
  0
LINE
  5
1C8
330
17
100
AcDbEntity
  8
ESTRIBOS
 62
7
370
15
100
AcDbLine
 10
10804.545455
 20
-4860.0
 30
0.0
 11
10804.545455
 21
-4390.0
 31
0.0
  0
LINE
  5
1C9
330
17
100
AcDbEntity
  8
ESTRIBOS
 62
7
370
15
100
AcDbLine
 10
10900.0
 20
-4860.0
 30
0.0
 11
10900.0
 21
-4390.0
 31
0.0
  0
LINE
  5
1CA
330
17
100
AcDbEntity
  8
ESTRIBOS
 62
7
370
15
100
AcDbLine
 10
10995.0
 20
-4860.0
 30
0.0
 11
10995.0
 21
-4390.0
 31
0.0
  0
LINE
  5
1CB
330
17
100
AcDbEntity
  8
ESTRIBOS
 62
7
370
15
100
AcDbLine
 10
11090.0
 20
-4860.0
 30
0.0
 11
11090.0
 21
-4390.0
 31
0.0
  0
LINE
  5
1CC
330
17
100
AcDbEntity
  8
ESTRIBOS
 62
7
370
15
100
AcDbLine
 10
11185.0
 20
-4860.0
 30
0.0
 11
11185.0
 21
-4390.0
 31
0.0
  0
LINE
  5
1CD
330
17
100
AcDbEntity
  8
ESTRIBOS
 62
7
370
15
100
AcDbLine
 10
11280.0
 20
-4860.0
 30
0.0
 11
11280.0
 21
-4390.0
 31
0.0
  0
LINE
  5
1CE
330
17
100
AcDbEntity
  8
ESTRIBOS
 62
7
370
15
100
AcDbLine
 10
11375.0
 20
-4860.0
 30
0.0
 11
11375.0
 21
-4390.0
 31
0.0
  0
LINE
  5
1CF
330
17
100
AcDbEntity
  8
ESTRIBOS
 62
7
370
15
100
AcDbLine
 10
11470.0
 20
-4860.0
 30
0.0
 11
11470.0
 21
-4390.0
 31
0.0
  0
LINE
  5
1D0
330
17
100
AcDbEntity
  8
ESTRIBOS
 62
7
370
15
100
AcDbLine
 10
11565.0
 20
-4860.0
 30
0.0
 11
11565.0
 21
-4390.0
 31
0.0
  0
LINE
  5
1D1
330
17
100
AcDbEntity
  8
ESTRIBOS
 62
7
370
15
100
AcDbLine
 10
11660.0
 20
-4860.0
 30
0.0
 11
11660.0
 21
-4390.0
 31
0.0
  0
LINE
  5
1D2
330
17
100
AcDbEntity
  8
ESTRIBOS
 62
7
370
15
100
AcDbLine
 10
11755.0
 20
-4860.0
 30
0.0
 11
11755.0
 21
-4390.0
 31
0.0
  0
LINE
  5
1D3
330
17
100
AcDbEntity
  8
ESTRIBOS
 62
7
370
15
100
AcDbLine
 10
11850.0
 20
-4860.0
 30
0.0
 11
11850.0
 21
-4390.0
 31
0.0
  0
LINE
  5
1D4
330
17
100
AcDbEntity
  8
ESTRIBOS
 62
7
370
15
100
AcDbLine
 10
11945.454545
 20
-4860.0
 30
0.0
 11
11945.454545
 21
-4390.0
 31
0.0
  0
LINE
  5
1D5
330
17
100
AcDbEntity
  8
ESTRIBOS
 62
7
370
15
100
AcDbLine
 10
12040.909091
 20
-4860.0
 30
0.0
 11
12040.909091
 21
-4390.0
 31
0.0
  0
LINE
  5
1D6
330
17
100
AcDbEntity
  8
ESTRIBOS
 62
7
370
15
100
AcDbLine
 10
12136.363636
 20
-4860.0
 30
0.0
 11
12136.363636
 21
-4390.0
 31
0.0
  0
LINE
  5
1D7
330
17
100
AcDbEntity
  8
ESTRIBOS
 62
7
370
15
100
AcDbLine
 10
12231.818182
 20
-4860.0
 30
0.0
 11
12231.818182
 21
-4390.0
 31
0.0
  0
LINE
  5
1D8
330
17
100
AcDbEntity
  8
ESTRIBOS
 62
7
370
15
100
AcDbLine
 10
12327.272727
 20
-4860.0
 30
0.0
 11
12327.272727
 21
-4390.0
 31
0.0
  0
LINE
  5
1D9
330
17
100
AcDbEntity
  8
ESTRIBOS
 62
7
370
15
100
AcDbLine
 10
12422.727273
 20
-4860.0
 30
0.0
 11
12422.727273
 21
-4390.0
 31
0.0
  0
LINE
  5
1DA
330
17
100
AcDbEntity
  8
ESTRIBOS
 62
7
370
15
100
AcDbLine
 10
12518.181818
 20
-4860.0
 30
0.0
 11
12518.181818
 21
-4390.0
 31
0.0
  0
LINE
  5
1DB
330
17
100
AcDbEntity
  8
ESTRIBOS
 62
7
370
15
100
AcDbLine
 10
12613.636364
 20
-4860.0
 30
0.0
 11
12613.636364
 21
-4390.0
 31
0.0
  0
LINE
  5
1DC
330
17
100
AcDbEntity
  8
ESTRIBOS
 62
7
370
15
100
AcDbLine
 10
12709.090909
 20
-4860.0
 30
0.0
 11
12709.090909
 21
-4390.0
 31
0.0
  0
LINE
  5
1DD
330
17
100
AcDbEntity
  8
ESTRIBOS
 62
7
370
15
100
AcDbLine
 10
12804.545455
 20
-4860.0
 30
0.0
 11
12804.545455
 21
-4390.0
 31
0.0
  0
LINE
  5
1DE
330
17
100
AcDbEntity
  8
ESTRIBOS
 62
7
370
15
100
AcDbLine
 10
12900.0
 20
-4860.0
 30
0.0
 11
12900.0
 21
-4390.0
 31
0.0
  0
LINE
  5
1DF
330
17
100
AcDbEntity
  8
ESTRIBOS
 62
7
370
15
100
AcDbLine
 10
13600.0
 20
-4860.0
 30
0.0
 11
13600.0
 21
-4390.0
 31
0.0
  0
LINE
  5
1E0
330
17
100
AcDbEntity
  8
ESTRIBOS
 62
7
370
15
100
AcDbLine
 10
13695.454545
 20
-4860.0
 30
0.0
 11
13695.454545
 21
-4390.0
 31
0.0
  0
LINE
  5
1E1
330
17
100
AcDbEntity
  8
ESTRIBOS
 62
7
370
15
100
AcDbLine
 10
13790.909091
 20
-4860.0
 30
0.0
 11
13790.909091
 21
-4390.0
 31
0.0
  0
LINE
  5
1E2
330
17
100
AcDbEntity
  8
ESTRIBOS
 62
7
370
15
100
AcDbLine
 10
13886.363636
 20
-4860.0
 30
0.0
 11
13886.363636
 21
-4390.0
 31
0.0
  0
LINE
  5
1E3
330
17
100
AcDbEntity
  8
ESTRIBOS
 62
7
370
15
100
AcDbLine
 10
13981.818182
 20
-4860.0
 30
0.0
 11
13981.818182
 21
-4390.0
 31
0.0
  0
LINE
  5
1E4
330
17
100
AcDbEntity
  8
ESTRIBOS
 62
7
370
15
100
AcDbLine
 10
14077.272727
 20
-4860.0
 30
0.0
 11
14077.272727
 21
-4390.0
 31
0.0
  0
LINE
  5
1E5
330
17
100
AcDbEntity
  8
ESTRIBOS
 62
7
370
15
100
AcDbLine
 10
14172.727273
 20
-4860.0
 30
0.0
 11
14172.727273
 21
-4390.0
 31
0.0
  0
LINE
  5
1E6
330
17
100
AcDbEntity
  8
ESTRIBOS
 62
7
370
15
100
AcDbLine
 10
14268.181818
 20
-4860.0
 30
0.0
 11
14268.181818
 21
-4390.0
 31
0.0
  0
LINE
  5
1E7
330
17
100
AcDbEntity
  8
ESTRIBOS
 62
7
370
15
100
AcDbLine
 10
14363.636364
 20
-4860.0
 30
0.0
 11
14363.636364
 21
-4390.0
 31
0.0
  0
LINE
  5
1E8
330
17
100
AcDbEntity
  8
ESTRIBOS
 62
7
370
15
100
AcDbLine
 10
14459.090909
 20
-4860.0
 30
0.0
 11
14459.090909
 21
-4390.0
 31
0.0
  0
LINE
  5
1E9
330
17
100
AcDbEntity
  8
ESTRIBOS
 62
7
370
15
100
AcDbLine
 10
14554.545455
 20
-4860.0
 30
0.0
 11
14554.545455
 21
-4390.0
 31
0.0
  0
LINE
  5
1EA
330
17
100
AcDbEntity
  8
ESTRIBOS
 62
7
370
15
100
AcDbLine
 10
14650.0
 20
-4860.0
 30
0.0
 11
14650.0
 21
-4390.0
 31
0.0
  0
LINE
  5
1EB
330
17
100
AcDbEntity
  8
ESTRIBOS
 62
7
370
15
100
AcDbLine
 10
14750.0
 20
-4860.0
 30
0.0
 11
14750.0
 21
-4390.0
 31
0.0
  0
LINE
  5
1EC
330
17
100
AcDbEntity
  8
ESTRIBOS
 62
7
370
15
100
AcDbLine
 10
14850.0
 20
-4860.0
 30
0.0
 11
14850.0
 21
-4390.0
 31
0.0
  0
LINE
  5
1ED
330
17
100
AcDbEntity
  8
ESTRIBOS
 62
7
370
15
100
AcDbLine
 10
14950.0
 20
-4860.0
 30
0.0
 11
14950.0
 21
-4390.0
 31
0.0
  0
LINE
  5
1EE
330
17
100
AcDbEntity
  8
ESTRIBOS
 62
7
370
15
100
AcDbLine
 10
15050.0
 20
-4860.0
 30
0.0
 11
15050.0
 21
-4390.0
 31
0.0
  0
LINE
  5
1EF
330
17
100
AcDbEntity
  8
ESTRIBOS
 62
7
370
15
100
AcDbLine
 10
15150.0
 20
-4860.0
 30
0.0
 11
15150.0
 21
-4390.0
 31
0.0
  0
LINE
  5
1F0
330
17
100
AcDbEntity
  8
ESTRIBOS
 62
7
370
15
100
AcDbLine
 10
15250.0
 20
-4860.0
 30
0.0
 11
15250.0
 21
-4390.0
 31
0.0
  0
LINE
  5
1F1
330
17
100
AcDbEntity
  8
ESTRIBOS
 62
7
370
15
100
AcDbLine
 10
15350.0
 20
-4860.0
 30
0.0
 11
15350.0
 21
-4390.0
 31
0.0
  0
LINE
  5
1F2
330
17
100
AcDbEntity
  8
ESTRIBOS
 62
7
370
15
100
AcDbLine
 10
15450.0
 20
-4860.0
 30
0.0
 11
15450.0
 21
-4390.0
 31
0.0
  0
LINE
  5
1F3
330
17
100
AcDbEntity
  8
ESTRIBOS
 62
7
370
15
100
AcDbLine
 10
15550.0
 20
-4860.0
 30
0.0
 11
15550.0
 21
-4390.0
 31
0.0
  0
LINE
  5
1F4
330
17
100
AcDbEntity
  8
ESTRIBOS
 62
7
370
15
100
AcDbLine
 10
15650.0
 20
-4860.0
 30
0.0
 11
15650.0
 21
-4390.0
 31
0.0
  0
LINE
  5
1F5
330
17
100
AcDbEntity
  8
ESTRIBOS
 62
7
370
15
100
AcDbLine
 10
15750.0
 20
-4860.0
 30
0.0
 11
15750.0
 21
-4390.0
 31
0.0
  0
LINE
  5
1F6
330
17
100
AcDbEntity
  8
ESTRIBOS
 62
7
370
15
100
AcDbLine
 10
15850.0
 20
-4860.0
 30
0.0
 11
15850.0
 21
-4390.0
 31
0.0
  0
LINE
  5
1F7
330
17
100
AcDbEntity
  8
ESTRIBOS
 62
7
370
15
100
AcDbLine
 10
15945.454545
 20
-4860.0
 30
0.0
 11
15945.454545
 21
-4390.0
 31
0.0
  0
LINE
  5
1F8
330
17
100
AcDbEntity
  8
ESTRIBOS
 62
7
370
15
100
AcDbLine
 10
16040.909091
 20
-4860.0
 30
0.0
 11
16040.909091
 21
-4390.0
 31
0.0
  0
LINE
  5
1F9
330
17
100
AcDbEntity
  8
ESTRIBOS
 62
7
370
15
100
AcDbLine
 10
16136.363636
 20
-4860.0
 30
0.0
 11
16136.363636
 21
-4390.0
 31
0.0
  0
LINE
  5
1FA
330
17
100
AcDbEntity
  8
ESTRIBOS
 62
7
370
15
100
AcDbLine
 10
16231.818182
 20
-4860.0
 30
0.0
 11
16231.818182
 21
-4390.0
 31
0.0
  0
LINE
  5
1FB
330
17
100
AcDbEntity
  8
ESTRIBOS
 62
7
370
15
100
AcDbLine
 10
16327.272727
 20
-4860.0
 30
0.0
 11
16327.272727
 21
-4390.0
 31
0.0
  0
LINE
  5
1FC
330
17
100
AcDbEntity
  8
ESTRIBOS
 62
7
370
15
100
AcDbLine
 10
16422.727273
 20
-4860.0
 30
0.0
 11
16422.727273
 21
-4390.0
 31
0.0
  0
LINE
  5
1FD
330
17
100
AcDbEntity
  8
ESTRIBOS
 62
7
370
15
100
AcDbLine
 10
16518.181818
 20
-4860.0
 30
0.0
 11
16518.181818
 21
-4390.0
 31
0.0
  0
LINE
  5
1FE
330
17
100
AcDbEntity
  8
ESTRIBOS
 62
7
370
15
100
AcDbLine
 10
16613.636364
 20
-4860.0
 30
0.0
 11
16613.636364
 21
-4390.0
 31
0.0
  0
LINE
  5
1FF
330
17
100
AcDbEntity
  8
ESTRIBOS
 62
7
370
15
100
AcDbLine
 10
16709.090909
 20
-4860.0
 30
0.0
 11
16709.090909
 21
-4390.0
 31
0.0
  0
LINE
  5
200
330
17
100
AcDbEntity
  8
ESTRIBOS
 62
7
370
15
100
AcDbLine
 10
16804.545455
 20
-4860.0
 30
0.0
 11
16804.545455
 21
-4390.0
 31
0.0
  0
LINE
  5
201
330
17
100
AcDbEntity
  8
ESTRIBOS
 62
7
370
15
100
AcDbLine
 10
16900.0
 20
-4860.0
 30
0.0
 11
16900.0
 21
-4390.0
 31
0.0
  0
LINE
  5
202
330
17
100
AcDbEntity
  8
REF_SUP_CONT
 62
7
370
40
100
AcDbLine
 10
1750.0
 20
-4420.0
 30
0.0
 11
17250.0
 21
-4420.0
 31
0.0
  0
LINE
  5
203
330
17
100
AcDbEntity
  8
REF_SUP_CONT
 62
7
370
40
100
AcDbLine
 10
1750.0
 20
-4420.0
 30
0.0
 11
1445.0
 21
-4420.0
 31
0.0
  0
LINE
  5
204
330
17
100
AcDbEntity
  8
REF_SUP_CONT
 62
7
370
40
100
AcDbLine
 10
1445.0
 20
-4420.0
 30
0.0
 11
1445.0
 21
-4615.0
 31
0.0
  0
LINE
  5
205
330
17
100
AcDbEntity
  8
REF_SUP_CONT
 62
7
370
40
100
AcDbLine
 10
17250.0
 20
-4420.0
 30
0.0
 11
17555.0
 21
-4420.0
 31
0.0
  0
LINE
  5
206
330
17
100
AcDbEntity
  8
REF_SUP_CONT
 62
7
370
40
100
AcDbLine
 10
17555.0
 20
-4420.0
 30
0.0
 11
17555.0
 21
-4615.0
 31
0.0
  0
LINE
  5
207
330
17
100
AcDbEntity
  8
REF_INF
 62
7
370
40
100
AcDbLine
 10
1750.0
 20
-4830.0
 30
0.0
 11
17250.0
 21
-4830.0
 31
0.0
  0
LINE
  5
208
330
17
100
AcDbEntity
  8
REF_INF
 62
7
370
40
100
AcDbLine
 10
1750.0
 20
-4830.0
 30
0.0
 11
1445.0
 21
-4830.0
 31
0.0
  0
LINE
  5
209
330
17
100
AcDbEntity
  8
REF_INF
 62
7
370
40
100
AcDbLine
 10
1445.0
 20
-4830.0
 30
0.0
 11
1445.0
 21
-4635.0
 31
0.0
  0
LINE
  5
20A
330
17
100
AcDbEntity
  8
REF_INF
 62
7
370
40
100
AcDbLine
 10
17250.0
 20
-4830.0
 30
0.0
 11
17555.0
 21
-4830.0
 31
0.0
  0
LINE
  5
20B
330
17
100
AcDbEntity
  8
REF_INF
 62
7
370
40
100
AcDbLine
 10
17555.0
 20
-4830.0
 30
0.0
 11
17555.0
 21
-4635.0
 31
0.0
  0
LINE
  5
20C
330
17
100
AcDbEntity
  8
REF_SUP_BASTON
 62
7
370
40
100
AcDbLine
 10
1731.0276471377642
 20
-4525.0
 30
0.0
 11
2600.0
 21
-4525.0
 31
0.0
  0
ARC
  5
20D
330
17
100
AcDbEntity
  8
REF_SUP_BASTON
 62
7
370
40
100
AcDbCircle
 10
1731.0276471377642
 20
-4582.95
 30
0.0
 40
57.95
100
AcDbArc
 50
90.0
 51
180.0
  0
LINE
  5
20E
330
17
100
AcDbEntity
  8
REF_SUP_BASTON
 62
7
370
40
100
AcDbLine
 10
1673.0776471377642
 20
-4582.95
 30
0.0
 11
1673.0776471377642
 21
-4777.95
 31
0.0
  0
LINE
  5
20F
330
17
100
AcDbEntity
  8
REF_SUP_BASTON
 62
7
370
40
100
AcDbLine
 10
4900.0
 20
-4595.0
 30
0.0
 11
6055.0
 21
-4595.0
 31
0.0
  0
LINE
  5
210
330
17
100
AcDbEntity
  8
REF_SUP_BASTON
 62
7
370
40
100
AcDbLine
 10
5445.0
 20
-4650.0
 30
0.0
 11
6600.0
 21
-4650.0
 31
0.0
  0
LINE
  5
211
330
17
100
AcDbEntity
  8
REF_SUP_BASTON
 62
7
370
40
100
AcDbLine
 10
8650.0
 20
-4525.0
 30
0.0
 11
9805.0
 21
-4525.0
 31
0.0
  0
LINE
  5
212
330
17
100
AcDbEntity
  8
REF_SUP_BASTON
 62
7
370
40
100
AcDbLine
 10
9195.0
 20
-4580.0
 30
0.0
 11
10350.0
 21
-4580.0
 31
0.0
  0
LINE
  5
213
330
17
100
AcDbEntity
  8
REF_SUP_BASTON
 62
7
370
40
100
AcDbLine
 10
12400.0
 20
-4595.0
 30
0.0
 11
13555.0
 21
-4595.0
 31
0.0
  0
LINE
  5
214
330
17
100
AcDbEntity
  8
REF_SUP_BASTON
 62
7
370
40
100
AcDbLine
 10
12945.0
 20
-4650.0
 30
0.0
 11
14100.0
 21
-4650.0
 31
0.0
  0
LINE
  5
215
330
17
100
AcDbEntity
  8
REF_SUP_BASTON
 62
7
370
40
100
AcDbLine
 10
16400.0
 20
-4525.0
 30
0.0
 11
17268.972352862234
 21
-4525.0
 31
0.0
  0
ARC
  5
216
330
17
100
AcDbEntity
  8
REF_SUP_BASTON
 62
7
370
40
100
AcDbCircle
 10
17268.972352862234
 20
-4582.95
 30
0.0
 40
57.95
100
AcDbArc
 50
0.0
 51
90.0
  0
LINE
  5
217
330
17
100
AcDbEntity
  8
REF_SUP_BASTON
 62
7
370
40
100
AcDbLine
 10
17326.922352862235
 20
-4582.95
 30
0.0
 11
17326.922352862235
 21
-4777.95
 31
0.0
  0
DIMENSION
  5
218
330
17
100
AcDbEntity
  8
COTAS
100
AcDbDimension
280
0
  2
*D4
  3
EZDXF
 10
1750.0
 20
-5320.0
 30
0.0
 11
3750.0
 21
-5277.4
 31
0.0
 70
32
 71
5
  1
4000 mm
100
AcDbAlignedDimension
 13
1750.0
 23
-5200.0
 33
0.0
 14
5750.0
 24
-5200.0
 34
0.0
 50
0.0
100
AcDbRotatedDimension
1001
ACAD
1000
DSTYLE
1002
{
1070
140
1040
85.0
1070
41
1040
45.0
1070
44
1040
70.0
1070
42
1040
25.0
1070
77
1070
1
1070
176
1070
7
1070
177
1070
7
1070
178
1070
7
1002
}
  0
DIMENSION
  5
227
330
17
100
AcDbEntity
  8
COTAS
100
AcDbDimension
280
0
  2
*D5
  3
EZDXF
 10
5750.0
 20
-5320.0
 30
0.0
 11
7625.0
 21
-5277.4
 31
0.0
 70
32
 71
5
  1
3750 mm
100
AcDbAlignedDimension
 13
5750.0
 23
-5200.0
 33
0.0
 14
9500.0
 24
-5200.0
 34
0.0
 50
0.0
100
AcDbRotatedDimension
1001
ACAD
1000
DSTYLE
1002
{
1070
140
1040
85.0
1070
41
1040
45.0
1070
44
1040
70.0
1070
42
1040
25.0
1070
77
1070
1
1070
176
1070
7
1070
177
1070
7
1070
178
1070
7
1002
}
  0
DIMENSION
  5
236
330
17
100
AcDbEntity
  8
COTAS
100
AcDbDimension
280
0
  2
*D6
  3
EZDXF
 10
9500.0
 20
-5320.0
 30
0.0
 11
11375.0
 21
-5277.4
 31
0.0
 70
32
 71
5
  1
3750 mm
100
AcDbAlignedDimension
 13
9500.0
 23
-5200.0
 33
0.0
 14
13250.0
 24
-5200.0
 34
0.0
 50
0.0
100
AcDbRotatedDimension
1001
ACAD
1000
DSTYLE
1002
{
1070
140
1040
85.0
1070
41
1040
45.0
1070
44
1040
70.0
1070
42
1040
25.0
1070
77
1070
1
1070
176
1070
7
1070
177
1070
7
1070
178
1070
7
1002
}
  0
DIMENSION
  5
245
330
17
100
AcDbEntity
  8
COTAS
100
AcDbDimension
280
0
  2
*D7
  3
EZDXF
 10
13250.0
 20
-5320.0
 30
0.0
 11
15250.0
 21
-5277.4
 31
0.0
 70
32
 71
5
  1
4000 mm
100
AcDbAlignedDimension
 13
13250.0
 23
-5200.0
 33
0.0
 14
17250.0
 24
-5200.0
 34
0.0
 50
0.0
100
AcDbRotatedDimension
1001
ACAD
1000
DSTYLE
1002
{
1070
140
1040
85.0
1070
41
1040
45.0
1070
44
1040
70.0
1070
42
1040
25.0
1070
77
1070
1
1070
176
1070
7
1070
177
1070
7
1070
178
1070
7
1002
}
  0
DIMENSION
  5
254
330
17
100
AcDbEntity
  8
COTAS
100
AcDbDimension
280
0
  2
*D8
  3
EZDXF
 10
1750.0
 20
-5660.0
 30
0.0
 11
9500.0
 21
-5617.4
 31
0.0
 70
32
 71
5
  1
LONGITUD ENTRE EJES = 15500 mm
100
AcDbAlignedDimension
 13
1750.0
 23
-5540.0
 33
0.0
 14
17250.0
 24
-5540.0
 34
0.0
 50
0.0
100
AcDbRotatedDimension
1001
ACAD
1000
DSTYLE
1002
{
1070
140
1040
85.0
1070
41
1040
45.0
1070
44
1040
70.0
1070
42
1040
25.0
1070
77
1070
1
1070
176
1070
7
1070
177
1070
7
1070
178
1070
7
1002
}
  0
LINE
  5
263
330
17
100
AcDbEntity
  8
CORTES
 62
7
370
25
100
AcDbLine
 10
2170.0
 20
-5010.0
 30
0.0
 11
2170.0
 21
-4240.0
 31
0.0
  0
CIRCLE
  5
264
330
17
100
AcDbEntity
  8
CORTES
 62
7
370
25
100
AcDbCircle
 10
2170.0
 20
-5010.0
 30
0.0
 40
75.0
  0
TEXT
  5
265
330
17
100
AcDbEntity
  8
CORTES
 62
7
100
AcDbText
 10
2170.0
 20
-5010.0
 30
0.0
 40
70.0
  1
A
 72
1
 11
2170.0
 21
-5010.0
 31
0.0
100
AcDbText
 73
2
  0
CIRCLE
  5
266
330
17
100
AcDbEntity
  8
CORTES
 62
7
370
25
100
AcDbCircle
 10
2170.0
 20
-4240.0
 30
0.0
 40
75.0
  0
TEXT
  5
267
330
17
100
AcDbEntity
  8
CORTES
 62
7
100
AcDbText
 10
2170.0
 20
-4240.0
 30
0.0
 40
70.0
  1
A
 72
1
 11
2170.0
 21
-4240.0
 31
0.0
100
AcDbText
 73
2
  0
LINE
  5
268
330
17
100
AcDbEntity
  8
CORTES
 62
7
370
25
100
AcDbLine
 10
3750.0
 20
-5010.0
 30
0.0
 11
3750.0
 21
-4240.0
 31
0.0
  0
CIRCLE
  5
269
330
17
100
AcDbEntity
  8
CORTES
 62
7
370
25
100
AcDbCircle
 10
3750.0
 20
-5010.0
 30
0.0
 40
75.0
  0
TEXT
  5
26A
330
17
100
AcDbEntity
  8
CORTES
 62
7
100
AcDbText
 10
3750.0
 20
-5010.0
 30
0.0
 40
70.0
  1
B
 72
1
 11
3750.0
 21
-5010.0
 31
0.0
100
AcDbText
 73
2
  0
CIRCLE
  5
26B
330
17
100
AcDbEntity
  8
CORTES
 62
7
370
25
100
AcDbCircle
 10
3750.0
 20
-4240.0
 30
0.0
 40
75.0
  0
TEXT
  5
26C
330
17
100
AcDbEntity
  8
CORTES
 62
7
100
AcDbText
 10
3750.0
 20
-4240.0
 30
0.0
 40
70.0
  1
B
 72
1
 11
3750.0
 21
-4240.0
 31
0.0
100
AcDbText
 73
2
  0
LWPOLYLINE
  5
26D
330
17
100
AcDbEntity
  8
VIGA
 62
7
370
35
100
AcDbPolyline
 90
4
 70
1
 10
7975.0
 20
-7575.0
 10
8425.0
 20
-7575.0
 10
8425.0
 20
-7025.0
 10
7975.0
 20
-7025.0
  0
LWPOLYLINE
  5
26E
330
17
100
AcDbEntity
  8
ESTRIBOS
 62
7
370
25
100
AcDbPolyline
 90
4
 70
1
 10
8015.0
 20
-7535.0
 10
8385.0
 20
-7535.0
 10
8385.0
 20
-7065.0
 10
8015.0
 20
-7065.0
  0
CIRCLE
  5
26F
330
17
100
AcDbEntity
  8
REF_SUP_CONT
 62
7
370
35
100
AcDbCircle
 10
8032.45
 20
-7082.45
 30
0.0
 40
7.95
  0
CIRCLE
  5
270
330
17
100
AcDbEntity
  8
REF_SUP_CONT
 62
7
370
35
100
AcDbCircle
 10
8144.15
 20
-7082.45
 30
0.0
 40
7.95
  0
CIRCLE
  5
271
330
17
100
AcDbEntity
  8
REF_SUP_CONT
 62
7
370
35
100
AcDbCircle
 10
8255.85
 20
-7082.45
 30
0.0
 40
7.95
  0
CIRCLE
  5
272
330
17
100
AcDbEntity
  8
REF_SUP_CONT
 62
7
370
35
100
AcDbCircle
 10
8367.55
 20
-7082.45
 30
0.0
 40
7.95
  0
CIRCLE
  5
273
330
17
100
AcDbEntity
  8
REF_INF
 62
7
370
35
100
AcDbCircle
 10
8032.45
 20
-7517.55
 30
0.0
 40
7.95
  0
CIRCLE
  5
274
330
17
100
AcDbEntity
  8
REF_INF
 62
7
370
35
100
AcDbCircle
 10
8144.15
 20
-7517.55
 30
0.0
 40
7.95
  0
CIRCLE
  5
275
330
17
100
AcDbEntity
  8
REF_INF
 62
7
370
35
100
AcDbCircle
 10
8255.85
 20
-7517.55
 30
0.0
 40
7.95
  0
CIRCLE
  5
276
330
17
100
AcDbEntity
  8
REF_INF
 62
7
370
35
100
AcDbCircle
 10
8367.55
 20
-7517.55
 30
0.0
 40
7.95
  0
TEXT
  5
277
330
17
100
AcDbEntity
  8
CORTES
 62
7
100
AcDbText
 10
8200.0
 20
-7695.0
 30
0.0
 40
90.0
  1
CORTE A–A APOYO
 72
1
 11
8200.0
 21
-7695.0
 31
0.0
100
AcDbText
 73
2
  0
TEXT
  5
278
330
17
100
AcDbEntity
  8
TEXTO
 62
7
100
AcDbText
 10
8200.0
 20
-7810.0
 30
0.0
 40
80.0
  1
450 × 550 mm
 72
1
 11
8200.0
 21
-7810.0
 31
0.0
100
AcDbText
 73
2
  0
LWPOLYLINE
  5
279
330
17
100
AcDbEntity
  8
VIGA
 62
7
370
35
100
AcDbPolyline
 90
4
 70
1
 10
10575.0
 20
-7575.0
 10
11025.0
 20
-7575.0
 10
11025.0
 20
-7025.0
 10
10575.0
 20
-7025.0
  0
LWPOLYLINE
  5
27A
330
17
100
AcDbEntity
  8
ESTRIBOS
 62
7
370
25
100
AcDbPolyline
 90
4
 70
1
 10
10615.0
 20
-7535.0
 10
10985.0
 20
-7535.0
 10
10985.0
 20
-7065.0
 10
10615.0
 20
-7065.0
  0
CIRCLE
  5
27B
330
17
100
AcDbEntity
  8
REF_SUP_CONT
 62
7
370
35
100
AcDbCircle
 10
10632.45
 20
-7082.45
 30
0.0
 40
7.95
  0
CIRCLE
  5
27C
330
17
100
AcDbEntity
  8
REF_SUP_CONT
 62
7
370
35
100
AcDbCircle
 10
10967.550000000001
 20
-7082.45
 30
0.0
 40
7.95
  0
CIRCLE
  5
27D
330
17
100
AcDbEntity
  8
REF_INF
 62
7
370
35
100
AcDbCircle
 10
10632.45
 20
-7517.55
 30
0.0
 40
7.95
  0
CIRCLE
  5
27E
330
17
100
AcDbEntity
  8
REF_INF
 62
7
370
35
100
AcDbCircle
 10
10744.150000000001
 20
-7517.55
 30
0.0
 40
7.95
  0
CIRCLE
  5
27F
330
17
100
AcDbEntity
  8
REF_INF
 62
7
370
35
100
AcDbCircle
 10
10855.85
 20
-7517.55
 30
0.0
 40
7.95
  0
CIRCLE
  5
280
330
17
100
AcDbEntity
  8
REF_INF
 62
7
370
35
100
AcDbCircle
 10
10967.550000000001
 20
-7517.55
 30
0.0
 40
7.95
  0
TEXT
  5
281
330
17
100
AcDbEntity
  8
CORTES
 62
7
100
AcDbText
 10
10800.0
 20
-7695.0
 30
0.0
 40
90.0
  1
CORTE B–B CENTRO
 72
1
 11
10800.0
 21
-7695.0
 31
0.0
100
AcDbText
 73
2
  0
TEXT
  5
282
330
17
100
AcDbEntity
  8
TEXTO
 62
7
100
AcDbText
 10
10800.0
 20
-7810.0
 30
0.0
 40
80.0
  1
450 × 550 mm
 72
1
 11
10800.0
 21
-7810.0
 31
0.0
100
AcDbText
 73
2
  0
TEXT
  5
283
330
17
100
AcDbEntity
  8
REF_SUP_CONT
 62
7
100
AcDbText
 10
350.0
 20
-6750.0
 30
0.0
 40
90.0
  1
SUPERIOR: 4 Nº5 (2 continuas + 2 bastones); Lc bastón desde cada apoyo = 1155 mm
 11
350.0
 21
-6750.0
 31
0.0
100
AcDbText
  0
TEXT
  5
284
330
17
100
AcDbEntity
  8
REF_INF
 62
7
100
AcDbText
 10
350.0
 20
-6900.0
 30
0.0
 40
90.0
  1
INFERIOR: 4 Nº5 continuas
 11
350.0
 21
-6900.0
 31
0.0
100
AcDbText
  0
TEXT
  5
285
330
17
100
AcDbEntity
  8
REF_TORSION
 62
7
100
AcDbText
 10
350.0
 20
-7050.0
 30
0.0
 40
90.0
  1
TORSIÓN: 0 Nº5 dedicadas
 11
350.0
 21
-7050.0
 31
0.0
100
AcDbText
  0
TEXT
  5
286
330
17
100
AcDbEntity
  8
ESTRIBOS
 62
7
100
AcDbText
 10
350.0
 20
-7200.0
 30
0.0
 40
82.0
  1
ESTRIBOS: Nº3 cerrado, 2 ramas, primer estribo ≤50 mm; @100 mm en 2h desde cada apoyo y @100 mm al centro
 11
350.0
 21
-7200.0
 31
0.0
100
AcDbText
  0
TEXT
  5
287
330
17
100
AcDbEntity
  8
TEXTO
 62
7
100
AcDbText
 10
350.0
 20
-7350.0
 30
0.0
 40
82.0
  1
ANCLAJES Nº5: ld inf/sup/ldh = 370/480/305 mm; gancho 90° cola 195 mm
 11
350.0
 21
-7350.0
 31
0.0
100
AcDbText
  0
TEXT
  5
288
330
17
100
AcDbEntity
  8
TEXTO
 62
7
100
AcDbText
 10
350.0
 20
-8020.0
 30
0.0
 40
76.0
  1
NOTA: el trazado y los ejes provienen de VIGAS CARGA.pdf; la elevación desarrolla la viga completa, usa apoyos nominales de 600 mm y marca cada tramo entre ejes.
 11
350.0
 21
-8020.0
 31
0.0
100
AcDbText
  0
TEXT
  5
289
330
17
100
AcDbEntity
  8
TEXTO
 62
7
100
AcDbText
 10
9500.0
 20
-9750.0
 30
0.0
 40
190.0
  1
DESPIECE COMPLETO VIGA DE CARGA VC3
 72
1
 11
9500.0
 21
-9750.0
 31
0.0
100
AcDbText
 73
2
  0
TEXT
  5
28A
330
17
100
AcDbEntity
  8
TEXTO
 62
7
100
AcDbText
 10
9500.0
 20
-10000.0
 30
0.0
 40
105.0
  1
APLICA EN EJES 12 Y 2 | Sección 450 × 550 mm | 40 vigas del grupo
 72
1
 11
9500.0
 21
-10000.0
 31
0.0
100
AcDbText
 73
2
  0
TEXT
  5
28B
330
17
100
AcDbEntity
  8
TEXTO
 62
7
100
AcDbText
 10
9500.0
 20
-10200.0
 30
0.0
 40
92.0
  1
DETALLE ACADÉMICO — NO EMITIR PARA CONSTRUCCIÓN | Verificación V-T: CUMPLE | Estado global del Excel: #VALUE!
 72
1
 11
9500.0
 21
-10200.0
 31
0.0
100
AcDbText
 73
2
  0
TEXT
  5
28C
330
17
100
AcDbEntity
  8
TRAZADO_PLANTA
 62
7
100
AcDbText
 10
9500.0
 20
-10400.0
 30
0.0
 40
100.0
  1
TRAZADO EN PLANTA SEGÚN PDF
 72
1
 11
9500.0
 21
-10400.0
 31
0.0
100
AcDbText
 73
2
  0
LWPOLYLINE
  5
28D
330
17
100
AcDbEntity
  8
TRAZADO_PLANTA
 62
7
370
35
100
AcDbPolyline
 90
5
 70
0
 10
1750.0
 20
-10600.0
 10
5750.0
 20
-10600.0
 10
9500.0
 20
-11300.0
 10
13250.0
 20
-10600.0
 10
17250.0
 20
-10600.0
  0
TEXT
  5
28E
330
17
100
AcDbEntity
  8
TRAZADO_PLANTA
 62
7
100
AcDbText
 10
1570.0
 20
-10600.0
 30
0.0
 40
75.0
  1
EJE 12
 72
2
 11
1570.0
 21
-10600.0
 31
0.0
100
AcDbText
 73
2
  0
CIRCLE
  5
28F
330
17
100
AcDbEntity
  8
TRAZADO_PLANTA
 62
7
370
25
100
AcDbCircle
 10
1750.0
 20
-10600.0
 30
0.0
 40
60.0
  0
TEXT
  5
290
330
17
100
AcDbEntity
  8
TRAZADO_PLANTA
 62
7
100
AcDbText
 10
1750.0
 20
-10495.0
 30
0.0
 40
65.0
  1
A
 72
1
 11
1750.0
 21
-10495.0
 31
0.0
100
AcDbText
 73
2
  0
CIRCLE
  5
291
330
17
100
AcDbEntity
  8
TRAZADO_PLANTA
 62
7
370
25
100
AcDbCircle
 10
5750.0
 20
-10600.0
 30
0.0
 40
60.0
  0
TEXT
  5
292
330
17
100
AcDbEntity
  8
TRAZADO_PLANTA
 62
7
100
AcDbText
 10
5750.0
 20
-10495.0
 30
0.0
 40
65.0
  1
B
 72
1
 11
5750.0
 21
-10495.0
 31
0.0
100
AcDbText
 73
2
  0
CIRCLE
  5
293
330
17
100
AcDbEntity
  8
TRAZADO_PLANTA
 62
7
370
25
100
AcDbCircle
 10
9500.0
 20
-11300.0
 30
0.0
 40
60.0
  0
TEXT
  5
294
330
17
100
AcDbEntity
  8
TRAZADO_PLANTA
 62
7
100
AcDbText
 10
9500.0
 20
-11195.0
 30
0.0
 40
65.0
  1
C
 72
1
 11
9500.0
 21
-11195.0
 31
0.0
100
AcDbText
 73
2
  0
CIRCLE
  5
295
330
17
100
AcDbEntity
  8
TRAZADO_PLANTA
 62
7
370
25
100
AcDbCircle
 10
13250.0
 20
-10600.0
 30
0.0
 40
60.0
  0
TEXT
  5
296
330
17
100
AcDbEntity
  8
TRAZADO_PLANTA
 62
7
100
AcDbText
 10
13250.0
 20
-10495.0
 30
0.0
 40
65.0
  1
D
 72
1
 11
13250.0
 21
-10495.0
 31
0.0
100
AcDbText
 73
2
  0
CIRCLE
  5
297
330
17
100
AcDbEntity
  8
TRAZADO_PLANTA
 62
7
370
25
100
AcDbCircle
 10
17250.0
 20
-10600.0
 30
0.0
 40
60.0
  0
TEXT
  5
298
330
17
100
AcDbEntity
  8
TRAZADO_PLANTA
 62
7
100
AcDbText
 10
17250.0
 20
-10495.0
 30
0.0
 40
65.0
  1
E
 72
1
 11
17250.0
 21
-10495.0
 31
0.0
100
AcDbText
 73
2
  0
LINE
  5
299
330
17
100
AcDbEntity
  8
TRAZADO_PLANTA
 62
7
370
18
100
AcDbLine
 10
3380.0
 20
-10675.0
 30
0.0
 11
3380.0
 21
-10525.0
 31
0.0
  0
TEXT
  5
29A
330
17
100
AcDbEntity
  8
TRAZADO_PLANTA
 62
7
100
AcDbText
 10
3380.0
 20
-10475.0
 30
0.0
 40
58.0
  1
F
 72
1
 11
3380.0
 21
-10475.0
 31
0.0
100
AcDbText
 73
2
  0
LINE
  5
29B
330
17
100
AcDbEntity
  8
TRAZADO_PLANTA
 62
7
370
18
100
AcDbLine
 10
6600.0
 20
-10833.666666666666
 30
0.0
 11
6600.0
 21
-10683.666666666666
 31
0.0
  0
TEXT
  5
29C
330
17
100
AcDbEntity
  8
TRAZADO_PLANTA
 62
7
100
AcDbText
 10
6600.0
 20
-10633.666666666666
 30
0.0
 40
58.0
  1
F
 72
1
 11
6600.0
 21
-10633.666666666666
 31
0.0
100
AcDbText
 73
2
  0
LINE
  5
29D
330
17
100
AcDbEntity
  8
TRAZADO_PLANTA
 62
7
370
18
100
AcDbLine
 10
12400.0
 20
-10833.666666666666
 30
0.0
 11
12400.0
 21
-10683.666666666666
 31
0.0
  0
TEXT
  5
29E
330
17
100
AcDbEntity
  8
TRAZADO_PLANTA
 62
7
100
AcDbText
 10
12400.0
 20
-10633.666666666666
 30
0.0
 40
58.0
  1
G
 72
1
 11
12400.0
 21
-10633.666666666666
 31
0.0
100
AcDbText
 73
2
  0
LINE
  5
29F
330
17
100
AcDbEntity
  8
TRAZADO_PLANTA
 62
7
370
18
100
AcDbLine
 10
15620.0
 20
-10675.0
 30
0.0
 11
15620.0
 21
-10525.0
 31
0.0
  0
TEXT
  5
2A0
330
17
100
AcDbEntity
  8
TRAZADO_PLANTA
 62
7
100
AcDbText
 10
15620.0
 20
-10475.0
 30
0.0
 40
58.0
  1
G
 72
1
 11
15620.0
 21
-10475.0
 31
0.0
100
AcDbText
 73
2
  0
LWPOLYLINE
  5
2A1
330
17
100
AcDbEntity
  8
TRAZADO_PLANTA
 62
7
370
35
100
AcDbPolyline
 90
5
 70
0
 10
1750.0
 20
-12100.0
 10
5750.0
 20
-12100.0
 10
9500.0
 20
-11400.0
 10
13250.0
 20
-12100.0
 10
17250.0
 20
-12100.0
  0
TEXT
  5
2A2
330
17
100
AcDbEntity
  8
TRAZADO_PLANTA
 62
7
100
AcDbText
 10
1570.0
 20
-12100.0
 30
0.0
 40
75.0
  1
EJE 2
 72
2
 11
1570.0
 21
-12100.0
 31
0.0
100
AcDbText
 73
2
  0
CIRCLE
  5
2A3
330
17
100
AcDbEntity
  8
TRAZADO_PLANTA
 62
7
370
25
100
AcDbCircle
 10
1750.0
 20
-12100.0
 30
0.0
 40
60.0
  0
TEXT
  5
2A4
330
17
100
AcDbEntity
  8
TRAZADO_PLANTA
 62
7
100
AcDbText
 10
1750.0
 20
-12205.0
 30
0.0
 40
65.0
  1
A
 72
1
 11
1750.0
 21
-12205.0
 31
0.0
100
AcDbText
 73
2
  0
CIRCLE
  5
2A5
330
17
100
AcDbEntity
  8
TRAZADO_PLANTA
 62
7
370
25
100
AcDbCircle
 10
5750.0
 20
-12100.0
 30
0.0
 40
60.0
  0
TEXT
  5
2A6
330
17
100
AcDbEntity
  8
TRAZADO_PLANTA
 62
7
100
AcDbText
 10
5750.0
 20
-12205.0
 30
0.0
 40
65.0
  1
B
 72
1
 11
5750.0
 21
-12205.0
 31
0.0
100
AcDbText
 73
2
  0
CIRCLE
  5
2A7
330
17
100
AcDbEntity
  8
TRAZADO_PLANTA
 62
7
370
25
100
AcDbCircle
 10
9500.0
 20
-11400.0
 30
0.0
 40
60.0
  0
TEXT
  5
2A8
330
17
100
AcDbEntity
  8
TRAZADO_PLANTA
 62
7
100
AcDbText
 10
9500.0
 20
-11505.0
 30
0.0
 40
65.0
  1
C
 72
1
 11
9500.0
 21
-11505.0
 31
0.0
100
AcDbText
 73
2
  0
CIRCLE
  5
2A9
330
17
100
AcDbEntity
  8
TRAZADO_PLANTA
 62
7
370
25
100
AcDbCircle
 10
13250.0
 20
-12100.0
 30
0.0
 40
60.0
  0
TEXT
  5
2AA
330
17
100
AcDbEntity
  8
TRAZADO_PLANTA
 62
7
100
AcDbText
 10
13250.0
 20
-12205.0
 30
0.0
 40
65.0
  1
D
 72
1
 11
13250.0
 21
-12205.0
 31
0.0
100
AcDbText
 73
2
  0
CIRCLE
  5
2AB
330
17
100
AcDbEntity
  8
TRAZADO_PLANTA
 62
7
370
25
100
AcDbCircle
 10
17250.0
 20
-12100.0
 30
0.0
 40
60.0
  0
TEXT
  5
2AC
330
17
100
AcDbEntity
  8
TRAZADO_PLANTA
 62
7
100
AcDbText
 10
17250.0
 20
-12205.0
 30
0.0
 40
65.0
  1
E
 72
1
 11
17250.0
 21
-12205.0
 31
0.0
100
AcDbText
 73
2
  0
LINE
  5
2AD
330
17
100
AcDbEntity
  8
TRAZADO_PLANTA
 62
7
370
18
100
AcDbLine
 10
3380.0
 20
-12175.0
 30
0.0
 11
3380.0
 21
-12025.0
 31
0.0
  0
TEXT
  5
2AE
330
17
100
AcDbEntity
  8
TRAZADO_PLANTA
 62
7
100
AcDbText
 10
3380.0
 20
-12225.0
 30
0.0
 40
58.0
  1
F
 72
1
 11
3380.0
 21
-12225.0
 31
0.0
100
AcDbText
 73
2
  0
LINE
  5
2AF
330
17
100
AcDbEntity
  8
TRAZADO_PLANTA
 62
7
370
18
100
AcDbLine
 10
6600.0
 20
-12016.333333333334
 30
0.0
 11
6600.0
 21
-11866.333333333334
 31
0.0
  0
TEXT
  5
2B0
330
17
100
AcDbEntity
  8
TRAZADO_PLANTA
 62
7
100
AcDbText
 10
6600.0
 20
-12066.333333333334
 30
0.0
 40
58.0
  1
F
 72
1
 11
6600.0
 21
-12066.333333333334
 31
0.0
100
AcDbText
 73
2
  0
LINE
  5
2B1
330
17
100
AcDbEntity
  8
TRAZADO_PLANTA
 62
7
370
18
100
AcDbLine
 10
12400.0
 20
-12016.333333333334
 30
0.0
 11
12400.0
 21
-11866.333333333334
 31
0.0
  0
TEXT
  5
2B2
330
17
100
AcDbEntity
  8
TRAZADO_PLANTA
 62
7
100
AcDbText
 10
12400.0
 20
-12066.333333333334
 30
0.0
 40
58.0
  1
G
 72
1
 11
12400.0
 21
-12066.333333333334
 31
0.0
100
AcDbText
 73
2
  0
LINE
  5
2B3
330
17
100
AcDbEntity
  8
TRAZADO_PLANTA
 62
7
370
18
100
AcDbLine
 10
15620.0
 20
-12175.0
 30
0.0
 11
15620.0
 21
-12025.0
 31
0.0
  0
TEXT
  5
2B4
330
17
100
AcDbEntity
  8
TRAZADO_PLANTA
 62
7
100
AcDbText
 10
15620.0
 20
-12225.0
 30
0.0
 40
58.0
  1
G
 72
1
 11
15620.0
 21
-12225.0
 31
0.0
100
AcDbText
 73
2
  0
LWPOLYLINE
  5
2B5
330
17
100
AcDbEntity
  8
VIGA
 62
7
370
40
100
AcDbPolyline
 90
4
 70
1
 10
1385.2260999999999
 20
-13700.0
 10
17614.7739
 20
-13700.0
 10
17614.7739
 20
-13150.0
 10
1385.2260999999999
 20
-13150.0
  0
LWPOLYLINE
  5
2B6
330
17
100
AcDbEntity
  8
COLUMNAS
 62
7
370
35
100
AcDbPolyline
 90
4
 70
1
 10
1385.2260999999999
 20
-14150.0
 10
1985.2260999999999
 20
-14150.0
 10
1985.2260999999999
 20
-12700.0
 10
1385.2260999999999
 20
-12700.0
  0
LINE
  5
2B7
330
17
100
AcDbEntity
  8
EJES
  6
CENTER
 62
7
370
18
100
AcDbLine
 10
1685.2260999999999
 20
-14650.0
 30
0.0
 11
1685.2260999999999
 21
-12150.0
 31
0.0
  0
CIRCLE
  5
2B8
330
17
100
AcDbEntity
  8
EJES
 62
7
370
25
100
AcDbCircle
 10
1685.2260999999999
 20
-12450.0
 30
0.0
 40
170.0
  0
TEXT
  5
2B9
330
17
100
AcDbEntity
  8
EJES
 62
7
100
AcDbText
 10
1685.2260999999999
 20
-12450.0
 30
0.0
 40
130.0
  1
A
 72
1
 11
1685.2260999999999
 21
-12450.0
 31
0.0
100
AcDbText
 73
2
  0
LWPOLYLINE
  5
2BA
330
17
100
AcDbEntity
  8
COLUMNAS
 62
7
370
35
100
AcDbPolyline
 90
4
 70
1
 10
5385.2261
 20
-14150.0
 10
5985.2261
 20
-14150.0
 10
5985.2261
 20
-12700.0
 10
5385.2261
 20
-12700.0
  0
LINE
  5
2BB
330
17
100
AcDbEntity
  8
EJES
  6
CENTER
 62
7
370
18
100
AcDbLine
 10
5685.2261
 20
-14650.0
 30
0.0
 11
5685.2261
 21
-12150.0
 31
0.0
  0
CIRCLE
  5
2BC
330
17
100
AcDbEntity
  8
EJES
 62
7
370
25
100
AcDbCircle
 10
5685.2261
 20
-12450.0
 30
0.0
 40
170.0
  0
TEXT
  5
2BD
330
17
100
AcDbEntity
  8
EJES
 62
7
100
AcDbText
 10
5685.2261
 20
-12450.0
 30
0.0
 40
130.0
  1
B
 72
1
 11
5685.2261
 21
-12450.0
 31
0.0
100
AcDbText
 73
2
  0
LWPOLYLINE
  5
2BE
330
17
100
AcDbEntity
  8
COLUMNAS
 62
7
370
35
100
AcDbPolyline
 90
4
 70
1
 10
9200.0
 20
-14150.0
 10
9800.0
 20
-14150.0
 10
9800.0
 20
-12700.0
 10
9200.0
 20
-12700.0
  0
LINE
  5
2BF
330
17
100
AcDbEntity
  8
EJES
  6
CENTER
 62
7
370
18
100
AcDbLine
 10
9500.0
 20
-14650.0
 30
0.0
 11
9500.0
 21
-12150.0
 31
0.0
  0
CIRCLE
  5
2C0
330
17
100
AcDbEntity
  8
EJES
 62
7
370
25
100
AcDbCircle
 10
9500.0
 20
-12450.0
 30
0.0
 40
170.0
  0
TEXT
  5
2C1
330
17
100
AcDbEntity
  8
EJES
 62
7
100
AcDbText
 10
9500.0
 20
-12450.0
 30
0.0
 40
130.0
  1
C
 72
1
 11
9500.0
 21
-12450.0
 31
0.0
100
AcDbText
 73
2
  0
LWPOLYLINE
  5
2C2
330
17
100
AcDbEntity
  8
COLUMNAS
 62
7
370
35
100
AcDbPolyline
 90
4
 70
1
 10
13014.7739
 20
-14150.0
 10
13614.7739
 20
-14150.0
 10
13614.7739
 20
-12700.0
 10
13014.7739
 20
-12700.0
  0
LINE
  5
2C3
330
17
100
AcDbEntity
  8
EJES
  6
CENTER
 62
7
370
18
100
AcDbLine
 10
13314.7739
 20
-14650.0
 30
0.0
 11
13314.7739
 21
-12150.0
 31
0.0
  0
CIRCLE
  5
2C4
330
17
100
AcDbEntity
  8
EJES
 62
7
370
25
100
AcDbCircle
 10
13314.7739
 20
-12450.0
 30
0.0
 40
170.0
  0
TEXT
  5
2C5
330
17
100
AcDbEntity
  8
EJES
 62
7
100
AcDbText
 10
13314.7739
 20
-12450.0
 30
0.0
 40
130.0
  1
D
 72
1
 11
13314.7739
 21
-12450.0
 31
0.0
100
AcDbText
 73
2
  0
LWPOLYLINE
  5
2C6
330
17
100
AcDbEntity
  8
COLUMNAS
 62
7
370
35
100
AcDbPolyline
 90
4
 70
1
 10
17014.7739
 20
-14150.0
 10
17614.7739
 20
-14150.0
 10
17614.7739
 20
-12700.0
 10
17014.7739
 20
-12700.0
  0
LINE
  5
2C7
330
17
100
AcDbEntity
  8
EJES
  6
CENTER
 62
7
370
18
100
AcDbLine
 10
17314.7739
 20
-14650.0
 30
0.0
 11
17314.7739
 21
-12150.0
 31
0.0
  0
CIRCLE
  5
2C8
330
17
100
AcDbEntity
  8
EJES
 62
7
370
25
100
AcDbCircle
 10
17314.7739
 20
-12450.0
 30
0.0
 40
170.0
  0
TEXT
  5
2C9
330
17
100
AcDbEntity
  8
EJES
 62
7
100
AcDbText
 10
17314.7739
 20
-12450.0
 30
0.0
 40
130.0
  1
E
 72
1
 11
17314.7739
 21
-12450.0
 31
0.0
100
AcDbText
 73
2
  0
LINE
  5
2CA
330
17
100
AcDbEntity
  8
ESTRIBOS
 62
7
370
15
100
AcDbLine
 10
2035.2261
 20
-13660.0
 30
0.0
 11
2035.2261
 21
-13190.0
 31
0.0
  0
LINE
  5
2CB
330
17
100
AcDbEntity
  8
ESTRIBOS
 62
7
370
15
100
AcDbLine
 10
2110.2261
 20
-13660.0
 30
0.0
 11
2110.2261
 21
-13190.0
 31
0.0
  0
LINE
  5
2CC
330
17
100
AcDbEntity
  8
ESTRIBOS
 62
7
370
15
100
AcDbLine
 10
2185.2261
 20
-13660.0
 30
0.0
 11
2185.2261
 21
-13190.0
 31
0.0
  0
LINE
  5
2CD
330
17
100
AcDbEntity
  8
ESTRIBOS
 62
7
370
15
100
AcDbLine
 10
2260.2261
 20
-13660.0
 30
0.0
 11
2260.2261
 21
-13190.0
 31
0.0
  0
LINE
  5
2CE
330
17
100
AcDbEntity
  8
ESTRIBOS
 62
7
370
15
100
AcDbLine
 10
2335.2261
 20
-13660.0
 30
0.0
 11
2335.2261
 21
-13190.0
 31
0.0
  0
LINE
  5
2CF
330
17
100
AcDbEntity
  8
ESTRIBOS
 62
7
370
15
100
AcDbLine
 10
2410.2261
 20
-13660.0
 30
0.0
 11
2410.2261
 21
-13190.0
 31
0.0
  0
LINE
  5
2D0
330
17
100
AcDbEntity
  8
ESTRIBOS
 62
7
370
15
100
AcDbLine
 10
2485.2261
 20
-13660.0
 30
0.0
 11
2485.2261
 21
-13190.0
 31
0.0
  0
LINE
  5
2D1
330
17
100
AcDbEntity
  8
ESTRIBOS
 62
7
370
15
100
AcDbLine
 10
2560.2261
 20
-13660.0
 30
0.0
 11
2560.2261
 21
-13190.0
 31
0.0
  0
LINE
  5
2D2
330
17
100
AcDbEntity
  8
ESTRIBOS
 62
7
370
15
100
AcDbLine
 10
2635.2261
 20
-13660.0
 30
0.0
 11
2635.2261
 21
-13190.0
 31
0.0
  0
LINE
  5
2D3
330
17
100
AcDbEntity
  8
ESTRIBOS
 62
7
370
15
100
AcDbLine
 10
2710.2261
 20
-13660.0
 30
0.0
 11
2710.2261
 21
-13190.0
 31
0.0
  0
LINE
  5
2D4
330
17
100
AcDbEntity
  8
ESTRIBOS
 62
7
370
15
100
AcDbLine
 10
2785.2261
 20
-13660.0
 30
0.0
 11
2785.2261
 21
-13190.0
 31
0.0
  0
LINE
  5
2D5
330
17
100
AcDbEntity
  8
ESTRIBOS
 62
7
370
15
100
AcDbLine
 10
2860.2261
 20
-13660.0
 30
0.0
 11
2860.2261
 21
-13190.0
 31
0.0
  0
LINE
  5
2D6
330
17
100
AcDbEntity
  8
ESTRIBOS
 62
7
370
15
100
AcDbLine
 10
2935.2261
 20
-13660.0
 30
0.0
 11
2935.2261
 21
-13190.0
 31
0.0
  0
LINE
  5
2D7
330
17
100
AcDbEntity
  8
ESTRIBOS
 62
7
370
15
100
AcDbLine
 10
3010.2261
 20
-13660.0
 30
0.0
 11
3010.2261
 21
-13190.0
 31
0.0
  0
LINE
  5
2D8
330
17
100
AcDbEntity
  8
ESTRIBOS
 62
7
370
15
100
AcDbLine
 10
3085.2261
 20
-13660.0
 30
0.0
 11
3085.2261
 21
-13190.0
 31
0.0
  0
LINE
  5
2D9
330
17
100
AcDbEntity
  8
ESTRIBOS
 62
7
370
15
100
AcDbLine
 10
3165.2261
 20
-13660.0
 30
0.0
 11
3165.2261
 21
-13190.0
 31
0.0
  0
LINE
  5
2DA
330
17
100
AcDbEntity
  8
ESTRIBOS
 62
7
370
15
100
AcDbLine
 10
3245.2261
 20
-13660.0
 30
0.0
 11
3245.2261
 21
-13190.0
 31
0.0
  0
LINE
  5
2DB
330
17
100
AcDbEntity
  8
ESTRIBOS
 62
7
370
15
100
AcDbLine
 10
3325.2261
 20
-13660.0
 30
0.0
 11
3325.2261
 21
-13190.0
 31
0.0
  0
LINE
  5
2DC
330
17
100
AcDbEntity
  8
ESTRIBOS
 62
7
370
15
100
AcDbLine
 10
3405.2261
 20
-13660.0
 30
0.0
 11
3405.2261
 21
-13190.0
 31
0.0
  0
LINE
  5
2DD
330
17
100
AcDbEntity
  8
ESTRIBOS
 62
7
370
15
100
AcDbLine
 10
3485.2261
 20
-13660.0
 30
0.0
 11
3485.2261
 21
-13190.0
 31
0.0
  0
LINE
  5
2DE
330
17
100
AcDbEntity
  8
ESTRIBOS
 62
7
370
15
100
AcDbLine
 10
3565.2261
 20
-13660.0
 30
0.0
 11
3565.2261
 21
-13190.0
 31
0.0
  0
LINE
  5
2DF
330
17
100
AcDbEntity
  8
ESTRIBOS
 62
7
370
15
100
AcDbLine
 10
3645.2261
 20
-13660.0
 30
0.0
 11
3645.2261
 21
-13190.0
 31
0.0
  0
LINE
  5
2E0
330
17
100
AcDbEntity
  8
ESTRIBOS
 62
7
370
15
100
AcDbLine
 10
3725.2261
 20
-13660.0
 30
0.0
 11
3725.2261
 21
-13190.0
 31
0.0
  0
LINE
  5
2E1
330
17
100
AcDbEntity
  8
ESTRIBOS
 62
7
370
15
100
AcDbLine
 10
3805.2261
 20
-13660.0
 30
0.0
 11
3805.2261
 21
-13190.0
 31
0.0
  0
LINE
  5
2E2
330
17
100
AcDbEntity
  8
ESTRIBOS
 62
7
370
15
100
AcDbLine
 10
3885.2261
 20
-13660.0
 30
0.0
 11
3885.2261
 21
-13190.0
 31
0.0
  0
LINE
  5
2E3
330
17
100
AcDbEntity
  8
ESTRIBOS
 62
7
370
15
100
AcDbLine
 10
3965.2261
 20
-13660.0
 30
0.0
 11
3965.2261
 21
-13190.0
 31
0.0
  0
LINE
  5
2E4
330
17
100
AcDbEntity
  8
ESTRIBOS
 62
7
370
15
100
AcDbLine
 10
4045.2261
 20
-13660.0
 30
0.0
 11
4045.2261
 21
-13190.0
 31
0.0
  0
LINE
  5
2E5
330
17
100
AcDbEntity
  8
ESTRIBOS
 62
7
370
15
100
AcDbLine
 10
4125.2261
 20
-13660.0
 30
0.0
 11
4125.2261
 21
-13190.0
 31
0.0
  0
LINE
  5
2E6
330
17
100
AcDbEntity
  8
ESTRIBOS
 62
7
370
15
100
AcDbLine
 10
4205.2261
 20
-13660.0
 30
0.0
 11
4205.2261
 21
-13190.0
 31
0.0
  0
LINE
  5
2E7
330
17
100
AcDbEntity
  8
ESTRIBOS
 62
7
370
15
100
AcDbLine
 10
4285.2261
 20
-13660.0
 30
0.0
 11
4285.2261
 21
-13190.0
 31
0.0
  0
LINE
  5
2E8
330
17
100
AcDbEntity
  8
ESTRIBOS
 62
7
370
15
100
AcDbLine
 10
4360.2261
 20
-13660.0
 30
0.0
 11
4360.2261
 21
-13190.0
 31
0.0
  0
LINE
  5
2E9
330
17
100
AcDbEntity
  8
ESTRIBOS
 62
7
370
15
100
AcDbLine
 10
4435.2261
 20
-13660.0
 30
0.0
 11
4435.2261
 21
-13190.0
 31
0.0
  0
LINE
  5
2EA
330
17
100
AcDbEntity
  8
ESTRIBOS
 62
7
370
15
100
AcDbLine
 10
4510.2261
 20
-13660.0
 30
0.0
 11
4510.2261
 21
-13190.0
 31
0.0
  0
LINE
  5
2EB
330
17
100
AcDbEntity
  8
ESTRIBOS
 62
7
370
15
100
AcDbLine
 10
4585.2261
 20
-13660.0
 30
0.0
 11
4585.2261
 21
-13190.0
 31
0.0
  0
LINE
  5
2EC
330
17
100
AcDbEntity
  8
ESTRIBOS
 62
7
370
15
100
AcDbLine
 10
4660.2261
 20
-13660.0
 30
0.0
 11
4660.2261
 21
-13190.0
 31
0.0
  0
LINE
  5
2ED
330
17
100
AcDbEntity
  8
ESTRIBOS
 62
7
370
15
100
AcDbLine
 10
4735.2261
 20
-13660.0
 30
0.0
 11
4735.2261
 21
-13190.0
 31
0.0
  0
LINE
  5
2EE
330
17
100
AcDbEntity
  8
ESTRIBOS
 62
7
370
15
100
AcDbLine
 10
4810.2261
 20
-13660.0
 30
0.0
 11
4810.2261
 21
-13190.0
 31
0.0
  0
LINE
  5
2EF
330
17
100
AcDbEntity
  8
ESTRIBOS
 62
7
370
15
100
AcDbLine
 10
4885.2261
 20
-13660.0
 30
0.0
 11
4885.2261
 21
-13190.0
 31
0.0
  0
LINE
  5
2F0
330
17
100
AcDbEntity
  8
ESTRIBOS
 62
7
370
15
100
AcDbLine
 10
4960.2261
 20
-13660.0
 30
0.0
 11
4960.2261
 21
-13190.0
 31
0.0
  0
LINE
  5
2F1
330
17
100
AcDbEntity
  8
ESTRIBOS
 62
7
370
15
100
AcDbLine
 10
5035.2261
 20
-13660.0
 30
0.0
 11
5035.2261
 21
-13190.0
 31
0.0
  0
LINE
  5
2F2
330
17
100
AcDbEntity
  8
ESTRIBOS
 62
7
370
15
100
AcDbLine
 10
5110.2261
 20
-13660.0
 30
0.0
 11
5110.2261
 21
-13190.0
 31
0.0
  0
LINE
  5
2F3
330
17
100
AcDbEntity
  8
ESTRIBOS
 62
7
370
15
100
AcDbLine
 10
5185.2261
 20
-13660.0
 30
0.0
 11
5185.2261
 21
-13190.0
 31
0.0
  0
LINE
  5
2F4
330
17
100
AcDbEntity
  8
ESTRIBOS
 62
7
370
15
100
AcDbLine
 10
5260.2261
 20
-13660.0
 30
0.0
 11
5260.2261
 21
-13190.0
 31
0.0
  0
LINE
  5
2F5
330
17
100
AcDbEntity
  8
ESTRIBOS
 62
7
370
15
100
AcDbLine
 10
5335.2261
 20
-13660.0
 30
0.0
 11
5335.2261
 21
-13190.0
 31
0.0
  0
LINE
  5
2F6
330
17
100
AcDbEntity
  8
ESTRIBOS
 62
7
370
15
100
AcDbLine
 10
6035.2261
 20
-13660.0
 30
0.0
 11
6035.2261
 21
-13190.0
 31
0.0
  0
LINE
  5
2F7
330
17
100
AcDbEntity
  8
ESTRIBOS
 62
7
370
15
100
AcDbLine
 10
6110.2261
 20
-13660.0
 30
0.0
 11
6110.2261
 21
-13190.0
 31
0.0
  0
LINE
  5
2F8
330
17
100
AcDbEntity
  8
ESTRIBOS
 62
7
370
15
100
AcDbLine
 10
6185.2261
 20
-13660.0
 30
0.0
 11
6185.2261
 21
-13190.0
 31
0.0
  0
LINE
  5
2F9
330
17
100
AcDbEntity
  8
ESTRIBOS
 62
7
370
15
100
AcDbLine
 10
6260.2261
 20
-13660.0
 30
0.0
 11
6260.2261
 21
-13190.0
 31
0.0
  0
LINE
  5
2FA
330
17
100
AcDbEntity
  8
ESTRIBOS
 62
7
370
15
100
AcDbLine
 10
6335.2261
 20
-13660.0
 30
0.0
 11
6335.2261
 21
-13190.0
 31
0.0
  0
LINE
  5
2FB
330
17
100
AcDbEntity
  8
ESTRIBOS
 62
7
370
15
100
AcDbLine
 10
6410.2261
 20
-13660.0
 30
0.0
 11
6410.2261
 21
-13190.0
 31
0.0
  0
LINE
  5
2FC
330
17
100
AcDbEntity
  8
ESTRIBOS
 62
7
370
15
100
AcDbLine
 10
6485.2261
 20
-13660.0
 30
0.0
 11
6485.2261
 21
-13190.0
 31
0.0
  0
LINE
  5
2FD
330
17
100
AcDbEntity
  8
ESTRIBOS
 62
7
370
15
100
AcDbLine
 10
6560.2261
 20
-13660.0
 30
0.0
 11
6560.2261
 21
-13190.0
 31
0.0
  0
LINE
  5
2FE
330
17
100
AcDbEntity
  8
ESTRIBOS
 62
7
370
15
100
AcDbLine
 10
6635.2261
 20
-13660.0
 30
0.0
 11
6635.2261
 21
-13190.0
 31
0.0
  0
LINE
  5
2FF
330
17
100
AcDbEntity
  8
ESTRIBOS
 62
7
370
15
100
AcDbLine
 10
6710.2261
 20
-13660.0
 30
0.0
 11
6710.2261
 21
-13190.0
 31
0.0
  0
LINE
  5
300
330
17
100
AcDbEntity
  8
ESTRIBOS
 62
7
370
15
100
AcDbLine
 10
6785.2261
 20
-13660.0
 30
0.0
 11
6785.2261
 21
-13190.0
 31
0.0
  0
LINE
  5
301
330
17
100
AcDbEntity
  8
ESTRIBOS
 62
7
370
15
100
AcDbLine
 10
6860.2261
 20
-13660.0
 30
0.0
 11
6860.2261
 21
-13190.0
 31
0.0
  0
LINE
  5
302
330
17
100
AcDbEntity
  8
ESTRIBOS
 62
7
370
15
100
AcDbLine
 10
6935.2261
 20
-13660.0
 30
0.0
 11
6935.2261
 21
-13190.0
 31
0.0
  0
LINE
  5
303
330
17
100
AcDbEntity
  8
ESTRIBOS
 62
7
370
15
100
AcDbLine
 10
7010.2261
 20
-13660.0
 30
0.0
 11
7010.2261
 21
-13190.0
 31
0.0
  0
LINE
  5
304
330
17
100
AcDbEntity
  8
ESTRIBOS
 62
7
370
15
100
AcDbLine
 10
7085.2261
 20
-13660.0
 30
0.0
 11
7085.2261
 21
-13190.0
 31
0.0
  0
LINE
  5
305
330
17
100
AcDbEntity
  8
ESTRIBOS
 62
7
370
15
100
AcDbLine
 10
7163.285631
 20
-13660.0
 30
0.0
 11
7163.285631
 21
-13190.0
 31
0.0
  0
LINE
  5
306
330
17
100
AcDbEntity
  8
ESTRIBOS
 62
7
370
15
100
AcDbLine
 10
7241.345162
 20
-13660.0
 30
0.0
 11
7241.345162
 21
-13190.0
 31
0.0
  0
LINE
  5
307
330
17
100
AcDbEntity
  8
ESTRIBOS
 62
7
370
15
100
AcDbLine
 10
7319.404692
 20
-13660.0
 30
0.0
 11
7319.404692
 21
-13190.0
 31
0.0
  0
LINE
  5
308
330
17
100
AcDbEntity
  8
ESTRIBOS
 62
7
370
15
100
AcDbLine
 10
7397.464223
 20
-13660.0
 30
0.0
 11
7397.464223
 21
-13190.0
 31
0.0
  0
LINE
  5
309
330
17
100
AcDbEntity
  8
ESTRIBOS
 62
7
370
15
100
AcDbLine
 10
7475.523754
 20
-13660.0
 30
0.0
 11
7475.523754
 21
-13190.0
 31
0.0
  0
LINE
  5
30A
330
17
100
AcDbEntity
  8
ESTRIBOS
 62
7
370
15
100
AcDbLine
 10
7553.583285
 20
-13660.0
 30
0.0
 11
7553.583285
 21
-13190.0
 31
0.0
  0
LINE
  5
30B
330
17
100
AcDbEntity
  8
ESTRIBOS
 62
7
370
15
100
AcDbLine
 10
7631.642815
 20
-13660.0
 30
0.0
 11
7631.642815
 21
-13190.0
 31
0.0
  0
LINE
  5
30C
330
17
100
AcDbEntity
  8
ESTRIBOS
 62
7
370
15
100
AcDbLine
 10
7709.702346
 20
-13660.0
 30
0.0
 11
7709.702346
 21
-13190.0
 31
0.0
  0
LINE
  5
30D
330
17
100
AcDbEntity
  8
ESTRIBOS
 62
7
370
15
100
AcDbLine
 10
7787.761877
 20
-13660.0
 30
0.0
 11
7787.761877
 21
-13190.0
 31
0.0
  0
LINE
  5
30E
330
17
100
AcDbEntity
  8
ESTRIBOS
 62
7
370
15
100
AcDbLine
 10
7865.821408
 20
-13660.0
 30
0.0
 11
7865.821408
 21
-13190.0
 31
0.0
  0
LINE
  5
30F
330
17
100
AcDbEntity
  8
ESTRIBOS
 62
7
370
15
100
AcDbLine
 10
7943.880938
 20
-13660.0
 30
0.0
 11
7943.880938
 21
-13190.0
 31
0.0
  0
LINE
  5
310
330
17
100
AcDbEntity
  8
ESTRIBOS
 62
7
370
15
100
AcDbLine
 10
8021.940469
 20
-13660.0
 30
0.0
 11
8021.940469
 21
-13190.0
 31
0.0
  0
LINE
  5
311
330
17
100
AcDbEntity
  8
ESTRIBOS
 62
7
370
15
100
AcDbLine
 10
8100.0
 20
-13660.0
 30
0.0
 11
8100.0
 21
-13190.0
 31
0.0
  0
LINE
  5
312
330
17
100
AcDbEntity
  8
ESTRIBOS
 62
7
370
15
100
AcDbLine
 10
8175.0
 20
-13660.0
 30
0.0
 11
8175.0
 21
-13190.0
 31
0.0
  0
LINE
  5
313
330
17
100
AcDbEntity
  8
ESTRIBOS
 62
7
370
15
100
AcDbLine
 10
8250.0
 20
-13660.0
 30
0.0
 11
8250.0
 21
-13190.0
 31
0.0
  0
LINE
  5
314
330
17
100
AcDbEntity
  8
ESTRIBOS
 62
7
370
15
100
AcDbLine
 10
8325.0
 20
-13660.0
 30
0.0
 11
8325.0
 21
-13190.0
 31
0.0
  0
LINE
  5
315
330
17
100
AcDbEntity
  8
ESTRIBOS
 62
7
370
15
100
AcDbLine
 10
8400.0
 20
-13660.0
 30
0.0
 11
8400.0
 21
-13190.0
 31
0.0
  0
LINE
  5
316
330
17
100
AcDbEntity
  8
ESTRIBOS
 62
7
370
15
100
AcDbLine
 10
8475.0
 20
-13660.0
 30
0.0
 11
8475.0
 21
-13190.0
 31
0.0
  0
LINE
  5
317
330
17
100
AcDbEntity
  8
ESTRIBOS
 62
7
370
15
100
AcDbLine
 10
8550.0
 20
-13660.0
 30
0.0
 11
8550.0
 21
-13190.0
 31
0.0
  0
LINE
  5
318
330
17
100
AcDbEntity
  8
ESTRIBOS
 62
7
370
15
100
AcDbLine
 10
8625.0
 20
-13660.0
 30
0.0
 11
8625.0
 21
-13190.0
 31
0.0
  0
LINE
  5
319
330
17
100
AcDbEntity
  8
ESTRIBOS
 62
7
370
15
100
AcDbLine
 10
8700.0
 20
-13660.0
 30
0.0
 11
8700.0
 21
-13190.0
 31
0.0
  0
LINE
  5
31A
330
17
100
AcDbEntity
  8
ESTRIBOS
 62
7
370
15
100
AcDbLine
 10
8775.0
 20
-13660.0
 30
0.0
 11
8775.0
 21
-13190.0
 31
0.0
  0
LINE
  5
31B
330
17
100
AcDbEntity
  8
ESTRIBOS
 62
7
370
15
100
AcDbLine
 10
8850.0
 20
-13660.0
 30
0.0
 11
8850.0
 21
-13190.0
 31
0.0
  0
LINE
  5
31C
330
17
100
AcDbEntity
  8
ESTRIBOS
 62
7
370
15
100
AcDbLine
 10
8925.0
 20
-13660.0
 30
0.0
 11
8925.0
 21
-13190.0
 31
0.0
  0
LINE
  5
31D
330
17
100
AcDbEntity
  8
ESTRIBOS
 62
7
370
15
100
AcDbLine
 10
9000.0
 20
-13660.0
 30
0.0
 11
9000.0
 21
-13190.0
 31
0.0
  0
LINE
  5
31E
330
17
100
AcDbEntity
  8
ESTRIBOS
 62
7
370
15
100
AcDbLine
 10
9075.0
 20
-13660.0
 30
0.0
 11
9075.0
 21
-13190.0
 31
0.0
  0
LINE
  5
31F
330
17
100
AcDbEntity
  8
ESTRIBOS
 62
7
370
15
100
AcDbLine
 10
9150.0
 20
-13660.0
 30
0.0
 11
9150.0
 21
-13190.0
 31
0.0
  0
LINE
  5
320
330
17
100
AcDbEntity
  8
ESTRIBOS
 62
7
370
15
100
AcDbLine
 10
9850.0
 20
-13660.0
 30
0.0
 11
9850.0
 21
-13190.0
 31
0.0
  0
LINE
  5
321
330
17
100
AcDbEntity
  8
ESTRIBOS
 62
7
370
15
100
AcDbLine
 10
9925.0
 20
-13660.0
 30
0.0
 11
9925.0
 21
-13190.0
 31
0.0
  0
LINE
  5
322
330
17
100
AcDbEntity
  8
ESTRIBOS
 62
7
370
15
100
AcDbLine
 10
10000.0
 20
-13660.0
 30
0.0
 11
10000.0
 21
-13190.0
 31
0.0
  0
LINE
  5
323
330
17
100
AcDbEntity
  8
ESTRIBOS
 62
7
370
15
100
AcDbLine
 10
10075.0
 20
-13660.0
 30
0.0
 11
10075.0
 21
-13190.0
 31
0.0
  0
LINE
  5
324
330
17
100
AcDbEntity
  8
ESTRIBOS
 62
7
370
15
100
AcDbLine
 10
10150.0
 20
-13660.0
 30
0.0
 11
10150.0
 21
-13190.0
 31
0.0
  0
LINE
  5
325
330
17
100
AcDbEntity
  8
ESTRIBOS
 62
7
370
15
100
AcDbLine
 10
10225.0
 20
-13660.0
 30
0.0
 11
10225.0
 21
-13190.0
 31
0.0
  0
LINE
  5
326
330
17
100
AcDbEntity
  8
ESTRIBOS
 62
7
370
15
100
AcDbLine
 10
10300.0
 20
-13660.0
 30
0.0
 11
10300.0
 21
-13190.0
 31
0.0
  0
LINE
  5
327
330
17
100
AcDbEntity
  8
ESTRIBOS
 62
7
370
15
100
AcDbLine
 10
10375.0
 20
-13660.0
 30
0.0
 11
10375.0
 21
-13190.0
 31
0.0
  0
LINE
  5
328
330
17
100
AcDbEntity
  8
ESTRIBOS
 62
7
370
15
100
AcDbLine
 10
10450.0
 20
-13660.0
 30
0.0
 11
10450.0
 21
-13190.0
 31
0.0
  0
LINE
  5
329
330
17
100
AcDbEntity
  8
ESTRIBOS
 62
7
370
15
100
AcDbLine
 10
10525.0
 20
-13660.0
 30
0.0
 11
10525.0
 21
-13190.0
 31
0.0
  0
LINE
  5
32A
330
17
100
AcDbEntity
  8
ESTRIBOS
 62
7
370
15
100
AcDbLine
 10
10600.0
 20
-13660.0
 30
0.0
 11
10600.0
 21
-13190.0
 31
0.0
  0
LINE
  5
32B
330
17
100
AcDbEntity
  8
ESTRIBOS
 62
7
370
15
100
AcDbLine
 10
10675.0
 20
-13660.0
 30
0.0
 11
10675.0
 21
-13190.0
 31
0.0
  0
LINE
  5
32C
330
17
100
AcDbEntity
  8
ESTRIBOS
 62
7
370
15
100
AcDbLine
 10
10750.0
 20
-13660.0
 30
0.0
 11
10750.0
 21
-13190.0
 31
0.0
  0
LINE
  5
32D
330
17
100
AcDbEntity
  8
ESTRIBOS
 62
7
370
15
100
AcDbLine
 10
10825.0
 20
-13660.0
 30
0.0
 11
10825.0
 21
-13190.0
 31
0.0
  0
LINE
  5
32E
330
17
100
AcDbEntity
  8
ESTRIBOS
 62
7
370
15
100
AcDbLine
 10
10900.0
 20
-13660.0
 30
0.0
 11
10900.0
 21
-13190.0
 31
0.0
  0
LINE
  5
32F
330
17
100
AcDbEntity
  8
ESTRIBOS
 62
7
370
15
100
AcDbLine
 10
10978.059531
 20
-13660.0
 30
0.0
 11
10978.059531
 21
-13190.0
 31
0.0
  0
LINE
  5
330
330
17
100
AcDbEntity
  8
ESTRIBOS
 62
7
370
15
100
AcDbLine
 10
11056.119062
 20
-13660.0
 30
0.0
 11
11056.119062
 21
-13190.0
 31
0.0
  0
LINE
  5
331
330
17
100
AcDbEntity
  8
ESTRIBOS
 62
7
370
15
100
AcDbLine
 10
11134.178592
 20
-13660.0
 30
0.0
 11
11134.178592
 21
-13190.0
 31
0.0
  0
LINE
  5
332
330
17
100
AcDbEntity
  8
ESTRIBOS
 62
7
370
15
100
AcDbLine
 10
11212.238123
 20
-13660.0
 30
0.0
 11
11212.238123
 21
-13190.0
 31
0.0
  0
LINE
  5
333
330
17
100
AcDbEntity
  8
ESTRIBOS
 62
7
370
15
100
AcDbLine
 10
11290.297654
 20
-13660.0
 30
0.0
 11
11290.297654
 21
-13190.0
 31
0.0
  0
LINE
  5
334
330
17
100
AcDbEntity
  8
ESTRIBOS
 62
7
370
15
100
AcDbLine
 10
11368.357185
 20
-13660.0
 30
0.0
 11
11368.357185
 21
-13190.0
 31
0.0
  0
LINE
  5
335
330
17
100
AcDbEntity
  8
ESTRIBOS
 62
7
370
15
100
AcDbLine
 10
11446.416715
 20
-13660.0
 30
0.0
 11
11446.416715
 21
-13190.0
 31
0.0
  0
LINE
  5
336
330
17
100
AcDbEntity
  8
ESTRIBOS
 62
7
370
15
100
AcDbLine
 10
11524.476246
 20
-13660.0
 30
0.0
 11
11524.476246
 21
-13190.0
 31
0.0
  0
LINE
  5
337
330
17
100
AcDbEntity
  8
ESTRIBOS
 62
7
370
15
100
AcDbLine
 10
11602.535777
 20
-13660.0
 30
0.0
 11
11602.535777
 21
-13190.0
 31
0.0
  0
LINE
  5
338
330
17
100
AcDbEntity
  8
ESTRIBOS
 62
7
370
15
100
AcDbLine
 10
11680.595308
 20
-13660.0
 30
0.0
 11
11680.595308
 21
-13190.0
 31
0.0
  0
LINE
  5
339
330
17
100
AcDbEntity
  8
ESTRIBOS
 62
7
370
15
100
AcDbLine
 10
11758.654838
 20
-13660.0
 30
0.0
 11
11758.654838
 21
-13190.0
 31
0.0
  0
LINE
  5
33A
330
17
100
AcDbEntity
  8
ESTRIBOS
 62
7
370
15
100
AcDbLine
 10
11836.714369
 20
-13660.0
 30
0.0
 11
11836.714369
 21
-13190.0
 31
0.0
  0
LINE
  5
33B
330
17
100
AcDbEntity
  8
ESTRIBOS
 62
7
370
15
100
AcDbLine
 10
11914.7739
 20
-13660.0
 30
0.0
 11
11914.7739
 21
-13190.0
 31
0.0
  0
LINE
  5
33C
330
17
100
AcDbEntity
  8
ESTRIBOS
 62
7
370
15
100
AcDbLine
 10
11989.7739
 20
-13660.0
 30
0.0
 11
11989.7739
 21
-13190.0
 31
0.0
  0
LINE
  5
33D
330
17
100
AcDbEntity
  8
ESTRIBOS
 62
7
370
15
100
AcDbLine
 10
12064.7739
 20
-13660.0
 30
0.0
 11
12064.7739
 21
-13190.0
 31
0.0
  0
LINE
  5
33E
330
17
100
AcDbEntity
  8
ESTRIBOS
 62
7
370
15
100
AcDbLine
 10
12139.7739
 20
-13660.0
 30
0.0
 11
12139.7739
 21
-13190.0
 31
0.0
  0
LINE
  5
33F
330
17
100
AcDbEntity
  8
ESTRIBOS
 62
7
370
15
100
AcDbLine
 10
12214.7739
 20
-13660.0
 30
0.0
 11
12214.7739
 21
-13190.0
 31
0.0
  0
LINE
  5
340
330
17
100
AcDbEntity
  8
ESTRIBOS
 62
7
370
15
100
AcDbLine
 10
12289.7739
 20
-13660.0
 30
0.0
 11
12289.7739
 21
-13190.0
 31
0.0
  0
LINE
  5
341
330
17
100
AcDbEntity
  8
ESTRIBOS
 62
7
370
15
100
AcDbLine
 10
12364.7739
 20
-13660.0
 30
0.0
 11
12364.7739
 21
-13190.0
 31
0.0
  0
LINE
  5
342
330
17
100
AcDbEntity
  8
ESTRIBOS
 62
7
370
15
100
AcDbLine
 10
12439.7739
 20
-13660.0
 30
0.0
 11
12439.7739
 21
-13190.0
 31
0.0
  0
LINE
  5
343
330
17
100
AcDbEntity
  8
ESTRIBOS
 62
7
370
15
100
AcDbLine
 10
12514.7739
 20
-13660.0
 30
0.0
 11
12514.7739
 21
-13190.0
 31
0.0
  0
LINE
  5
344
330
17
100
AcDbEntity
  8
ESTRIBOS
 62
7
370
15
100
AcDbLine
 10
12589.7739
 20
-13660.0
 30
0.0
 11
12589.7739
 21
-13190.0
 31
0.0
  0
LINE
  5
345
330
17
100
AcDbEntity
  8
ESTRIBOS
 62
7
370
15
100
AcDbLine
 10
12664.7739
 20
-13660.0
 30
0.0
 11
12664.7739
 21
-13190.0
 31
0.0
  0
LINE
  5
346
330
17
100
AcDbEntity
  8
ESTRIBOS
 62
7
370
15
100
AcDbLine
 10
12739.7739
 20
-13660.0
 30
0.0
 11
12739.7739
 21
-13190.0
 31
0.0
  0
LINE
  5
347
330
17
100
AcDbEntity
  8
ESTRIBOS
 62
7
370
15
100
AcDbLine
 10
12814.7739
 20
-13660.0
 30
0.0
 11
12814.7739
 21
-13190.0
 31
0.0
  0
LINE
  5
348
330
17
100
AcDbEntity
  8
ESTRIBOS
 62
7
370
15
100
AcDbLine
 10
12889.7739
 20
-13660.0
 30
0.0
 11
12889.7739
 21
-13190.0
 31
0.0
  0
LINE
  5
349
330
17
100
AcDbEntity
  8
ESTRIBOS
 62
7
370
15
100
AcDbLine
 10
12964.7739
 20
-13660.0
 30
0.0
 11
12964.7739
 21
-13190.0
 31
0.0
  0
LINE
  5
34A
330
17
100
AcDbEntity
  8
ESTRIBOS
 62
7
370
15
100
AcDbLine
 10
13664.7739
 20
-13660.0
 30
0.0
 11
13664.7739
 21
-13190.0
 31
0.0
  0
LINE
  5
34B
330
17
100
AcDbEntity
  8
ESTRIBOS
 62
7
370
15
100
AcDbLine
 10
13739.7739
 20
-13660.0
 30
0.0
 11
13739.7739
 21
-13190.0
 31
0.0
  0
LINE
  5
34C
330
17
100
AcDbEntity
  8
ESTRIBOS
 62
7
370
15
100
AcDbLine
 10
13814.7739
 20
-13660.0
 30
0.0
 11
13814.7739
 21
-13190.0
 31
0.0
  0
LINE
  5
34D
330
17
100
AcDbEntity
  8
ESTRIBOS
 62
7
370
15
100
AcDbLine
 10
13889.7739
 20
-13660.0
 30
0.0
 11
13889.7739
 21
-13190.0
 31
0.0
  0
LINE
  5
34E
330
17
100
AcDbEntity
  8
ESTRIBOS
 62
7
370
15
100
AcDbLine
 10
13964.7739
 20
-13660.0
 30
0.0
 11
13964.7739
 21
-13190.0
 31
0.0
  0
LINE
  5
34F
330
17
100
AcDbEntity
  8
ESTRIBOS
 62
7
370
15
100
AcDbLine
 10
14039.7739
 20
-13660.0
 30
0.0
 11
14039.7739
 21
-13190.0
 31
0.0
  0
LINE
  5
350
330
17
100
AcDbEntity
  8
ESTRIBOS
 62
7
370
15
100
AcDbLine
 10
14114.7739
 20
-13660.0
 30
0.0
 11
14114.7739
 21
-13190.0
 31
0.0
  0
LINE
  5
351
330
17
100
AcDbEntity
  8
ESTRIBOS
 62
7
370
15
100
AcDbLine
 10
14189.7739
 20
-13660.0
 30
0.0
 11
14189.7739
 21
-13190.0
 31
0.0
  0
LINE
  5
352
330
17
100
AcDbEntity
  8
ESTRIBOS
 62
7
370
15
100
AcDbLine
 10
14264.7739
 20
-13660.0
 30
0.0
 11
14264.7739
 21
-13190.0
 31
0.0
  0
LINE
  5
353
330
17
100
AcDbEntity
  8
ESTRIBOS
 62
7
370
15
100
AcDbLine
 10
14339.7739
 20
-13660.0
 30
0.0
 11
14339.7739
 21
-13190.0
 31
0.0
  0
LINE
  5
354
330
17
100
AcDbEntity
  8
ESTRIBOS
 62
7
370
15
100
AcDbLine
 10
14414.7739
 20
-13660.0
 30
0.0
 11
14414.7739
 21
-13190.0
 31
0.0
  0
LINE
  5
355
330
17
100
AcDbEntity
  8
ESTRIBOS
 62
7
370
15
100
AcDbLine
 10
14489.7739
 20
-13660.0
 30
0.0
 11
14489.7739
 21
-13190.0
 31
0.0
  0
LINE
  5
356
330
17
100
AcDbEntity
  8
ESTRIBOS
 62
7
370
15
100
AcDbLine
 10
14564.7739
 20
-13660.0
 30
0.0
 11
14564.7739
 21
-13190.0
 31
0.0
  0
LINE
  5
357
330
17
100
AcDbEntity
  8
ESTRIBOS
 62
7
370
15
100
AcDbLine
 10
14639.7739
 20
-13660.0
 30
0.0
 11
14639.7739
 21
-13190.0
 31
0.0
  0
LINE
  5
358
330
17
100
AcDbEntity
  8
ESTRIBOS
 62
7
370
15
100
AcDbLine
 10
14714.7739
 20
-13660.0
 30
0.0
 11
14714.7739
 21
-13190.0
 31
0.0
  0
LINE
  5
359
330
17
100
AcDbEntity
  8
ESTRIBOS
 62
7
370
15
100
AcDbLine
 10
14794.7739
 20
-13660.0
 30
0.0
 11
14794.7739
 21
-13190.0
 31
0.0
  0
LINE
  5
35A
330
17
100
AcDbEntity
  8
ESTRIBOS
 62
7
370
15
100
AcDbLine
 10
14874.7739
 20
-13660.0
 30
0.0
 11
14874.7739
 21
-13190.0
 31
0.0
  0
LINE
  5
35B
330
17
100
AcDbEntity
  8
ESTRIBOS
 62
7
370
15
100
AcDbLine
 10
14954.7739
 20
-13660.0
 30
0.0
 11
14954.7739
 21
-13190.0
 31
0.0
  0
LINE
  5
35C
330
17
100
AcDbEntity
  8
ESTRIBOS
 62
7
370
15
100
AcDbLine
 10
15034.7739
 20
-13660.0
 30
0.0
 11
15034.7739
 21
-13190.0
 31
0.0
  0
LINE
  5
35D
330
17
100
AcDbEntity
  8
ESTRIBOS
 62
7
370
15
100
AcDbLine
 10
15114.7739
 20
-13660.0
 30
0.0
 11
15114.7739
 21
-13190.0
 31
0.0
  0
LINE
  5
35E
330
17
100
AcDbEntity
  8
ESTRIBOS
 62
7
370
15
100
AcDbLine
 10
15194.7739
 20
-13660.0
 30
0.0
 11
15194.7739
 21
-13190.0
 31
0.0
  0
LINE
  5
35F
330
17
100
AcDbEntity
  8
ESTRIBOS
 62
7
370
15
100
AcDbLine
 10
15274.7739
 20
-13660.0
 30
0.0
 11
15274.7739
 21
-13190.0
 31
0.0
  0
LINE
  5
360
330
17
100
AcDbEntity
  8
ESTRIBOS
 62
7
370
15
100
AcDbLine
 10
15354.7739
 20
-13660.0
 30
0.0
 11
15354.7739
 21
-13190.0
 31
0.0
  0
LINE
  5
361
330
17
100
AcDbEntity
  8
ESTRIBOS
 62
7
370
15
100
AcDbLine
 10
15434.7739
 20
-13660.0
 30
0.0
 11
15434.7739
 21
-13190.0
 31
0.0
  0
LINE
  5
362
330
17
100
AcDbEntity
  8
ESTRIBOS
 62
7
370
15
100
AcDbLine
 10
15514.7739
 20
-13660.0
 30
0.0
 11
15514.7739
 21
-13190.0
 31
0.0
  0
LINE
  5
363
330
17
100
AcDbEntity
  8
ESTRIBOS
 62
7
370
15
100
AcDbLine
 10
15594.7739
 20
-13660.0
 30
0.0
 11
15594.7739
 21
-13190.0
 31
0.0
  0
LINE
  5
364
330
17
100
AcDbEntity
  8
ESTRIBOS
 62
7
370
15
100
AcDbLine
 10
15674.7739
 20
-13660.0
 30
0.0
 11
15674.7739
 21
-13190.0
 31
0.0
  0
LINE
  5
365
330
17
100
AcDbEntity
  8
ESTRIBOS
 62
7
370
15
100
AcDbLine
 10
15754.7739
 20
-13660.0
 30
0.0
 11
15754.7739
 21
-13190.0
 31
0.0
  0
LINE
  5
366
330
17
100
AcDbEntity
  8
ESTRIBOS
 62
7
370
15
100
AcDbLine
 10
15834.7739
 20
-13660.0
 30
0.0
 11
15834.7739
 21
-13190.0
 31
0.0
  0
LINE
  5
367
330
17
100
AcDbEntity
  8
ESTRIBOS
 62
7
370
15
100
AcDbLine
 10
15914.7739
 20
-13660.0
 30
0.0
 11
15914.7739
 21
-13190.0
 31
0.0
  0
LINE
  5
368
330
17
100
AcDbEntity
  8
ESTRIBOS
 62
7
370
15
100
AcDbLine
 10
15989.7739
 20
-13660.0
 30
0.0
 11
15989.7739
 21
-13190.0
 31
0.0
  0
LINE
  5
369
330
17
100
AcDbEntity
  8
ESTRIBOS
 62
7
370
15
100
AcDbLine
 10
16064.7739
 20
-13660.0
 30
0.0
 11
16064.7739
 21
-13190.0
 31
0.0
  0
LINE
  5
36A
330
17
100
AcDbEntity
  8
ESTRIBOS
 62
7
370
15
100
AcDbLine
 10
16139.7739
 20
-13660.0
 30
0.0
 11
16139.7739
 21
-13190.0
 31
0.0
  0
LINE
  5
36B
330
17
100
AcDbEntity
  8
ESTRIBOS
 62
7
370
15
100
AcDbLine
 10
16214.7739
 20
-13660.0
 30
0.0
 11
16214.7739
 21
-13190.0
 31
0.0
  0
LINE
  5
36C
330
17
100
AcDbEntity
  8
ESTRIBOS
 62
7
370
15
100
AcDbLine
 10
16289.7739
 20
-13660.0
 30
0.0
 11
16289.7739
 21
-13190.0
 31
0.0
  0
LINE
  5
36D
330
17
100
AcDbEntity
  8
ESTRIBOS
 62
7
370
15
100
AcDbLine
 10
16364.7739
 20
-13660.0
 30
0.0
 11
16364.7739
 21
-13190.0
 31
0.0
  0
LINE
  5
36E
330
17
100
AcDbEntity
  8
ESTRIBOS
 62
7
370
15
100
AcDbLine
 10
16439.7739
 20
-13660.0
 30
0.0
 11
16439.7739
 21
-13190.0
 31
0.0
  0
LINE
  5
36F
330
17
100
AcDbEntity
  8
ESTRIBOS
 62
7
370
15
100
AcDbLine
 10
16514.7739
 20
-13660.0
 30
0.0
 11
16514.7739
 21
-13190.0
 31
0.0
  0
LINE
  5
370
330
17
100
AcDbEntity
  8
ESTRIBOS
 62
7
370
15
100
AcDbLine
 10
16589.7739
 20
-13660.0
 30
0.0
 11
16589.7739
 21
-13190.0
 31
0.0
  0
LINE
  5
371
330
17
100
AcDbEntity
  8
ESTRIBOS
 62
7
370
15
100
AcDbLine
 10
16664.7739
 20
-13660.0
 30
0.0
 11
16664.7739
 21
-13190.0
 31
0.0
  0
LINE
  5
372
330
17
100
AcDbEntity
  8
ESTRIBOS
 62
7
370
15
100
AcDbLine
 10
16739.7739
 20
-13660.0
 30
0.0
 11
16739.7739
 21
-13190.0
 31
0.0
  0
LINE
  5
373
330
17
100
AcDbEntity
  8
ESTRIBOS
 62
7
370
15
100
AcDbLine
 10
16814.7739
 20
-13660.0
 30
0.0
 11
16814.7739
 21
-13190.0
 31
0.0
  0
LINE
  5
374
330
17
100
AcDbEntity
  8
ESTRIBOS
 62
7
370
15
100
AcDbLine
 10
16889.7739
 20
-13660.0
 30
0.0
 11
16889.7739
 21
-13190.0
 31
0.0
  0
LINE
  5
375
330
17
100
AcDbEntity
  8
ESTRIBOS
 62
7
370
15
100
AcDbLine
 10
16964.7739
 20
-13660.0
 30
0.0
 11
16964.7739
 21
-13190.0
 31
0.0
  0
LINE
  5
376
330
17
100
AcDbEntity
  8
REF_SUP_CONT
 62
7
370
40
100
AcDbLine
 10
1685.2260999999999
 20
-13220.0
 30
0.0
 11
17314.7739
 21
-13220.0
 31
0.0
  0
LINE
  5
377
330
17
100
AcDbEntity
  8
REF_SUP_CONT
 62
7
370
40
100
AcDbLine
 10
1685.2260999999999
 20
-13220.0
 30
0.0
 11
1380.2260999999999
 21
-13220.0
 31
0.0
  0
LINE
  5
378
330
17
100
AcDbEntity
  8
REF_SUP_CONT
 62
7
370
40
100
AcDbLine
 10
1380.2260999999999
 20
-13220.0
 30
0.0
 11
1380.2260999999999
 21
-13415.0
 31
0.0
  0
LINE
  5
379
330
17
100
AcDbEntity
  8
REF_SUP_CONT
 62
7
370
40
100
AcDbLine
 10
17314.7739
 20
-13220.0
 30
0.0
 11
17619.7739
 21
-13220.0
 31
0.0
  0
LINE
  5
37A
330
17
100
AcDbEntity
  8
REF_SUP_CONT
 62
7
370
40
100
AcDbLine
 10
17619.7739
 20
-13220.0
 30
0.0
 11
17619.7739
 21
-13415.0
 31
0.0
  0
LINE
  5
37B
330
17
100
AcDbEntity
  8
REF_INF
 62
7
370
40
100
AcDbLine
 10
1685.2260999999999
 20
-13630.0
 30
0.0
 11
17314.7739
 21
-13630.0
 31
0.0
  0
LINE
  5
37C
330
17
100
AcDbEntity
  8
REF_INF
 62
7
370
40
100
AcDbLine
 10
1685.2260999999999
 20
-13630.0
 30
0.0
 11
1380.2260999999999
 21
-13630.0
 31
0.0
  0
LINE
  5
37D
330
17
100
AcDbEntity
  8
REF_INF
 62
7
370
40
100
AcDbLine
 10
1380.2260999999999
 20
-13630.0
 30
0.0
 11
1380.2260999999999
 21
-13435.0
 31
0.0
  0
LINE
  5
37E
330
17
100
AcDbEntity
  8
REF_INF
 62
7
370
40
100
AcDbLine
 10
17314.7739
 20
-13630.0
 30
0.0
 11
17619.7739
 21
-13630.0
 31
0.0
  0
LINE
  5
37F
330
17
100
AcDbEntity
  8
REF_INF
 62
7
370
40
100
AcDbLine
 10
17619.7739
 20
-13630.0
 30
0.0
 11
17619.7739
 21
-13435.0
 31
0.0
  0
LINE
  5
380
330
17
100
AcDbEntity
  8
REF_SUP_BASTON
 62
7
370
40
100
AcDbLine
 10
1666.253747137764
 20
-13325.0
 30
0.0
 11
2535.2261
 21
-13325.0
 31
0.0
  0
ARC
  5
381
330
17
100
AcDbEntity
  8
REF_SUP_BASTON
 62
7
370
40
100
AcDbCircle
 10
1666.253747137764
 20
-13382.95
 30
0.0
 40
57.95
100
AcDbArc
 50
90.0
 51
180.0
  0
LINE
  5
382
330
17
100
AcDbEntity
  8
REF_SUP_BASTON
 62
7
370
40
100
AcDbLine
 10
1608.303747137764
 20
-13382.95
 30
0.0
 11
1608.303747137764
 21
-13577.95
 31
0.0
  0
LINE
  5
383
330
17
100
AcDbEntity
  8
REF_SUP_BASTON
 62
7
370
40
100
AcDbLine
 10
4835.2261
 20
-13395.0
 30
0.0
 11
5990.2261
 21
-13395.0
 31
0.0
  0
LINE
  5
384
330
17
100
AcDbEntity
  8
REF_SUP_BASTON
 62
7
370
40
100
AcDbLine
 10
5380.2261
 20
-13450.0
 30
0.0
 11
6535.2261
 21
-13450.0
 31
0.0
  0
LINE
  5
385
330
17
100
AcDbEntity
  8
REF_SUP_BASTON
 62
7
370
40
100
AcDbLine
 10
8650.0
 20
-13325.0
 30
0.0
 11
9805.0
 21
-13325.0
 31
0.0
  0
LINE
  5
386
330
17
100
AcDbEntity
  8
REF_SUP_BASTON
 62
7
370
40
100
AcDbLine
 10
9195.0
 20
-13380.0
 30
0.0
 11
10350.0
 21
-13380.0
 31
0.0
  0
LINE
  5
387
330
17
100
AcDbEntity
  8
REF_SUP_BASTON
 62
7
370
40
100
AcDbLine
 10
12464.7739
 20
-13395.0
 30
0.0
 11
13619.7739
 21
-13395.0
 31
0.0
  0
LINE
  5
388
330
17
100
AcDbEntity
  8
REF_SUP_BASTON
 62
7
370
40
100
AcDbLine
 10
13009.7739
 20
-13450.0
 30
0.0
 11
14164.7739
 21
-13450.0
 31
0.0
  0
LINE
  5
389
330
17
100
AcDbEntity
  8
REF_SUP_BASTON
 62
7
370
40
100
AcDbLine
 10
16464.7739
 20
-13325.0
 30
0.0
 11
17333.746252862235
 21
-13325.0
 31
0.0
  0
ARC
  5
38A
330
17
100
AcDbEntity
  8
REF_SUP_BASTON
 62
7
370
40
100
AcDbCircle
 10
17333.746252862235
 20
-13382.95
 30
0.0
 40
57.95
100
AcDbArc
 50
0.0
 51
90.0
  0
LINE
  5
38B
330
17
100
AcDbEntity
  8
REF_SUP_BASTON
 62
7
370
40
100
AcDbLine
 10
17391.696252862235
 20
-13382.95
 30
0.0
 11
17391.696252862235
 21
-13577.95
 31
0.0
  0
DIMENSION
  5
38C
330
17
100
AcDbEntity
  8
COTAS
100
AcDbDimension
280
0
  2
*D9
  3
EZDXF
 10
1685.2260999999999
 20
-14120.0
 30
0.0
 11
3685.2261
 21
-14077.4
 31
0.0
 70
32
 71
5
  1
4000 mm
100
AcDbAlignedDimension
 13
1685.2260999999999
 23
-14000.0
 33
0.0
 14
5685.2261
 24
-14000.0
 34
0.0
 50
0.0
100
AcDbRotatedDimension
1001
ACAD
1000
DSTYLE
1002
{
1070
140
1040
85.0
1070
41
1040
45.0
1070
44
1040
70.0
1070
42
1040
25.0
1070
77
1070
1
1070
176
1070
7
1070
177
1070
7
1070
178
1070
7
1002
}
  0
DIMENSION
  5
39B
330
17
100
AcDbEntity
  8
COTAS
100
AcDbDimension
280
0
  2
*D10
  3
EZDXF
 10
5685.2261
 20
-14120.0
 30
0.0
 11
7592.61305
 21
-14077.4
 31
0.0
 70
32
 71
5
  1
3814,8 mm
100
AcDbAlignedDimension
 13
5685.2261
 23
-14000.0
 33
0.0
 14
9500.0
 24
-14000.0
 34
0.0
 50
0.0
100
AcDbRotatedDimension
1001
ACAD
1000
DSTYLE
1002
{
1070
140
1040
85.0
1070
41
1040
45.0
1070
44
1040
70.0
1070
42
1040
25.0
1070
77
1070
1
1070
176
1070
7
1070
177
1070
7
1070
178
1070
7
1002
}
  0
DIMENSION
  5
3AA
330
17
100
AcDbEntity
  8
COTAS
100
AcDbDimension
280
0
  2
*D11
  3
EZDXF
 10
9500.0
 20
-14120.0
 30
0.0
 11
11407.38695
 21
-14077.4
 31
0.0
 70
32
 71
5
  1
3814,8 mm
100
AcDbAlignedDimension
 13
9500.0
 23
-14000.0
 33
0.0
 14
13314.7739
 24
-14000.0
 34
0.0
 50
0.0
100
AcDbRotatedDimension
1001
ACAD
1000
DSTYLE
1002
{
1070
140
1040
85.0
1070
41
1040
45.0
1070
44
1040
70.0
1070
42
1040
25.0
1070
77
1070
1
1070
176
1070
7
1070
177
1070
7
1070
178
1070
7
1002
}
  0
DIMENSION
  5
3B9
330
17
100
AcDbEntity
  8
COTAS
100
AcDbDimension
280
0
  2
*D12
  3
EZDXF
 10
13314.7739
 20
-14120.0
 30
0.0
 11
15314.7739
 21
-14077.4
 31
0.0
 70
32
 71
5
  1
4000 mm
100
AcDbAlignedDimension
 13
13314.7739
 23
-14000.0
 33
0.0
 14
17314.7739
 24
-14000.0
 34
0.0
 50
0.0
100
AcDbRotatedDimension
1001
ACAD
1000
DSTYLE
1002
{
1070
140
1040
85.0
1070
41
1040
45.0
1070
44
1040
70.0
1070
42
1040
25.0
1070
77
1070
1
1070
176
1070
7
1070
177
1070
7
1070
178
1070
7
1002
}
  0
DIMENSION
  5
3C8
330
17
100
AcDbEntity
  8
COTAS
100
AcDbDimension
280
0
  2
*D13
  3
EZDXF
 10
1685.2260999999999
 20
-14460.0
 30
0.0
 11
9500.0
 21
-14417.4
 31
0.0
 70
32
 71
5
  1
LONGITUD ENTRE EJES = 15629,5 mm
100
AcDbAlignedDimension
 13
1685.2260999999999
 23
-14340.0
 33
0.0
 14
17314.7739
 24
-14340.0
 34
0.0
 50
0.0
100
AcDbRotatedDimension
1001
ACAD
1000
DSTYLE
1002
{
1070
140
1040
85.0
1070
41
1040
45.0
1070
44
1040
70.0
1070
42
1040
25.0
1070
77
1070
1
1070
176
1070
7
1070
177
1070
7
1070
178
1070
7
1002
}
  0
LINE
  5
3D7
330
17
100
AcDbEntity
  8
CORTES
 62
7
370
25
100
AcDbLine
 10
2105.2261
 20
-13810.0
 30
0.0
 11
2105.2261
 21
-13040.0
 31
0.0
  0
CIRCLE
  5
3D8
330
17
100
AcDbEntity
  8
CORTES
 62
7
370
25
100
AcDbCircle
 10
2105.2261
 20
-13810.0
 30
0.0
 40
75.0
  0
TEXT
  5
3D9
330
17
100
AcDbEntity
  8
CORTES
 62
7
100
AcDbText
 10
2105.2261
 20
-13810.0
 30
0.0
 40
70.0
  1
A
 72
1
 11
2105.2261
 21
-13810.0
 31
0.0
100
AcDbText
 73
2
  0
CIRCLE
  5
3DA
330
17
100
AcDbEntity
  8
CORTES
 62
7
370
25
100
AcDbCircle
 10
2105.2261
 20
-13040.0
 30
0.0
 40
75.0
  0
TEXT
  5
3DB
330
17
100
AcDbEntity
  8
CORTES
 62
7
100
AcDbText
 10
2105.2261
 20
-13040.0
 30
0.0
 40
70.0
  1
A
 72
1
 11
2105.2261
 21
-13040.0
 31
0.0
100
AcDbText
 73
2
  0
LINE
  5
3DC
330
17
100
AcDbEntity
  8
CORTES
 62
7
370
25
100
AcDbLine
 10
3685.2261
 20
-13810.0
 30
0.0
 11
3685.2261
 21
-13040.0
 31
0.0
  0
CIRCLE
  5
3DD
330
17
100
AcDbEntity
  8
CORTES
 62
7
370
25
100
AcDbCircle
 10
3685.2261
 20
-13810.0
 30
0.0
 40
75.0
  0
TEXT
  5
3DE
330
17
100
AcDbEntity
  8
CORTES
 62
7
100
AcDbText
 10
3685.2261
 20
-13810.0
 30
0.0
 40
70.0
  1
B
 72
1
 11
3685.2261
 21
-13810.0
 31
0.0
100
AcDbText
 73
2
  0
CIRCLE
  5
3DF
330
17
100
AcDbEntity
  8
CORTES
 62
7
370
25
100
AcDbCircle
 10
3685.2261
 20
-13040.0
 30
0.0
 40
75.0
  0
TEXT
  5
3E0
330
17
100
AcDbEntity
  8
CORTES
 62
7
100
AcDbText
 10
3685.2261
 20
-13040.0
 30
0.0
 40
70.0
  1
B
 72
1
 11
3685.2261
 21
-13040.0
 31
0.0
100
AcDbText
 73
2
  0
LWPOLYLINE
  5
3E1
330
17
100
AcDbEntity
  8
VIGA
 62
7
370
35
100
AcDbPolyline
 90
4
 70
1
 10
7975.0
 20
-15775.0
 10
8425.0
 20
-15775.0
 10
8425.0
 20
-15225.0
 10
7975.0
 20
-15225.0
  0
LWPOLYLINE
  5
3E2
330
17
100
AcDbEntity
  8
ESTRIBOS
 62
7
370
25
100
AcDbPolyline
 90
4
 70
1
 10
8015.0
 20
-15735.0
 10
8385.0
 20
-15735.0
 10
8385.0
 20
-15265.0
 10
8015.0
 20
-15265.0
  0
CIRCLE
  5
3E3
330
17
100
AcDbEntity
  8
REF_SUP_CONT
 62
7
370
35
100
AcDbCircle
 10
8032.45
 20
-15282.45
 30
0.0
 40
7.95
  0
CIRCLE
  5
3E4
330
17
100
AcDbEntity
  8
REF_SUP_CONT
 62
7
370
35
100
AcDbCircle
 10
8116.224999999999
 20
-15282.45
 30
0.0
 40
7.95
  0
CIRCLE
  5
3E5
330
17
100
AcDbEntity
  8
REF_SUP_CONT
 62
7
370
35
100
AcDbCircle
 10
8200.0
 20
-15282.45
 30
0.0
 40
7.95
  0
CIRCLE
  5
3E6
330
17
100
AcDbEntity
  8
REF_SUP_CONT
 62
7
370
35
100
AcDbCircle
 10
8283.775
 20
-15282.45
 30
0.0
 40
7.95
  0
CIRCLE
  5
3E7
330
17
100
AcDbEntity
  8
REF_SUP_CONT
 62
7
370
35
100
AcDbCircle
 10
8367.55
 20
-15282.45
 30
0.0
 40
7.95
  0
CIRCLE
  5
3E8
330
17
100
AcDbEntity
  8
REF_INF
 62
7
370
35
100
AcDbCircle
 10
8032.45
 20
-15717.55
 30
0.0
 40
7.95
  0
CIRCLE
  5
3E9
330
17
100
AcDbEntity
  8
REF_INF
 62
7
370
35
100
AcDbCircle
 10
8116.224999999999
 20
-15717.55
 30
0.0
 40
7.95
  0
CIRCLE
  5
3EA
330
17
100
AcDbEntity
  8
REF_INF
 62
7
370
35
100
AcDbCircle
 10
8200.0
 20
-15717.55
 30
0.0
 40
7.95
  0
CIRCLE
  5
3EB
330
17
100
AcDbEntity
  8
REF_INF
 62
7
370
35
100
AcDbCircle
 10
8283.775
 20
-15717.55
 30
0.0
 40
7.95
  0
CIRCLE
  5
3EC
330
17
100
AcDbEntity
  8
REF_INF
 62
7
370
35
100
AcDbCircle
 10
8367.55
 20
-15717.55
 30
0.0
 40
7.95
  0
TEXT
  5
3ED
330
17
100
AcDbEntity
  8
CORTES
 62
7
100
AcDbText
 10
8200.0
 20
-15895.0
 30
0.0
 40
90.0
  1
CORTE A–A APOYO
 72
1
 11
8200.0
 21
-15895.0
 31
0.0
100
AcDbText
 73
2
  0
TEXT
  5
3EE
330
17
100
AcDbEntity
  8
TEXTO
 62
7
100
AcDbText
 10
8200.0
 20
-16010.0
 30
0.0
 40
80.0
  1
450 × 550 mm
 72
1
 11
8200.0
 21
-16010.0
 31
0.0
100
AcDbText
 73
2
  0
LWPOLYLINE
  5
3EF
330
17
100
AcDbEntity
  8
VIGA
 62
7
370
35
100
AcDbPolyline
 90
4
 70
1
 10
10575.0
 20
-15775.0
 10
11025.0
 20
-15775.0
 10
11025.0
 20
-15225.0
 10
10575.0
 20
-15225.0
  0
LWPOLYLINE
  5
3F0
330
17
100
AcDbEntity
  8
ESTRIBOS
 62
7
370
25
100
AcDbPolyline
 90
4
 70
1
 10
10615.0
 20
-15735.0
 10
10985.0
 20
-15735.0
 10
10985.0
 20
-15265.0
 10
10615.0
 20
-15265.0
  0
CIRCLE
  5
3F1
330
17
100
AcDbEntity
  8
REF_SUP_CONT
 62
7
370
35
100
AcDbCircle
 10
10632.45
 20
-15282.45
 30
0.0
 40
7.95
  0
CIRCLE
  5
3F2
330
17
100
AcDbEntity
  8
REF_SUP_CONT
 62
7
370
35
100
AcDbCircle
 10
10967.550000000001
 20
-15282.45
 30
0.0
 40
7.95
  0
CIRCLE
  5
3F3
330
17
100
AcDbEntity
  8
REF_INF
 62
7
370
35
100
AcDbCircle
 10
10632.45
 20
-15717.55
 30
0.0
 40
7.95
  0
CIRCLE
  5
3F4
330
17
100
AcDbEntity
  8
REF_INF
 62
7
370
35
100
AcDbCircle
 10
10716.225
 20
-15717.55
 30
0.0
 40
7.95
  0
CIRCLE
  5
3F5
330
17
100
AcDbEntity
  8
REF_INF
 62
7
370
35
100
AcDbCircle
 10
10800.0
 20
-15717.55
 30
0.0
 40
7.95
  0
CIRCLE
  5
3F6
330
17
100
AcDbEntity
  8
REF_INF
 62
7
370
35
100
AcDbCircle
 10
10883.775000000001
 20
-15717.55
 30
0.0
 40
7.95
  0
CIRCLE
  5
3F7
330
17
100
AcDbEntity
  8
REF_INF
 62
7
370
35
100
AcDbCircle
 10
10967.550000000001
 20
-15717.55
 30
0.0
 40
7.95
  0
TEXT
  5
3F8
330
17
100
AcDbEntity
  8
CORTES
 62
7
100
AcDbText
 10
10800.0
 20
-15895.0
 30
0.0
 40
90.0
  1
CORTE B–B CENTRO
 72
1
 11
10800.0
 21
-15895.0
 31
0.0
100
AcDbText
 73
2
  0
TEXT
  5
3F9
330
17
100
AcDbEntity
  8
TEXTO
 62
7
100
AcDbText
 10
10800.0
 20
-16010.0
 30
0.0
 40
80.0
  1
450 × 550 mm
 72
1
 11
10800.0
 21
-16010.0
 31
0.0
100
AcDbText
 73
2
  0
TEXT
  5
3FA
330
17
100
AcDbEntity
  8
REF_SUP_CONT
 62
7
100
AcDbText
 10
350.0
 20
-14950.0
 30
0.0
 40
90.0
  1
SUPERIOR: 5 Nº5 (2 continuas + 3 bastones); Lc bastón desde cada apoyo = 1155 mm
 11
350.0
 21
-14950.0
 31
0.0
100
AcDbText
  0
TEXT
  5
3FB
330
17
100
AcDbEntity
  8
REF_INF
 62
7
100
AcDbText
 10
350.0
 20
-15100.0
 30
0.0
 40
90.0
  1
INFERIOR: 5 Nº5 continuas
 11
350.0
 21
-15100.0
 31
0.0
100
AcDbText
  0
TEXT
  5
3FC
330
17
100
AcDbEntity
  8
REF_TORSION
 62
7
100
AcDbText
 10
350.0
 20
-15250.0
 30
0.0
 40
90.0
  1
TORSIÓN: 0 Nº5 dedicadas
 11
350.0
 21
-15250.0
 31
0.0
100
AcDbText
  0
TEXT
  5
3FD
330
17
100
AcDbEntity
  8
ESTRIBOS
 62
7
100
AcDbText
 10
350.0
 20
-15400.0
 30
0.0
 40
82.0
  1
ESTRIBOS: Nº3 cerrado, 2 ramas, primer estribo ≤50 mm; @80 mm en 2h desde cada apoyo y @80 mm al centro
 11
350.0
 21
-15400.0
 31
0.0
100
AcDbText
  0
TEXT
  5
3FE
330
17
100
AcDbEntity
  8
TEXTO
 62
7
100
AcDbText
 10
350.0
 20
-15550.0
 30
0.0
 40
82.0
  1
ANCLAJES Nº5: ld inf/sup/ldh = 370/480/305 mm; gancho 90° cola 195 mm
 11
350.0
 21
-15550.0
 31
0.0
100
AcDbText
  0
TEXT
  5
3FF
330
17
100
AcDbEntity
  8
TEXTO
 62
7
100
AcDbText
 10
350.0
 20
-16220.0
 30
0.0
 40
76.0
  1
NOTA: el trazado y los ejes provienen de VIGAS CARGA.pdf; la elevación desarrolla la viga completa, usa apoyos nominales de 600 mm y marca cada tramo entre ejes.
 11
350.0
 21
-16220.0
 31
0.0
100
AcDbText
  0
TEXT
  5
400
330
17
100
AcDbEntity
  8
TEXTO
 62
7
100
AcDbText
 10
9500.0
 20
-17950.0
 30
0.0
 40
190.0
  1
DESPIECE COMPLETO VIGA DE CARGA VC4
 72
1
 11
9500.0
 21
-17950.0
 31
0.0
100
AcDbText
 73
2
  0
TEXT
  5
401
330
17
100
AcDbEntity
  8
TEXTO
 62
7
100
AcDbText
 10
9500.0
 20
-18200.0
 30
0.0
 40
105.0
  1
APLICA EN EJES 11 Y 3 | Sección 450 × 550 mm | 20 vigas del grupo
 72
1
 11
9500.0
 21
-18200.0
 31
0.0
100
AcDbText
 73
2
  0
TEXT
  5
402
330
17
100
AcDbEntity
  8
TEXTO
 62
7
100
AcDbText
 10
9500.0
 20
-18400.0
 30
0.0
 40
92.0
  1
DETALLE ACADÉMICO — NO EMITIR PARA CONSTRUCCIÓN | Verificación V-T: NO CUMPLE | Estado global del Excel: #VALUE!
 72
1
 11
9500.0
 21
-18400.0
 31
0.0
100
AcDbText
 73
2
  0
TEXT
  5
403
330
17
100
AcDbEntity
  8
TRAZADO_PLANTA
 62
7
100
AcDbText
 10
9500.0
 20
-18600.0
 30
0.0
 40
100.0
  1
TRAZADO EN PLANTA SEGÚN PDF
 72
1
 11
9500.0
 21
-18600.0
 31
0.0
100
AcDbText
 73
2
  0
LWPOLYLINE
  5
404
330
17
100
AcDbEntity
  8
TRAZADO_PLANTA
 62
7
370
35
100
AcDbPolyline
 90
2
 70
0
 10
1750.0
 20
-19300.0
 10
5600.0
 20
-19300.0
  0
CIRCLE
  5
405
330
17
100
AcDbEntity
  8
TRAZADO_PLANTA
 62
7
370
25
100
AcDbCircle
 10
1750.0
 20
-19300.0
 30
0.0
 40
90.0
  0
TEXT
  5
406
330
17
100
AcDbEntity
  8
TRAZADO_PLANTA
 62
7
100
AcDbText
 10
1750.0
 20
-19140.0
 30
0.0
 40
85.0
  1
A
 72
1
 11
1750.0
 21
-19140.0
 31
0.0
100
AcDbText
 73
2
  0
CIRCLE
  5
407
330
17
100
AcDbEntity
  8
TRAZADO_PLANTA
 62
7
370
25
100
AcDbCircle
 10
5600.0
 20
-19300.0
 30
0.0
 40
90.0
  0
TEXT
  5
408
330
17
100
AcDbEntity
  8
TRAZADO_PLANTA
 62
7
100
AcDbText
 10
5600.0
 20
-19140.0
 30
0.0
 40
85.0
  1
B
 72
1
 11
5600.0
 21
-19140.0
 31
0.0
100
AcDbText
 73
2
  0
LWPOLYLINE
  5
409
330
17
100
AcDbEntity
  8
TRAZADO_PLANTA
 62
7
370
35
100
AcDbPolyline
 90
2
 70
0
 10
13400.0
 20
-19300.0
 10
17250.0
 20
-19300.0
  0
CIRCLE
  5
40A
330
17
100
AcDbEntity
  8
TRAZADO_PLANTA
 62
7
370
25
100
AcDbCircle
 10
13400.0
 20
-19300.0
 30
0.0
 40
90.0
  0
TEXT
  5
40B
330
17
100
AcDbEntity
  8
TRAZADO_PLANTA
 62
7
100
AcDbText
 10
13400.0
 20
-19140.0
 30
0.0
 40
85.0
  1
D
 72
1
 11
13400.0
 21
-19140.0
 31
0.0
100
AcDbText
 73
2
  0
CIRCLE
  5
40C
330
17
100
AcDbEntity
  8
TRAZADO_PLANTA
 62
7
370
25
100
AcDbCircle
 10
17250.0
 20
-19300.0
 30
0.0
 40
90.0
  0
TEXT
  5
40D
330
17
100
AcDbEntity
  8
TRAZADO_PLANTA
 62
7
100
AcDbText
 10
17250.0
 20
-19140.0
 30
0.0
 40
85.0
  1
E
 72
1
 11
17250.0
 21
-19140.0
 31
0.0
100
AcDbText
 73
2
  0
LWPOLYLINE
  5
40E
330
17
100
AcDbEntity
  8
VIGA
 62
7
370
40
100
AcDbPolyline
 90
4
 70
1
 10
2200.0
 20
-21100.0
 10
6650.0
 20
-21100.0
 10
6650.0
 20
-20550.0
 10
2200.0
 20
-20550.0
  0
LWPOLYLINE
  5
40F
330
17
100
AcDbEntity
  8
COLUMNAS
 62
7
370
35
100
AcDbPolyline
 90
4
 70
1
 10
2200.0
 20
-21550.0
 10
2800.0
 20
-21550.0
 10
2800.0
 20
-20100.0
 10
2200.0
 20
-20100.0
  0
LINE
  5
410
330
17
100
AcDbEntity
  8
EJES
  6
CENTER
 62
7
370
18
100
AcDbLine
 10
2500.0
 20
-22050.0
 30
0.0
 11
2500.0
 21
-19550.0
 31
0.0
  0
CIRCLE
  5
411
330
17
100
AcDbEntity
  8
EJES
 62
7
370
25
100
AcDbCircle
 10
2500.0
 20
-19850.0
 30
0.0
 40
170.0
  0
TEXT
  5
412
330
17
100
AcDbEntity
  8
EJES
 62
7
100
AcDbText
 10
2500.0
 20
-19850.0
 30
0.0
 40
130.0
  1
A
 72
1
 11
2500.0
 21
-19850.0
 31
0.0
100
AcDbText
 73
2
  0
LWPOLYLINE
  5
413
330
17
100
AcDbEntity
  8
COLUMNAS
 62
7
370
35
100
AcDbPolyline
 90
4
 70
1
 10
6050.0
 20
-21550.0
 10
6650.0
 20
-21550.0
 10
6650.0
 20
-20100.0
 10
6050.0
 20
-20100.0
  0
LINE
  5
414
330
17
100
AcDbEntity
  8
EJES
  6
CENTER
 62
7
370
18
100
AcDbLine
 10
6350.0
 20
-22050.0
 30
0.0
 11
6350.0
 21
-19550.0
 31
0.0
  0
CIRCLE
  5
415
330
17
100
AcDbEntity
  8
EJES
 62
7
370
25
100
AcDbCircle
 10
6350.0
 20
-19850.0
 30
0.0
 40
170.0
  0
TEXT
  5
416
330
17
100
AcDbEntity
  8
EJES
 62
7
100
AcDbText
 10
6350.0
 20
-19850.0
 30
0.0
 40
130.0
  1
B
 72
1
 11
6350.0
 21
-19850.0
 31
0.0
100
AcDbText
 73
2
  0
LINE
  5
417
330
17
100
AcDbEntity
  8
ESTRIBOS
 62
7
370
15
100
AcDbLine
 10
2850.0
 20
-21060.0
 30
0.0
 11
2850.0
 21
-20590.0
 31
0.0
  0
LINE
  5
418
330
17
100
AcDbEntity
  8
ESTRIBOS
 62
7
370
15
100
AcDbLine
 10
2966.666667
 20
-21060.0
 30
0.0
 11
2966.666667
 21
-20590.0
 31
0.0
  0
LINE
  5
419
330
17
100
AcDbEntity
  8
ESTRIBOS
 62
7
370
15
100
AcDbLine
 10
3083.333333
 20
-21060.0
 30
0.0
 11
3083.333333
 21
-20590.0
 31
0.0
  0
LINE
  5
41A
330
17
100
AcDbEntity
  8
ESTRIBOS
 62
7
370
15
100
AcDbLine
 10
3200.0
 20
-21060.0
 30
0.0
 11
3200.0
 21
-20590.0
 31
0.0
  0
LINE
  5
41B
330
17
100
AcDbEntity
  8
ESTRIBOS
 62
7
370
15
100
AcDbLine
 10
3316.666667
 20
-21060.0
 30
0.0
 11
3316.666667
 21
-20590.0
 31
0.0
  0
LINE
  5
41C
330
17
100
AcDbEntity
  8
ESTRIBOS
 62
7
370
15
100
AcDbLine
 10
3433.333333
 20
-21060.0
 30
0.0
 11
3433.333333
 21
-20590.0
 31
0.0
  0
LINE
  5
41D
330
17
100
AcDbEntity
  8
ESTRIBOS
 62
7
370
15
100
AcDbLine
 10
3550.0
 20
-21060.0
 30
0.0
 11
3550.0
 21
-20590.0
 31
0.0
  0
LINE
  5
41E
330
17
100
AcDbEntity
  8
ESTRIBOS
 62
7
370
15
100
AcDbLine
 10
3666.666667
 20
-21060.0
 30
0.0
 11
3666.666667
 21
-20590.0
 31
0.0
  0
LINE
  5
41F
330
17
100
AcDbEntity
  8
ESTRIBOS
 62
7
370
15
100
AcDbLine
 10
3783.333333
 20
-21060.0
 30
0.0
 11
3783.333333
 21
-20590.0
 31
0.0
  0
LINE
  5
420
330
17
100
AcDbEntity
  8
ESTRIBOS
 62
7
370
15
100
AcDbLine
 10
3900.0
 20
-21060.0
 30
0.0
 11
3900.0
 21
-20590.0
 31
0.0
  0
LINE
  5
421
330
17
100
AcDbEntity
  8
ESTRIBOS
 62
7
370
15
100
AcDbLine
 10
4016.666667
 20
-21060.0
 30
0.0
 11
4016.666667
 21
-20590.0
 31
0.0
  0
LINE
  5
422
330
17
100
AcDbEntity
  8
ESTRIBOS
 62
7
370
15
100
AcDbLine
 10
4133.333333
 20
-21060.0
 30
0.0
 11
4133.333333
 21
-20590.0
 31
0.0
  0
LINE
  5
423
330
17
100
AcDbEntity
  8
ESTRIBOS
 62
7
370
15
100
AcDbLine
 10
4250.0
 20
-21060.0
 30
0.0
 11
4250.0
 21
-20590.0
 31
0.0
  0
LINE
  5
424
330
17
100
AcDbEntity
  8
ESTRIBOS
 62
7
370
15
100
AcDbLine
 10
4366.666667
 20
-21060.0
 30
0.0
 11
4366.666667
 21
-20590.0
 31
0.0
  0
LINE
  5
425
330
17
100
AcDbEntity
  8
ESTRIBOS
 62
7
370
15
100
AcDbLine
 10
4483.333333
 20
-21060.0
 30
0.0
 11
4483.333333
 21
-20590.0
 31
0.0
  0
LINE
  5
426
330
17
100
AcDbEntity
  8
ESTRIBOS
 62
7
370
15
100
AcDbLine
 10
4600.0
 20
-21060.0
 30
0.0
 11
4600.0
 21
-20590.0
 31
0.0
  0
LINE
  5
427
330
17
100
AcDbEntity
  8
ESTRIBOS
 62
7
370
15
100
AcDbLine
 10
4716.666667
 20
-21060.0
 30
0.0
 11
4716.666667
 21
-20590.0
 31
0.0
  0
LINE
  5
428
330
17
100
AcDbEntity
  8
ESTRIBOS
 62
7
370
15
100
AcDbLine
 10
4833.333333
 20
-21060.0
 30
0.0
 11
4833.333333
 21
-20590.0
 31
0.0
  0
LINE
  5
429
330
17
100
AcDbEntity
  8
ESTRIBOS
 62
7
370
15
100
AcDbLine
 10
4950.0
 20
-21060.0
 30
0.0
 11
4950.0
 21
-20590.0
 31
0.0
  0
LINE
  5
42A
330
17
100
AcDbEntity
  8
ESTRIBOS
 62
7
370
15
100
AcDbLine
 10
5066.666667
 20
-21060.0
 30
0.0
 11
5066.666667
 21
-20590.0
 31
0.0
  0
LINE
  5
42B
330
17
100
AcDbEntity
  8
ESTRIBOS
 62
7
370
15
100
AcDbLine
 10
5183.333333
 20
-21060.0
 30
0.0
 11
5183.333333
 21
-20590.0
 31
0.0
  0
LINE
  5
42C
330
17
100
AcDbEntity
  8
ESTRIBOS
 62
7
370
15
100
AcDbLine
 10
5300.0
 20
-21060.0
 30
0.0
 11
5300.0
 21
-20590.0
 31
0.0
  0
LINE
  5
42D
330
17
100
AcDbEntity
  8
ESTRIBOS
 62
7
370
15
100
AcDbLine
 10
5416.666667
 20
-21060.0
 30
0.0
 11
5416.666667
 21
-20590.0
 31
0.0
  0
LINE
  5
42E
330
17
100
AcDbEntity
  8
ESTRIBOS
 62
7
370
15
100
AcDbLine
 10
5533.333333
 20
-21060.0
 30
0.0
 11
5533.333333
 21
-20590.0
 31
0.0
  0
LINE
  5
42F
330
17
100
AcDbEntity
  8
ESTRIBOS
 62
7
370
15
100
AcDbLine
 10
5650.0
 20
-21060.0
 30
0.0
 11
5650.0
 21
-20590.0
 31
0.0
  0
LINE
  5
430
330
17
100
AcDbEntity
  8
ESTRIBOS
 62
7
370
15
100
AcDbLine
 10
5766.666667
 20
-21060.0
 30
0.0
 11
5766.666667
 21
-20590.0
 31
0.0
  0
LINE
  5
431
330
17
100
AcDbEntity
  8
ESTRIBOS
 62
7
370
15
100
AcDbLine
 10
5883.333333
 20
-21060.0
 30
0.0
 11
5883.333333
 21
-20590.0
 31
0.0
  0
LINE
  5
432
330
17
100
AcDbEntity
  8
ESTRIBOS
 62
7
370
15
100
AcDbLine
 10
6000.0
 20
-21060.0
 30
0.0
 11
6000.0
 21
-20590.0
 31
0.0
  0
LINE
  5
433
330
17
100
AcDbEntity
  8
REF_SUP_CONT
 62
7
370
40
100
AcDbLine
 10
2500.0
 20
-20620.0
 30
0.0
 11
6350.0
 21
-20620.0
 31
0.0
  0
LINE
  5
434
330
17
100
AcDbEntity
  8
REF_SUP_CONT
 62
7
370
40
100
AcDbLine
 10
2500.0
 20
-20620.0
 30
0.0
 11
2195.0
 21
-20620.0
 31
0.0
  0
LINE
  5
435
330
17
100
AcDbEntity
  8
REF_SUP_CONT
 62
7
370
40
100
AcDbLine
 10
2195.0
 20
-20620.0
 30
0.0
 11
2195.0
 21
-20815.0
 31
0.0
  0
LINE
  5
436
330
17
100
AcDbEntity
  8
REF_SUP_CONT
 62
7
370
40
100
AcDbLine
 10
6350.0
 20
-20620.0
 30
0.0
 11
6655.0
 21
-20620.0
 31
0.0
  0
LINE
  5
437
330
17
100
AcDbEntity
  8
REF_SUP_CONT
 62
7
370
40
100
AcDbLine
 10
6655.0
 20
-20620.0
 30
0.0
 11
6655.0
 21
-20815.0
 31
0.0
  0
LINE
  5
438
330
17
100
AcDbEntity
  8
REF_INF
 62
7
370
40
100
AcDbLine
 10
2500.0
 20
-21030.0
 30
0.0
 11
6350.0
 21
-21030.0
 31
0.0
  0
LINE
  5
439
330
17
100
AcDbEntity
  8
REF_INF
 62
7
370
40
100
AcDbLine
 10
2500.0
 20
-21030.0
 30
0.0
 11
2195.0
 21
-21030.0
 31
0.0
  0
LINE
  5
43A
330
17
100
AcDbEntity
  8
REF_INF
 62
7
370
40
100
AcDbLine
 10
2195.0
 20
-21030.0
 30
0.0
 11
2195.0
 21
-20835.0
 31
0.0
  0
LINE
  5
43B
330
17
100
AcDbEntity
  8
REF_INF
 62
7
370
40
100
AcDbLine
 10
6350.0
 20
-21030.0
 30
0.0
 11
6655.0
 21
-21030.0
 31
0.0
  0
LINE
  5
43C
330
17
100
AcDbEntity
  8
REF_INF
 62
7
370
40
100
AcDbLine
 10
6655.0
 20
-21030.0
 30
0.0
 11
6655.0
 21
-20835.0
 31
0.0
  0
LINE
  5
43D
330
17
100
AcDbEntity
  8
REF_SUP_BASTON
 62
7
370
40
100
AcDbLine
 10
2481.0276471377642
 20
-20725.0
 30
0.0
 11
3315.0
 21
-20725.0
 31
0.0
  0
ARC
  5
43E
330
17
100
AcDbEntity
  8
REF_SUP_BASTON
 62
7
370
40
100
AcDbCircle
 10
2481.0276471377642
 20
-20782.95
 30
0.0
 40
57.95
100
AcDbArc
 50
90.0
 51
180.0
  0
LINE
  5
43F
330
17
100
AcDbEntity
  8
REF_SUP_BASTON
 62
7
370
40
100
AcDbLine
 10
2423.0776471377644
 20
-20782.95
 30
0.0
 11
2423.0776471377644
 21
-20977.95
 31
0.0
  0
LINE
  5
440
330
17
100
AcDbEntity
  8
REF_SUP_BASTON
 62
7
370
40
100
AcDbLine
 10
5535.0
 20
-20795.0
 30
0.0
 11
6368.972352862235
 21
-20795.0
 31
0.0
  0
ARC
  5
441
330
17
100
AcDbEntity
  8
REF_SUP_BASTON
 62
7
370
40
100
AcDbCircle
 10
6368.972352862235
 20
-20852.95
 30
0.0
 40
57.95
100
AcDbArc
 50
0.0
 51
90.0
  0
LINE
  5
442
330
17
100
AcDbEntity
  8
REF_SUP_BASTON
 62
7
370
40
100
AcDbLine
 10
6426.922352862235
 20
-20852.95
 30
0.0
 11
6426.922352862235
 21
-21047.95
 31
0.0
  0
LINE
  5
443
330
17
100
AcDbEntity
  8
REF_TORSION
 62
7
370
35
100
AcDbLine
 10
2500.0
 20
-20825.0
 30
0.0
 11
6350.0
 21
-20825.0
 31
0.0
  0
DIMENSION
  5
444
330
17
100
AcDbEntity
  8
COTAS
100
AcDbDimension
280
0
  2
*D14
  3
EZDXF
 10
2500.0
 20
-21520.0
 30
0.0
 11
4425.0
 21
-21477.4
 31
0.0
 70
32
 71
5
  1
3850 mm
100
AcDbAlignedDimension
 13
2500.0
 23
-21400.0
 33
0.0
 14
6350.0
 24
-21400.0
 34
0.0
 50
0.0
100
AcDbRotatedDimension
1001
ACAD
1000
DSTYLE
1002
{
1070
140
1040
85.0
1070
41
1040
45.0
1070
44
1040
70.0
1070
42
1040
25.0
1070
77
1070
1
1070
176
1070
7
1070
177
1070
7
1070
178
1070
7
1002
}
  0
DIMENSION
  5
453
330
17
100
AcDbEntity
  8
COTAS
100
AcDbDimension
280
0
  2
*D15
  3
EZDXF
 10
2500.0
 20
-21860.0
 30
0.0
 11
4425.0
 21
-21817.4
 31
0.0
 70
32
 71
5
  1
LONGITUD ENTRE EJES = 3850 mm
100
AcDbAlignedDimension
 13
2500.0
 23
-21740.0
 33
0.0
 14
6350.0
 24
-21740.0
 34
0.0
 50
0.0
100
AcDbRotatedDimension
1001
ACAD
1000
DSTYLE
1002
{
1070
140
1040
85.0
1070
41
1040
45.0
1070
44
1040
70.0
1070
42
1040
25.0
1070
77
1070
1
1070
176
1070
7
1070
177
1070
7
1070
178
1070
7
1002
}
  0
LINE
  5
462
330
17
100
AcDbEntity
  8
CORTES
 62
7
370
25
100
AcDbLine
 10
2920.0
 20
-21210.0
 30
0.0
 11
2920.0
 21
-20440.0
 31
0.0
  0
CIRCLE
  5
463
330
17
100
AcDbEntity
  8
CORTES
 62
7
370
25
100
AcDbCircle
 10
2920.0
 20
-21210.0
 30
0.0
 40
75.0
  0
TEXT
  5
464
330
17
100
AcDbEntity
  8
CORTES
 62
7
100
AcDbText
 10
2920.0
 20
-21210.0
 30
0.0
 40
70.0
  1
A
 72
1
 11
2920.0
 21
-21210.0
 31
0.0
100
AcDbText
 73
2
  0
CIRCLE
  5
465
330
17
100
AcDbEntity
  8
CORTES
 62
7
370
25
100
AcDbCircle
 10
2920.0
 20
-20440.0
 30
0.0
 40
75.0
  0
TEXT
  5
466
330
17
100
AcDbEntity
  8
CORTES
 62
7
100
AcDbText
 10
2920.0
 20
-20440.0
 30
0.0
 40
70.0
  1
A
 72
1
 11
2920.0
 21
-20440.0
 31
0.0
100
AcDbText
 73
2
  0
LINE
  5
467
330
17
100
AcDbEntity
  8
CORTES
 62
7
370
25
100
AcDbLine
 10
4425.0
 20
-21210.0
 30
0.0
 11
4425.0
 21
-20440.0
 31
0.0
  0
CIRCLE
  5
468
330
17
100
AcDbEntity
  8
CORTES
 62
7
370
25
100
AcDbCircle
 10
4425.0
 20
-21210.0
 30
0.0
 40
75.0
  0
TEXT
  5
469
330
17
100
AcDbEntity
  8
CORTES
 62
7
100
AcDbText
 10
4425.0
 20
-21210.0
 30
0.0
 40
70.0
  1
B
 72
1
 11
4425.0
 21
-21210.0
 31
0.0
100
AcDbText
 73
2
  0
CIRCLE
  5
46A
330
17
100
AcDbEntity
  8
CORTES
 62
7
370
25
100
AcDbCircle
 10
4425.0
 20
-20440.0
 30
0.0
 40
75.0
  0
TEXT
  5
46B
330
17
100
AcDbEntity
  8
CORTES
 62
7
100
AcDbText
 10
4425.0
 20
-20440.0
 30
0.0
 40
70.0
  1
B
 72
1
 11
4425.0
 21
-20440.0
 31
0.0
100
AcDbText
 73
2
  0
TEXT
  5
46C
330
17
100
AcDbEntity
  8
TEXTO
 62
7
100
AcDbText
 10
4425.0
 20
-20130.0
 30
0.0
 40
105.0
  1
TRAMO A–B
 72
1
 11
4425.0
 21
-20130.0
 31
0.0
100
AcDbText
 73
2
  0
LWPOLYLINE
  5
46D
330
17
100
AcDbEntity
  8
VIGA
 62
7
370
40
100
AcDbPolyline
 90
4
 70
1
 10
12350.0
 20
-21100.0
 10
16800.0
 20
-21100.0
 10
16800.0
 20
-20550.0
 10
12350.0
 20
-20550.0
  0
LWPOLYLINE
  5
46E
330
17
100
AcDbEntity
  8
COLUMNAS
 62
7
370
35
100
AcDbPolyline
 90
4
 70
1
 10
12350.0
 20
-21550.0
 10
12950.0
 20
-21550.0
 10
12950.0
 20
-20100.0
 10
12350.0
 20
-20100.0
  0
LINE
  5
46F
330
17
100
AcDbEntity
  8
EJES
  6
CENTER
 62
7
370
18
100
AcDbLine
 10
12650.0
 20
-22050.0
 30
0.0
 11
12650.0
 21
-19550.0
 31
0.0
  0
CIRCLE
  5
470
330
17
100
AcDbEntity
  8
EJES
 62
7
370
25
100
AcDbCircle
 10
12650.0
 20
-19850.0
 30
0.0
 40
170.0
  0
TEXT
  5
471
330
17
100
AcDbEntity
  8
EJES
 62
7
100
AcDbText
 10
12650.0
 20
-19850.0
 30
0.0
 40
130.0
  1
D
 72
1
 11
12650.0
 21
-19850.0
 31
0.0
100
AcDbText
 73
2
  0
LWPOLYLINE
  5
472
330
17
100
AcDbEntity
  8
COLUMNAS
 62
7
370
35
100
AcDbPolyline
 90
4
 70
1
 10
16200.0
 20
-21550.0
 10
16800.0
 20
-21550.0
 10
16800.0
 20
-20100.0
 10
16200.0
 20
-20100.0
  0
LINE
  5
473
330
17
100
AcDbEntity
  8
EJES
  6
CENTER
 62
7
370
18
100
AcDbLine
 10
16500.0
 20
-22050.0
 30
0.0
 11
16500.0
 21
-19550.0
 31
0.0
  0
CIRCLE
  5
474
330
17
100
AcDbEntity
  8
EJES
 62
7
370
25
100
AcDbCircle
 10
16500.0
 20
-19850.0
 30
0.0
 40
170.0
  0
TEXT
  5
475
330
17
100
AcDbEntity
  8
EJES
 62
7
100
AcDbText
 10
16500.0
 20
-19850.0
 30
0.0
 40
130.0
  1
E
 72
1
 11
16500.0
 21
-19850.0
 31
0.0
100
AcDbText
 73
2
  0
LINE
  5
476
330
17
100
AcDbEntity
  8
ESTRIBOS
 62
7
370
15
100
AcDbLine
 10
13000.0
 20
-21060.0
 30
0.0
 11
13000.0
 21
-20590.0
 31
0.0
  0
LINE
  5
477
330
17
100
AcDbEntity
  8
ESTRIBOS
 62
7
370
15
100
AcDbLine
 10
13116.666667
 20
-21060.0
 30
0.0
 11
13116.666667
 21
-20590.0
 31
0.0
  0
LINE
  5
478
330
17
100
AcDbEntity
  8
ESTRIBOS
 62
7
370
15
100
AcDbLine
 10
13233.333333
 20
-21060.0
 30
0.0
 11
13233.333333
 21
-20590.0
 31
0.0
  0
LINE
  5
479
330
17
100
AcDbEntity
  8
ESTRIBOS
 62
7
370
15
100
AcDbLine
 10
13350.0
 20
-21060.0
 30
0.0
 11
13350.0
 21
-20590.0
 31
0.0
  0
LINE
  5
47A
330
17
100
AcDbEntity
  8
ESTRIBOS
 62
7
370
15
100
AcDbLine
 10
13466.666667
 20
-21060.0
 30
0.0
 11
13466.666667
 21
-20590.0
 31
0.0
  0
LINE
  5
47B
330
17
100
AcDbEntity
  8
ESTRIBOS
 62
7
370
15
100
AcDbLine
 10
13583.333333
 20
-21060.0
 30
0.0
 11
13583.333333
 21
-20590.0
 31
0.0
  0
LINE
  5
47C
330
17
100
AcDbEntity
  8
ESTRIBOS
 62
7
370
15
100
AcDbLine
 10
13700.0
 20
-21060.0
 30
0.0
 11
13700.0
 21
-20590.0
 31
0.0
  0
LINE
  5
47D
330
17
100
AcDbEntity
  8
ESTRIBOS
 62
7
370
15
100
AcDbLine
 10
13816.666667
 20
-21060.0
 30
0.0
 11
13816.666667
 21
-20590.0
 31
0.0
  0
LINE
  5
47E
330
17
100
AcDbEntity
  8
ESTRIBOS
 62
7
370
15
100
AcDbLine
 10
13933.333333
 20
-21060.0
 30
0.0
 11
13933.333333
 21
-20590.0
 31
0.0
  0
LINE
  5
47F
330
17
100
AcDbEntity
  8
ESTRIBOS
 62
7
370
15
100
AcDbLine
 10
14050.0
 20
-21060.0
 30
0.0
 11
14050.0
 21
-20590.0
 31
0.0
  0
LINE
  5
480
330
17
100
AcDbEntity
  8
ESTRIBOS
 62
7
370
15
100
AcDbLine
 10
14166.666667
 20
-21060.0
 30
0.0
 11
14166.666667
 21
-20590.0
 31
0.0
  0
LINE
  5
481
330
17
100
AcDbEntity
  8
ESTRIBOS
 62
7
370
15
100
AcDbLine
 10
14283.333333
 20
-21060.0
 30
0.0
 11
14283.333333
 21
-20590.0
 31
0.0
  0
LINE
  5
482
330
17
100
AcDbEntity
  8
ESTRIBOS
 62
7
370
15
100
AcDbLine
 10
14400.0
 20
-21060.0
 30
0.0
 11
14400.0
 21
-20590.0
 31
0.0
  0
LINE
  5
483
330
17
100
AcDbEntity
  8
ESTRIBOS
 62
7
370
15
100
AcDbLine
 10
14516.666667
 20
-21060.0
 30
0.0
 11
14516.666667
 21
-20590.0
 31
0.0
  0
LINE
  5
484
330
17
100
AcDbEntity
  8
ESTRIBOS
 62
7
370
15
100
AcDbLine
 10
14633.333333
 20
-21060.0
 30
0.0
 11
14633.333333
 21
-20590.0
 31
0.0
  0
LINE
  5
485
330
17
100
AcDbEntity
  8
ESTRIBOS
 62
7
370
15
100
AcDbLine
 10
14750.0
 20
-21060.0
 30
0.0
 11
14750.0
 21
-20590.0
 31
0.0
  0
LINE
  5
486
330
17
100
AcDbEntity
  8
ESTRIBOS
 62
7
370
15
100
AcDbLine
 10
14866.666667
 20
-21060.0
 30
0.0
 11
14866.666667
 21
-20590.0
 31
0.0
  0
LINE
  5
487
330
17
100
AcDbEntity
  8
ESTRIBOS
 62
7
370
15
100
AcDbLine
 10
14983.333333
 20
-21060.0
 30
0.0
 11
14983.333333
 21
-20590.0
 31
0.0
  0
LINE
  5
488
330
17
100
AcDbEntity
  8
ESTRIBOS
 62
7
370
15
100
AcDbLine
 10
15100.0
 20
-21060.0
 30
0.0
 11
15100.0
 21
-20590.0
 31
0.0
  0
LINE
  5
489
330
17
100
AcDbEntity
  8
ESTRIBOS
 62
7
370
15
100
AcDbLine
 10
15216.666667
 20
-21060.0
 30
0.0
 11
15216.666667
 21
-20590.0
 31
0.0
  0
LINE
  5
48A
330
17
100
AcDbEntity
  8
ESTRIBOS
 62
7
370
15
100
AcDbLine
 10
15333.333333
 20
-21060.0
 30
0.0
 11
15333.333333
 21
-20590.0
 31
0.0
  0
LINE
  5
48B
330
17
100
AcDbEntity
  8
ESTRIBOS
 62
7
370
15
100
AcDbLine
 10
15450.0
 20
-21060.0
 30
0.0
 11
15450.0
 21
-20590.0
 31
0.0
  0
LINE
  5
48C
330
17
100
AcDbEntity
  8
ESTRIBOS
 62
7
370
15
100
AcDbLine
 10
15566.666667
 20
-21060.0
 30
0.0
 11
15566.666667
 21
-20590.0
 31
0.0
  0
LINE
  5
48D
330
17
100
AcDbEntity
  8
ESTRIBOS
 62
7
370
15
100
AcDbLine
 10
15683.333333
 20
-21060.0
 30
0.0
 11
15683.333333
 21
-20590.0
 31
0.0
  0
LINE
  5
48E
330
17
100
AcDbEntity
  8
ESTRIBOS
 62
7
370
15
100
AcDbLine
 10
15800.0
 20
-21060.0
 30
0.0
 11
15800.0
 21
-20590.0
 31
0.0
  0
LINE
  5
48F
330
17
100
AcDbEntity
  8
ESTRIBOS
 62
7
370
15
100
AcDbLine
 10
15916.666667
 20
-21060.0
 30
0.0
 11
15916.666667
 21
-20590.0
 31
0.0
  0
LINE
  5
490
330
17
100
AcDbEntity
  8
ESTRIBOS
 62
7
370
15
100
AcDbLine
 10
16033.333333
 20
-21060.0
 30
0.0
 11
16033.333333
 21
-20590.0
 31
0.0
  0
LINE
  5
491
330
17
100
AcDbEntity
  8
ESTRIBOS
 62
7
370
15
100
AcDbLine
 10
16150.0
 20
-21060.0
 30
0.0
 11
16150.0
 21
-20590.0
 31
0.0
  0
LINE
  5
492
330
17
100
AcDbEntity
  8
REF_SUP_CONT
 62
7
370
40
100
AcDbLine
 10
12650.0
 20
-20620.0
 30
0.0
 11
16500.0
 21
-20620.0
 31
0.0
  0
LINE
  5
493
330
17
100
AcDbEntity
  8
REF_SUP_CONT
 62
7
370
40
100
AcDbLine
 10
12650.0
 20
-20620.0
 30
0.0
 11
12345.0
 21
-20620.0
 31
0.0
  0
LINE
  5
494
330
17
100
AcDbEntity
  8
REF_SUP_CONT
 62
7
370
40
100
AcDbLine
 10
12345.0
 20
-20620.0
 30
0.0
 11
12345.0
 21
-20815.0
 31
0.0
  0
LINE
  5
495
330
17
100
AcDbEntity
  8
REF_SUP_CONT
 62
7
370
40
100
AcDbLine
 10
16500.0
 20
-20620.0
 30
0.0
 11
16805.0
 21
-20620.0
 31
0.0
  0
LINE
  5
496
330
17
100
AcDbEntity
  8
REF_SUP_CONT
 62
7
370
40
100
AcDbLine
 10
16805.0
 20
-20620.0
 30
0.0
 11
16805.0
 21
-20815.0
 31
0.0
  0
LINE
  5
497
330
17
100
AcDbEntity
  8
REF_INF
 62
7
370
40
100
AcDbLine
 10
12650.0
 20
-21030.0
 30
0.0
 11
16500.0
 21
-21030.0
 31
0.0
  0
LINE
  5
498
330
17
100
AcDbEntity
  8
REF_INF
 62
7
370
40
100
AcDbLine
 10
12650.0
 20
-21030.0
 30
0.0
 11
12345.0
 21
-21030.0
 31
0.0
  0
LINE
  5
499
330
17
100
AcDbEntity
  8
REF_INF
 62
7
370
40
100
AcDbLine
 10
12345.0
 20
-21030.0
 30
0.0
 11
12345.0
 21
-20835.0
 31
0.0
  0
LINE
  5
49A
330
17
100
AcDbEntity
  8
REF_INF
 62
7
370
40
100
AcDbLine
 10
16500.0
 20
-21030.0
 30
0.0
 11
16805.0
 21
-21030.0
 31
0.0
  0
LINE
  5
49B
330
17
100
AcDbEntity
  8
REF_INF
 62
7
370
40
100
AcDbLine
 10
16805.0
 20
-21030.0
 30
0.0
 11
16805.0
 21
-20835.0
 31
0.0
  0
LINE
  5
49C
330
17
100
AcDbEntity
  8
REF_SUP_BASTON
 62
7
370
40
100
AcDbLine
 10
12631.027647137764
 20
-20725.0
 30
0.0
 11
13465.0
 21
-20725.0
 31
0.0
  0
ARC
  5
49D
330
17
100
AcDbEntity
  8
REF_SUP_BASTON
 62
7
370
40
100
AcDbCircle
 10
12631.027647137764
 20
-20782.95
 30
0.0
 40
57.95
100
AcDbArc
 50
90.0
 51
180.0
  0
LINE
  5
49E
330
17
100
AcDbEntity
  8
REF_SUP_BASTON
 62
7
370
40
100
AcDbLine
 10
12573.077647137763
 20
-20782.95
 30
0.0
 11
12573.077647137763
 21
-20977.95
 31
0.0
  0
LINE
  5
49F
330
17
100
AcDbEntity
  8
REF_SUP_BASTON
 62
7
370
40
100
AcDbLine
 10
15685.0
 20
-20795.0
 30
0.0
 11
16518.972352862234
 21
-20795.0
 31
0.0
  0
ARC
  5
4A0
330
17
100
AcDbEntity
  8
REF_SUP_BASTON
 62
7
370
40
100
AcDbCircle
 10
16518.972352862234
 20
-20852.95
 30
0.0
 40
57.95
100
AcDbArc
 50
0.0
 51
90.0
  0
LINE
  5
4A1
330
17
100
AcDbEntity
  8
REF_SUP_BASTON
 62
7
370
40
100
AcDbLine
 10
16576.922352862235
 20
-20852.95
 30
0.0
 11
16576.922352862235
 21
-21047.95
 31
0.0
  0
LINE
  5
4A2
330
17
100
AcDbEntity
  8
REF_TORSION
 62
7
370
35
100
AcDbLine
 10
12650.0
 20
-20825.0
 30
0.0
 11
16500.0
 21
-20825.0
 31
0.0
  0
DIMENSION
  5
4A3
330
17
100
AcDbEntity
  8
COTAS
100
AcDbDimension
280
0
  2
*D16
  3
EZDXF
 10
12650.0
 20
-21520.0
 30
0.0
 11
14575.0
 21
-21477.4
 31
0.0
 70
32
 71
5
  1
3850 mm
100
AcDbAlignedDimension
 13
12650.0
 23
-21400.0
 33
0.0
 14
16500.0
 24
-21400.0
 34
0.0
 50
0.0
100
AcDbRotatedDimension
1001
ACAD
1000
DSTYLE
1002
{
1070
140
1040
85.0
1070
41
1040
45.0
1070
44
1040
70.0
1070
42
1040
25.0
1070
77
1070
1
1070
176
1070
7
1070
177
1070
7
1070
178
1070
7
1002
}
  0
DIMENSION
  5
4B2
330
17
100
AcDbEntity
  8
COTAS
100
AcDbDimension
280
0
  2
*D17
  3
EZDXF
 10
12650.0
 20
-21860.0
 30
0.0
 11
14575.0
 21
-21817.4
 31
0.0
 70
32
 71
5
  1
LONGITUD ENTRE EJES = 3850 mm
100
AcDbAlignedDimension
 13
12650.0
 23
-21740.0
 33
0.0
 14
16500.0
 24
-21740.0
 34
0.0
 50
0.0
100
AcDbRotatedDimension
1001
ACAD
1000
DSTYLE
1002
{
1070
140
1040
85.0
1070
41
1040
45.0
1070
44
1040
70.0
1070
42
1040
25.0
1070
77
1070
1
1070
176
1070
7
1070
177
1070
7
1070
178
1070
7
1002
}
  0
LINE
  5
4C1
330
17
100
AcDbEntity
  8
CORTES
 62
7
370
25
100
AcDbLine
 10
13070.0
 20
-21210.0
 30
0.0
 11
13070.0
 21
-20440.0
 31
0.0
  0
CIRCLE
  5
4C2
330
17
100
AcDbEntity
  8
CORTES
 62
7
370
25
100
AcDbCircle
 10
13070.0
 20
-21210.0
 30
0.0
 40
75.0
  0
TEXT
  5
4C3
330
17
100
AcDbEntity
  8
CORTES
 62
7
100
AcDbText
 10
13070.0
 20
-21210.0
 30
0.0
 40
70.0
  1
A
 72
1
 11
13070.0
 21
-21210.0
 31
0.0
100
AcDbText
 73
2
  0
CIRCLE
  5
4C4
330
17
100
AcDbEntity
  8
CORTES
 62
7
370
25
100
AcDbCircle
 10
13070.0
 20
-20440.0
 30
0.0
 40
75.0
  0
TEXT
  5
4C5
330
17
100
AcDbEntity
  8
CORTES
 62
7
100
AcDbText
 10
13070.0
 20
-20440.0
 30
0.0
 40
70.0
  1
A
 72
1
 11
13070.0
 21
-20440.0
 31
0.0
100
AcDbText
 73
2
  0
LINE
  5
4C6
330
17
100
AcDbEntity
  8
CORTES
 62
7
370
25
100
AcDbLine
 10
14575.0
 20
-21210.0
 30
0.0
 11
14575.0
 21
-20440.0
 31
0.0
  0
CIRCLE
  5
4C7
330
17
100
AcDbEntity
  8
CORTES
 62
7
370
25
100
AcDbCircle
 10
14575.0
 20
-21210.0
 30
0.0
 40
75.0
  0
TEXT
  5
4C8
330
17
100
AcDbEntity
  8
CORTES
 62
7
100
AcDbText
 10
14575.0
 20
-21210.0
 30
0.0
 40
70.0
  1
B
 72
1
 11
14575.0
 21
-21210.0
 31
0.0
100
AcDbText
 73
2
  0
CIRCLE
  5
4C9
330
17
100
AcDbEntity
  8
CORTES
 62
7
370
25
100
AcDbCircle
 10
14575.0
 20
-20440.0
 30
0.0
 40
75.0
  0
TEXT
  5
4CA
330
17
100
AcDbEntity
  8
CORTES
 62
7
100
AcDbText
 10
14575.0
 20
-20440.0
 30
0.0
 40
70.0
  1
B
 72
1
 11
14575.0
 21
-20440.0
 31
0.0
100
AcDbText
 73
2
  0
TEXT
  5
4CB
330
17
100
AcDbEntity
  8
TEXTO
 62
7
100
AcDbText
 10
14575.0
 20
-20130.0
 30
0.0
 40
105.0
  1
TRAMO D–E
 72
1
 11
14575.0
 21
-20130.0
 31
0.0
100
AcDbText
 73
2
  0
LWPOLYLINE
  5
4CC
330
17
100
AcDbEntity
  8
VIGA
 62
7
370
35
100
AcDbPolyline
 90
4
 70
1
 10
7975.0
 20
-23975.0
 10
8425.0
 20
-23975.0
 10
8425.0
 20
-23425.0
 10
7975.0
 20
-23425.0
  0
LWPOLYLINE
  5
4CD
330
17
100
AcDbEntity
  8
ESTRIBOS
 62
7
370
25
100
AcDbPolyline
 90
4
 70
1
 10
8015.0
 20
-23935.0
 10
8385.0
 20
-23935.0
 10
8385.0
 20
-23465.0
 10
8015.0
 20
-23465.0
  0
LINE
  5
4CE
330
17
100
AcDbEntity
  8
ESTRIBOS
 62
7
370
20
100
AcDbLine
 10
8138.333333333333
 20
-23935.0
 30
0.0
 11
8138.333333333333
 21
-23465.0
 31
0.0
  0
LINE
  5
4CF
330
17
100
AcDbEntity
  8
ESTRIBOS
 62
7
370
20
100
AcDbLine
 10
8261.666666666666
 20
-23935.0
 30
0.0
 11
8261.666666666666
 21
-23465.0
 31
0.0
  0
CIRCLE
  5
4D0
330
17
100
AcDbEntity
  8
REF_SUP_CONT
 62
7
370
35
100
AcDbCircle
 10
8035.65
 20
-23485.65
 30
0.0
 40
7.95
  0
CIRCLE
  5
4D1
330
17
100
AcDbEntity
  8
REF_SUP_CONT
 62
7
370
35
100
AcDbCircle
 10
8101.389999999999
 20
-23485.65
 30
0.0
 40
7.95
  0
CIRCLE
  5
4D2
330
17
100
AcDbEntity
  8
REF_SUP_CONT
 62
7
370
35
100
AcDbCircle
 10
8167.129999999999
 20
-23485.65
 30
0.0
 40
7.95
  0
CIRCLE
  5
4D3
330
17
100
AcDbEntity
  8
REF_SUP_CONT
 62
7
370
35
100
AcDbCircle
 10
8232.869999999999
 20
-23485.65
 30
0.0
 40
7.95
  0
CIRCLE
  5
4D4
330
17
100
AcDbEntity
  8
REF_SUP_CONT
 62
7
370
35
100
AcDbCircle
 10
8298.609999999999
 20
-23485.65
 30
0.0
 40
7.95
  0
CIRCLE
  5
4D5
330
17
100
AcDbEntity
  8
REF_SUP_CONT
 62
7
370
35
100
AcDbCircle
 10
8364.35
 20
-23485.65
 30
0.0
 40
7.95
  0
CIRCLE
  5
4D6
330
17
100
AcDbEntity
  8
REF_INF
 62
7
370
35
100
AcDbCircle
 10
8035.65
 20
-23914.35
 30
0.0
 40
7.95
  0
CIRCLE
  5
4D7
330
17
100
AcDbEntity
  8
REF_INF
 62
7
370
35
100
AcDbCircle
 10
8117.825
 20
-23914.35
 30
0.0
 40
7.95
  0
CIRCLE
  5
4D8
330
17
100
AcDbEntity
  8
REF_INF
 62
7
370
35
100
AcDbCircle
 10
8200.0
 20
-23914.35
 30
0.0
 40
7.95
  0
CIRCLE
  5
4D9
330
17
100
AcDbEntity
  8
REF_INF
 62
7
370
35
100
AcDbCircle
 10
8282.175
 20
-23914.35
 30
0.0
 40
7.95
  0
CIRCLE
  5
4DA
330
17
100
AcDbEntity
  8
REF_INF
 62
7
370
35
100
AcDbCircle
 10
8364.35
 20
-23914.35
 30
0.0
 40
7.95
  0
CIRCLE
  5
4DB
330
17
100
AcDbEntity
  8
REF_TORSION
 62
7
370
30
100
AcDbCircle
 10
8035.65
 20
-23854.35
 30
0.0
 40
7.95
  0
CIRCLE
  5
4DC
330
17
100
AcDbEntity
  8
REF_TORSION
 62
7
370
30
100
AcDbCircle
 10
8364.35
 20
-23854.35
 30
0.0
 40
7.95
  0
CIRCLE
  5
4DD
330
17
100
AcDbEntity
  8
REF_TORSION
 62
7
370
30
100
AcDbCircle
 10
8035.65
 20
-23751.45
 30
0.0
 40
7.95
  0
CIRCLE
  5
4DE
330
17
100
AcDbEntity
  8
REF_TORSION
 62
7
370
30
100
AcDbCircle
 10
8364.35
 20
-23751.45
 30
0.0
 40
7.95
  0
CIRCLE
  5
4DF
330
17
100
AcDbEntity
  8
REF_TORSION
 62
7
370
30
100
AcDbCircle
 10
8035.65
 20
-23648.55
 30
0.0
 40
7.95
  0
CIRCLE
  5
4E0
330
17
100
AcDbEntity
  8
REF_TORSION
 62
7
370
30
100
AcDbCircle
 10
8364.35
 20
-23648.55
 30
0.0
 40
7.95
  0
CIRCLE
  5
4E1
330
17
100
AcDbEntity
  8
REF_TORSION
 62
7
370
30
100
AcDbCircle
 10
8035.65
 20
-23545.65
 30
0.0
 40
7.95
  0
CIRCLE
  5
4E2
330
17
100
AcDbEntity
  8
REF_TORSION
 62
7
370
30
100
AcDbCircle
 10
8364.35
 20
-23545.65
 30
0.0
 40
7.95
  0
TEXT
  5
4E3
330
17
100
AcDbEntity
  8
CORTES
 62
7
100
AcDbText
 10
8200.0
 20
-24095.0
 30
0.0
 40
90.0
  1
CORTE A–A APOYO
 72
1
 11
8200.0
 21
-24095.0
 31
0.0
100
AcDbText
 73
2
  0
TEXT
  5
4E4
330
17
100
AcDbEntity
  8
TEXTO
 62
7
100
AcDbText
 10
8200.0
 20
-24210.0
 30
0.0
 40
80.0
  1
450 × 550 mm
 72
1
 11
8200.0
 21
-24210.0
 31
0.0
100
AcDbText
 73
2
  0
LWPOLYLINE
  5
4E5
330
17
100
AcDbEntity
  8
VIGA
 62
7
370
35
100
AcDbPolyline
 90
4
 70
1
 10
10575.0
 20
-23975.0
 10
11025.0
 20
-23975.0
 10
11025.0
 20
-23425.0
 10
10575.0
 20
-23425.0
  0
LWPOLYLINE
  5
4E6
330
17
100
AcDbEntity
  8
ESTRIBOS
 62
7
370
25
100
AcDbPolyline
 90
4
 70
1
 10
10615.0
 20
-23935.0
 10
10985.0
 20
-23935.0
 10
10985.0
 20
-23465.0
 10
10615.0
 20
-23465.0
  0
LINE
  5
4E7
330
17
100
AcDbEntity
  8
ESTRIBOS
 62
7
370
20
100
AcDbLine
 10
10738.333333333334
 20
-23935.0
 30
0.0
 11
10738.333333333334
 21
-23465.0
 31
0.0
  0
LINE
  5
4E8
330
17
100
AcDbEntity
  8
ESTRIBOS
 62
7
370
20
100
AcDbLine
 10
10861.666666666666
 20
-23935.0
 30
0.0
 11
10861.666666666666
 21
-23465.0
 31
0.0
  0
CIRCLE
  5
4E9
330
17
100
AcDbEntity
  8
REF_SUP_CONT
 62
7
370
35
100
AcDbCircle
 10
10635.65
 20
-23485.65
 30
0.0
 40
7.95
  0
CIRCLE
  5
4EA
330
17
100
AcDbEntity
  8
REF_SUP_CONT
 62
7
370
35
100
AcDbCircle
 10
10964.35
 20
-23485.65
 30
0.0
 40
7.95
  0
CIRCLE
  5
4EB
330
17
100
AcDbEntity
  8
REF_INF
 62
7
370
35
100
AcDbCircle
 10
10635.65
 20
-23914.35
 30
0.0
 40
7.95
  0
CIRCLE
  5
4EC
330
17
100
AcDbEntity
  8
REF_INF
 62
7
370
35
100
AcDbCircle
 10
10717.824999999999
 20
-23914.35
 30
0.0
 40
7.95
  0
CIRCLE
  5
4ED
330
17
100
AcDbEntity
  8
REF_INF
 62
7
370
35
100
AcDbCircle
 10
10800.0
 20
-23914.35
 30
0.0
 40
7.95
  0
CIRCLE
  5
4EE
330
17
100
AcDbEntity
  8
REF_INF
 62
7
370
35
100
AcDbCircle
 10
10882.175
 20
-23914.35
 30
0.0
 40
7.95
  0
CIRCLE
  5
4EF
330
17
100
AcDbEntity
  8
REF_INF
 62
7
370
35
100
AcDbCircle
 10
10964.35
 20
-23914.35
 30
0.0
 40
7.95
  0
CIRCLE
  5
4F0
330
17
100
AcDbEntity
  8
REF_TORSION
 62
7
370
30
100
AcDbCircle
 10
10635.65
 20
-23854.35
 30
0.0
 40
7.95
  0
CIRCLE
  5
4F1
330
17
100
AcDbEntity
  8
REF_TORSION
 62
7
370
30
100
AcDbCircle
 10
10964.35
 20
-23854.35
 30
0.0
 40
7.95
  0
CIRCLE
  5
4F2
330
17
100
AcDbEntity
  8
REF_TORSION
 62
7
370
30
100
AcDbCircle
 10
10635.65
 20
-23751.45
 30
0.0
 40
7.95
  0
CIRCLE
  5
4F3
330
17
100
AcDbEntity
  8
REF_TORSION
 62
7
370
30
100
AcDbCircle
 10
10964.35
 20
-23751.45
 30
0.0
 40
7.95
  0
CIRCLE
  5
4F4
330
17
100
AcDbEntity
  8
REF_TORSION
 62
7
370
30
100
AcDbCircle
 10
10635.65
 20
-23648.55
 30
0.0
 40
7.95
  0
CIRCLE
  5
4F5
330
17
100
AcDbEntity
  8
REF_TORSION
 62
7
370
30
100
AcDbCircle
 10
10964.35
 20
-23648.55
 30
0.0
 40
7.95
  0
CIRCLE
  5
4F6
330
17
100
AcDbEntity
  8
REF_TORSION
 62
7
370
30
100
AcDbCircle
 10
10635.65
 20
-23545.65
 30
0.0
 40
7.95
  0
CIRCLE
  5
4F7
330
17
100
AcDbEntity
  8
REF_TORSION
 62
7
370
30
100
AcDbCircle
 10
10964.35
 20
-23545.65
 30
0.0
 40
7.95
  0
TEXT
  5
4F8
330
17
100
AcDbEntity
  8
CORTES
 62
7
100
AcDbText
 10
10800.0
 20
-24095.0
 30
0.0
 40
90.0
  1
CORTE B–B CENTRO
 72
1
 11
10800.0
 21
-24095.0
 31
0.0
100
AcDbText
 73
2
  0
TEXT
  5
4F9
330
17
100
AcDbEntity
  8
TEXTO
 62
7
100
AcDbText
 10
10800.0
 20
-24210.0
 30
0.0
 40
80.0
  1
450 × 550 mm
 72
1
 11
10800.0
 21
-24210.0
 31
0.0
100
AcDbText
 73
2
  0
TEXT
  5
4FA
330
17
100
AcDbEntity
  8
REF_SUP_CONT
 62
7
100
AcDbText
 10
350.0
 20
-23150.0
 30
0.0
 40
90.0
  1
SUPERIOR: 6 Nº5 (2 continuas + 4 bastones); Lc bastón desde cada apoyo = 1120 mm
 11
350.0
 21
-23150.0
 31
0.0
100
AcDbText
  0
TEXT
  5
4FB
330
17
100
AcDbEntity
  8
REF_INF
 62
7
100
AcDbText
 10
350.0
 20
-23300.0
 30
0.0
 40
90.0
  1
INFERIOR: 5 Nº5 continuas
 11
350.0
 21
-23300.0
 31
0.0
100
AcDbText
  0
TEXT
  5
4FC
330
17
100
AcDbEntity
  8
REF_TORSION
 62
7
100
AcDbText
 10
350.0
 20
-23450.0
 30
0.0
 40
90.0
  1
TORSIÓN: 8 Nº5 dedicadas
 11
350.0
 21
-23450.0
 31
0.0
100
AcDbText
  0
TEXT
  5
4FD
330
17
100
AcDbEntity
  8
ESTRIBOS
 62
7
100
AcDbText
 10
350.0
 20
-23600.0
 30
0.0
 40
82.0
  1
ESTRIBOS: Nº4 cerrado, 4 ramas, primer estribo ≤50 mm; @120 mm en 2h desde cada apoyo y @120 mm al centro
 11
350.0
 21
-23600.0
 31
0.0
100
AcDbText
  0
TEXT
  5
4FE
330
17
100
AcDbEntity
  8
TEXTO
 62
7
100
AcDbText
 10
350.0
 20
-23750.0
 30
0.0
 40
82.0
  1
ANCLAJES Nº5: ld inf/sup/ldh = 370/480/305 mm; gancho 90° cola 195 mm
 11
350.0
 21
-23750.0
 31
0.0
100
AcDbText
  0
TEXT
  5
4FF
330
17
100
AcDbEntity
  8
TEXTO
 62
7
100
AcDbText
 10
350.0
 20
-24420.0
 30
0.0
 40
76.0
  1
NOTA: el trazado y los ejes provienen de VIGAS CARGA.pdf; la elevación desarrolla la viga completa, usa apoyos nominales de 600 mm y marca cada tramo entre ejes.
 11
350.0
 21
-24420.0
 31
0.0
100
AcDbText
  0
TEXT
  5
500
330
17
100
AcDbEntity
  8
TEXTO
 62
7
100
AcDbText
 10
9500.0
 20
-26150.0
 30
0.0
 40
190.0
  1
DESPIECE COMPLETO VIGA DE CARGA VC5
 72
1
 11
9500.0
 21
-26150.0
 31
0.0
100
AcDbText
 73
2
  0
TEXT
  5
501
330
17
100
AcDbEntity
  8
TEXTO
 62
7
100
AcDbText
 10
9500.0
 20
-26400.0
 30
0.0
 40
105.0
  1
APLICA EN EJES 10 Y 4 | Sección 450 × 550 mm | 40 vigas del grupo
 72
1
 11
9500.0
 21
-26400.0
 31
0.0
100
AcDbText
 73
2
  0
TEXT
  5
502
330
17
100
AcDbEntity
  8
TEXTO
 62
7
100
AcDbText
 10
9500.0
 20
-26600.0
 30
0.0
 40
92.0
  1
DETALLE ACADÉMICO — NO EMITIR PARA CONSTRUCCIÓN | Verificación V-T: NO CUMPLE | Estado global del Excel: #VALUE!
 72
1
 11
9500.0
 21
-26600.0
 31
0.0
100
AcDbText
 73
2
  0
TEXT
  5
503
330
17
100
AcDbEntity
  8
TRAZADO_PLANTA
 62
7
100
AcDbText
 10
9500.0
 20
-26800.0
 30
0.0
 40
100.0
  1
TRAZADO EN PLANTA SEGÚN PDF
 72
1
 11
9500.0
 21
-26800.0
 31
0.0
100
AcDbText
 73
2
  0
LWPOLYLINE
  5
504
330
17
100
AcDbEntity
  8
TRAZADO_PLANTA
 62
7
370
35
100
AcDbPolyline
 90
5
 70
0
 10
1750.0
 20
-27500.0
 10
5600.0
 20
-27500.0
 10
9500.0
 20
-27500.0
 10
13400.0
 20
-27500.0
 10
17250.0
 20
-27500.0
  0
CIRCLE
  5
505
330
17
100
AcDbEntity
  8
TRAZADO_PLANTA
 62
7
370
25
100
AcDbCircle
 10
1750.0
 20
-27500.0
 30
0.0
 40
90.0
  0
TEXT
  5
506
330
17
100
AcDbEntity
  8
TRAZADO_PLANTA
 62
7
100
AcDbText
 10
1750.0
 20
-27340.0
 30
0.0
 40
85.0
  1
A
 72
1
 11
1750.0
 21
-27340.0
 31
0.0
100
AcDbText
 73
2
  0
CIRCLE
  5
507
330
17
100
AcDbEntity
  8
TRAZADO_PLANTA
 62
7
370
25
100
AcDbCircle
 10
5600.0
 20
-27500.0
 30
0.0
 40
90.0
  0
TEXT
  5
508
330
17
100
AcDbEntity
  8
TRAZADO_PLANTA
 62
7
100
AcDbText
 10
5600.0
 20
-27340.0
 30
0.0
 40
85.0
  1
B
 72
1
 11
5600.0
 21
-27340.0
 31
0.0
100
AcDbText
 73
2
  0
CIRCLE
  5
509
330
17
100
AcDbEntity
  8
TRAZADO_PLANTA
 62
7
370
25
100
AcDbCircle
 10
9500.0
 20
-27500.0
 30
0.0
 40
90.0
  0
TEXT
  5
50A
330
17
100
AcDbEntity
  8
TRAZADO_PLANTA
 62
7
100
AcDbText
 10
9500.0
 20
-27340.0
 30
0.0
 40
85.0
  1
C
 72
1
 11
9500.0
 21
-27340.0
 31
0.0
100
AcDbText
 73
2
  0
CIRCLE
  5
50B
330
17
100
AcDbEntity
  8
TRAZADO_PLANTA
 62
7
370
25
100
AcDbCircle
 10
13400.0
 20
-27500.0
 30
0.0
 40
90.0
  0
TEXT
  5
50C
330
17
100
AcDbEntity
  8
TRAZADO_PLANTA
 62
7
100
AcDbText
 10
13400.0
 20
-27340.0
 30
0.0
 40
85.0
  1
D
 72
1
 11
13400.0
 21
-27340.0
 31
0.0
100
AcDbText
 73
2
  0
CIRCLE
  5
50D
330
17
100
AcDbEntity
  8
TRAZADO_PLANTA
 62
7
370
25
100
AcDbCircle
 10
17250.0
 20
-27500.0
 30
0.0
 40
90.0
  0
TEXT
  5
50E
330
17
100
AcDbEntity
  8
TRAZADO_PLANTA
 62
7
100
AcDbText
 10
17250.0
 20
-27340.0
 30
0.0
 40
85.0
  1
E
 72
1
 11
17250.0
 21
-27340.0
 31
0.0
100
AcDbText
 73
2
  0
LWPOLYLINE
  5
50F
330
17
100
AcDbEntity
  8
VIGA
 62
7
370
40
100
AcDbPolyline
 90
4
 70
1
 10
1450.0
 20
-29500.0
 10
17550.0
 20
-29500.0
 10
17550.0
 20
-28950.0
 10
1450.0
 20
-28950.0
  0
LWPOLYLINE
  5
510
330
17
100
AcDbEntity
  8
COLUMNAS
 62
7
370
35
100
AcDbPolyline
 90
4
 70
1
 10
1450.0
 20
-29950.0
 10
2050.0
 20
-29950.0
 10
2050.0
 20
-28500.0
 10
1450.0
 20
-28500.0
  0
LINE
  5
511
330
17
100
AcDbEntity
  8
EJES
  6
CENTER
 62
7
370
18
100
AcDbLine
 10
1750.0
 20
-30450.0
 30
0.0
 11
1750.0
 21
-27950.0
 31
0.0
  0
CIRCLE
  5
512
330
17
100
AcDbEntity
  8
EJES
 62
7
370
25
100
AcDbCircle
 10
1750.0
 20
-28250.0
 30
0.0
 40
170.0
  0
TEXT
  5
513
330
17
100
AcDbEntity
  8
EJES
 62
7
100
AcDbText
 10
1750.0
 20
-28250.0
 30
0.0
 40
130.0
  1
A
 72
1
 11
1750.0
 21
-28250.0
 31
0.0
100
AcDbText
 73
2
  0
LWPOLYLINE
  5
514
330
17
100
AcDbEntity
  8
COLUMNAS
 62
7
370
35
100
AcDbPolyline
 90
4
 70
1
 10
5300.0
 20
-29950.0
 10
5900.0
 20
-29950.0
 10
5900.0
 20
-28500.0
 10
5300.0
 20
-28500.0
  0
LINE
  5
515
330
17
100
AcDbEntity
  8
EJES
  6
CENTER
 62
7
370
18
100
AcDbLine
 10
5600.0
 20
-30450.0
 30
0.0
 11
5600.0
 21
-27950.0
 31
0.0
  0
CIRCLE
  5
516
330
17
100
AcDbEntity
  8
EJES
 62
7
370
25
100
AcDbCircle
 10
5600.0
 20
-28250.0
 30
0.0
 40
170.0
  0
TEXT
  5
517
330
17
100
AcDbEntity
  8
EJES
 62
7
100
AcDbText
 10
5600.0
 20
-28250.0
 30
0.0
 40
130.0
  1
B
 72
1
 11
5600.0
 21
-28250.0
 31
0.0
100
AcDbText
 73
2
  0
LWPOLYLINE
  5
518
330
17
100
AcDbEntity
  8
COLUMNAS
 62
7
370
35
100
AcDbPolyline
 90
4
 70
1
 10
9200.0
 20
-29950.0
 10
9800.0
 20
-29950.0
 10
9800.0
 20
-28500.0
 10
9200.0
 20
-28500.0
  0
LINE
  5
519
330
17
100
AcDbEntity
  8
EJES
  6
CENTER
 62
7
370
18
100
AcDbLine
 10
9500.0
 20
-30450.0
 30
0.0
 11
9500.0
 21
-27950.0
 31
0.0
  0
CIRCLE
  5
51A
330
17
100
AcDbEntity
  8
EJES
 62
7
370
25
100
AcDbCircle
 10
9500.0
 20
-28250.0
 30
0.0
 40
170.0
  0
TEXT
  5
51B
330
17
100
AcDbEntity
  8
EJES
 62
7
100
AcDbText
 10
9500.0
 20
-28250.0
 30
0.0
 40
130.0
  1
C
 72
1
 11
9500.0
 21
-28250.0
 31
0.0
100
AcDbText
 73
2
  0
LWPOLYLINE
  5
51C
330
17
100
AcDbEntity
  8
COLUMNAS
 62
7
370
35
100
AcDbPolyline
 90
4
 70
1
 10
13100.0
 20
-29950.0
 10
13700.0
 20
-29950.0
 10
13700.0
 20
-28500.0
 10
13100.0
 20
-28500.0
  0
LINE
  5
51D
330
17
100
AcDbEntity
  8
EJES
  6
CENTER
 62
7
370
18
100
AcDbLine
 10
13400.0
 20
-30450.0
 30
0.0
 11
13400.0
 21
-27950.0
 31
0.0
  0
CIRCLE
  5
51E
330
17
100
AcDbEntity
  8
EJES
 62
7
370
25
100
AcDbCircle
 10
13400.0
 20
-28250.0
 30
0.0
 40
170.0
  0
TEXT
  5
51F
330
17
100
AcDbEntity
  8
EJES
 62
7
100
AcDbText
 10
13400.0
 20
-28250.0
 30
0.0
 40
130.0
  1
D
 72
1
 11
13400.0
 21
-28250.0
 31
0.0
100
AcDbText
 73
2
  0
LWPOLYLINE
  5
520
330
17
100
AcDbEntity
  8
COLUMNAS
 62
7
370
35
100
AcDbPolyline
 90
4
 70
1
 10
16950.0
 20
-29950.0
 10
17550.0
 20
-29950.0
 10
17550.0
 20
-28500.0
 10
16950.0
 20
-28500.0
  0
LINE
  5
521
330
17
100
AcDbEntity
  8
EJES
  6
CENTER
 62
7
370
18
100
AcDbLine
 10
17250.0
 20
-30450.0
 30
0.0
 11
17250.0
 21
-27950.0
 31
0.0
  0
CIRCLE
  5
522
330
17
100
AcDbEntity
  8
EJES
 62
7
370
25
100
AcDbCircle
 10
17250.0
 20
-28250.0
 30
0.0
 40
170.0
  0
TEXT
  5
523
330
17
100
AcDbEntity
  8
EJES
 62
7
100
AcDbText
 10
17250.0
 20
-28250.0
 30
0.0
 40
130.0
  1
E
 72
1
 11
17250.0
 21
-28250.0
 31
0.0
100
AcDbText
 73
2
  0
LINE
  5
524
330
17
100
AcDbEntity
  8
ESTRIBOS
 62
7
370
15
100
AcDbLine
 10
2100.0
 20
-29460.0
 30
0.0
 11
2100.0
 21
-28990.0
 31
0.0
  0
LINE
  5
525
330
17
100
AcDbEntity
  8
ESTRIBOS
 62
7
370
15
100
AcDbLine
 10
2195.454545
 20
-29460.0
 30
0.0
 11
2195.454545
 21
-28990.0
 31
0.0
  0
LINE
  5
526
330
17
100
AcDbEntity
  8
ESTRIBOS
 62
7
370
15
100
AcDbLine
 10
2290.909091
 20
-29460.0
 30
0.0
 11
2290.909091
 21
-28990.0
 31
0.0
  0
LINE
  5
527
330
17
100
AcDbEntity
  8
ESTRIBOS
 62
7
370
15
100
AcDbLine
 10
2386.363636
 20
-29460.0
 30
0.0
 11
2386.363636
 21
-28990.0
 31
0.0
  0
LINE
  5
528
330
17
100
AcDbEntity
  8
ESTRIBOS
 62
7
370
15
100
AcDbLine
 10
2481.818182
 20
-29460.0
 30
0.0
 11
2481.818182
 21
-28990.0
 31
0.0
  0
LINE
  5
529
330
17
100
AcDbEntity
  8
ESTRIBOS
 62
7
370
15
100
AcDbLine
 10
2577.272727
 20
-29460.0
 30
0.0
 11
2577.272727
 21
-28990.0
 31
0.0
  0
LINE
  5
52A
330
17
100
AcDbEntity
  8
ESTRIBOS
 62
7
370
15
100
AcDbLine
 10
2672.727273
 20
-29460.0
 30
0.0
 11
2672.727273
 21
-28990.0
 31
0.0
  0
LINE
  5
52B
330
17
100
AcDbEntity
  8
ESTRIBOS
 62
7
370
15
100
AcDbLine
 10
2768.181818
 20
-29460.0
 30
0.0
 11
2768.181818
 21
-28990.0
 31
0.0
  0
LINE
  5
52C
330
17
100
AcDbEntity
  8
ESTRIBOS
 62
7
370
15
100
AcDbLine
 10
2863.636364
 20
-29460.0
 30
0.0
 11
2863.636364
 21
-28990.0
 31
0.0
  0
LINE
  5
52D
330
17
100
AcDbEntity
  8
ESTRIBOS
 62
7
370
15
100
AcDbLine
 10
2959.090909
 20
-29460.0
 30
0.0
 11
2959.090909
 21
-28990.0
 31
0.0
  0
LINE
  5
52E
330
17
100
AcDbEntity
  8
ESTRIBOS
 62
7
370
15
100
AcDbLine
 10
3054.545455
 20
-29460.0
 30
0.0
 11
3054.545455
 21
-28990.0
 31
0.0
  0
LINE
  5
52F
330
17
100
AcDbEntity
  8
ESTRIBOS
 62
7
370
15
100
AcDbLine
 10
3150.0
 20
-29460.0
 30
0.0
 11
3150.0
 21
-28990.0
 31
0.0
  0
LINE
  5
530
330
17
100
AcDbEntity
  8
ESTRIBOS
 62
7
370
15
100
AcDbLine
 10
3245.454545
 20
-29460.0
 30
0.0
 11
3245.454545
 21
-28990.0
 31
0.0
  0
LINE
  5
531
330
17
100
AcDbEntity
  8
ESTRIBOS
 62
7
370
15
100
AcDbLine
 10
3340.909091
 20
-29460.0
 30
0.0
 11
3340.909091
 21
-28990.0
 31
0.0
  0
LINE
  5
532
330
17
100
AcDbEntity
  8
ESTRIBOS
 62
7
370
15
100
AcDbLine
 10
3436.363636
 20
-29460.0
 30
0.0
 11
3436.363636
 21
-28990.0
 31
0.0
  0
LINE
  5
533
330
17
100
AcDbEntity
  8
ESTRIBOS
 62
7
370
15
100
AcDbLine
 10
3531.818182
 20
-29460.0
 30
0.0
 11
3531.818182
 21
-28990.0
 31
0.0
  0
LINE
  5
534
330
17
100
AcDbEntity
  8
ESTRIBOS
 62
7
370
15
100
AcDbLine
 10
3627.272727
 20
-29460.0
 30
0.0
 11
3627.272727
 21
-28990.0
 31
0.0
  0
LINE
  5
535
330
17
100
AcDbEntity
  8
ESTRIBOS
 62
7
370
15
100
AcDbLine
 10
3722.727273
 20
-29460.0
 30
0.0
 11
3722.727273
 21
-28990.0
 31
0.0
  0
LINE
  5
536
330
17
100
AcDbEntity
  8
ESTRIBOS
 62
7
370
15
100
AcDbLine
 10
3818.181818
 20
-29460.0
 30
0.0
 11
3818.181818
 21
-28990.0
 31
0.0
  0
LINE
  5
537
330
17
100
AcDbEntity
  8
ESTRIBOS
 62
7
370
15
100
AcDbLine
 10
3913.636364
 20
-29460.0
 30
0.0
 11
3913.636364
 21
-28990.0
 31
0.0
  0
LINE
  5
538
330
17
100
AcDbEntity
  8
ESTRIBOS
 62
7
370
15
100
AcDbLine
 10
4009.090909
 20
-29460.0
 30
0.0
 11
4009.090909
 21
-28990.0
 31
0.0
  0
LINE
  5
539
330
17
100
AcDbEntity
  8
ESTRIBOS
 62
7
370
15
100
AcDbLine
 10
4104.545455
 20
-29460.0
 30
0.0
 11
4104.545455
 21
-28990.0
 31
0.0
  0
LINE
  5
53A
330
17
100
AcDbEntity
  8
ESTRIBOS
 62
7
370
15
100
AcDbLine
 10
4200.0
 20
-29460.0
 30
0.0
 11
4200.0
 21
-28990.0
 31
0.0
  0
LINE
  5
53B
330
17
100
AcDbEntity
  8
ESTRIBOS
 62
7
370
15
100
AcDbLine
 10
4295.454545
 20
-29460.0
 30
0.0
 11
4295.454545
 21
-28990.0
 31
0.0
  0
LINE
  5
53C
330
17
100
AcDbEntity
  8
ESTRIBOS
 62
7
370
15
100
AcDbLine
 10
4390.909091
 20
-29460.0
 30
0.0
 11
4390.909091
 21
-28990.0
 31
0.0
  0
LINE
  5
53D
330
17
100
AcDbEntity
  8
ESTRIBOS
 62
7
370
15
100
AcDbLine
 10
4486.363636
 20
-29460.0
 30
0.0
 11
4486.363636
 21
-28990.0
 31
0.0
  0
LINE
  5
53E
330
17
100
AcDbEntity
  8
ESTRIBOS
 62
7
370
15
100
AcDbLine
 10
4581.818182
 20
-29460.0
 30
0.0
 11
4581.818182
 21
-28990.0
 31
0.0
  0
LINE
  5
53F
330
17
100
AcDbEntity
  8
ESTRIBOS
 62
7
370
15
100
AcDbLine
 10
4677.272727
 20
-29460.0
 30
0.0
 11
4677.272727
 21
-28990.0
 31
0.0
  0
LINE
  5
540
330
17
100
AcDbEntity
  8
ESTRIBOS
 62
7
370
15
100
AcDbLine
 10
4772.727273
 20
-29460.0
 30
0.0
 11
4772.727273
 21
-28990.0
 31
0.0
  0
LINE
  5
541
330
17
100
AcDbEntity
  8
ESTRIBOS
 62
7
370
15
100
AcDbLine
 10
4868.181818
 20
-29460.0
 30
0.0
 11
4868.181818
 21
-28990.0
 31
0.0
  0
LINE
  5
542
330
17
100
AcDbEntity
  8
ESTRIBOS
 62
7
370
15
100
AcDbLine
 10
4963.636364
 20
-29460.0
 30
0.0
 11
4963.636364
 21
-28990.0
 31
0.0
  0
LINE
  5
543
330
17
100
AcDbEntity
  8
ESTRIBOS
 62
7
370
15
100
AcDbLine
 10
5059.090909
 20
-29460.0
 30
0.0
 11
5059.090909
 21
-28990.0
 31
0.0
  0
LINE
  5
544
330
17
100
AcDbEntity
  8
ESTRIBOS
 62
7
370
15
100
AcDbLine
 10
5154.545455
 20
-29460.0
 30
0.0
 11
5154.545455
 21
-28990.0
 31
0.0
  0
LINE
  5
545
330
17
100
AcDbEntity
  8
ESTRIBOS
 62
7
370
15
100
AcDbLine
 10
5250.0
 20
-29460.0
 30
0.0
 11
5250.0
 21
-28990.0
 31
0.0
  0
LINE
  5
546
330
17
100
AcDbEntity
  8
ESTRIBOS
 62
7
370
15
100
AcDbLine
 10
5950.0
 20
-29460.0
 30
0.0
 11
5950.0
 21
-28990.0
 31
0.0
  0
LINE
  5
547
330
17
100
AcDbEntity
  8
ESTRIBOS
 62
7
370
15
100
AcDbLine
 10
6045.454545
 20
-29460.0
 30
0.0
 11
6045.454545
 21
-28990.0
 31
0.0
  0
LINE
  5
548
330
17
100
AcDbEntity
  8
ESTRIBOS
 62
7
370
15
100
AcDbLine
 10
6140.909091
 20
-29460.0
 30
0.0
 11
6140.909091
 21
-28990.0
 31
0.0
  0
LINE
  5
549
330
17
100
AcDbEntity
  8
ESTRIBOS
 62
7
370
15
100
AcDbLine
 10
6236.363636
 20
-29460.0
 30
0.0
 11
6236.363636
 21
-28990.0
 31
0.0
  0
LINE
  5
54A
330
17
100
AcDbEntity
  8
ESTRIBOS
 62
7
370
15
100
AcDbLine
 10
6331.818182
 20
-29460.0
 30
0.0
 11
6331.818182
 21
-28990.0
 31
0.0
  0
LINE
  5
54B
330
17
100
AcDbEntity
  8
ESTRIBOS
 62
7
370
15
100
AcDbLine
 10
6427.272727
 20
-29460.0
 30
0.0
 11
6427.272727
 21
-28990.0
 31
0.0
  0
LINE
  5
54C
330
17
100
AcDbEntity
  8
ESTRIBOS
 62
7
370
15
100
AcDbLine
 10
6522.727273
 20
-29460.0
 30
0.0
 11
6522.727273
 21
-28990.0
 31
0.0
  0
LINE
  5
54D
330
17
100
AcDbEntity
  8
ESTRIBOS
 62
7
370
15
100
AcDbLine
 10
6618.181818
 20
-29460.0
 30
0.0
 11
6618.181818
 21
-28990.0
 31
0.0
  0
LINE
  5
54E
330
17
100
AcDbEntity
  8
ESTRIBOS
 62
7
370
15
100
AcDbLine
 10
6713.636364
 20
-29460.0
 30
0.0
 11
6713.636364
 21
-28990.0
 31
0.0
  0
LINE
  5
54F
330
17
100
AcDbEntity
  8
ESTRIBOS
 62
7
370
15
100
AcDbLine
 10
6809.090909
 20
-29460.0
 30
0.0
 11
6809.090909
 21
-28990.0
 31
0.0
  0
LINE
  5
550
330
17
100
AcDbEntity
  8
ESTRIBOS
 62
7
370
15
100
AcDbLine
 10
6904.545455
 20
-29460.0
 30
0.0
 11
6904.545455
 21
-28990.0
 31
0.0
  0
LINE
  5
551
330
17
100
AcDbEntity
  8
ESTRIBOS
 62
7
370
15
100
AcDbLine
 10
7000.0
 20
-29460.0
 30
0.0
 11
7000.0
 21
-28990.0
 31
0.0
  0
LINE
  5
552
330
17
100
AcDbEntity
  8
ESTRIBOS
 62
7
370
15
100
AcDbLine
 10
7100.0
 20
-29460.0
 30
0.0
 11
7100.0
 21
-28990.0
 31
0.0
  0
LINE
  5
553
330
17
100
AcDbEntity
  8
ESTRIBOS
 62
7
370
15
100
AcDbLine
 10
7200.0
 20
-29460.0
 30
0.0
 11
7200.0
 21
-28990.0
 31
0.0
  0
LINE
  5
554
330
17
100
AcDbEntity
  8
ESTRIBOS
 62
7
370
15
100
AcDbLine
 10
7300.0
 20
-29460.0
 30
0.0
 11
7300.0
 21
-28990.0
 31
0.0
  0
LINE
  5
555
330
17
100
AcDbEntity
  8
ESTRIBOS
 62
7
370
15
100
AcDbLine
 10
7400.0
 20
-29460.0
 30
0.0
 11
7400.0
 21
-28990.0
 31
0.0
  0
LINE
  5
556
330
17
100
AcDbEntity
  8
ESTRIBOS
 62
7
370
15
100
AcDbLine
 10
7500.0
 20
-29460.0
 30
0.0
 11
7500.0
 21
-28990.0
 31
0.0
  0
LINE
  5
557
330
17
100
AcDbEntity
  8
ESTRIBOS
 62
7
370
15
100
AcDbLine
 10
7600.0
 20
-29460.0
 30
0.0
 11
7600.0
 21
-28990.0
 31
0.0
  0
LINE
  5
558
330
17
100
AcDbEntity
  8
ESTRIBOS
 62
7
370
15
100
AcDbLine
 10
7700.0
 20
-29460.0
 30
0.0
 11
7700.0
 21
-28990.0
 31
0.0
  0
LINE
  5
559
330
17
100
AcDbEntity
  8
ESTRIBOS
 62
7
370
15
100
AcDbLine
 10
7800.0
 20
-29460.0
 30
0.0
 11
7800.0
 21
-28990.0
 31
0.0
  0
LINE
  5
55A
330
17
100
AcDbEntity
  8
ESTRIBOS
 62
7
370
15
100
AcDbLine
 10
7900.0
 20
-29460.0
 30
0.0
 11
7900.0
 21
-28990.0
 31
0.0
  0
LINE
  5
55B
330
17
100
AcDbEntity
  8
ESTRIBOS
 62
7
370
15
100
AcDbLine
 10
8000.0
 20
-29460.0
 30
0.0
 11
8000.0
 21
-28990.0
 31
0.0
  0
LINE
  5
55C
330
17
100
AcDbEntity
  8
ESTRIBOS
 62
7
370
15
100
AcDbLine
 10
8100.0
 20
-29460.0
 30
0.0
 11
8100.0
 21
-28990.0
 31
0.0
  0
LINE
  5
55D
330
17
100
AcDbEntity
  8
ESTRIBOS
 62
7
370
15
100
AcDbLine
 10
8195.454545
 20
-29460.0
 30
0.0
 11
8195.454545
 21
-28990.0
 31
0.0
  0
LINE
  5
55E
330
17
100
AcDbEntity
  8
ESTRIBOS
 62
7
370
15
100
AcDbLine
 10
8290.909091
 20
-29460.0
 30
0.0
 11
8290.909091
 21
-28990.0
 31
0.0
  0
LINE
  5
55F
330
17
100
AcDbEntity
  8
ESTRIBOS
 62
7
370
15
100
AcDbLine
 10
8386.363636
 20
-29460.0
 30
0.0
 11
8386.363636
 21
-28990.0
 31
0.0
  0
LINE
  5
560
330
17
100
AcDbEntity
  8
ESTRIBOS
 62
7
370
15
100
AcDbLine
 10
8481.818182
 20
-29460.0
 30
0.0
 11
8481.818182
 21
-28990.0
 31
0.0
  0
LINE
  5
561
330
17
100
AcDbEntity
  8
ESTRIBOS
 62
7
370
15
100
AcDbLine
 10
8577.272727
 20
-29460.0
 30
0.0
 11
8577.272727
 21
-28990.0
 31
0.0
  0
LINE
  5
562
330
17
100
AcDbEntity
  8
ESTRIBOS
 62
7
370
15
100
AcDbLine
 10
8672.727273
 20
-29460.0
 30
0.0
 11
8672.727273
 21
-28990.0
 31
0.0
  0
LINE
  5
563
330
17
100
AcDbEntity
  8
ESTRIBOS
 62
7
370
15
100
AcDbLine
 10
8768.181818
 20
-29460.0
 30
0.0
 11
8768.181818
 21
-28990.0
 31
0.0
  0
LINE
  5
564
330
17
100
AcDbEntity
  8
ESTRIBOS
 62
7
370
15
100
AcDbLine
 10
8863.636364
 20
-29460.0
 30
0.0
 11
8863.636364
 21
-28990.0
 31
0.0
  0
LINE
  5
565
330
17
100
AcDbEntity
  8
ESTRIBOS
 62
7
370
15
100
AcDbLine
 10
8959.090909
 20
-29460.0
 30
0.0
 11
8959.090909
 21
-28990.0
 31
0.0
  0
LINE
  5
566
330
17
100
AcDbEntity
  8
ESTRIBOS
 62
7
370
15
100
AcDbLine
 10
9054.545455
 20
-29460.0
 30
0.0
 11
9054.545455
 21
-28990.0
 31
0.0
  0
LINE
  5
567
330
17
100
AcDbEntity
  8
ESTRIBOS
 62
7
370
15
100
AcDbLine
 10
9150.0
 20
-29460.0
 30
0.0
 11
9150.0
 21
-28990.0
 31
0.0
  0
LINE
  5
568
330
17
100
AcDbEntity
  8
ESTRIBOS
 62
7
370
15
100
AcDbLine
 10
9850.0
 20
-29460.0
 30
0.0
 11
9850.0
 21
-28990.0
 31
0.0
  0
LINE
  5
569
330
17
100
AcDbEntity
  8
ESTRIBOS
 62
7
370
15
100
AcDbLine
 10
9945.454545
 20
-29460.0
 30
0.0
 11
9945.454545
 21
-28990.0
 31
0.0
  0
LINE
  5
56A
330
17
100
AcDbEntity
  8
ESTRIBOS
 62
7
370
15
100
AcDbLine
 10
10040.909091
 20
-29460.0
 30
0.0
 11
10040.909091
 21
-28990.0
 31
0.0
  0
LINE
  5
56B
330
17
100
AcDbEntity
  8
ESTRIBOS
 62
7
370
15
100
AcDbLine
 10
10136.363636
 20
-29460.0
 30
0.0
 11
10136.363636
 21
-28990.0
 31
0.0
  0
LINE
  5
56C
330
17
100
AcDbEntity
  8
ESTRIBOS
 62
7
370
15
100
AcDbLine
 10
10231.818182
 20
-29460.0
 30
0.0
 11
10231.818182
 21
-28990.0
 31
0.0
  0
LINE
  5
56D
330
17
100
AcDbEntity
  8
ESTRIBOS
 62
7
370
15
100
AcDbLine
 10
10327.272727
 20
-29460.0
 30
0.0
 11
10327.272727
 21
-28990.0
 31
0.0
  0
LINE
  5
56E
330
17
100
AcDbEntity
  8
ESTRIBOS
 62
7
370
15
100
AcDbLine
 10
10422.727273
 20
-29460.0
 30
0.0
 11
10422.727273
 21
-28990.0
 31
0.0
  0
LINE
  5
56F
330
17
100
AcDbEntity
  8
ESTRIBOS
 62
7
370
15
100
AcDbLine
 10
10518.181818
 20
-29460.0
 30
0.0
 11
10518.181818
 21
-28990.0
 31
0.0
  0
LINE
  5
570
330
17
100
AcDbEntity
  8
ESTRIBOS
 62
7
370
15
100
AcDbLine
 10
10613.636364
 20
-29460.0
 30
0.0
 11
10613.636364
 21
-28990.0
 31
0.0
  0
LINE
  5
571
330
17
100
AcDbEntity
  8
ESTRIBOS
 62
7
370
15
100
AcDbLine
 10
10709.090909
 20
-29460.0
 30
0.0
 11
10709.090909
 21
-28990.0
 31
0.0
  0
LINE
  5
572
330
17
100
AcDbEntity
  8
ESTRIBOS
 62
7
370
15
100
AcDbLine
 10
10804.545455
 20
-29460.0
 30
0.0
 11
10804.545455
 21
-28990.0
 31
0.0
  0
LINE
  5
573
330
17
100
AcDbEntity
  8
ESTRIBOS
 62
7
370
15
100
AcDbLine
 10
10900.0
 20
-29460.0
 30
0.0
 11
10900.0
 21
-28990.0
 31
0.0
  0
LINE
  5
574
330
17
100
AcDbEntity
  8
ESTRIBOS
 62
7
370
15
100
AcDbLine
 10
11000.0
 20
-29460.0
 30
0.0
 11
11000.0
 21
-28990.0
 31
0.0
  0
LINE
  5
575
330
17
100
AcDbEntity
  8
ESTRIBOS
 62
7
370
15
100
AcDbLine
 10
11100.0
 20
-29460.0
 30
0.0
 11
11100.0
 21
-28990.0
 31
0.0
  0
LINE
  5
576
330
17
100
AcDbEntity
  8
ESTRIBOS
 62
7
370
15
100
AcDbLine
 10
11200.0
 20
-29460.0
 30
0.0
 11
11200.0
 21
-28990.0
 31
0.0
  0
LINE
  5
577
330
17
100
AcDbEntity
  8
ESTRIBOS
 62
7
370
15
100
AcDbLine
 10
11300.0
 20
-29460.0
 30
0.0
 11
11300.0
 21
-28990.0
 31
0.0
  0
LINE
  5
578
330
17
100
AcDbEntity
  8
ESTRIBOS
 62
7
370
15
100
AcDbLine
 10
11400.0
 20
-29460.0
 30
0.0
 11
11400.0
 21
-28990.0
 31
0.0
  0
LINE
  5
579
330
17
100
AcDbEntity
  8
ESTRIBOS
 62
7
370
15
100
AcDbLine
 10
11500.0
 20
-29460.0
 30
0.0
 11
11500.0
 21
-28990.0
 31
0.0
  0
LINE
  5
57A
330
17
100
AcDbEntity
  8
ESTRIBOS
 62
7
370
15
100
AcDbLine
 10
11600.0
 20
-29460.0
 30
0.0
 11
11600.0
 21
-28990.0
 31
0.0
  0
LINE
  5
57B
330
17
100
AcDbEntity
  8
ESTRIBOS
 62
7
370
15
100
AcDbLine
 10
11700.0
 20
-29460.0
 30
0.0
 11
11700.0
 21
-28990.0
 31
0.0
  0
LINE
  5
57C
330
17
100
AcDbEntity
  8
ESTRIBOS
 62
7
370
15
100
AcDbLine
 10
11800.0
 20
-29460.0
 30
0.0
 11
11800.0
 21
-28990.0
 31
0.0
  0
LINE
  5
57D
330
17
100
AcDbEntity
  8
ESTRIBOS
 62
7
370
15
100
AcDbLine
 10
11900.0
 20
-29460.0
 30
0.0
 11
11900.0
 21
-28990.0
 31
0.0
  0
LINE
  5
57E
330
17
100
AcDbEntity
  8
ESTRIBOS
 62
7
370
15
100
AcDbLine
 10
12000.0
 20
-29460.0
 30
0.0
 11
12000.0
 21
-28990.0
 31
0.0
  0
LINE
  5
57F
330
17
100
AcDbEntity
  8
ESTRIBOS
 62
7
370
15
100
AcDbLine
 10
12095.454545
 20
-29460.0
 30
0.0
 11
12095.454545
 21
-28990.0
 31
0.0
  0
LINE
  5
580
330
17
100
AcDbEntity
  8
ESTRIBOS
 62
7
370
15
100
AcDbLine
 10
12190.909091
 20
-29460.0
 30
0.0
 11
12190.909091
 21
-28990.0
 31
0.0
  0
LINE
  5
581
330
17
100
AcDbEntity
  8
ESTRIBOS
 62
7
370
15
100
AcDbLine
 10
12286.363636
 20
-29460.0
 30
0.0
 11
12286.363636
 21
-28990.0
 31
0.0
  0
LINE
  5
582
330
17
100
AcDbEntity
  8
ESTRIBOS
 62
7
370
15
100
AcDbLine
 10
12381.818182
 20
-29460.0
 30
0.0
 11
12381.818182
 21
-28990.0
 31
0.0
  0
LINE
  5
583
330
17
100
AcDbEntity
  8
ESTRIBOS
 62
7
370
15
100
AcDbLine
 10
12477.272727
 20
-29460.0
 30
0.0
 11
12477.272727
 21
-28990.0
 31
0.0
  0
LINE
  5
584
330
17
100
AcDbEntity
  8
ESTRIBOS
 62
7
370
15
100
AcDbLine
 10
12572.727273
 20
-29460.0
 30
0.0
 11
12572.727273
 21
-28990.0
 31
0.0
  0
LINE
  5
585
330
17
100
AcDbEntity
  8
ESTRIBOS
 62
7
370
15
100
AcDbLine
 10
12668.181818
 20
-29460.0
 30
0.0
 11
12668.181818
 21
-28990.0
 31
0.0
  0
LINE
  5
586
330
17
100
AcDbEntity
  8
ESTRIBOS
 62
7
370
15
100
AcDbLine
 10
12763.636364
 20
-29460.0
 30
0.0
 11
12763.636364
 21
-28990.0
 31
0.0
  0
LINE
  5
587
330
17
100
AcDbEntity
  8
ESTRIBOS
 62
7
370
15
100
AcDbLine
 10
12859.090909
 20
-29460.0
 30
0.0
 11
12859.090909
 21
-28990.0
 31
0.0
  0
LINE
  5
588
330
17
100
AcDbEntity
  8
ESTRIBOS
 62
7
370
15
100
AcDbLine
 10
12954.545455
 20
-29460.0
 30
0.0
 11
12954.545455
 21
-28990.0
 31
0.0
  0
LINE
  5
589
330
17
100
AcDbEntity
  8
ESTRIBOS
 62
7
370
15
100
AcDbLine
 10
13050.0
 20
-29460.0
 30
0.0
 11
13050.0
 21
-28990.0
 31
0.0
  0
LINE
  5
58A
330
17
100
AcDbEntity
  8
ESTRIBOS
 62
7
370
15
100
AcDbLine
 10
13750.0
 20
-29460.0
 30
0.0
 11
13750.0
 21
-28990.0
 31
0.0
  0
LINE
  5
58B
330
17
100
AcDbEntity
  8
ESTRIBOS
 62
7
370
15
100
AcDbLine
 10
13845.454545
 20
-29460.0
 30
0.0
 11
13845.454545
 21
-28990.0
 31
0.0
  0
LINE
  5
58C
330
17
100
AcDbEntity
  8
ESTRIBOS
 62
7
370
15
100
AcDbLine
 10
13940.909091
 20
-29460.0
 30
0.0
 11
13940.909091
 21
-28990.0
 31
0.0
  0
LINE
  5
58D
330
17
100
AcDbEntity
  8
ESTRIBOS
 62
7
370
15
100
AcDbLine
 10
14036.363636
 20
-29460.0
 30
0.0
 11
14036.363636
 21
-28990.0
 31
0.0
  0
LINE
  5
58E
330
17
100
AcDbEntity
  8
ESTRIBOS
 62
7
370
15
100
AcDbLine
 10
14131.818182
 20
-29460.0
 30
0.0
 11
14131.818182
 21
-28990.0
 31
0.0
  0
LINE
  5
58F
330
17
100
AcDbEntity
  8
ESTRIBOS
 62
7
370
15
100
AcDbLine
 10
14227.272727
 20
-29460.0
 30
0.0
 11
14227.272727
 21
-28990.0
 31
0.0
  0
LINE
  5
590
330
17
100
AcDbEntity
  8
ESTRIBOS
 62
7
370
15
100
AcDbLine
 10
14322.727273
 20
-29460.0
 30
0.0
 11
14322.727273
 21
-28990.0
 31
0.0
  0
LINE
  5
591
330
17
100
AcDbEntity
  8
ESTRIBOS
 62
7
370
15
100
AcDbLine
 10
14418.181818
 20
-29460.0
 30
0.0
 11
14418.181818
 21
-28990.0
 31
0.0
  0
LINE
  5
592
330
17
100
AcDbEntity
  8
ESTRIBOS
 62
7
370
15
100
AcDbLine
 10
14513.636364
 20
-29460.0
 30
0.0
 11
14513.636364
 21
-28990.0
 31
0.0
  0
LINE
  5
593
330
17
100
AcDbEntity
  8
ESTRIBOS
 62
7
370
15
100
AcDbLine
 10
14609.090909
 20
-29460.0
 30
0.0
 11
14609.090909
 21
-28990.0
 31
0.0
  0
LINE
  5
594
330
17
100
AcDbEntity
  8
ESTRIBOS
 62
7
370
15
100
AcDbLine
 10
14704.545455
 20
-29460.0
 30
0.0
 11
14704.545455
 21
-28990.0
 31
0.0
  0
LINE
  5
595
330
17
100
AcDbEntity
  8
ESTRIBOS
 62
7
370
15
100
AcDbLine
 10
14800.0
 20
-29460.0
 30
0.0
 11
14800.0
 21
-28990.0
 31
0.0
  0
LINE
  5
596
330
17
100
AcDbEntity
  8
ESTRIBOS
 62
7
370
15
100
AcDbLine
 10
14895.454545
 20
-29460.0
 30
0.0
 11
14895.454545
 21
-28990.0
 31
0.0
  0
LINE
  5
597
330
17
100
AcDbEntity
  8
ESTRIBOS
 62
7
370
15
100
AcDbLine
 10
14990.909091
 20
-29460.0
 30
0.0
 11
14990.909091
 21
-28990.0
 31
0.0
  0
LINE
  5
598
330
17
100
AcDbEntity
  8
ESTRIBOS
 62
7
370
15
100
AcDbLine
 10
15086.363636
 20
-29460.0
 30
0.0
 11
15086.363636
 21
-28990.0
 31
0.0
  0
LINE
  5
599
330
17
100
AcDbEntity
  8
ESTRIBOS
 62
7
370
15
100
AcDbLine
 10
15181.818182
 20
-29460.0
 30
0.0
 11
15181.818182
 21
-28990.0
 31
0.0
  0
LINE
  5
59A
330
17
100
AcDbEntity
  8
ESTRIBOS
 62
7
370
15
100
AcDbLine
 10
15277.272727
 20
-29460.0
 30
0.0
 11
15277.272727
 21
-28990.0
 31
0.0
  0
LINE
  5
59B
330
17
100
AcDbEntity
  8
ESTRIBOS
 62
7
370
15
100
AcDbLine
 10
15372.727273
 20
-29460.0
 30
0.0
 11
15372.727273
 21
-28990.0
 31
0.0
  0
LINE
  5
59C
330
17
100
AcDbEntity
  8
ESTRIBOS
 62
7
370
15
100
AcDbLine
 10
15468.181818
 20
-29460.0
 30
0.0
 11
15468.181818
 21
-28990.0
 31
0.0
  0
LINE
  5
59D
330
17
100
AcDbEntity
  8
ESTRIBOS
 62
7
370
15
100
AcDbLine
 10
15563.636364
 20
-29460.0
 30
0.0
 11
15563.636364
 21
-28990.0
 31
0.0
  0
LINE
  5
59E
330
17
100
AcDbEntity
  8
ESTRIBOS
 62
7
370
15
100
AcDbLine
 10
15659.090909
 20
-29460.0
 30
0.0
 11
15659.090909
 21
-28990.0
 31
0.0
  0
LINE
  5
59F
330
17
100
AcDbEntity
  8
ESTRIBOS
 62
7
370
15
100
AcDbLine
 10
15754.545455
 20
-29460.0
 30
0.0
 11
15754.545455
 21
-28990.0
 31
0.0
  0
LINE
  5
5A0
330
17
100
AcDbEntity
  8
ESTRIBOS
 62
7
370
15
100
AcDbLine
 10
15850.0
 20
-29460.0
 30
0.0
 11
15850.0
 21
-28990.0
 31
0.0
  0
LINE
  5
5A1
330
17
100
AcDbEntity
  8
ESTRIBOS
 62
7
370
15
100
AcDbLine
 10
15945.454545
 20
-29460.0
 30
0.0
 11
15945.454545
 21
-28990.0
 31
0.0
  0
LINE
  5
5A2
330
17
100
AcDbEntity
  8
ESTRIBOS
 62
7
370
15
100
AcDbLine
 10
16040.909091
 20
-29460.0
 30
0.0
 11
16040.909091
 21
-28990.0
 31
0.0
  0
LINE
  5
5A3
330
17
100
AcDbEntity
  8
ESTRIBOS
 62
7
370
15
100
AcDbLine
 10
16136.363636
 20
-29460.0
 30
0.0
 11
16136.363636
 21
-28990.0
 31
0.0
  0
LINE
  5
5A4
330
17
100
AcDbEntity
  8
ESTRIBOS
 62
7
370
15
100
AcDbLine
 10
16231.818182
 20
-29460.0
 30
0.0
 11
16231.818182
 21
-28990.0
 31
0.0
  0
LINE
  5
5A5
330
17
100
AcDbEntity
  8
ESTRIBOS
 62
7
370
15
100
AcDbLine
 10
16327.272727
 20
-29460.0
 30
0.0
 11
16327.272727
 21
-28990.0
 31
0.0
  0
LINE
  5
5A6
330
17
100
AcDbEntity
  8
ESTRIBOS
 62
7
370
15
100
AcDbLine
 10
16422.727273
 20
-29460.0
 30
0.0
 11
16422.727273
 21
-28990.0
 31
0.0
  0
LINE
  5
5A7
330
17
100
AcDbEntity
  8
ESTRIBOS
 62
7
370
15
100
AcDbLine
 10
16518.181818
 20
-29460.0
 30
0.0
 11
16518.181818
 21
-28990.0
 31
0.0
  0
LINE
  5
5A8
330
17
100
AcDbEntity
  8
ESTRIBOS
 62
7
370
15
100
AcDbLine
 10
16613.636364
 20
-29460.0
 30
0.0
 11
16613.636364
 21
-28990.0
 31
0.0
  0
LINE
  5
5A9
330
17
100
AcDbEntity
  8
ESTRIBOS
 62
7
370
15
100
AcDbLine
 10
16709.090909
 20
-29460.0
 30
0.0
 11
16709.090909
 21
-28990.0
 31
0.0
  0
LINE
  5
5AA
330
17
100
AcDbEntity
  8
ESTRIBOS
 62
7
370
15
100
AcDbLine
 10
16804.545455
 20
-29460.0
 30
0.0
 11
16804.545455
 21
-28990.0
 31
0.0
  0
LINE
  5
5AB
330
17
100
AcDbEntity
  8
ESTRIBOS
 62
7
370
15
100
AcDbLine
 10
16900.0
 20
-29460.0
 30
0.0
 11
16900.0
 21
-28990.0
 31
0.0
  0
LINE
  5
5AC
330
17
100
AcDbEntity
  8
REF_SUP_CONT
 62
7
370
40
100
AcDbLine
 10
1750.0
 20
-29020.0
 30
0.0
 11
17250.0
 21
-29020.0
 31
0.0
  0
LINE
  5
5AD
330
17
100
AcDbEntity
  8
REF_SUP_CONT
 62
7
370
40
100
AcDbLine
 10
1750.0
 20
-29020.0
 30
0.0
 11
1445.0
 21
-29020.0
 31
0.0
  0
LINE
  5
5AE
330
17
100
AcDbEntity
  8
REF_SUP_CONT
 62
7
370
40
100
AcDbLine
 10
1445.0
 20
-29020.0
 30
0.0
 11
1445.0
 21
-29215.0
 31
0.0
  0
LINE
  5
5AF
330
17
100
AcDbEntity
  8
REF_SUP_CONT
 62
7
370
40
100
AcDbLine
 10
17250.0
 20
-29020.0
 30
0.0
 11
17555.0
 21
-29020.0
 31
0.0
  0
LINE
  5
5B0
330
17
100
AcDbEntity
  8
REF_SUP_CONT
 62
7
370
40
100
AcDbLine
 10
17555.0
 20
-29020.0
 30
0.0
 11
17555.0
 21
-29215.0
 31
0.0
  0
LINE
  5
5B1
330
17
100
AcDbEntity
  8
REF_INF
 62
7
370
40
100
AcDbLine
 10
1750.0
 20
-29430.0
 30
0.0
 11
17250.0
 21
-29430.0
 31
0.0
  0
LINE
  5
5B2
330
17
100
AcDbEntity
  8
REF_INF
 62
7
370
40
100
AcDbLine
 10
1750.0
 20
-29430.0
 30
0.0
 11
1445.0
 21
-29430.0
 31
0.0
  0
LINE
  5
5B3
330
17
100
AcDbEntity
  8
REF_INF
 62
7
370
40
100
AcDbLine
 10
1445.0
 20
-29430.0
 30
0.0
 11
1445.0
 21
-29235.0
 31
0.0
  0
LINE
  5
5B4
330
17
100
AcDbEntity
  8
REF_INF
 62
7
370
40
100
AcDbLine
 10
17250.0
 20
-29430.0
 30
0.0
 11
17555.0
 21
-29430.0
 31
0.0
  0
LINE
  5
5B5
330
17
100
AcDbEntity
  8
REF_INF
 62
7
370
40
100
AcDbLine
 10
17555.0
 20
-29430.0
 30
0.0
 11
17555.0
 21
-29235.0
 31
0.0
  0
LINE
  5
5B6
330
17
100
AcDbEntity
  8
REF_SUP_BASTON
 62
7
370
40
100
AcDbLine
 10
1731.0276471377642
 20
-29125.0
 30
0.0
 11
2575.0
 21
-29125.0
 31
0.0
  0
ARC
  5
5B7
330
17
100
AcDbEntity
  8
REF_SUP_BASTON
 62
7
370
40
100
AcDbCircle
 10
1731.0276471377642
 20
-29182.95
 30
0.0
 40
57.95
100
AcDbArc
 50
90.0
 51
180.0
  0
LINE
  5
5B8
330
17
100
AcDbEntity
  8
REF_SUP_BASTON
 62
7
370
40
100
AcDbLine
 10
1673.0776471377642
 20
-29182.95
 30
0.0
 11
1673.0776471377642
 21
-29377.95
 31
0.0
  0
LINE
  5
5B9
330
17
100
AcDbEntity
  8
REF_SUP_BASTON
 62
7
370
40
100
AcDbLine
 10
4775.0
 20
-29195.0
 30
0.0
 11
5905.0
 21
-29195.0
 31
0.0
  0
LINE
  5
5BA
330
17
100
AcDbEntity
  8
REF_SUP_BASTON
 62
7
370
40
100
AcDbLine
 10
5295.0
 20
-29250.0
 30
0.0
 11
6425.0
 21
-29250.0
 31
0.0
  0
LINE
  5
5BB
330
17
100
AcDbEntity
  8
REF_SUP_BASTON
 62
7
370
40
100
AcDbLine
 10
8675.0
 20
-29125.0
 30
0.0
 11
9805.0
 21
-29125.0
 31
0.0
  0
LINE
  5
5BC
330
17
100
AcDbEntity
  8
REF_SUP_BASTON
 62
7
370
40
100
AcDbLine
 10
9195.0
 20
-29180.0
 30
0.0
 11
10325.0
 21
-29180.0
 31
0.0
  0
LINE
  5
5BD
330
17
100
AcDbEntity
  8
REF_SUP_BASTON
 62
7
370
40
100
AcDbLine
 10
12575.0
 20
-29195.0
 30
0.0
 11
13705.0
 21
-29195.0
 31
0.0
  0
LINE
  5
5BE
330
17
100
AcDbEntity
  8
REF_SUP_BASTON
 62
7
370
40
100
AcDbLine
 10
13095.0
 20
-29250.0
 30
0.0
 11
14225.0
 21
-29250.0
 31
0.0
  0
LINE
  5
5BF
330
17
100
AcDbEntity
  8
REF_SUP_BASTON
 62
7
370
40
100
AcDbLine
 10
16425.0
 20
-29125.0
 30
0.0
 11
17268.972352862234
 21
-29125.0
 31
0.0
  0
ARC
  5
5C0
330
17
100
AcDbEntity
  8
REF_SUP_BASTON
 62
7
370
40
100
AcDbCircle
 10
17268.972352862234
 20
-29182.95
 30
0.0
 40
57.95
100
AcDbArc
 50
0.0
 51
90.0
  0
LINE
  5
5C1
330
17
100
AcDbEntity
  8
REF_SUP_BASTON
 62
7
370
40
100
AcDbLine
 10
17326.922352862235
 20
-29182.95
 30
0.0
 11
17326.922352862235
 21
-29377.95
 31
0.0
  0
LINE
  5
5C2
330
17
100
AcDbEntity
  8
REF_TORSION
 62
7
370
35
100
AcDbLine
 10
1750.0
 20
-29225.0
 30
0.0
 11
17250.0
 21
-29225.0
 31
0.0
  0
DIMENSION
  5
5C3
330
17
100
AcDbEntity
  8
COTAS
100
AcDbDimension
280
0
  2
*D18
  3
EZDXF
 10
1750.0
 20
-29920.0
 30
0.0
 11
3675.0
 21
-29877.4
 31
0.0
 70
32
 71
5
  1
3850 mm
100
AcDbAlignedDimension
 13
1750.0
 23
-29800.0
 33
0.0
 14
5600.0
 24
-29800.0
 34
0.0
 50
0.0
100
AcDbRotatedDimension
1001
ACAD
1000
DSTYLE
1002
{
1070
140
1040
85.0
1070
41
1040
45.0
1070
44
1040
70.0
1070
42
1040
25.0
1070
77
1070
1
1070
176
1070
7
1070
177
1070
7
1070
178
1070
7
1002
}
  0
DIMENSION
  5
5D2
330
17
100
AcDbEntity
  8
COTAS
100
AcDbDimension
280
0
  2
*D19
  3
EZDXF
 10
5600.0
 20
-29920.0
 30
0.0
 11
7550.0
 21
-29877.4
 31
0.0
 70
32
 71
5
  1
3900 mm
100
AcDbAlignedDimension
 13
5600.0
 23
-29800.0
 33
0.0
 14
9500.0
 24
-29800.0
 34
0.0
 50
0.0
100
AcDbRotatedDimension
1001
ACAD
1000
DSTYLE
1002
{
1070
140
1040
85.0
1070
41
1040
45.0
1070
44
1040
70.0
1070
42
1040
25.0
1070
77
1070
1
1070
176
1070
7
1070
177
1070
7
1070
178
1070
7
1002
}
  0
DIMENSION
  5
5E1
330
17
100
AcDbEntity
  8
COTAS
100
AcDbDimension
280
0
  2
*D20
  3
EZDXF
 10
9500.0
 20
-29920.0
 30
0.0
 11
11450.0
 21
-29877.4
 31
0.0
 70
32
 71
5
  1
3900 mm
100
AcDbAlignedDimension
 13
9500.0
 23
-29800.0
 33
0.0
 14
13400.0
 24
-29800.0
 34
0.0
 50
0.0
100
AcDbRotatedDimension
1001
ACAD
1000
DSTYLE
1002
{
1070
140
1040
85.0
1070
41
1040
45.0
1070
44
1040
70.0
1070
42
1040
25.0
1070
77
1070
1
1070
176
1070
7
1070
177
1070
7
1070
178
1070
7
1002
}
  0
DIMENSION
  5
5F0
330
17
100
AcDbEntity
  8
COTAS
100
AcDbDimension
280
0
  2
*D21
  3
EZDXF
 10
13400.0
 20
-29920.0
 30
0.0
 11
15325.0
 21
-29877.4
 31
0.0
 70
32
 71
5
  1
3850 mm
100
AcDbAlignedDimension
 13
13400.0
 23
-29800.0
 33
0.0
 14
17250.0
 24
-29800.0
 34
0.0
 50
0.0
100
AcDbRotatedDimension
1001
ACAD
1000
DSTYLE
1002
{
1070
140
1040
85.0
1070
41
1040
45.0
1070
44
1040
70.0
1070
42
1040
25.0
1070
77
1070
1
1070
176
1070
7
1070
177
1070
7
1070
178
1070
7
1002
}
  0
DIMENSION
  5
5FF
330
17
100
AcDbEntity
  8
COTAS
100
AcDbDimension
280
0
  2
*D22
  3
EZDXF
 10
1750.0
 20
-30260.0
 30
0.0
 11
9500.0
 21
-30217.4
 31
0.0
 70
32
 71
5
  1
LONGITUD ENTRE EJES = 15500 mm
100
AcDbAlignedDimension
 13
1750.0
 23
-30140.0
 33
0.0
 14
17250.0
 24
-30140.0
 34
0.0
 50
0.0
100
AcDbRotatedDimension
1001
ACAD
1000
DSTYLE
1002
{
1070
140
1040
85.0
1070
41
1040
45.0
1070
44
1040
70.0
1070
42
1040
25.0
1070
77
1070
1
1070
176
1070
7
1070
177
1070
7
1070
178
1070
7
1002
}
  0
LINE
  5
60E
330
17
100
AcDbEntity
  8
CORTES
 62
7
370
25
100
AcDbLine
 10
2170.0
 20
-29610.0
 30
0.0
 11
2170.0
 21
-28840.0
 31
0.0
  0
CIRCLE
  5
60F
330
17
100
AcDbEntity
  8
CORTES
 62
7
370
25
100
AcDbCircle
 10
2170.0
 20
-29610.0
 30
0.0
 40
75.0
  0
TEXT
  5
610
330
17
100
AcDbEntity
  8
CORTES
 62
7
100
AcDbText
 10
2170.0
 20
-29610.0
 30
0.0
 40
70.0
  1
A
 72
1
 11
2170.0
 21
-29610.0
 31
0.0
100
AcDbText
 73
2
  0
CIRCLE
  5
611
330
17
100
AcDbEntity
  8
CORTES
 62
7
370
25
100
AcDbCircle
 10
2170.0
 20
-28840.0
 30
0.0
 40
75.0
  0
TEXT
  5
612
330
17
100
AcDbEntity
  8
CORTES
 62
7
100
AcDbText
 10
2170.0
 20
-28840.0
 30
0.0
 40
70.0
  1
A
 72
1
 11
2170.0
 21
-28840.0
 31
0.0
100
AcDbText
 73
2
  0
LINE
  5
613
330
17
100
AcDbEntity
  8
CORTES
 62
7
370
25
100
AcDbLine
 10
3675.0
 20
-29610.0
 30
0.0
 11
3675.0
 21
-28840.0
 31
0.0
  0
CIRCLE
  5
614
330
17
100
AcDbEntity
  8
CORTES
 62
7
370
25
100
AcDbCircle
 10
3675.0
 20
-29610.0
 30
0.0
 40
75.0
  0
TEXT
  5
615
330
17
100
AcDbEntity
  8
CORTES
 62
7
100
AcDbText
 10
3675.0
 20
-29610.0
 30
0.0
 40
70.0
  1
B
 72
1
 11
3675.0
 21
-29610.0
 31
0.0
100
AcDbText
 73
2
  0
CIRCLE
  5
616
330
17
100
AcDbEntity
  8
CORTES
 62
7
370
25
100
AcDbCircle
 10
3675.0
 20
-28840.0
 30
0.0
 40
75.0
  0
TEXT
  5
617
330
17
100
AcDbEntity
  8
CORTES
 62
7
100
AcDbText
 10
3675.0
 20
-28840.0
 30
0.0
 40
70.0
  1
B
 72
1
 11
3675.0
 21
-28840.0
 31
0.0
100
AcDbText
 73
2
  0
LWPOLYLINE
  5
618
330
17
100
AcDbEntity
  8
VIGA
 62
7
370
35
100
AcDbPolyline
 90
4
 70
1
 10
7975.0
 20
-32175.0
 10
8425.0
 20
-32175.0
 10
8425.0
 20
-31625.0
 10
7975.0
 20
-31625.0
  0
LWPOLYLINE
  5
619
330
17
100
AcDbEntity
  8
ESTRIBOS
 62
7
370
25
100
AcDbPolyline
 90
4
 70
1
 10
8015.0
 20
-32135.0
 10
8385.0
 20
-32135.0
 10
8385.0
 20
-31665.0
 10
8015.0
 20
-31665.0
  0
LINE
  5
61A
330
17
100
AcDbEntity
  8
ESTRIBOS
 62
7
370
20
100
AcDbLine
 10
8138.333333333333
 20
-32135.0
 30
0.0
 11
8138.333333333333
 21
-31665.0
 31
0.0
  0
LINE
  5
61B
330
17
100
AcDbEntity
  8
ESTRIBOS
 62
7
370
20
100
AcDbLine
 10
8261.666666666666
 20
-32135.0
 30
0.0
 11
8261.666666666666
 21
-31665.0
 31
0.0
  0
CIRCLE
  5
61C
330
17
100
AcDbEntity
  8
REF_SUP_CONT
 62
7
370
35
100
AcDbCircle
 10
8035.65
 20
-31685.65
 30
0.0
 40
7.95
  0
CIRCLE
  5
61D
330
17
100
AcDbEntity
  8
REF_SUP_CONT
 62
7
370
35
100
AcDbCircle
 10
8101.389999999999
 20
-31685.65
 30
0.0
 40
7.95
  0
CIRCLE
  5
61E
330
17
100
AcDbEntity
  8
REF_SUP_CONT
 62
7
370
35
100
AcDbCircle
 10
8167.129999999999
 20
-31685.65
 30
0.0
 40
7.95
  0
CIRCLE
  5
61F
330
17
100
AcDbEntity
  8
REF_SUP_CONT
 62
7
370
35
100
AcDbCircle
 10
8232.869999999999
 20
-31685.65
 30
0.0
 40
7.95
  0
CIRCLE
  5
620
330
17
100
AcDbEntity
  8
REF_SUP_CONT
 62
7
370
35
100
AcDbCircle
 10
8298.609999999999
 20
-31685.65
 30
0.0
 40
7.95
  0
CIRCLE
  5
621
330
17
100
AcDbEntity
  8
REF_SUP_CONT
 62
7
370
35
100
AcDbCircle
 10
8364.35
 20
-31685.65
 30
0.0
 40
7.95
  0
CIRCLE
  5
622
330
17
100
AcDbEntity
  8
REF_INF
 62
7
370
35
100
AcDbCircle
 10
8035.65
 20
-32114.35
 30
0.0
 40
7.95
  0
CIRCLE
  5
623
330
17
100
AcDbEntity
  8
REF_INF
 62
7
370
35
100
AcDbCircle
 10
8145.216666666666
 20
-32114.35
 30
0.0
 40
7.95
  0
CIRCLE
  5
624
330
17
100
AcDbEntity
  8
REF_INF
 62
7
370
35
100
AcDbCircle
 10
8254.783333333333
 20
-32114.35
 30
0.0
 40
7.95
  0
CIRCLE
  5
625
330
17
100
AcDbEntity
  8
REF_INF
 62
7
370
35
100
AcDbCircle
 10
8364.35
 20
-32114.35
 30
0.0
 40
7.95
  0
CIRCLE
  5
626
330
17
100
AcDbEntity
  8
REF_TORSION
 62
7
370
30
100
AcDbCircle
 10
8035.65
 20
-32054.35
 30
0.0
 40
7.95
  0
CIRCLE
  5
627
330
17
100
AcDbEntity
  8
REF_TORSION
 62
7
370
30
100
AcDbCircle
 10
8364.35
 20
-32054.35
 30
0.0
 40
7.95
  0
CIRCLE
  5
628
330
17
100
AcDbEntity
  8
REF_TORSION
 62
7
370
30
100
AcDbCircle
 10
8035.65
 20
-31992.61
 30
0.0
 40
7.95
  0
CIRCLE
  5
629
330
17
100
AcDbEntity
  8
REF_TORSION
 62
7
370
30
100
AcDbCircle
 10
8364.35
 20
-31992.61
 30
0.0
 40
7.95
  0
CIRCLE
  5
62A
330
17
100
AcDbEntity
  8
REF_TORSION
 62
7
370
30
100
AcDbCircle
 10
8035.65
 20
-31930.87
 30
0.0
 40
7.95
  0
CIRCLE
  5
62B
330
17
100
AcDbEntity
  8
REF_TORSION
 62
7
370
30
100
AcDbCircle
 10
8364.35
 20
-31930.87
 30
0.0
 40
7.95
  0
CIRCLE
  5
62C
330
17
100
AcDbEntity
  8
REF_TORSION
 62
7
370
30
100
AcDbCircle
 10
8035.65
 20
-31869.13
 30
0.0
 40
7.95
  0
CIRCLE
  5
62D
330
17
100
AcDbEntity
  8
REF_TORSION
 62
7
370
30
100
AcDbCircle
 10
8364.35
 20
-31869.13
 30
0.0
 40
7.95
  0
CIRCLE
  5
62E
330
17
100
AcDbEntity
  8
REF_TORSION
 62
7
370
30
100
AcDbCircle
 10
8035.65
 20
-31807.39
 30
0.0
 40
7.95
  0
CIRCLE
  5
62F
330
17
100
AcDbEntity
  8
REF_TORSION
 62
7
370
30
100
AcDbCircle
 10
8364.35
 20
-31807.39
 30
0.0
 40
7.95
  0
CIRCLE
  5
630
330
17
100
AcDbEntity
  8
REF_TORSION
 62
7
370
30
100
AcDbCircle
 10
8035.65
 20
-31745.65
 30
0.0
 40
7.95
  0
CIRCLE
  5
631
330
17
100
AcDbEntity
  8
REF_TORSION
 62
7
370
30
100
AcDbCircle
 10
8364.35
 20
-31745.65
 30
0.0
 40
7.95
  0
TEXT
  5
632
330
17
100
AcDbEntity
  8
CORTES
 62
7
100
AcDbText
 10
8200.0
 20
-32295.0
 30
0.0
 40
90.0
  1
CORTE A–A APOYO
 72
1
 11
8200.0
 21
-32295.0
 31
0.0
100
AcDbText
 73
2
  0
TEXT
  5
633
330
17
100
AcDbEntity
  8
TEXTO
 62
7
100
AcDbText
 10
8200.0
 20
-32410.0
 30
0.0
 40
80.0
  1
450 × 550 mm
 72
1
 11
8200.0
 21
-32410.0
 31
0.0
100
AcDbText
 73
2
  0
LWPOLYLINE
  5
634
330
17
100
AcDbEntity
  8
VIGA
 62
7
370
35
100
AcDbPolyline
 90
4
 70
1
 10
10575.0
 20
-32175.0
 10
11025.0
 20
-32175.0
 10
11025.0
 20
-31625.0
 10
10575.0
 20
-31625.0
  0
LWPOLYLINE
  5
635
330
17
100
AcDbEntity
  8
ESTRIBOS
 62
7
370
25
100
AcDbPolyline
 90
4
 70
1
 10
10615.0
 20
-32135.0
 10
10985.0
 20
-32135.0
 10
10985.0
 20
-31665.0
 10
10615.0
 20
-31665.0
  0
LINE
  5
636
330
17
100
AcDbEntity
  8
ESTRIBOS
 62
7
370
20
100
AcDbLine
 10
10738.333333333334
 20
-32135.0
 30
0.0
 11
10738.333333333334
 21
-31665.0
 31
0.0
  0
LINE
  5
637
330
17
100
AcDbEntity
  8
ESTRIBOS
 62
7
370
20
100
AcDbLine
 10
10861.666666666666
 20
-32135.0
 30
0.0
 11
10861.666666666666
 21
-31665.0
 31
0.0
  0
CIRCLE
  5
638
330
17
100
AcDbEntity
  8
REF_SUP_CONT
 62
7
370
35
100
AcDbCircle
 10
10635.65
 20
-31685.65
 30
0.0
 40
7.95
  0
CIRCLE
  5
639
330
17
100
AcDbEntity
  8
REF_SUP_CONT
 62
7
370
35
100
AcDbCircle
 10
10964.35
 20
-31685.65
 30
0.0
 40
7.95
  0
CIRCLE
  5
63A
330
17
100
AcDbEntity
  8
REF_INF
 62
7
370
35
100
AcDbCircle
 10
10635.65
 20
-32114.35
 30
0.0
 40
7.95
  0
CIRCLE
  5
63B
330
17
100
AcDbEntity
  8
REF_INF
 62
7
370
35
100
AcDbCircle
 10
10745.216666666667
 20
-32114.35
 30
0.0
 40
7.95
  0
CIRCLE
  5
63C
330
17
100
AcDbEntity
  8
REF_INF
 62
7
370
35
100
AcDbCircle
 10
10854.783333333333
 20
-32114.35
 30
0.0
 40
7.95
  0
CIRCLE
  5
63D
330
17
100
AcDbEntity
  8
REF_INF
 62
7
370
35
100
AcDbCircle
 10
10964.35
 20
-32114.35
 30
0.0
 40
7.95
  0
CIRCLE
  5
63E
330
17
100
AcDbEntity
  8
REF_TORSION
 62
7
370
30
100
AcDbCircle
 10
10635.65
 20
-32054.35
 30
0.0
 40
7.95
  0
CIRCLE
  5
63F
330
17
100
AcDbEntity
  8
REF_TORSION
 62
7
370
30
100
AcDbCircle
 10
10964.35
 20
-32054.35
 30
0.0
 40
7.95
  0
CIRCLE
  5
640
330
17
100
AcDbEntity
  8
REF_TORSION
 62
7
370
30
100
AcDbCircle
 10
10635.65
 20
-31992.61
 30
0.0
 40
7.95
  0
CIRCLE
  5
641
330
17
100
AcDbEntity
  8
REF_TORSION
 62
7
370
30
100
AcDbCircle
 10
10964.35
 20
-31992.61
 30
0.0
 40
7.95
  0
CIRCLE
  5
642
330
17
100
AcDbEntity
  8
REF_TORSION
 62
7
370
30
100
AcDbCircle
 10
10635.65
 20
-31930.87
 30
0.0
 40
7.95
  0
CIRCLE
  5
643
330
17
100
AcDbEntity
  8
REF_TORSION
 62
7
370
30
100
AcDbCircle
 10
10964.35
 20
-31930.87
 30
0.0
 40
7.95
  0
CIRCLE
  5
644
330
17
100
AcDbEntity
  8
REF_TORSION
 62
7
370
30
100
AcDbCircle
 10
10635.65
 20
-31869.13
 30
0.0
 40
7.95
  0
CIRCLE
  5
645
330
17
100
AcDbEntity
  8
REF_TORSION
 62
7
370
30
100
AcDbCircle
 10
10964.35
 20
-31869.13
 30
0.0
 40
7.95
  0
CIRCLE
  5
646
330
17
100
AcDbEntity
  8
REF_TORSION
 62
7
370
30
100
AcDbCircle
 10
10635.65
 20
-31807.39
 30
0.0
 40
7.95
  0
CIRCLE
  5
647
330
17
100
AcDbEntity
  8
REF_TORSION
 62
7
370
30
100
AcDbCircle
 10
10964.35
 20
-31807.39
 30
0.0
 40
7.95
  0
CIRCLE
  5
648
330
17
100
AcDbEntity
  8
REF_TORSION
 62
7
370
30
100
AcDbCircle
 10
10635.65
 20
-31745.65
 30
0.0
 40
7.95
  0
CIRCLE
  5
649
330
17
100
AcDbEntity
  8
REF_TORSION
 62
7
370
30
100
AcDbCircle
 10
10964.35
 20
-31745.65
 30
0.0
 40
7.95
  0
TEXT
  5
64A
330
17
100
AcDbEntity
  8
CORTES
 62
7
100
AcDbText
 10
10800.0
 20
-32295.0
 30
0.0
 40
90.0
  1
CORTE B–B CENTRO
 72
1
 11
10800.0
 21
-32295.0
 31
0.0
100
AcDbText
 73
2
  0
TEXT
  5
64B
330
17
100
AcDbEntity
  8
TEXTO
 62
7
100
AcDbText
 10
10800.0
 20
-32410.0
 30
0.0
 40
80.0
  1
450 × 550 mm
 72
1
 11
10800.0
 21
-32410.0
 31
0.0
100
AcDbText
 73
2
  0
TEXT
  5
64C
330
17
100
AcDbEntity
  8
REF_SUP_CONT
 62
7
100
AcDbText
 10
350.0
 20
-31350.0
 30
0.0
 40
90.0
  1
SUPERIOR: 6 Nº5 (2 continuas + 4 bastones); Lc bastón desde cada apoyo = 1130 mm
 11
350.0
 21
-31350.0
 31
0.0
100
AcDbText
  0
TEXT
  5
64D
330
17
100
AcDbEntity
  8
REF_INF
 62
7
100
AcDbText
 10
350.0
 20
-31500.0
 30
0.0
 40
90.0
  1
INFERIOR: 4 Nº5 continuas
 11
350.0
 21
-31500.0
 31
0.0
100
AcDbText
  0
TEXT
  5
64E
330
17
100
AcDbEntity
  8
REF_TORSION
 62
7
100
AcDbText
 10
350.0
 20
-31650.0
 30
0.0
 40
90.0
  1
TORSIÓN: 12 Nº5 dedicadas
 11
350.0
 21
-31650.0
 31
0.0
100
AcDbText
  0
TEXT
  5
64F
330
17
100
AcDbEntity
  8
ESTRIBOS
 62
7
100
AcDbText
 10
350.0
 20
-31800.0
 30
0.0
 40
82.0
  1
ESTRIBOS: Nº4 cerrado (referencia), 4 ramas, primer estribo ≤50 mm; @100 mm en 2h desde cada apoyo y @100 mm al centro
 11
350.0
 21
-31800.0
 31
0.0
100
AcDbText
  0
TEXT
  5
650
330
17
100
AcDbEntity
  8
TEXTO
 62
7
100
AcDbText
 10
350.0
 20
-31950.0
 30
0.0
 40
82.0
  1
ANCLAJES Nº5: ld inf/sup/ldh = 370/480/305 mm; gancho 90° cola 195 mm
 11
350.0
 21
-31950.0
 31
0.0
100
AcDbText
  0
TEXT
  5
651
330
17
100
AcDbEntity
  8
TEXTO
 62
7
100
AcDbText
 10
350.0
 20
-32620.0
 30
0.0
 40
76.0
  1
NOTA: el trazado y los ejes provienen de VIGAS CARGA.pdf; la elevación desarrolla la viga completa, usa apoyos nominales de 600 mm y marca cada tramo entre ejes.
 11
350.0
 21
-32620.0
 31
0.0
100
AcDbText
  0
TEXT
  5
652
330
17
100
AcDbEntity
  8
TEXTO
 62
7
100
AcDbText
 10
9500.0
 20
-34350.0
 30
0.0
 40
190.0
  1
DESPIECE COMPLETO VIGA DE CARGA VC6
 72
1
 11
9500.0
 21
-34350.0
 31
0.0
100
AcDbText
 73
2
  0
TEXT
  5
653
330
17
100
AcDbEntity
  8
TEXTO
 62
7
100
AcDbText
 10
9500.0
 20
-34600.0
 30
0.0
 40
105.0
  1
APLICA EN EJES 9 Y 5 | Sección 450 × 550 mm | 40 vigas del grupo
 72
1
 11
9500.0
 21
-34600.0
 31
0.0
100
AcDbText
 73
2
  0
TEXT
  5
654
330
17
100
AcDbEntity
  8
TEXTO
 62
7
100
AcDbText
 10
9500.0
 20
-34800.0
 30
0.0
 40
92.0
  1
DETALLE ACADÉMICO — NO EMITIR PARA CONSTRUCCIÓN | Verificación V-T: NO CUMPLE | Estado global del Excel: #VALUE!
 72
1
 11
9500.0
 21
-34800.0
 31
0.0
100
AcDbText
 73
2
  0
TEXT
  5
655
330
17
100
AcDbEntity
  8
TRAZADO_PLANTA
 62
7
100
AcDbText
 10
9500.0
 20
-35000.0
 30
0.0
 40
100.0
  1
TRAZADO EN PLANTA SEGÚN PDF
 72
1
 11
9500.0
 21
-35000.0
 31
0.0
100
AcDbText
 73
2
  0
LWPOLYLINE
  5
656
330
17
100
AcDbEntity
  8
TRAZADO_PLANTA
 62
7
370
35
100
AcDbPolyline
 90
5
 70
0
 10
1750.0
 20
-35700.0
 10
5600.0
 20
-35700.0
 10
9500.0
 20
-35700.0
 10
13400.0
 20
-35700.0
 10
17250.0
 20
-35700.0
  0
CIRCLE
  5
657
330
17
100
AcDbEntity
  8
TRAZADO_PLANTA
 62
7
370
25
100
AcDbCircle
 10
1750.0
 20
-35700.0
 30
0.0
 40
90.0
  0
TEXT
  5
658
330
17
100
AcDbEntity
  8
TRAZADO_PLANTA
 62
7
100
AcDbText
 10
1750.0
 20
-35540.0
 30
0.0
 40
85.0
  1
A
 72
1
 11
1750.0
 21
-35540.0
 31
0.0
100
AcDbText
 73
2
  0
CIRCLE
  5
659
330
17
100
AcDbEntity
  8
TRAZADO_PLANTA
 62
7
370
25
100
AcDbCircle
 10
5600.0
 20
-35700.0
 30
0.0
 40
90.0
  0
TEXT
  5
65A
330
17
100
AcDbEntity
  8
TRAZADO_PLANTA
 62
7
100
AcDbText
 10
5600.0
 20
-35540.0
 30
0.0
 40
85.0
  1
B
 72
1
 11
5600.0
 21
-35540.0
 31
0.0
100
AcDbText
 73
2
  0
CIRCLE
  5
65B
330
17
100
AcDbEntity
  8
TRAZADO_PLANTA
 62
7
370
25
100
AcDbCircle
 10
9500.0
 20
-35700.0
 30
0.0
 40
90.0
  0
TEXT
  5
65C
330
17
100
AcDbEntity
  8
TRAZADO_PLANTA
 62
7
100
AcDbText
 10
9500.0
 20
-35540.0
 30
0.0
 40
85.0
  1
C
 72
1
 11
9500.0
 21
-35540.0
 31
0.0
100
AcDbText
 73
2
  0
CIRCLE
  5
65D
330
17
100
AcDbEntity
  8
TRAZADO_PLANTA
 62
7
370
25
100
AcDbCircle
 10
13400.0
 20
-35700.0
 30
0.0
 40
90.0
  0
TEXT
  5
65E
330
17
100
AcDbEntity
  8
TRAZADO_PLANTA
 62
7
100
AcDbText
 10
13400.0
 20
-35540.0
 30
0.0
 40
85.0
  1
D
 72
1
 11
13400.0
 21
-35540.0
 31
0.0
100
AcDbText
 73
2
  0
CIRCLE
  5
65F
330
17
100
AcDbEntity
  8
TRAZADO_PLANTA
 62
7
370
25
100
AcDbCircle
 10
17250.0
 20
-35700.0
 30
0.0
 40
90.0
  0
TEXT
  5
660
330
17
100
AcDbEntity
  8
TRAZADO_PLANTA
 62
7
100
AcDbText
 10
17250.0
 20
-35540.0
 30
0.0
 40
85.0
  1
E
 72
1
 11
17250.0
 21
-35540.0
 31
0.0
100
AcDbText
 73
2
  0
LWPOLYLINE
  5
661
330
17
100
AcDbEntity
  8
VIGA
 62
7
370
40
100
AcDbPolyline
 90
4
 70
1
 10
1450.0
 20
-37700.0
 10
17550.0
 20
-37700.0
 10
17550.0
 20
-37150.0
 10
1450.0
 20
-37150.0
  0
LWPOLYLINE
  5
662
330
17
100
AcDbEntity
  8
COLUMNAS
 62
7
370
35
100
AcDbPolyline
 90
4
 70
1
 10
1450.0
 20
-38150.0
 10
2050.0
 20
-38150.0
 10
2050.0
 20
-36700.0
 10
1450.0
 20
-36700.0
  0
LINE
  5
663
330
17
100
AcDbEntity
  8
EJES
  6
CENTER
 62
7
370
18
100
AcDbLine
 10
1750.0
 20
-38650.0
 30
0.0
 11
1750.0
 21
-36150.0
 31
0.0
  0
CIRCLE
  5
664
330
17
100
AcDbEntity
  8
EJES
 62
7
370
25
100
AcDbCircle
 10
1750.0
 20
-36450.0
 30
0.0
 40
170.0
  0
TEXT
  5
665
330
17
100
AcDbEntity
  8
EJES
 62
7
100
AcDbText
 10
1750.0
 20
-36450.0
 30
0.0
 40
130.0
  1
A
 72
1
 11
1750.0
 21
-36450.0
 31
0.0
100
AcDbText
 73
2
  0
LWPOLYLINE
  5
666
330
17
100
AcDbEntity
  8
COLUMNAS
 62
7
370
35
100
AcDbPolyline
 90
4
 70
1
 10
5300.0
 20
-38150.0
 10
5900.0
 20
-38150.0
 10
5900.0
 20
-36700.0
 10
5300.0
 20
-36700.0
  0
LINE
  5
667
330
17
100
AcDbEntity
  8
EJES
  6
CENTER
 62
7
370
18
100
AcDbLine
 10
5600.0
 20
-38650.0
 30
0.0
 11
5600.0
 21
-36150.0
 31
0.0
  0
CIRCLE
  5
668
330
17
100
AcDbEntity
  8
EJES
 62
7
370
25
100
AcDbCircle
 10
5600.0
 20
-36450.0
 30
0.0
 40
170.0
  0
TEXT
  5
669
330
17
100
AcDbEntity
  8
EJES
 62
7
100
AcDbText
 10
5600.0
 20
-36450.0
 30
0.0
 40
130.0
  1
B
 72
1
 11
5600.0
 21
-36450.0
 31
0.0
100
AcDbText
 73
2
  0
LWPOLYLINE
  5
66A
330
17
100
AcDbEntity
  8
COLUMNAS
 62
7
370
35
100
AcDbPolyline
 90
4
 70
1
 10
9200.0
 20
-38150.0
 10
9800.0
 20
-38150.0
 10
9800.0
 20
-36700.0
 10
9200.0
 20
-36700.0
  0
LINE
  5
66B
330
17
100
AcDbEntity
  8
EJES
  6
CENTER
 62
7
370
18
100
AcDbLine
 10
9500.0
 20
-38650.0
 30
0.0
 11
9500.0
 21
-36150.0
 31
0.0
  0
CIRCLE
  5
66C
330
17
100
AcDbEntity
  8
EJES
 62
7
370
25
100
AcDbCircle
 10
9500.0
 20
-36450.0
 30
0.0
 40
170.0
  0
TEXT
  5
66D
330
17
100
AcDbEntity
  8
EJES
 62
7
100
AcDbText
 10
9500.0
 20
-36450.0
 30
0.0
 40
130.0
  1
C
 72
1
 11
9500.0
 21
-36450.0
 31
0.0
100
AcDbText
 73
2
  0
LWPOLYLINE
  5
66E
330
17
100
AcDbEntity
  8
COLUMNAS
 62
7
370
35
100
AcDbPolyline
 90
4
 70
1
 10
13100.0
 20
-38150.0
 10
13700.0
 20
-38150.0
 10
13700.0
 20
-36700.0
 10
13100.0
 20
-36700.0
  0
LINE
  5
66F
330
17
100
AcDbEntity
  8
EJES
  6
CENTER
 62
7
370
18
100
AcDbLine
 10
13400.0
 20
-38650.0
 30
0.0
 11
13400.0
 21
-36150.0
 31
0.0
  0
CIRCLE
  5
670
330
17
100
AcDbEntity
  8
EJES
 62
7
370
25
100
AcDbCircle
 10
13400.0
 20
-36450.0
 30
0.0
 40
170.0
  0
TEXT
  5
671
330
17
100
AcDbEntity
  8
EJES
 62
7
100
AcDbText
 10
13400.0
 20
-36450.0
 30
0.0
 40
130.0
  1
D
 72
1
 11
13400.0
 21
-36450.0
 31
0.0
100
AcDbText
 73
2
  0
LWPOLYLINE
  5
672
330
17
100
AcDbEntity
  8
COLUMNAS
 62
7
370
35
100
AcDbPolyline
 90
4
 70
1
 10
16950.0
 20
-38150.0
 10
17550.0
 20
-38150.0
 10
17550.0
 20
-36700.0
 10
16950.0
 20
-36700.0
  0
LINE
  5
673
330
17
100
AcDbEntity
  8
EJES
  6
CENTER
 62
7
370
18
100
AcDbLine
 10
17250.0
 20
-38650.0
 30
0.0
 11
17250.0
 21
-36150.0
 31
0.0
  0
CIRCLE
  5
674
330
17
100
AcDbEntity
  8
EJES
 62
7
370
25
100
AcDbCircle
 10
17250.0
 20
-36450.0
 30
0.0
 40
170.0
  0
TEXT
  5
675
330
17
100
AcDbEntity
  8
EJES
 62
7
100
AcDbText
 10
17250.0
 20
-36450.0
 30
0.0
 40
130.0
  1
E
 72
1
 11
17250.0
 21
-36450.0
 31
0.0
100
AcDbText
 73
2
  0
LINE
  5
676
330
17
100
AcDbEntity
  8
ESTRIBOS
 62
7
370
15
100
AcDbLine
 10
2100.0
 20
-37660.0
 30
0.0
 11
2100.0
 21
-37190.0
 31
0.0
  0
LINE
  5
677
330
17
100
AcDbEntity
  8
ESTRIBOS
 62
7
370
15
100
AcDbLine
 10
2205.0
 20
-37660.0
 30
0.0
 11
2205.0
 21
-37190.0
 31
0.0
  0
LINE
  5
678
330
17
100
AcDbEntity
  8
ESTRIBOS
 62
7
370
15
100
AcDbLine
 10
2310.0
 20
-37660.0
 30
0.0
 11
2310.0
 21
-37190.0
 31
0.0
  0
LINE
  5
679
330
17
100
AcDbEntity
  8
ESTRIBOS
 62
7
370
15
100
AcDbLine
 10
2415.0
 20
-37660.0
 30
0.0
 11
2415.0
 21
-37190.0
 31
0.0
  0
LINE
  5
67A
330
17
100
AcDbEntity
  8
ESTRIBOS
 62
7
370
15
100
AcDbLine
 10
2520.0
 20
-37660.0
 30
0.0
 11
2520.0
 21
-37190.0
 31
0.0
  0
LINE
  5
67B
330
17
100
AcDbEntity
  8
ESTRIBOS
 62
7
370
15
100
AcDbLine
 10
2625.0
 20
-37660.0
 30
0.0
 11
2625.0
 21
-37190.0
 31
0.0
  0
LINE
  5
67C
330
17
100
AcDbEntity
  8
ESTRIBOS
 62
7
370
15
100
AcDbLine
 10
2730.0
 20
-37660.0
 30
0.0
 11
2730.0
 21
-37190.0
 31
0.0
  0
LINE
  5
67D
330
17
100
AcDbEntity
  8
ESTRIBOS
 62
7
370
15
100
AcDbLine
 10
2835.0
 20
-37660.0
 30
0.0
 11
2835.0
 21
-37190.0
 31
0.0
  0
LINE
  5
67E
330
17
100
AcDbEntity
  8
ESTRIBOS
 62
7
370
15
100
AcDbLine
 10
2940.0
 20
-37660.0
 30
0.0
 11
2940.0
 21
-37190.0
 31
0.0
  0
LINE
  5
67F
330
17
100
AcDbEntity
  8
ESTRIBOS
 62
7
370
15
100
AcDbLine
 10
3045.0
 20
-37660.0
 30
0.0
 11
3045.0
 21
-37190.0
 31
0.0
  0
LINE
  5
680
330
17
100
AcDbEntity
  8
ESTRIBOS
 62
7
370
15
100
AcDbLine
 10
3150.0
 20
-37660.0
 30
0.0
 11
3150.0
 21
-37190.0
 31
0.0
  0
LINE
  5
681
330
17
100
AcDbEntity
  8
ESTRIBOS
 62
7
370
15
100
AcDbLine
 10
3255.0
 20
-37660.0
 30
0.0
 11
3255.0
 21
-37190.0
 31
0.0
  0
LINE
  5
682
330
17
100
AcDbEntity
  8
ESTRIBOS
 62
7
370
15
100
AcDbLine
 10
3360.0
 20
-37660.0
 30
0.0
 11
3360.0
 21
-37190.0
 31
0.0
  0
LINE
  5
683
330
17
100
AcDbEntity
  8
ESTRIBOS
 62
7
370
15
100
AcDbLine
 10
3465.0
 20
-37660.0
 30
0.0
 11
3465.0
 21
-37190.0
 31
0.0
  0
LINE
  5
684
330
17
100
AcDbEntity
  8
ESTRIBOS
 62
7
370
15
100
AcDbLine
 10
3570.0
 20
-37660.0
 30
0.0
 11
3570.0
 21
-37190.0
 31
0.0
  0
LINE
  5
685
330
17
100
AcDbEntity
  8
ESTRIBOS
 62
7
370
15
100
AcDbLine
 10
3675.0
 20
-37660.0
 30
0.0
 11
3675.0
 21
-37190.0
 31
0.0
  0
LINE
  5
686
330
17
100
AcDbEntity
  8
ESTRIBOS
 62
7
370
15
100
AcDbLine
 10
3780.0
 20
-37660.0
 30
0.0
 11
3780.0
 21
-37190.0
 31
0.0
  0
LINE
  5
687
330
17
100
AcDbEntity
  8
ESTRIBOS
 62
7
370
15
100
AcDbLine
 10
3885.0
 20
-37660.0
 30
0.0
 11
3885.0
 21
-37190.0
 31
0.0
  0
LINE
  5
688
330
17
100
AcDbEntity
  8
ESTRIBOS
 62
7
370
15
100
AcDbLine
 10
3990.0
 20
-37660.0
 30
0.0
 11
3990.0
 21
-37190.0
 31
0.0
  0
LINE
  5
689
330
17
100
AcDbEntity
  8
ESTRIBOS
 62
7
370
15
100
AcDbLine
 10
4095.0
 20
-37660.0
 30
0.0
 11
4095.0
 21
-37190.0
 31
0.0
  0
LINE
  5
68A
330
17
100
AcDbEntity
  8
ESTRIBOS
 62
7
370
15
100
AcDbLine
 10
4200.0
 20
-37660.0
 30
0.0
 11
4200.0
 21
-37190.0
 31
0.0
  0
LINE
  5
68B
330
17
100
AcDbEntity
  8
ESTRIBOS
 62
7
370
15
100
AcDbLine
 10
4305.0
 20
-37660.0
 30
0.0
 11
4305.0
 21
-37190.0
 31
0.0
  0
LINE
  5
68C
330
17
100
AcDbEntity
  8
ESTRIBOS
 62
7
370
15
100
AcDbLine
 10
4410.0
 20
-37660.0
 30
0.0
 11
4410.0
 21
-37190.0
 31
0.0
  0
LINE
  5
68D
330
17
100
AcDbEntity
  8
ESTRIBOS
 62
7
370
15
100
AcDbLine
 10
4515.0
 20
-37660.0
 30
0.0
 11
4515.0
 21
-37190.0
 31
0.0
  0
LINE
  5
68E
330
17
100
AcDbEntity
  8
ESTRIBOS
 62
7
370
15
100
AcDbLine
 10
4620.0
 20
-37660.0
 30
0.0
 11
4620.0
 21
-37190.0
 31
0.0
  0
LINE
  5
68F
330
17
100
AcDbEntity
  8
ESTRIBOS
 62
7
370
15
100
AcDbLine
 10
4725.0
 20
-37660.0
 30
0.0
 11
4725.0
 21
-37190.0
 31
0.0
  0
LINE
  5
690
330
17
100
AcDbEntity
  8
ESTRIBOS
 62
7
370
15
100
AcDbLine
 10
4830.0
 20
-37660.0
 30
0.0
 11
4830.0
 21
-37190.0
 31
0.0
  0
LINE
  5
691
330
17
100
AcDbEntity
  8
ESTRIBOS
 62
7
370
15
100
AcDbLine
 10
4935.0
 20
-37660.0
 30
0.0
 11
4935.0
 21
-37190.0
 31
0.0
  0
LINE
  5
692
330
17
100
AcDbEntity
  8
ESTRIBOS
 62
7
370
15
100
AcDbLine
 10
5040.0
 20
-37660.0
 30
0.0
 11
5040.0
 21
-37190.0
 31
0.0
  0
LINE
  5
693
330
17
100
AcDbEntity
  8
ESTRIBOS
 62
7
370
15
100
AcDbLine
 10
5145.0
 20
-37660.0
 30
0.0
 11
5145.0
 21
-37190.0
 31
0.0
  0
LINE
  5
694
330
17
100
AcDbEntity
  8
ESTRIBOS
 62
7
370
15
100
AcDbLine
 10
5250.0
 20
-37660.0
 30
0.0
 11
5250.0
 21
-37190.0
 31
0.0
  0
LINE
  5
695
330
17
100
AcDbEntity
  8
ESTRIBOS
 62
7
370
15
100
AcDbLine
 10
5950.0
 20
-37660.0
 30
0.0
 11
5950.0
 21
-37190.0
 31
0.0
  0
LINE
  5
696
330
17
100
AcDbEntity
  8
ESTRIBOS
 62
7
370
15
100
AcDbLine
 10
6055.0
 20
-37660.0
 30
0.0
 11
6055.0
 21
-37190.0
 31
0.0
  0
LINE
  5
697
330
17
100
AcDbEntity
  8
ESTRIBOS
 62
7
370
15
100
AcDbLine
 10
6160.0
 20
-37660.0
 30
0.0
 11
6160.0
 21
-37190.0
 31
0.0
  0
LINE
  5
698
330
17
100
AcDbEntity
  8
ESTRIBOS
 62
7
370
15
100
AcDbLine
 10
6265.0
 20
-37660.0
 30
0.0
 11
6265.0
 21
-37190.0
 31
0.0
  0
LINE
  5
699
330
17
100
AcDbEntity
  8
ESTRIBOS
 62
7
370
15
100
AcDbLine
 10
6370.0
 20
-37660.0
 30
0.0
 11
6370.0
 21
-37190.0
 31
0.0
  0
LINE
  5
69A
330
17
100
AcDbEntity
  8
ESTRIBOS
 62
7
370
15
100
AcDbLine
 10
6475.0
 20
-37660.0
 30
0.0
 11
6475.0
 21
-37190.0
 31
0.0
  0
LINE
  5
69B
330
17
100
AcDbEntity
  8
ESTRIBOS
 62
7
370
15
100
AcDbLine
 10
6580.0
 20
-37660.0
 30
0.0
 11
6580.0
 21
-37190.0
 31
0.0
  0
LINE
  5
69C
330
17
100
AcDbEntity
  8
ESTRIBOS
 62
7
370
15
100
AcDbLine
 10
6685.0
 20
-37660.0
 30
0.0
 11
6685.0
 21
-37190.0
 31
0.0
  0
LINE
  5
69D
330
17
100
AcDbEntity
  8
ESTRIBOS
 62
7
370
15
100
AcDbLine
 10
6790.0
 20
-37660.0
 30
0.0
 11
6790.0
 21
-37190.0
 31
0.0
  0
LINE
  5
69E
330
17
100
AcDbEntity
  8
ESTRIBOS
 62
7
370
15
100
AcDbLine
 10
6895.0
 20
-37660.0
 30
0.0
 11
6895.0
 21
-37190.0
 31
0.0
  0
LINE
  5
69F
330
17
100
AcDbEntity
  8
ESTRIBOS
 62
7
370
15
100
AcDbLine
 10
7000.0
 20
-37660.0
 30
0.0
 11
7000.0
 21
-37190.0
 31
0.0
  0
LINE
  5
6A0
330
17
100
AcDbEntity
  8
ESTRIBOS
 62
7
370
15
100
AcDbLine
 10
7110.0
 20
-37660.0
 30
0.0
 11
7110.0
 21
-37190.0
 31
0.0
  0
LINE
  5
6A1
330
17
100
AcDbEntity
  8
ESTRIBOS
 62
7
370
15
100
AcDbLine
 10
7220.0
 20
-37660.0
 30
0.0
 11
7220.0
 21
-37190.0
 31
0.0
  0
LINE
  5
6A2
330
17
100
AcDbEntity
  8
ESTRIBOS
 62
7
370
15
100
AcDbLine
 10
7330.0
 20
-37660.0
 30
0.0
 11
7330.0
 21
-37190.0
 31
0.0
  0
LINE
  5
6A3
330
17
100
AcDbEntity
  8
ESTRIBOS
 62
7
370
15
100
AcDbLine
 10
7440.0
 20
-37660.0
 30
0.0
 11
7440.0
 21
-37190.0
 31
0.0
  0
LINE
  5
6A4
330
17
100
AcDbEntity
  8
ESTRIBOS
 62
7
370
15
100
AcDbLine
 10
7550.0
 20
-37660.0
 30
0.0
 11
7550.0
 21
-37190.0
 31
0.0
  0
LINE
  5
6A5
330
17
100
AcDbEntity
  8
ESTRIBOS
 62
7
370
15
100
AcDbLine
 10
7660.0
 20
-37660.0
 30
0.0
 11
7660.0
 21
-37190.0
 31
0.0
  0
LINE
  5
6A6
330
17
100
AcDbEntity
  8
ESTRIBOS
 62
7
370
15
100
AcDbLine
 10
7770.0
 20
-37660.0
 30
0.0
 11
7770.0
 21
-37190.0
 31
0.0
  0
LINE
  5
6A7
330
17
100
AcDbEntity
  8
ESTRIBOS
 62
7
370
15
100
AcDbLine
 10
7880.0
 20
-37660.0
 30
0.0
 11
7880.0
 21
-37190.0
 31
0.0
  0
LINE
  5
6A8
330
17
100
AcDbEntity
  8
ESTRIBOS
 62
7
370
15
100
AcDbLine
 10
7990.0
 20
-37660.0
 30
0.0
 11
7990.0
 21
-37190.0
 31
0.0
  0
LINE
  5
6A9
330
17
100
AcDbEntity
  8
ESTRIBOS
 62
7
370
15
100
AcDbLine
 10
8100.0
 20
-37660.0
 30
0.0
 11
8100.0
 21
-37190.0
 31
0.0
  0
LINE
  5
6AA
330
17
100
AcDbEntity
  8
ESTRIBOS
 62
7
370
15
100
AcDbLine
 10
8205.0
 20
-37660.0
 30
0.0
 11
8205.0
 21
-37190.0
 31
0.0
  0
LINE
  5
6AB
330
17
100
AcDbEntity
  8
ESTRIBOS
 62
7
370
15
100
AcDbLine
 10
8310.0
 20
-37660.0
 30
0.0
 11
8310.0
 21
-37190.0
 31
0.0
  0
LINE
  5
6AC
330
17
100
AcDbEntity
  8
ESTRIBOS
 62
7
370
15
100
AcDbLine
 10
8415.0
 20
-37660.0
 30
0.0
 11
8415.0
 21
-37190.0
 31
0.0
  0
LINE
  5
6AD
330
17
100
AcDbEntity
  8
ESTRIBOS
 62
7
370
15
100
AcDbLine
 10
8520.0
 20
-37660.0
 30
0.0
 11
8520.0
 21
-37190.0
 31
0.0
  0
LINE
  5
6AE
330
17
100
AcDbEntity
  8
ESTRIBOS
 62
7
370
15
100
AcDbLine
 10
8625.0
 20
-37660.0
 30
0.0
 11
8625.0
 21
-37190.0
 31
0.0
  0
LINE
  5
6AF
330
17
100
AcDbEntity
  8
ESTRIBOS
 62
7
370
15
100
AcDbLine
 10
8730.0
 20
-37660.0
 30
0.0
 11
8730.0
 21
-37190.0
 31
0.0
  0
LINE
  5
6B0
330
17
100
AcDbEntity
  8
ESTRIBOS
 62
7
370
15
100
AcDbLine
 10
8835.0
 20
-37660.0
 30
0.0
 11
8835.0
 21
-37190.0
 31
0.0
  0
LINE
  5
6B1
330
17
100
AcDbEntity
  8
ESTRIBOS
 62
7
370
15
100
AcDbLine
 10
8940.0
 20
-37660.0
 30
0.0
 11
8940.0
 21
-37190.0
 31
0.0
  0
LINE
  5
6B2
330
17
100
AcDbEntity
  8
ESTRIBOS
 62
7
370
15
100
AcDbLine
 10
9045.0
 20
-37660.0
 30
0.0
 11
9045.0
 21
-37190.0
 31
0.0
  0
LINE
  5
6B3
330
17
100
AcDbEntity
  8
ESTRIBOS
 62
7
370
15
100
AcDbLine
 10
9150.0
 20
-37660.0
 30
0.0
 11
9150.0
 21
-37190.0
 31
0.0
  0
LINE
  5
6B4
330
17
100
AcDbEntity
  8
ESTRIBOS
 62
7
370
15
100
AcDbLine
 10
9850.0
 20
-37660.0
 30
0.0
 11
9850.0
 21
-37190.0
 31
0.0
  0
LINE
  5
6B5
330
17
100
AcDbEntity
  8
ESTRIBOS
 62
7
370
15
100
AcDbLine
 10
9955.0
 20
-37660.0
 30
0.0
 11
9955.0
 21
-37190.0
 31
0.0
  0
LINE
  5
6B6
330
17
100
AcDbEntity
  8
ESTRIBOS
 62
7
370
15
100
AcDbLine
 10
10060.0
 20
-37660.0
 30
0.0
 11
10060.0
 21
-37190.0
 31
0.0
  0
LINE
  5
6B7
330
17
100
AcDbEntity
  8
ESTRIBOS
 62
7
370
15
100
AcDbLine
 10
10165.0
 20
-37660.0
 30
0.0
 11
10165.0
 21
-37190.0
 31
0.0
  0
LINE
  5
6B8
330
17
100
AcDbEntity
  8
ESTRIBOS
 62
7
370
15
100
AcDbLine
 10
10270.0
 20
-37660.0
 30
0.0
 11
10270.0
 21
-37190.0
 31
0.0
  0
LINE
  5
6B9
330
17
100
AcDbEntity
  8
ESTRIBOS
 62
7
370
15
100
AcDbLine
 10
10375.0
 20
-37660.0
 30
0.0
 11
10375.0
 21
-37190.0
 31
0.0
  0
LINE
  5
6BA
330
17
100
AcDbEntity
  8
ESTRIBOS
 62
7
370
15
100
AcDbLine
 10
10480.0
 20
-37660.0
 30
0.0
 11
10480.0
 21
-37190.0
 31
0.0
  0
LINE
  5
6BB
330
17
100
AcDbEntity
  8
ESTRIBOS
 62
7
370
15
100
AcDbLine
 10
10585.0
 20
-37660.0
 30
0.0
 11
10585.0
 21
-37190.0
 31
0.0
  0
LINE
  5
6BC
330
17
100
AcDbEntity
  8
ESTRIBOS
 62
7
370
15
100
AcDbLine
 10
10690.0
 20
-37660.0
 30
0.0
 11
10690.0
 21
-37190.0
 31
0.0
  0
LINE
  5
6BD
330
17
100
AcDbEntity
  8
ESTRIBOS
 62
7
370
15
100
AcDbLine
 10
10795.0
 20
-37660.0
 30
0.0
 11
10795.0
 21
-37190.0
 31
0.0
  0
LINE
  5
6BE
330
17
100
AcDbEntity
  8
ESTRIBOS
 62
7
370
15
100
AcDbLine
 10
10900.0
 20
-37660.0
 30
0.0
 11
10900.0
 21
-37190.0
 31
0.0
  0
LINE
  5
6BF
330
17
100
AcDbEntity
  8
ESTRIBOS
 62
7
370
15
100
AcDbLine
 10
11010.0
 20
-37660.0
 30
0.0
 11
11010.0
 21
-37190.0
 31
0.0
  0
LINE
  5
6C0
330
17
100
AcDbEntity
  8
ESTRIBOS
 62
7
370
15
100
AcDbLine
 10
11120.0
 20
-37660.0
 30
0.0
 11
11120.0
 21
-37190.0
 31
0.0
  0
LINE
  5
6C1
330
17
100
AcDbEntity
  8
ESTRIBOS
 62
7
370
15
100
AcDbLine
 10
11230.0
 20
-37660.0
 30
0.0
 11
11230.0
 21
-37190.0
 31
0.0
  0
LINE
  5
6C2
330
17
100
AcDbEntity
  8
ESTRIBOS
 62
7
370
15
100
AcDbLine
 10
11340.0
 20
-37660.0
 30
0.0
 11
11340.0
 21
-37190.0
 31
0.0
  0
LINE
  5
6C3
330
17
100
AcDbEntity
  8
ESTRIBOS
 62
7
370
15
100
AcDbLine
 10
11450.0
 20
-37660.0
 30
0.0
 11
11450.0
 21
-37190.0
 31
0.0
  0
LINE
  5
6C4
330
17
100
AcDbEntity
  8
ESTRIBOS
 62
7
370
15
100
AcDbLine
 10
11560.0
 20
-37660.0
 30
0.0
 11
11560.0
 21
-37190.0
 31
0.0
  0
LINE
  5
6C5
330
17
100
AcDbEntity
  8
ESTRIBOS
 62
7
370
15
100
AcDbLine
 10
11670.0
 20
-37660.0
 30
0.0
 11
11670.0
 21
-37190.0
 31
0.0
  0
LINE
  5
6C6
330
17
100
AcDbEntity
  8
ESTRIBOS
 62
7
370
15
100
AcDbLine
 10
11780.0
 20
-37660.0
 30
0.0
 11
11780.0
 21
-37190.0
 31
0.0
  0
LINE
  5
6C7
330
17
100
AcDbEntity
  8
ESTRIBOS
 62
7
370
15
100
AcDbLine
 10
11890.0
 20
-37660.0
 30
0.0
 11
11890.0
 21
-37190.0
 31
0.0
  0
LINE
  5
6C8
330
17
100
AcDbEntity
  8
ESTRIBOS
 62
7
370
15
100
AcDbLine
 10
12000.0
 20
-37660.0
 30
0.0
 11
12000.0
 21
-37190.0
 31
0.0
  0
LINE
  5
6C9
330
17
100
AcDbEntity
  8
ESTRIBOS
 62
7
370
15
100
AcDbLine
 10
12105.0
 20
-37660.0
 30
0.0
 11
12105.0
 21
-37190.0
 31
0.0
  0
LINE
  5
6CA
330
17
100
AcDbEntity
  8
ESTRIBOS
 62
7
370
15
100
AcDbLine
 10
12210.0
 20
-37660.0
 30
0.0
 11
12210.0
 21
-37190.0
 31
0.0
  0
LINE
  5
6CB
330
17
100
AcDbEntity
  8
ESTRIBOS
 62
7
370
15
100
AcDbLine
 10
12315.0
 20
-37660.0
 30
0.0
 11
12315.0
 21
-37190.0
 31
0.0
  0
LINE
  5
6CC
330
17
100
AcDbEntity
  8
ESTRIBOS
 62
7
370
15
100
AcDbLine
 10
12420.0
 20
-37660.0
 30
0.0
 11
12420.0
 21
-37190.0
 31
0.0
  0
LINE
  5
6CD
330
17
100
AcDbEntity
  8
ESTRIBOS
 62
7
370
15
100
AcDbLine
 10
12525.0
 20
-37660.0
 30
0.0
 11
12525.0
 21
-37190.0
 31
0.0
  0
LINE
  5
6CE
330
17
100
AcDbEntity
  8
ESTRIBOS
 62
7
370
15
100
AcDbLine
 10
12630.0
 20
-37660.0
 30
0.0
 11
12630.0
 21
-37190.0
 31
0.0
  0
LINE
  5
6CF
330
17
100
AcDbEntity
  8
ESTRIBOS
 62
7
370
15
100
AcDbLine
 10
12735.0
 20
-37660.0
 30
0.0
 11
12735.0
 21
-37190.0
 31
0.0
  0
LINE
  5
6D0
330
17
100
AcDbEntity
  8
ESTRIBOS
 62
7
370
15
100
AcDbLine
 10
12840.0
 20
-37660.0
 30
0.0
 11
12840.0
 21
-37190.0
 31
0.0
  0
LINE
  5
6D1
330
17
100
AcDbEntity
  8
ESTRIBOS
 62
7
370
15
100
AcDbLine
 10
12945.0
 20
-37660.0
 30
0.0
 11
12945.0
 21
-37190.0
 31
0.0
  0
LINE
  5
6D2
330
17
100
AcDbEntity
  8
ESTRIBOS
 62
7
370
15
100
AcDbLine
 10
13050.0
 20
-37660.0
 30
0.0
 11
13050.0
 21
-37190.0
 31
0.0
  0
LINE
  5
6D3
330
17
100
AcDbEntity
  8
ESTRIBOS
 62
7
370
15
100
AcDbLine
 10
13750.0
 20
-37660.0
 30
0.0
 11
13750.0
 21
-37190.0
 31
0.0
  0
LINE
  5
6D4
330
17
100
AcDbEntity
  8
ESTRIBOS
 62
7
370
15
100
AcDbLine
 10
13855.0
 20
-37660.0
 30
0.0
 11
13855.0
 21
-37190.0
 31
0.0
  0
LINE
  5
6D5
330
17
100
AcDbEntity
  8
ESTRIBOS
 62
7
370
15
100
AcDbLine
 10
13960.0
 20
-37660.0
 30
0.0
 11
13960.0
 21
-37190.0
 31
0.0
  0
LINE
  5
6D6
330
17
100
AcDbEntity
  8
ESTRIBOS
 62
7
370
15
100
AcDbLine
 10
14065.0
 20
-37660.0
 30
0.0
 11
14065.0
 21
-37190.0
 31
0.0
  0
LINE
  5
6D7
330
17
100
AcDbEntity
  8
ESTRIBOS
 62
7
370
15
100
AcDbLine
 10
14170.0
 20
-37660.0
 30
0.0
 11
14170.0
 21
-37190.0
 31
0.0
  0
LINE
  5
6D8
330
17
100
AcDbEntity
  8
ESTRIBOS
 62
7
370
15
100
AcDbLine
 10
14275.0
 20
-37660.0
 30
0.0
 11
14275.0
 21
-37190.0
 31
0.0
  0
LINE
  5
6D9
330
17
100
AcDbEntity
  8
ESTRIBOS
 62
7
370
15
100
AcDbLine
 10
14380.0
 20
-37660.0
 30
0.0
 11
14380.0
 21
-37190.0
 31
0.0
  0
LINE
  5
6DA
330
17
100
AcDbEntity
  8
ESTRIBOS
 62
7
370
15
100
AcDbLine
 10
14485.0
 20
-37660.0
 30
0.0
 11
14485.0
 21
-37190.0
 31
0.0
  0
LINE
  5
6DB
330
17
100
AcDbEntity
  8
ESTRIBOS
 62
7
370
15
100
AcDbLine
 10
14590.0
 20
-37660.0
 30
0.0
 11
14590.0
 21
-37190.0
 31
0.0
  0
LINE
  5
6DC
330
17
100
AcDbEntity
  8
ESTRIBOS
 62
7
370
15
100
AcDbLine
 10
14695.0
 20
-37660.0
 30
0.0
 11
14695.0
 21
-37190.0
 31
0.0
  0
LINE
  5
6DD
330
17
100
AcDbEntity
  8
ESTRIBOS
 62
7
370
15
100
AcDbLine
 10
14800.0
 20
-37660.0
 30
0.0
 11
14800.0
 21
-37190.0
 31
0.0
  0
LINE
  5
6DE
330
17
100
AcDbEntity
  8
ESTRIBOS
 62
7
370
15
100
AcDbLine
 10
14905.0
 20
-37660.0
 30
0.0
 11
14905.0
 21
-37190.0
 31
0.0
  0
LINE
  5
6DF
330
17
100
AcDbEntity
  8
ESTRIBOS
 62
7
370
15
100
AcDbLine
 10
15010.0
 20
-37660.0
 30
0.0
 11
15010.0
 21
-37190.0
 31
0.0
  0
LINE
  5
6E0
330
17
100
AcDbEntity
  8
ESTRIBOS
 62
7
370
15
100
AcDbLine
 10
15115.0
 20
-37660.0
 30
0.0
 11
15115.0
 21
-37190.0
 31
0.0
  0
LINE
  5
6E1
330
17
100
AcDbEntity
  8
ESTRIBOS
 62
7
370
15
100
AcDbLine
 10
15220.0
 20
-37660.0
 30
0.0
 11
15220.0
 21
-37190.0
 31
0.0
  0
LINE
  5
6E2
330
17
100
AcDbEntity
  8
ESTRIBOS
 62
7
370
15
100
AcDbLine
 10
15325.0
 20
-37660.0
 30
0.0
 11
15325.0
 21
-37190.0
 31
0.0
  0
LINE
  5
6E3
330
17
100
AcDbEntity
  8
ESTRIBOS
 62
7
370
15
100
AcDbLine
 10
15430.0
 20
-37660.0
 30
0.0
 11
15430.0
 21
-37190.0
 31
0.0
  0
LINE
  5
6E4
330
17
100
AcDbEntity
  8
ESTRIBOS
 62
7
370
15
100
AcDbLine
 10
15535.0
 20
-37660.0
 30
0.0
 11
15535.0
 21
-37190.0
 31
0.0
  0
LINE
  5
6E5
330
17
100
AcDbEntity
  8
ESTRIBOS
 62
7
370
15
100
AcDbLine
 10
15640.0
 20
-37660.0
 30
0.0
 11
15640.0
 21
-37190.0
 31
0.0
  0
LINE
  5
6E6
330
17
100
AcDbEntity
  8
ESTRIBOS
 62
7
370
15
100
AcDbLine
 10
15745.0
 20
-37660.0
 30
0.0
 11
15745.0
 21
-37190.0
 31
0.0
  0
LINE
  5
6E7
330
17
100
AcDbEntity
  8
ESTRIBOS
 62
7
370
15
100
AcDbLine
 10
15850.0
 20
-37660.0
 30
0.0
 11
15850.0
 21
-37190.0
 31
0.0
  0
LINE
  5
6E8
330
17
100
AcDbEntity
  8
ESTRIBOS
 62
7
370
15
100
AcDbLine
 10
15955.0
 20
-37660.0
 30
0.0
 11
15955.0
 21
-37190.0
 31
0.0
  0
LINE
  5
6E9
330
17
100
AcDbEntity
  8
ESTRIBOS
 62
7
370
15
100
AcDbLine
 10
16060.0
 20
-37660.0
 30
0.0
 11
16060.0
 21
-37190.0
 31
0.0
  0
LINE
  5
6EA
330
17
100
AcDbEntity
  8
ESTRIBOS
 62
7
370
15
100
AcDbLine
 10
16165.0
 20
-37660.0
 30
0.0
 11
16165.0
 21
-37190.0
 31
0.0
  0
LINE
  5
6EB
330
17
100
AcDbEntity
  8
ESTRIBOS
 62
7
370
15
100
AcDbLine
 10
16270.0
 20
-37660.0
 30
0.0
 11
16270.0
 21
-37190.0
 31
0.0
  0
LINE
  5
6EC
330
17
100
AcDbEntity
  8
ESTRIBOS
 62
7
370
15
100
AcDbLine
 10
16375.0
 20
-37660.0
 30
0.0
 11
16375.0
 21
-37190.0
 31
0.0
  0
LINE
  5
6ED
330
17
100
AcDbEntity
  8
ESTRIBOS
 62
7
370
15
100
AcDbLine
 10
16480.0
 20
-37660.0
 30
0.0
 11
16480.0
 21
-37190.0
 31
0.0
  0
LINE
  5
6EE
330
17
100
AcDbEntity
  8
ESTRIBOS
 62
7
370
15
100
AcDbLine
 10
16585.0
 20
-37660.0
 30
0.0
 11
16585.0
 21
-37190.0
 31
0.0
  0
LINE
  5
6EF
330
17
100
AcDbEntity
  8
ESTRIBOS
 62
7
370
15
100
AcDbLine
 10
16690.0
 20
-37660.0
 30
0.0
 11
16690.0
 21
-37190.0
 31
0.0
  0
LINE
  5
6F0
330
17
100
AcDbEntity
  8
ESTRIBOS
 62
7
370
15
100
AcDbLine
 10
16795.0
 20
-37660.0
 30
0.0
 11
16795.0
 21
-37190.0
 31
0.0
  0
LINE
  5
6F1
330
17
100
AcDbEntity
  8
ESTRIBOS
 62
7
370
15
100
AcDbLine
 10
16900.0
 20
-37660.0
 30
0.0
 11
16900.0
 21
-37190.0
 31
0.0
  0
LINE
  5
6F2
330
17
100
AcDbEntity
  8
REF_SUP_CONT
 62
7
370
40
100
AcDbLine
 10
1750.0
 20
-37220.0
 30
0.0
 11
17250.0
 21
-37220.0
 31
0.0
  0
LINE
  5
6F3
330
17
100
AcDbEntity
  8
REF_SUP_CONT
 62
7
370
40
100
AcDbLine
 10
1750.0
 20
-37220.0
 30
0.0
 11
1445.0
 21
-37220.0
 31
0.0
  0
LINE
  5
6F4
330
17
100
AcDbEntity
  8
REF_SUP_CONT
 62
7
370
40
100
AcDbLine
 10
1445.0
 20
-37220.0
 30
0.0
 11
1445.0
 21
-37415.0
 31
0.0
  0
LINE
  5
6F5
330
17
100
AcDbEntity
  8
REF_SUP_CONT
 62
7
370
40
100
AcDbLine
 10
17250.0
 20
-37220.0
 30
0.0
 11
17555.0
 21
-37220.0
 31
0.0
  0
LINE
  5
6F6
330
17
100
AcDbEntity
  8
REF_SUP_CONT
 62
7
370
40
100
AcDbLine
 10
17555.0
 20
-37220.0
 30
0.0
 11
17555.0
 21
-37415.0
 31
0.0
  0
LINE
  5
6F7
330
17
100
AcDbEntity
  8
REF_INF
 62
7
370
40
100
AcDbLine
 10
1750.0
 20
-37630.0
 30
0.0
 11
17250.0
 21
-37630.0
 31
0.0
  0
LINE
  5
6F8
330
17
100
AcDbEntity
  8
REF_INF
 62
7
370
40
100
AcDbLine
 10
1750.0
 20
-37630.0
 30
0.0
 11
1445.0
 21
-37630.0
 31
0.0
  0
LINE
  5
6F9
330
17
100
AcDbEntity
  8
REF_INF
 62
7
370
40
100
AcDbLine
 10
1445.0
 20
-37630.0
 30
0.0
 11
1445.0
 21
-37435.0
 31
0.0
  0
LINE
  5
6FA
330
17
100
AcDbEntity
  8
REF_INF
 62
7
370
40
100
AcDbLine
 10
17250.0
 20
-37630.0
 30
0.0
 11
17555.0
 21
-37630.0
 31
0.0
  0
LINE
  5
6FB
330
17
100
AcDbEntity
  8
REF_INF
 62
7
370
40
100
AcDbLine
 10
17555.0
 20
-37630.0
 30
0.0
 11
17555.0
 21
-37435.0
 31
0.0
  0
LINE
  5
6FC
330
17
100
AcDbEntity
  8
REF_SUP_BASTON
 62
7
370
40
100
AcDbLine
 10
1731.0276471377642
 20
-37325.0
 30
0.0
 11
2575.0
 21
-37325.0
 31
0.0
  0
ARC
  5
6FD
330
17
100
AcDbEntity
  8
REF_SUP_BASTON
 62
7
370
40
100
AcDbCircle
 10
1731.0276471377642
 20
-37382.95
 30
0.0
 40
57.95
100
AcDbArc
 50
90.0
 51
180.0
  0
LINE
  5
6FE
330
17
100
AcDbEntity
  8
REF_SUP_BASTON
 62
7
370
40
100
AcDbLine
 10
1673.0776471377642
 20
-37382.95
 30
0.0
 11
1673.0776471377642
 21
-37577.95
 31
0.0
  0
LINE
  5
6FF
330
17
100
AcDbEntity
  8
REF_SUP_BASTON
 62
7
370
40
100
AcDbLine
 10
4775.0
 20
-37395.0
 30
0.0
 11
5905.0
 21
-37395.0
 31
0.0
  0
LINE
  5
700
330
17
100
AcDbEntity
  8
REF_SUP_BASTON
 62
7
370
40
100
AcDbLine
 10
5295.0
 20
-37450.0
 30
0.0
 11
6425.0
 21
-37450.0
 31
0.0
  0
LINE
  5
701
330
17
100
AcDbEntity
  8
REF_SUP_BASTON
 62
7
370
40
100
AcDbLine
 10
8675.0
 20
-37325.0
 30
0.0
 11
9805.0
 21
-37325.0
 31
0.0
  0
LINE
  5
702
330
17
100
AcDbEntity
  8
REF_SUP_BASTON
 62
7
370
40
100
AcDbLine
 10
9195.0
 20
-37380.0
 30
0.0
 11
10325.0
 21
-37380.0
 31
0.0
  0
LINE
  5
703
330
17
100
AcDbEntity
  8
REF_SUP_BASTON
 62
7
370
40
100
AcDbLine
 10
12575.0
 20
-37395.0
 30
0.0
 11
13705.0
 21
-37395.0
 31
0.0
  0
LINE
  5
704
330
17
100
AcDbEntity
  8
REF_SUP_BASTON
 62
7
370
40
100
AcDbLine
 10
13095.0
 20
-37450.0
 30
0.0
 11
14225.0
 21
-37450.0
 31
0.0
  0
LINE
  5
705
330
17
100
AcDbEntity
  8
REF_SUP_BASTON
 62
7
370
40
100
AcDbLine
 10
16425.0
 20
-37325.0
 30
0.0
 11
17268.972352862234
 21
-37325.0
 31
0.0
  0
ARC
  5
706
330
17
100
AcDbEntity
  8
REF_SUP_BASTON
 62
7
370
40
100
AcDbCircle
 10
17268.972352862234
 20
-37382.95
 30
0.0
 40
57.95
100
AcDbArc
 50
0.0
 51
90.0
  0
LINE
  5
707
330
17
100
AcDbEntity
  8
REF_SUP_BASTON
 62
7
370
40
100
AcDbLine
 10
17326.922352862235
 20
-37382.95
 30
0.0
 11
17326.922352862235
 21
-37577.95
 31
0.0
  0
LINE
  5
708
330
17
100
AcDbEntity
  8
REF_TORSION
 62
7
370
35
100
AcDbLine
 10
1750.0
 20
-37425.0
 30
0.0
 11
17250.0
 21
-37425.0
 31
0.0
  0
DIMENSION
  5
709
330
17
100
AcDbEntity
  8
COTAS
100
AcDbDimension
280
0
  2
*D23
  3
EZDXF
 10
1750.0
 20
-38120.0
 30
0.0
 11
3675.0
 21
-38077.4
 31
0.0
 70
32
 71
5
  1
3850 mm
100
AcDbAlignedDimension
 13
1750.0
 23
-38000.0
 33
0.0
 14
5600.0
 24
-38000.0
 34
0.0
 50
0.0
100
AcDbRotatedDimension
1001
ACAD
1000
DSTYLE
1002
{
1070
140
1040
85.0
1070
41
1040
45.0
1070
44
1040
70.0
1070
42
1040
25.0
1070
77
1070
1
1070
176
1070
7
1070
177
1070
7
1070
178
1070
7
1002
}
  0
DIMENSION
  5
718
330
17
100
AcDbEntity
  8
COTAS
100
AcDbDimension
280
0
  2
*D24
  3
EZDXF
 10
5600.0
 20
-38120.0
 30
0.0
 11
7550.0
 21
-38077.4
 31
0.0
 70
32
 71
5
  1
3900 mm
100
AcDbAlignedDimension
 13
5600.0
 23
-38000.0
 33
0.0
 14
9500.0
 24
-38000.0
 34
0.0
 50
0.0
100
AcDbRotatedDimension
1001
ACAD
1000
DSTYLE
1002
{
1070
140
1040
85.0
1070
41
1040
45.0
1070
44
1040
70.0
1070
42
1040
25.0
1070
77
1070
1
1070
176
1070
7
1070
177
1070
7
1070
178
1070
7
1002
}
  0
DIMENSION
  5
727
330
17
100
AcDbEntity
  8
COTAS
100
AcDbDimension
280
0
  2
*D25
  3
EZDXF
 10
9500.0
 20
-38120.0
 30
0.0
 11
11450.0
 21
-38077.4
 31
0.0
 70
32
 71
5
  1
3900 mm
100
AcDbAlignedDimension
 13
9500.0
 23
-38000.0
 33
0.0
 14
13400.0
 24
-38000.0
 34
0.0
 50
0.0
100
AcDbRotatedDimension
1001
ACAD
1000
DSTYLE
1002
{
1070
140
1040
85.0
1070
41
1040
45.0
1070
44
1040
70.0
1070
42
1040
25.0
1070
77
1070
1
1070
176
1070
7
1070
177
1070
7
1070
178
1070
7
1002
}
  0
DIMENSION
  5
736
330
17
100
AcDbEntity
  8
COTAS
100
AcDbDimension
280
0
  2
*D26
  3
EZDXF
 10
13400.0
 20
-38120.0
 30
0.0
 11
15325.0
 21
-38077.4
 31
0.0
 70
32
 71
5
  1
3850 mm
100
AcDbAlignedDimension
 13
13400.0
 23
-38000.0
 33
0.0
 14
17250.0
 24
-38000.0
 34
0.0
 50
0.0
100
AcDbRotatedDimension
1001
ACAD
1000
DSTYLE
1002
{
1070
140
1040
85.0
1070
41
1040
45.0
1070
44
1040
70.0
1070
42
1040
25.0
1070
77
1070
1
1070
176
1070
7
1070
177
1070
7
1070
178
1070
7
1002
}
  0
DIMENSION
  5
745
330
17
100
AcDbEntity
  8
COTAS
100
AcDbDimension
280
0
  2
*D27
  3
EZDXF
 10
1750.0
 20
-38460.0
 30
0.0
 11
9500.0
 21
-38417.4
 31
0.0
 70
32
 71
5
  1
LONGITUD ENTRE EJES = 15500 mm
100
AcDbAlignedDimension
 13
1750.0
 23
-38340.0
 33
0.0
 14
17250.0
 24
-38340.0
 34
0.0
 50
0.0
100
AcDbRotatedDimension
1001
ACAD
1000
DSTYLE
1002
{
1070
140
1040
85.0
1070
41
1040
45.0
1070
44
1040
70.0
1070
42
1040
25.0
1070
77
1070
1
1070
176
1070
7
1070
177
1070
7
1070
178
1070
7
1002
}
  0
LINE
  5
754
330
17
100
AcDbEntity
  8
CORTES
 62
7
370
25
100
AcDbLine
 10
2170.0
 20
-37810.0
 30
0.0
 11
2170.0
 21
-37040.0
 31
0.0
  0
CIRCLE
  5
755
330
17
100
AcDbEntity
  8
CORTES
 62
7
370
25
100
AcDbCircle
 10
2170.0
 20
-37810.0
 30
0.0
 40
75.0
  0
TEXT
  5
756
330
17
100
AcDbEntity
  8
CORTES
 62
7
100
AcDbText
 10
2170.0
 20
-37810.0
 30
0.0
 40
70.0
  1
A
 72
1
 11
2170.0
 21
-37810.0
 31
0.0
100
AcDbText
 73
2
  0
CIRCLE
  5
757
330
17
100
AcDbEntity
  8
CORTES
 62
7
370
25
100
AcDbCircle
 10
2170.0
 20
-37040.0
 30
0.0
 40
75.0
  0
TEXT
  5
758
330
17
100
AcDbEntity
  8
CORTES
 62
7
100
AcDbText
 10
2170.0
 20
-37040.0
 30
0.0
 40
70.0
  1
A
 72
1
 11
2170.0
 21
-37040.0
 31
0.0
100
AcDbText
 73
2
  0
LINE
  5
759
330
17
100
AcDbEntity
  8
CORTES
 62
7
370
25
100
AcDbLine
 10
3675.0
 20
-37810.0
 30
0.0
 11
3675.0
 21
-37040.0
 31
0.0
  0
CIRCLE
  5
75A
330
17
100
AcDbEntity
  8
CORTES
 62
7
370
25
100
AcDbCircle
 10
3675.0
 20
-37810.0
 30
0.0
 40
75.0
  0
TEXT
  5
75B
330
17
100
AcDbEntity
  8
CORTES
 62
7
100
AcDbText
 10
3675.0
 20
-37810.0
 30
0.0
 40
70.0
  1
B
 72
1
 11
3675.0
 21
-37810.0
 31
0.0
100
AcDbText
 73
2
  0
CIRCLE
  5
75C
330
17
100
AcDbEntity
  8
CORTES
 62
7
370
25
100
AcDbCircle
 10
3675.0
 20
-37040.0
 30
0.0
 40
75.0
  0
TEXT
  5
75D
330
17
100
AcDbEntity
  8
CORTES
 62
7
100
AcDbText
 10
3675.0
 20
-37040.0
 30
0.0
 40
70.0
  1
B
 72
1
 11
3675.0
 21
-37040.0
 31
0.0
100
AcDbText
 73
2
  0
LWPOLYLINE
  5
75E
330
17
100
AcDbEntity
  8
VIGA
 62
7
370
35
100
AcDbPolyline
 90
4
 70
1
 10
7975.0
 20
-40375.0
 10
8425.0
 20
-40375.0
 10
8425.0
 20
-39825.0
 10
7975.0
 20
-39825.0
  0
LWPOLYLINE
  5
75F
330
17
100
AcDbEntity
  8
ESTRIBOS
 62
7
370
25
100
AcDbPolyline
 90
4
 70
1
 10
8015.0
 20
-40335.0
 10
8385.0
 20
-40335.0
 10
8385.0
 20
-39865.0
 10
8015.0
 20
-39865.0
  0
LINE
  5
760
330
17
100
AcDbEntity
  8
ESTRIBOS
 62
7
370
20
100
AcDbLine
 10
8138.333333333333
 20
-40335.0
 30
0.0
 11
8138.333333333333
 21
-39865.0
 31
0.0
  0
LINE
  5
761
330
17
100
AcDbEntity
  8
ESTRIBOS
 62
7
370
20
100
AcDbLine
 10
8261.666666666666
 20
-40335.0
 30
0.0
 11
8261.666666666666
 21
-39865.0
 31
0.0
  0
CIRCLE
  5
762
330
17
100
AcDbEntity
  8
REF_SUP_CONT
 62
7
370
35
100
AcDbCircle
 10
8035.65
 20
-39885.65
 30
0.0
 40
7.95
  0
CIRCLE
  5
763
330
17
100
AcDbEntity
  8
REF_SUP_CONT
 62
7
370
35
100
AcDbCircle
 10
8117.825
 20
-39885.65
 30
0.0
 40
7.95
  0
CIRCLE
  5
764
330
17
100
AcDbEntity
  8
REF_SUP_CONT
 62
7
370
35
100
AcDbCircle
 10
8200.0
 20
-39885.65
 30
0.0
 40
7.95
  0
CIRCLE
  5
765
330
17
100
AcDbEntity
  8
REF_SUP_CONT
 62
7
370
35
100
AcDbCircle
 10
8282.175
 20
-39885.65
 30
0.0
 40
7.95
  0
CIRCLE
  5
766
330
17
100
AcDbEntity
  8
REF_SUP_CONT
 62
7
370
35
100
AcDbCircle
 10
8364.35
 20
-39885.65
 30
0.0
 40
7.95
  0
CIRCLE
  5
767
330
17
100
AcDbEntity
  8
REF_INF
 62
7
370
35
100
AcDbCircle
 10
8035.65
 20
-40314.35
 30
0.0
 40
7.95
  0
CIRCLE
  5
768
330
17
100
AcDbEntity
  8
REF_INF
 62
7
370
35
100
AcDbCircle
 10
8117.825
 20
-40314.35
 30
0.0
 40
7.95
  0
CIRCLE
  5
769
330
17
100
AcDbEntity
  8
REF_INF
 62
7
370
35
100
AcDbCircle
 10
8200.0
 20
-40314.35
 30
0.0
 40
7.95
  0
CIRCLE
  5
76A
330
17
100
AcDbEntity
  8
REF_INF
 62
7
370
35
100
AcDbCircle
 10
8282.175
 20
-40314.35
 30
0.0
 40
7.95
  0
CIRCLE
  5
76B
330
17
100
AcDbEntity
  8
REF_INF
 62
7
370
35
100
AcDbCircle
 10
8364.35
 20
-40314.35
 30
0.0
 40
7.95
  0
CIRCLE
  5
76C
330
17
100
AcDbEntity
  8
REF_TORSION
 62
7
370
30
100
AcDbCircle
 10
8035.65
 20
-40254.35
 30
0.0
 40
7.95
  0
CIRCLE
  5
76D
330
17
100
AcDbEntity
  8
REF_TORSION
 62
7
370
30
100
AcDbCircle
 10
8364.35
 20
-40254.35
 30
0.0
 40
7.95
  0
CIRCLE
  5
76E
330
17
100
AcDbEntity
  8
REF_TORSION
 62
7
370
30
100
AcDbCircle
 10
8035.65
 20
-40192.61
 30
0.0
 40
7.95
  0
CIRCLE
  5
76F
330
17
100
AcDbEntity
  8
REF_TORSION
 62
7
370
30
100
AcDbCircle
 10
8364.35
 20
-40192.61
 30
0.0
 40
7.95
  0
CIRCLE
  5
770
330
17
100
AcDbEntity
  8
REF_TORSION
 62
7
370
30
100
AcDbCircle
 10
8035.65
 20
-40130.87
 30
0.0
 40
7.95
  0
CIRCLE
  5
771
330
17
100
AcDbEntity
  8
REF_TORSION
 62
7
370
30
100
AcDbCircle
 10
8364.35
 20
-40130.87
 30
0.0
 40
7.95
  0
CIRCLE
  5
772
330
17
100
AcDbEntity
  8
REF_TORSION
 62
7
370
30
100
AcDbCircle
 10
8035.65
 20
-40069.13
 30
0.0
 40
7.95
  0
CIRCLE
  5
773
330
17
100
AcDbEntity
  8
REF_TORSION
 62
7
370
30
100
AcDbCircle
 10
8364.35
 20
-40069.13
 30
0.0
 40
7.95
  0
CIRCLE
  5
774
330
17
100
AcDbEntity
  8
REF_TORSION
 62
7
370
30
100
AcDbCircle
 10
8035.65
 20
-40007.39
 30
0.0
 40
7.95
  0
CIRCLE
  5
775
330
17
100
AcDbEntity
  8
REF_TORSION
 62
7
370
30
100
AcDbCircle
 10
8364.35
 20
-40007.39
 30
0.0
 40
7.95
  0
CIRCLE
  5
776
330
17
100
AcDbEntity
  8
REF_TORSION
 62
7
370
30
100
AcDbCircle
 10
8035.65
 20
-39945.65
 30
0.0
 40
7.95
  0
CIRCLE
  5
777
330
17
100
AcDbEntity
  8
REF_TORSION
 62
7
370
30
100
AcDbCircle
 10
8364.35
 20
-39945.65
 30
0.0
 40
7.95
  0
TEXT
  5
778
330
17
100
AcDbEntity
  8
CORTES
 62
7
100
AcDbText
 10
8200.0
 20
-40495.0
 30
0.0
 40
90.0
  1
CORTE A–A APOYO
 72
1
 11
8200.0
 21
-40495.0
 31
0.0
100
AcDbText
 73
2
  0
TEXT
  5
779
330
17
100
AcDbEntity
  8
TEXTO
 62
7
100
AcDbText
 10
8200.0
 20
-40610.0
 30
0.0
 40
80.0
  1
450 × 550 mm
 72
1
 11
8200.0
 21
-40610.0
 31
0.0
100
AcDbText
 73
2
  0
LWPOLYLINE
  5
77A
330
17
100
AcDbEntity
  8
VIGA
 62
7
370
35
100
AcDbPolyline
 90
4
 70
1
 10
10575.0
 20
-40375.0
 10
11025.0
 20
-40375.0
 10
11025.0
 20
-39825.0
 10
10575.0
 20
-39825.0
  0
LWPOLYLINE
  5
77B
330
17
100
AcDbEntity
  8
ESTRIBOS
 62
7
370
25
100
AcDbPolyline
 90
4
 70
1
 10
10615.0
 20
-40335.0
 10
10985.0
 20
-40335.0
 10
10985.0
 20
-39865.0
 10
10615.0
 20
-39865.0
  0
LINE
  5
77C
330
17
100
AcDbEntity
  8
ESTRIBOS
 62
7
370
20
100
AcDbLine
 10
10738.333333333334
 20
-40335.0
 30
0.0
 11
10738.333333333334
 21
-39865.0
 31
0.0
  0
LINE
  5
77D
330
17
100
AcDbEntity
  8
ESTRIBOS
 62
7
370
20
100
AcDbLine
 10
10861.666666666666
 20
-40335.0
 30
0.0
 11
10861.666666666666
 21
-39865.0
 31
0.0
  0
CIRCLE
  5
77E
330
17
100
AcDbEntity
  8
REF_SUP_CONT
 62
7
370
35
100
AcDbCircle
 10
10635.65
 20
-39885.65
 30
0.0
 40
7.95
  0
CIRCLE
  5
77F
330
17
100
AcDbEntity
  8
REF_SUP_CONT
 62
7
370
35
100
AcDbCircle
 10
10964.35
 20
-39885.65
 30
0.0
 40
7.95
  0
CIRCLE
  5
780
330
17
100
AcDbEntity
  8
REF_INF
 62
7
370
35
100
AcDbCircle
 10
10635.65
 20
-40314.35
 30
0.0
 40
7.95
  0
CIRCLE
  5
781
330
17
100
AcDbEntity
  8
REF_INF
 62
7
370
35
100
AcDbCircle
 10
10717.824999999999
 20
-40314.35
 30
0.0
 40
7.95
  0
CIRCLE
  5
782
330
17
100
AcDbEntity
  8
REF_INF
 62
7
370
35
100
AcDbCircle
 10
10800.0
 20
-40314.35
 30
0.0
 40
7.95
  0
CIRCLE
  5
783
330
17
100
AcDbEntity
  8
REF_INF
 62
7
370
35
100
AcDbCircle
 10
10882.175
 20
-40314.35
 30
0.0
 40
7.95
  0
CIRCLE
  5
784
330
17
100
AcDbEntity
  8
REF_INF
 62
7
370
35
100
AcDbCircle
 10
10964.35
 20
-40314.35
 30
0.0
 40
7.95
  0
CIRCLE
  5
785
330
17
100
AcDbEntity
  8
REF_TORSION
 62
7
370
30
100
AcDbCircle
 10
10635.65
 20
-40254.35
 30
0.0
 40
7.95
  0
CIRCLE
  5
786
330
17
100
AcDbEntity
  8
REF_TORSION
 62
7
370
30
100
AcDbCircle
 10
10964.35
 20
-40254.35
 30
0.0
 40
7.95
  0
CIRCLE
  5
787
330
17
100
AcDbEntity
  8
REF_TORSION
 62
7
370
30
100
AcDbCircle
 10
10635.65
 20
-40192.61
 30
0.0
 40
7.95
  0
CIRCLE
  5
788
330
17
100
AcDbEntity
  8
REF_TORSION
 62
7
370
30
100
AcDbCircle
 10
10964.35
 20
-40192.61
 30
0.0
 40
7.95
  0
CIRCLE
  5
789
330
17
100
AcDbEntity
  8
REF_TORSION
 62
7
370
30
100
AcDbCircle
 10
10635.65
 20
-40130.87
 30
0.0
 40
7.95
  0
CIRCLE
  5
78A
330
17
100
AcDbEntity
  8
REF_TORSION
 62
7
370
30
100
AcDbCircle
 10
10964.35
 20
-40130.87
 30
0.0
 40
7.95
  0
CIRCLE
  5
78B
330
17
100
AcDbEntity
  8
REF_TORSION
 62
7
370
30
100
AcDbCircle
 10
10635.65
 20
-40069.13
 30
0.0
 40
7.95
  0
CIRCLE
  5
78C
330
17
100
AcDbEntity
  8
REF_TORSION
 62
7
370
30
100
AcDbCircle
 10
10964.35
 20
-40069.13
 30
0.0
 40
7.95
  0
CIRCLE
  5
78D
330
17
100
AcDbEntity
  8
REF_TORSION
 62
7
370
30
100
AcDbCircle
 10
10635.65
 20
-40007.39
 30
0.0
 40
7.95
  0
CIRCLE
  5
78E
330
17
100
AcDbEntity
  8
REF_TORSION
 62
7
370
30
100
AcDbCircle
 10
10964.35
 20
-40007.39
 30
0.0
 40
7.95
  0
CIRCLE
  5
78F
330
17
100
AcDbEntity
  8
REF_TORSION
 62
7
370
30
100
AcDbCircle
 10
10635.65
 20
-39945.65
 30
0.0
 40
7.95
  0
CIRCLE
  5
790
330
17
100
AcDbEntity
  8
REF_TORSION
 62
7
370
30
100
AcDbCircle
 10
10964.35
 20
-39945.65
 30
0.0
 40
7.95
  0
TEXT
  5
791
330
17
100
AcDbEntity
  8
CORTES
 62
7
100
AcDbText
 10
10800.0
 20
-40495.0
 30
0.0
 40
90.0
  1
CORTE B–B CENTRO
 72
1
 11
10800.0
 21
-40495.0
 31
0.0
100
AcDbText
 73
2
  0
TEXT
  5
792
330
17
100
AcDbEntity
  8
TEXTO
 62
7
100
AcDbText
 10
10800.0
 20
-40610.0
 30
0.0
 40
80.0
  1
450 × 550 mm
 72
1
 11
10800.0
 21
-40610.0
 31
0.0
100
AcDbText
 73
2
  0
TEXT
  5
793
330
17
100
AcDbEntity
  8
REF_SUP_CONT
 62
7
100
AcDbText
 10
350.0
 20
-39550.0
 30
0.0
 40
90.0
  1
SUPERIOR: 5 Nº5 (2 continuas + 3 bastones); Lc bastón desde cada apoyo = 1130 mm
 11
350.0
 21
-39550.0
 31
0.0
100
AcDbText
  0
TEXT
  5
794
330
17
100
AcDbEntity
  8
REF_INF
 62
7
100
AcDbText
 10
350.0
 20
-39700.0
 30
0.0
 40
90.0
  1
INFERIOR: 5 Nº5 continuas
 11
350.0
 21
-39700.0
 31
0.0
100
AcDbText
  0
TEXT
  5
795
330
17
100
AcDbEntity
  8
REF_TORSION
 62
7
100
AcDbText
 10
350.0
 20
-39850.0
 30
0.0
 40
90.0
  1
TORSIÓN: 12 Nº5 dedicadas
 11
350.0
 21
-39850.0
 31
0.0
100
AcDbText
  0
TEXT
  5
796
330
17
100
AcDbEntity
  8
ESTRIBOS
 62
7
100
AcDbText
 10
350.0
 20
-40000.0
 30
0.0
 40
82.0
  1
ESTRIBOS: Nº4 cerrado (referencia), 4 ramas, primer estribo ≤50 mm; @110 mm en 2h desde cada apoyo y @110 mm al centro
 11
350.0
 21
-40000.0
 31
0.0
100
AcDbText
  0
TEXT
  5
797
330
17
100
AcDbEntity
  8
TEXTO
 62
7
100
AcDbText
 10
350.0
 20
-40150.0
 30
0.0
 40
82.0
  1
ANCLAJES Nº5: ld inf/sup/ldh = 370/480/305 mm; gancho 90° cola 195 mm
 11
350.0
 21
-40150.0
 31
0.0
100
AcDbText
  0
TEXT
  5
798
330
17
100
AcDbEntity
  8
TEXTO
 62
7
100
AcDbText
 10
350.0
 20
-40820.0
 30
0.0
 40
76.0
  1
NOTA: el trazado y los ejes provienen de VIGAS CARGA.pdf; la elevación desarrolla la viga completa, usa apoyos nominales de 600 mm y marca cada tramo entre ejes.
 11
350.0
 21
-40820.0
 31
0.0
100
AcDbText
  0
TEXT
  5
799
330
17
100
AcDbEntity
  8
TEXTO
 62
7
100
AcDbText
 10
9500.0
 20
-42550.0
 30
0.0
 40
190.0
  1
DESPIECE COMPLETO VIGA DE CARGA VC7
 72
1
 11
9500.0
 21
-42550.0
 31
0.0
100
AcDbText
 73
2
  0
TEXT
  5
79A
330
17
100
AcDbEntity
  8
TEXTO
 62
7
100
AcDbText
 10
9500.0
 20
-42800.0
 30
0.0
 40
105.0
  1
APLICA EN EJES 8 Y 6 | Sección 450 × 550 mm | 40 vigas del grupo
 72
1
 11
9500.0
 21
-42800.0
 31
0.0
100
AcDbText
 73
2
  0
TEXT
  5
79B
330
17
100
AcDbEntity
  8
TEXTO
 62
7
100
AcDbText
 10
9500.0
 20
-43000.0
 30
0.0
 40
92.0
  1
DETALLE ACADÉMICO — NO EMITIR PARA CONSTRUCCIÓN | Verificación V-T: NO CUMPLE | Estado global del Excel: #VALUE!
 72
1
 11
9500.0
 21
-43000.0
 31
0.0
100
AcDbText
 73
2
  0
TEXT
  5
79C
330
17
100
AcDbEntity
  8
TRAZADO_PLANTA
 62
7
100
AcDbText
 10
9500.0
 20
-43200.0
 30
0.0
 40
100.0
  1
TRAZADO EN PLANTA SEGÚN PDF
 72
1
 11
9500.0
 21
-43200.0
 31
0.0
100
AcDbText
 73
2
  0
LWPOLYLINE
  5
79D
330
17
100
AcDbEntity
  8
TRAZADO_PLANTA
 62
7
370
35
100
AcDbPolyline
 90
5
 70
0
 10
1750.0
 20
-43900.0
 10
4400.0
 20
-43900.0
 10
9500.0
 20
-43900.0
 10
14600.0
 20
-43900.0
 10
17250.0
 20
-43900.0
  0
CIRCLE
  5
79E
330
17
100
AcDbEntity
  8
TRAZADO_PLANTA
 62
7
370
25
100
AcDbCircle
 10
1750.0
 20
-43900.0
 30
0.0
 40
90.0
  0
TEXT
  5
79F
330
17
100
AcDbEntity
  8
TRAZADO_PLANTA
 62
7
100
AcDbText
 10
1750.0
 20
-43740.0
 30
0.0
 40
85.0
  1
A
 72
1
 11
1750.0
 21
-43740.0
 31
0.0
100
AcDbText
 73
2
  0
CIRCLE
  5
7A0
330
17
100
AcDbEntity
  8
TRAZADO_PLANTA
 62
7
370
25
100
AcDbCircle
 10
4400.0
 20
-43900.0
 30
0.0
 40
90.0
  0
TEXT
  5
7A1
330
17
100
AcDbEntity
  8
TRAZADO_PLANTA
 62
7
100
AcDbText
 10
4400.0
 20
-43740.0
 30
0.0
 40
85.0
  1
B
 72
1
 11
4400.0
 21
-43740.0
 31
0.0
100
AcDbText
 73
2
  0
CIRCLE
  5
7A2
330
17
100
AcDbEntity
  8
TRAZADO_PLANTA
 62
7
370
25
100
AcDbCircle
 10
9500.0
 20
-43900.0
 30
0.0
 40
90.0
  0
TEXT
  5
7A3
330
17
100
AcDbEntity
  8
TRAZADO_PLANTA
 62
7
100
AcDbText
 10
9500.0
 20
-43740.0
 30
0.0
 40
85.0
  1
C
 72
1
 11
9500.0
 21
-43740.0
 31
0.0
100
AcDbText
 73
2
  0
CIRCLE
  5
7A4
330
17
100
AcDbEntity
  8
TRAZADO_PLANTA
 62
7
370
25
100
AcDbCircle
 10
14600.0
 20
-43900.0
 30
0.0
 40
90.0
  0
TEXT
  5
7A5
330
17
100
AcDbEntity
  8
TRAZADO_PLANTA
 62
7
100
AcDbText
 10
14600.0
 20
-43740.0
 30
0.0
 40
85.0
  1
D
 72
1
 11
14600.0
 21
-43740.0
 31
0.0
100
AcDbText
 73
2
  0
CIRCLE
  5
7A6
330
17
100
AcDbEntity
  8
TRAZADO_PLANTA
 62
7
370
25
100
AcDbCircle
 10
17250.0
 20
-43900.0
 30
0.0
 40
90.0
  0
TEXT
  5
7A7
330
17
100
AcDbEntity
  8
TRAZADO_PLANTA
 62
7
100
AcDbText
 10
17250.0
 20
-43740.0
 30
0.0
 40
85.0
  1
E
 72
1
 11
17250.0
 21
-43740.0
 31
0.0
100
AcDbText
 73
2
  0
LWPOLYLINE
  5
7A8
330
17
100
AcDbEntity
  8
VIGA
 62
7
370
40
100
AcDbPolyline
 90
4
 70
1
 10
1450.0
 20
-45900.0
 10
17550.0
 20
-45900.0
 10
17550.0
 20
-45350.0
 10
1450.0
 20
-45350.0
  0
LWPOLYLINE
  5
7A9
330
17
100
AcDbEntity
  8
COLUMNAS
 62
7
370
35
100
AcDbPolyline
 90
4
 70
1
 10
1450.0
 20
-46350.0
 10
2050.0
 20
-46350.0
 10
2050.0
 20
-44900.0
 10
1450.0
 20
-44900.0
  0
LINE
  5
7AA
330
17
100
AcDbEntity
  8
EJES
  6
CENTER
 62
7
370
18
100
AcDbLine
 10
1750.0
 20
-46850.0
 30
0.0
 11
1750.0
 21
-44350.0
 31
0.0
  0
CIRCLE
  5
7AB
330
17
100
AcDbEntity
  8
EJES
 62
7
370
25
100
AcDbCircle
 10
1750.0
 20
-44650.0
 30
0.0
 40
170.0
  0
TEXT
  5
7AC
330
17
100
AcDbEntity
  8
EJES
 62
7
100
AcDbText
 10
1750.0
 20
-44650.0
 30
0.0
 40
130.0
  1
A
 72
1
 11
1750.0
 21
-44650.0
 31
0.0
100
AcDbText
 73
2
  0
LWPOLYLINE
  5
7AD
330
17
100
AcDbEntity
  8
COLUMNAS
 62
7
370
35
100
AcDbPolyline
 90
4
 70
1
 10
4100.0
 20
-46350.0
 10
4700.0
 20
-46350.0
 10
4700.0
 20
-44900.0
 10
4100.0
 20
-44900.0
  0
LINE
  5
7AE
330
17
100
AcDbEntity
  8
EJES
  6
CENTER
 62
7
370
18
100
AcDbLine
 10
4400.0
 20
-46850.0
 30
0.0
 11
4400.0
 21
-44350.0
 31
0.0
  0
CIRCLE
  5
7AF
330
17
100
AcDbEntity
  8
EJES
 62
7
370
25
100
AcDbCircle
 10
4400.0
 20
-44650.0
 30
0.0
 40
170.0
  0
TEXT
  5
7B0
330
17
100
AcDbEntity
  8
EJES
 62
7
100
AcDbText
 10
4400.0
 20
-44650.0
 30
0.0
 40
130.0
  1
B
 72
1
 11
4400.0
 21
-44650.0
 31
0.0
100
AcDbText
 73
2
  0
LWPOLYLINE
  5
7B1
330
17
100
AcDbEntity
  8
COLUMNAS
 62
7
370
35
100
AcDbPolyline
 90
4
 70
1
 10
9200.0
 20
-46350.0
 10
9800.0
 20
-46350.0
 10
9800.0
 20
-44900.0
 10
9200.0
 20
-44900.0
  0
LINE
  5
7B2
330
17
100
AcDbEntity
  8
EJES
  6
CENTER
 62
7
370
18
100
AcDbLine
 10
9500.0
 20
-46850.0
 30
0.0
 11
9500.0
 21
-44350.0
 31
0.0
  0
CIRCLE
  5
7B3
330
17
100
AcDbEntity
  8
EJES
 62
7
370
25
100
AcDbCircle
 10
9500.0
 20
-44650.0
 30
0.0
 40
170.0
  0
TEXT
  5
7B4
330
17
100
AcDbEntity
  8
EJES
 62
7
100
AcDbText
 10
9500.0
 20
-44650.0
 30
0.0
 40
130.0
  1
C
 72
1
 11
9500.0
 21
-44650.0
 31
0.0
100
AcDbText
 73
2
  0
LWPOLYLINE
  5
7B5
330
17
100
AcDbEntity
  8
COLUMNAS
 62
7
370
35
100
AcDbPolyline
 90
4
 70
1
 10
14300.0
 20
-46350.0
 10
14900.0
 20
-46350.0
 10
14900.0
 20
-44900.0
 10
14300.0
 20
-44900.0
  0
LINE
  5
7B6
330
17
100
AcDbEntity
  8
EJES
  6
CENTER
 62
7
370
18
100
AcDbLine
 10
14600.0
 20
-46850.0
 30
0.0
 11
14600.0
 21
-44350.0
 31
0.0
  0
CIRCLE
  5
7B7
330
17
100
AcDbEntity
  8
EJES
 62
7
370
25
100
AcDbCircle
 10
14600.0
 20
-44650.0
 30
0.0
 40
170.0
  0
TEXT
  5
7B8
330
17
100
AcDbEntity
  8
EJES
 62
7
100
AcDbText
 10
14600.0
 20
-44650.0
 30
0.0
 40
130.0
  1
D
 72
1
 11
14600.0
 21
-44650.0
 31
0.0
100
AcDbText
 73
2
  0
LWPOLYLINE
  5
7B9
330
17
100
AcDbEntity
  8
COLUMNAS
 62
7
370
35
100
AcDbPolyline
 90
4
 70
1
 10
16950.0
 20
-46350.0
 10
17550.0
 20
-46350.0
 10
17550.0
 20
-44900.0
 10
16950.0
 20
-44900.0
  0
LINE
  5
7BA
330
17
100
AcDbEntity
  8
EJES
  6
CENTER
 62
7
370
18
100
AcDbLine
 10
17250.0
 20
-46850.0
 30
0.0
 11
17250.0
 21
-44350.0
 31
0.0
  0
CIRCLE
  5
7BB
330
17
100
AcDbEntity
  8
EJES
 62
7
370
25
100
AcDbCircle
 10
17250.0
 20
-44650.0
 30
0.0
 40
170.0
  0
TEXT
  5
7BC
330
17
100
AcDbEntity
  8
EJES
 62
7
100
AcDbText
 10
17250.0
 20
-44650.0
 30
0.0
 40
130.0
  1
E
 72
1
 11
17250.0
 21
-44650.0
 31
0.0
100
AcDbText
 73
2
  0
LINE
  5
7BD
330
17
100
AcDbEntity
  8
ESTRIBOS
 62
7
370
15
100
AcDbLine
 10
2100.0
 20
-45860.0
 30
0.0
 11
2100.0
 21
-45390.0
 31
0.0
  0
LINE
  5
7BE
330
17
100
AcDbEntity
  8
ESTRIBOS
 62
7
370
15
100
AcDbLine
 10
2208.333333
 20
-45860.0
 30
0.0
 11
2208.333333
 21
-45390.0
 31
0.0
  0
LINE
  5
7BF
330
17
100
AcDbEntity
  8
ESTRIBOS
 62
7
370
15
100
AcDbLine
 10
2316.666667
 20
-45860.0
 30
0.0
 11
2316.666667
 21
-45390.0
 31
0.0
  0
LINE
  5
7C0
330
17
100
AcDbEntity
  8
ESTRIBOS
 62
7
370
15
100
AcDbLine
 10
2425.0
 20
-45860.0
 30
0.0
 11
2425.0
 21
-45390.0
 31
0.0
  0
LINE
  5
7C1
330
17
100
AcDbEntity
  8
ESTRIBOS
 62
7
370
15
100
AcDbLine
 10
2533.333333
 20
-45860.0
 30
0.0
 11
2533.333333
 21
-45390.0
 31
0.0
  0
LINE
  5
7C2
330
17
100
AcDbEntity
  8
ESTRIBOS
 62
7
370
15
100
AcDbLine
 10
2641.666667
 20
-45860.0
 30
0.0
 11
2641.666667
 21
-45390.0
 31
0.0
  0
LINE
  5
7C3
330
17
100
AcDbEntity
  8
ESTRIBOS
 62
7
370
15
100
AcDbLine
 10
2750.0
 20
-45860.0
 30
0.0
 11
2750.0
 21
-45390.0
 31
0.0
  0
LINE
  5
7C4
330
17
100
AcDbEntity
  8
ESTRIBOS
 62
7
370
15
100
AcDbLine
 10
2858.333333
 20
-45860.0
 30
0.0
 11
2858.333333
 21
-45390.0
 31
0.0
  0
LINE
  5
7C5
330
17
100
AcDbEntity
  8
ESTRIBOS
 62
7
370
15
100
AcDbLine
 10
2966.666667
 20
-45860.0
 30
0.0
 11
2966.666667
 21
-45390.0
 31
0.0
  0
LINE
  5
7C6
330
17
100
AcDbEntity
  8
ESTRIBOS
 62
7
370
15
100
AcDbLine
 10
3075.0
 20
-45860.0
 30
0.0
 11
3075.0
 21
-45390.0
 31
0.0
  0
LINE
  5
7C7
330
17
100
AcDbEntity
  8
ESTRIBOS
 62
7
370
15
100
AcDbLine
 10
3183.333333
 20
-45860.0
 30
0.0
 11
3183.333333
 21
-45390.0
 31
0.0
  0
LINE
  5
7C8
330
17
100
AcDbEntity
  8
ESTRIBOS
 62
7
370
15
100
AcDbLine
 10
3291.666667
 20
-45860.0
 30
0.0
 11
3291.666667
 21
-45390.0
 31
0.0
  0
LINE
  5
7C9
330
17
100
AcDbEntity
  8
ESTRIBOS
 62
7
370
15
100
AcDbLine
 10
3400.0
 20
-45860.0
 30
0.0
 11
3400.0
 21
-45390.0
 31
0.0
  0
LINE
  5
7CA
330
17
100
AcDbEntity
  8
ESTRIBOS
 62
7
370
15
100
AcDbLine
 10
3508.333333
 20
-45860.0
 30
0.0
 11
3508.333333
 21
-45390.0
 31
0.0
  0
LINE
  5
7CB
330
17
100
AcDbEntity
  8
ESTRIBOS
 62
7
370
15
100
AcDbLine
 10
3616.666667
 20
-45860.0
 30
0.0
 11
3616.666667
 21
-45390.0
 31
0.0
  0
LINE
  5
7CC
330
17
100
AcDbEntity
  8
ESTRIBOS
 62
7
370
15
100
AcDbLine
 10
3725.0
 20
-45860.0
 30
0.0
 11
3725.0
 21
-45390.0
 31
0.0
  0
LINE
  5
7CD
330
17
100
AcDbEntity
  8
ESTRIBOS
 62
7
370
15
100
AcDbLine
 10
3833.333333
 20
-45860.0
 30
0.0
 11
3833.333333
 21
-45390.0
 31
0.0
  0
LINE
  5
7CE
330
17
100
AcDbEntity
  8
ESTRIBOS
 62
7
370
15
100
AcDbLine
 10
3941.666667
 20
-45860.0
 30
0.0
 11
3941.666667
 21
-45390.0
 31
0.0
  0
LINE
  5
7CF
330
17
100
AcDbEntity
  8
ESTRIBOS
 62
7
370
15
100
AcDbLine
 10
4050.0
 20
-45860.0
 30
0.0
 11
4050.0
 21
-45390.0
 31
0.0
  0
LINE
  5
7D0
330
17
100
AcDbEntity
  8
ESTRIBOS
 62
7
370
15
100
AcDbLine
 10
4750.0
 20
-45860.0
 30
0.0
 11
4750.0
 21
-45390.0
 31
0.0
  0
LINE
  5
7D1
330
17
100
AcDbEntity
  8
ESTRIBOS
 62
7
370
15
100
AcDbLine
 10
4866.666667
 20
-45860.0
 30
0.0
 11
4866.666667
 21
-45390.0
 31
0.0
  0
LINE
  5
7D2
330
17
100
AcDbEntity
  8
ESTRIBOS
 62
7
370
15
100
AcDbLine
 10
4983.333333
 20
-45860.0
 30
0.0
 11
4983.333333
 21
-45390.0
 31
0.0
  0
LINE
  5
7D3
330
17
100
AcDbEntity
  8
ESTRIBOS
 62
7
370
15
100
AcDbLine
 10
5100.0
 20
-45860.0
 30
0.0
 11
5100.0
 21
-45390.0
 31
0.0
  0
LINE
  5
7D4
330
17
100
AcDbEntity
  8
ESTRIBOS
 62
7
370
15
100
AcDbLine
 10
5216.666667
 20
-45860.0
 30
0.0
 11
5216.666667
 21
-45390.0
 31
0.0
  0
LINE
  5
7D5
330
17
100
AcDbEntity
  8
ESTRIBOS
 62
7
370
15
100
AcDbLine
 10
5333.333333
 20
-45860.0
 30
0.0
 11
5333.333333
 21
-45390.0
 31
0.0
  0
LINE
  5
7D6
330
17
100
AcDbEntity
  8
ESTRIBOS
 62
7
370
15
100
AcDbLine
 10
5450.0
 20
-45860.0
 30
0.0
 11
5450.0
 21
-45390.0
 31
0.0
  0
LINE
  5
7D7
330
17
100
AcDbEntity
  8
ESTRIBOS
 62
7
370
15
100
AcDbLine
 10
5566.666667
 20
-45860.0
 30
0.0
 11
5566.666667
 21
-45390.0
 31
0.0
  0
LINE
  5
7D8
330
17
100
AcDbEntity
  8
ESTRIBOS
 62
7
370
15
100
AcDbLine
 10
5683.333333
 20
-45860.0
 30
0.0
 11
5683.333333
 21
-45390.0
 31
0.0
  0
LINE
  5
7D9
330
17
100
AcDbEntity
  8
ESTRIBOS
 62
7
370
15
100
AcDbLine
 10
5800.0
 20
-45860.0
 30
0.0
 11
5800.0
 21
-45390.0
 31
0.0
  0
LINE
  5
7DA
330
17
100
AcDbEntity
  8
ESTRIBOS
 62
7
370
15
100
AcDbLine
 10
5915.0
 20
-45860.0
 30
0.0
 11
5915.0
 21
-45390.0
 31
0.0
  0
LINE
  5
7DB
330
17
100
AcDbEntity
  8
ESTRIBOS
 62
7
370
15
100
AcDbLine
 10
6030.0
 20
-45860.0
 30
0.0
 11
6030.0
 21
-45390.0
 31
0.0
  0
LINE
  5
7DC
330
17
100
AcDbEntity
  8
ESTRIBOS
 62
7
370
15
100
AcDbLine
 10
6145.0
 20
-45860.0
 30
0.0
 11
6145.0
 21
-45390.0
 31
0.0
  0
LINE
  5
7DD
330
17
100
AcDbEntity
  8
ESTRIBOS
 62
7
370
15
100
AcDbLine
 10
6260.0
 20
-45860.0
 30
0.0
 11
6260.0
 21
-45390.0
 31
0.0
  0
LINE
  5
7DE
330
17
100
AcDbEntity
  8
ESTRIBOS
 62
7
370
15
100
AcDbLine
 10
6375.0
 20
-45860.0
 30
0.0
 11
6375.0
 21
-45390.0
 31
0.0
  0
LINE
  5
7DF
330
17
100
AcDbEntity
  8
ESTRIBOS
 62
7
370
15
100
AcDbLine
 10
6490.0
 20
-45860.0
 30
0.0
 11
6490.0
 21
-45390.0
 31
0.0
  0
LINE
  5
7E0
330
17
100
AcDbEntity
  8
ESTRIBOS
 62
7
370
15
100
AcDbLine
 10
6605.0
 20
-45860.0
 30
0.0
 11
6605.0
 21
-45390.0
 31
0.0
  0
LINE
  5
7E1
330
17
100
AcDbEntity
  8
ESTRIBOS
 62
7
370
15
100
AcDbLine
 10
6720.0
 20
-45860.0
 30
0.0
 11
6720.0
 21
-45390.0
 31
0.0
  0
LINE
  5
7E2
330
17
100
AcDbEntity
  8
ESTRIBOS
 62
7
370
15
100
AcDbLine
 10
6835.0
 20
-45860.0
 30
0.0
 11
6835.0
 21
-45390.0
 31
0.0
  0
LINE
  5
7E3
330
17
100
AcDbEntity
  8
ESTRIBOS
 62
7
370
15
100
AcDbLine
 10
6950.0
 20
-45860.0
 30
0.0
 11
6950.0
 21
-45390.0
 31
0.0
  0
LINE
  5
7E4
330
17
100
AcDbEntity
  8
ESTRIBOS
 62
7
370
15
100
AcDbLine
 10
7065.0
 20
-45860.0
 30
0.0
 11
7065.0
 21
-45390.0
 31
0.0
  0
LINE
  5
7E5
330
17
100
AcDbEntity
  8
ESTRIBOS
 62
7
370
15
100
AcDbLine
 10
7180.0
 20
-45860.0
 30
0.0
 11
7180.0
 21
-45390.0
 31
0.0
  0
LINE
  5
7E6
330
17
100
AcDbEntity
  8
ESTRIBOS
 62
7
370
15
100
AcDbLine
 10
7295.0
 20
-45860.0
 30
0.0
 11
7295.0
 21
-45390.0
 31
0.0
  0
LINE
  5
7E7
330
17
100
AcDbEntity
  8
ESTRIBOS
 62
7
370
15
100
AcDbLine
 10
7410.0
 20
-45860.0
 30
0.0
 11
7410.0
 21
-45390.0
 31
0.0
  0
LINE
  5
7E8
330
17
100
AcDbEntity
  8
ESTRIBOS
 62
7
370
15
100
AcDbLine
 10
7525.0
 20
-45860.0
 30
0.0
 11
7525.0
 21
-45390.0
 31
0.0
  0
LINE
  5
7E9
330
17
100
AcDbEntity
  8
ESTRIBOS
 62
7
370
15
100
AcDbLine
 10
7640.0
 20
-45860.0
 30
0.0
 11
7640.0
 21
-45390.0
 31
0.0
  0
LINE
  5
7EA
330
17
100
AcDbEntity
  8
ESTRIBOS
 62
7
370
15
100
AcDbLine
 10
7755.0
 20
-45860.0
 30
0.0
 11
7755.0
 21
-45390.0
 31
0.0
  0
LINE
  5
7EB
330
17
100
AcDbEntity
  8
ESTRIBOS
 62
7
370
15
100
AcDbLine
 10
7870.0
 20
-45860.0
 30
0.0
 11
7870.0
 21
-45390.0
 31
0.0
  0
LINE
  5
7EC
330
17
100
AcDbEntity
  8
ESTRIBOS
 62
7
370
15
100
AcDbLine
 10
7985.0
 20
-45860.0
 30
0.0
 11
7985.0
 21
-45390.0
 31
0.0
  0
LINE
  5
7ED
330
17
100
AcDbEntity
  8
ESTRIBOS
 62
7
370
15
100
AcDbLine
 10
8100.0
 20
-45860.0
 30
0.0
 11
8100.0
 21
-45390.0
 31
0.0
  0
LINE
  5
7EE
330
17
100
AcDbEntity
  8
ESTRIBOS
 62
7
370
15
100
AcDbLine
 10
8216.666667
 20
-45860.0
 30
0.0
 11
8216.666667
 21
-45390.0
 31
0.0
  0
LINE
  5
7EF
330
17
100
AcDbEntity
  8
ESTRIBOS
 62
7
370
15
100
AcDbLine
 10
8333.333333
 20
-45860.0
 30
0.0
 11
8333.333333
 21
-45390.0
 31
0.0
  0
LINE
  5
7F0
330
17
100
AcDbEntity
  8
ESTRIBOS
 62
7
370
15
100
AcDbLine
 10
8450.0
 20
-45860.0
 30
0.0
 11
8450.0
 21
-45390.0
 31
0.0
  0
LINE
  5
7F1
330
17
100
AcDbEntity
  8
ESTRIBOS
 62
7
370
15
100
AcDbLine
 10
8566.666667
 20
-45860.0
 30
0.0
 11
8566.666667
 21
-45390.0
 31
0.0
  0
LINE
  5
7F2
330
17
100
AcDbEntity
  8
ESTRIBOS
 62
7
370
15
100
AcDbLine
 10
8683.333333
 20
-45860.0
 30
0.0
 11
8683.333333
 21
-45390.0
 31
0.0
  0
LINE
  5
7F3
330
17
100
AcDbEntity
  8
ESTRIBOS
 62
7
370
15
100
AcDbLine
 10
8800.0
 20
-45860.0
 30
0.0
 11
8800.0
 21
-45390.0
 31
0.0
  0
LINE
  5
7F4
330
17
100
AcDbEntity
  8
ESTRIBOS
 62
7
370
15
100
AcDbLine
 10
8916.666667
 20
-45860.0
 30
0.0
 11
8916.666667
 21
-45390.0
 31
0.0
  0
LINE
  5
7F5
330
17
100
AcDbEntity
  8
ESTRIBOS
 62
7
370
15
100
AcDbLine
 10
9033.333333
 20
-45860.0
 30
0.0
 11
9033.333333
 21
-45390.0
 31
0.0
  0
LINE
  5
7F6
330
17
100
AcDbEntity
  8
ESTRIBOS
 62
7
370
15
100
AcDbLine
 10
9150.0
 20
-45860.0
 30
0.0
 11
9150.0
 21
-45390.0
 31
0.0
  0
LINE
  5
7F7
330
17
100
AcDbEntity
  8
ESTRIBOS
 62
7
370
15
100
AcDbLine
 10
9850.0
 20
-45860.0
 30
0.0
 11
9850.0
 21
-45390.0
 31
0.0
  0
LINE
  5
7F8
330
17
100
AcDbEntity
  8
ESTRIBOS
 62
7
370
15
100
AcDbLine
 10
9966.666667
 20
-45860.0
 30
0.0
 11
9966.666667
 21
-45390.0
 31
0.0
  0
LINE
  5
7F9
330
17
100
AcDbEntity
  8
ESTRIBOS
 62
7
370
15
100
AcDbLine
 10
10083.333333
 20
-45860.0
 30
0.0
 11
10083.333333
 21
-45390.0
 31
0.0
  0
LINE
  5
7FA
330
17
100
AcDbEntity
  8
ESTRIBOS
 62
7
370
15
100
AcDbLine
 10
10200.0
 20
-45860.0
 30
0.0
 11
10200.0
 21
-45390.0
 31
0.0
  0
LINE
  5
7FB
330
17
100
AcDbEntity
  8
ESTRIBOS
 62
7
370
15
100
AcDbLine
 10
10316.666667
 20
-45860.0
 30
0.0
 11
10316.666667
 21
-45390.0
 31
0.0
  0
LINE
  5
7FC
330
17
100
AcDbEntity
  8
ESTRIBOS
 62
7
370
15
100
AcDbLine
 10
10433.333333
 20
-45860.0
 30
0.0
 11
10433.333333
 21
-45390.0
 31
0.0
  0
LINE
  5
7FD
330
17
100
AcDbEntity
  8
ESTRIBOS
 62
7
370
15
100
AcDbLine
 10
10550.0
 20
-45860.0
 30
0.0
 11
10550.0
 21
-45390.0
 31
0.0
  0
LINE
  5
7FE
330
17
100
AcDbEntity
  8
ESTRIBOS
 62
7
370
15
100
AcDbLine
 10
10666.666667
 20
-45860.0
 30
0.0
 11
10666.666667
 21
-45390.0
 31
0.0
  0
LINE
  5
7FF
330
17
100
AcDbEntity
  8
ESTRIBOS
 62
7
370
15
100
AcDbLine
 10
10783.333333
 20
-45860.0
 30
0.0
 11
10783.333333
 21
-45390.0
 31
0.0
  0
LINE
  5
800
330
17
100
AcDbEntity
  8
ESTRIBOS
 62
7
370
15
100
AcDbLine
 10
10900.0
 20
-45860.0
 30
0.0
 11
10900.0
 21
-45390.0
 31
0.0
  0
LINE
  5
801
330
17
100
AcDbEntity
  8
ESTRIBOS
 62
7
370
15
100
AcDbLine
 10
11015.0
 20
-45860.0
 30
0.0
 11
11015.0
 21
-45390.0
 31
0.0
  0
LINE
  5
802
330
17
100
AcDbEntity
  8
ESTRIBOS
 62
7
370
15
100
AcDbLine
 10
11130.0
 20
-45860.0
 30
0.0
 11
11130.0
 21
-45390.0
 31
0.0
  0
LINE
  5
803
330
17
100
AcDbEntity
  8
ESTRIBOS
 62
7
370
15
100
AcDbLine
 10
11245.0
 20
-45860.0
 30
0.0
 11
11245.0
 21
-45390.0
 31
0.0
  0
LINE
  5
804
330
17
100
AcDbEntity
  8
ESTRIBOS
 62
7
370
15
100
AcDbLine
 10
11360.0
 20
-45860.0
 30
0.0
 11
11360.0
 21
-45390.0
 31
0.0
  0
LINE
  5
805
330
17
100
AcDbEntity
  8
ESTRIBOS
 62
7
370
15
100
AcDbLine
 10
11475.0
 20
-45860.0
 30
0.0
 11
11475.0
 21
-45390.0
 31
0.0
  0
LINE
  5
806
330
17
100
AcDbEntity
  8
ESTRIBOS
 62
7
370
15
100
AcDbLine
 10
11590.0
 20
-45860.0
 30
0.0
 11
11590.0
 21
-45390.0
 31
0.0
  0
LINE
  5
807
330
17
100
AcDbEntity
  8
ESTRIBOS
 62
7
370
15
100
AcDbLine
 10
11705.0
 20
-45860.0
 30
0.0
 11
11705.0
 21
-45390.0
 31
0.0
  0
LINE
  5
808
330
17
100
AcDbEntity
  8
ESTRIBOS
 62
7
370
15
100
AcDbLine
 10
11820.0
 20
-45860.0
 30
0.0
 11
11820.0
 21
-45390.0
 31
0.0
  0
LINE
  5
809
330
17
100
AcDbEntity
  8
ESTRIBOS
 62
7
370
15
100
AcDbLine
 10
11935.0
 20
-45860.0
 30
0.0
 11
11935.0
 21
-45390.0
 31
0.0
  0
LINE
  5
80A
330
17
100
AcDbEntity
  8
ESTRIBOS
 62
7
370
15
100
AcDbLine
 10
12050.0
 20
-45860.0
 30
0.0
 11
12050.0
 21
-45390.0
 31
0.0
  0
LINE
  5
80B
330
17
100
AcDbEntity
  8
ESTRIBOS
 62
7
370
15
100
AcDbLine
 10
12165.0
 20
-45860.0
 30
0.0
 11
12165.0
 21
-45390.0
 31
0.0
  0
LINE
  5
80C
330
17
100
AcDbEntity
  8
ESTRIBOS
 62
7
370
15
100
AcDbLine
 10
12280.0
 20
-45860.0
 30
0.0
 11
12280.0
 21
-45390.0
 31
0.0
  0
LINE
  5
80D
330
17
100
AcDbEntity
  8
ESTRIBOS
 62
7
370
15
100
AcDbLine
 10
12395.0
 20
-45860.0
 30
0.0
 11
12395.0
 21
-45390.0
 31
0.0
  0
LINE
  5
80E
330
17
100
AcDbEntity
  8
ESTRIBOS
 62
7
370
15
100
AcDbLine
 10
12510.0
 20
-45860.0
 30
0.0
 11
12510.0
 21
-45390.0
 31
0.0
  0
LINE
  5
80F
330
17
100
AcDbEntity
  8
ESTRIBOS
 62
7
370
15
100
AcDbLine
 10
12625.0
 20
-45860.0
 30
0.0
 11
12625.0
 21
-45390.0
 31
0.0
  0
LINE
  5
810
330
17
100
AcDbEntity
  8
ESTRIBOS
 62
7
370
15
100
AcDbLine
 10
12740.0
 20
-45860.0
 30
0.0
 11
12740.0
 21
-45390.0
 31
0.0
  0
LINE
  5
811
330
17
100
AcDbEntity
  8
ESTRIBOS
 62
7
370
15
100
AcDbLine
 10
12855.0
 20
-45860.0
 30
0.0
 11
12855.0
 21
-45390.0
 31
0.0
  0
LINE
  5
812
330
17
100
AcDbEntity
  8
ESTRIBOS
 62
7
370
15
100
AcDbLine
 10
12970.0
 20
-45860.0
 30
0.0
 11
12970.0
 21
-45390.0
 31
0.0
  0
LINE
  5
813
330
17
100
AcDbEntity
  8
ESTRIBOS
 62
7
370
15
100
AcDbLine
 10
13085.0
 20
-45860.0
 30
0.0
 11
13085.0
 21
-45390.0
 31
0.0
  0
LINE
  5
814
330
17
100
AcDbEntity
  8
ESTRIBOS
 62
7
370
15
100
AcDbLine
 10
13200.0
 20
-45860.0
 30
0.0
 11
13200.0
 21
-45390.0
 31
0.0
  0
LINE
  5
815
330
17
100
AcDbEntity
  8
ESTRIBOS
 62
7
370
15
100
AcDbLine
 10
13316.666667
 20
-45860.0
 30
0.0
 11
13316.666667
 21
-45390.0
 31
0.0
  0
LINE
  5
816
330
17
100
AcDbEntity
  8
ESTRIBOS
 62
7
370
15
100
AcDbLine
 10
13433.333333
 20
-45860.0
 30
0.0
 11
13433.333333
 21
-45390.0
 31
0.0
  0
LINE
  5
817
330
17
100
AcDbEntity
  8
ESTRIBOS
 62
7
370
15
100
AcDbLine
 10
13550.0
 20
-45860.0
 30
0.0
 11
13550.0
 21
-45390.0
 31
0.0
  0
LINE
  5
818
330
17
100
AcDbEntity
  8
ESTRIBOS
 62
7
370
15
100
AcDbLine
 10
13666.666667
 20
-45860.0
 30
0.0
 11
13666.666667
 21
-45390.0
 31
0.0
  0
LINE
  5
819
330
17
100
AcDbEntity
  8
ESTRIBOS
 62
7
370
15
100
AcDbLine
 10
13783.333333
 20
-45860.0
 30
0.0
 11
13783.333333
 21
-45390.0
 31
0.0
  0
LINE
  5
81A
330
17
100
AcDbEntity
  8
ESTRIBOS
 62
7
370
15
100
AcDbLine
 10
13900.0
 20
-45860.0
 30
0.0
 11
13900.0
 21
-45390.0
 31
0.0
  0
LINE
  5
81B
330
17
100
AcDbEntity
  8
ESTRIBOS
 62
7
370
15
100
AcDbLine
 10
14016.666667
 20
-45860.0
 30
0.0
 11
14016.666667
 21
-45390.0
 31
0.0
  0
LINE
  5
81C
330
17
100
AcDbEntity
  8
ESTRIBOS
 62
7
370
15
100
AcDbLine
 10
14133.333333
 20
-45860.0
 30
0.0
 11
14133.333333
 21
-45390.0
 31
0.0
  0
LINE
  5
81D
330
17
100
AcDbEntity
  8
ESTRIBOS
 62
7
370
15
100
AcDbLine
 10
14250.0
 20
-45860.0
 30
0.0
 11
14250.0
 21
-45390.0
 31
0.0
  0
LINE
  5
81E
330
17
100
AcDbEntity
  8
ESTRIBOS
 62
7
370
15
100
AcDbLine
 10
14950.0
 20
-45860.0
 30
0.0
 11
14950.0
 21
-45390.0
 31
0.0
  0
LINE
  5
81F
330
17
100
AcDbEntity
  8
ESTRIBOS
 62
7
370
15
100
AcDbLine
 10
15058.333333
 20
-45860.0
 30
0.0
 11
15058.333333
 21
-45390.0
 31
0.0
  0
LINE
  5
820
330
17
100
AcDbEntity
  8
ESTRIBOS
 62
7
370
15
100
AcDbLine
 10
15166.666667
 20
-45860.0
 30
0.0
 11
15166.666667
 21
-45390.0
 31
0.0
  0
LINE
  5
821
330
17
100
AcDbEntity
  8
ESTRIBOS
 62
7
370
15
100
AcDbLine
 10
15275.0
 20
-45860.0
 30
0.0
 11
15275.0
 21
-45390.0
 31
0.0
  0
LINE
  5
822
330
17
100
AcDbEntity
  8
ESTRIBOS
 62
7
370
15
100
AcDbLine
 10
15383.333333
 20
-45860.0
 30
0.0
 11
15383.333333
 21
-45390.0
 31
0.0
  0
LINE
  5
823
330
17
100
AcDbEntity
  8
ESTRIBOS
 62
7
370
15
100
AcDbLine
 10
15491.666667
 20
-45860.0
 30
0.0
 11
15491.666667
 21
-45390.0
 31
0.0
  0
LINE
  5
824
330
17
100
AcDbEntity
  8
ESTRIBOS
 62
7
370
15
100
AcDbLine
 10
15600.0
 20
-45860.0
 30
0.0
 11
15600.0
 21
-45390.0
 31
0.0
  0
LINE
  5
825
330
17
100
AcDbEntity
  8
ESTRIBOS
 62
7
370
15
100
AcDbLine
 10
15708.333333
 20
-45860.0
 30
0.0
 11
15708.333333
 21
-45390.0
 31
0.0
  0
LINE
  5
826
330
17
100
AcDbEntity
  8
ESTRIBOS
 62
7
370
15
100
AcDbLine
 10
15816.666667
 20
-45860.0
 30
0.0
 11
15816.666667
 21
-45390.0
 31
0.0
  0
LINE
  5
827
330
17
100
AcDbEntity
  8
ESTRIBOS
 62
7
370
15
100
AcDbLine
 10
15925.0
 20
-45860.0
 30
0.0
 11
15925.0
 21
-45390.0
 31
0.0
  0
LINE
  5
828
330
17
100
AcDbEntity
  8
ESTRIBOS
 62
7
370
15
100
AcDbLine
 10
16033.333333
 20
-45860.0
 30
0.0
 11
16033.333333
 21
-45390.0
 31
0.0
  0
LINE
  5
829
330
17
100
AcDbEntity
  8
ESTRIBOS
 62
7
370
15
100
AcDbLine
 10
16141.666667
 20
-45860.0
 30
0.0
 11
16141.666667
 21
-45390.0
 31
0.0
  0
LINE
  5
82A
330
17
100
AcDbEntity
  8
ESTRIBOS
 62
7
370
15
100
AcDbLine
 10
16250.0
 20
-45860.0
 30
0.0
 11
16250.0
 21
-45390.0
 31
0.0
  0
LINE
  5
82B
330
17
100
AcDbEntity
  8
ESTRIBOS
 62
7
370
15
100
AcDbLine
 10
16358.333333
 20
-45860.0
 30
0.0
 11
16358.333333
 21
-45390.0
 31
0.0
  0
LINE
  5
82C
330
17
100
AcDbEntity
  8
ESTRIBOS
 62
7
370
15
100
AcDbLine
 10
16466.666667
 20
-45860.0
 30
0.0
 11
16466.666667
 21
-45390.0
 31
0.0
  0
LINE
  5
82D
330
17
100
AcDbEntity
  8
ESTRIBOS
 62
7
370
15
100
AcDbLine
 10
16575.0
 20
-45860.0
 30
0.0
 11
16575.0
 21
-45390.0
 31
0.0
  0
LINE
  5
82E
330
17
100
AcDbEntity
  8
ESTRIBOS
 62
7
370
15
100
AcDbLine
 10
16683.333333
 20
-45860.0
 30
0.0
 11
16683.333333
 21
-45390.0
 31
0.0
  0
LINE
  5
82F
330
17
100
AcDbEntity
  8
ESTRIBOS
 62
7
370
15
100
AcDbLine
 10
16791.666667
 20
-45860.0
 30
0.0
 11
16791.666667
 21
-45390.0
 31
0.0
  0
LINE
  5
830
330
17
100
AcDbEntity
  8
ESTRIBOS
 62
7
370
15
100
AcDbLine
 10
16900.0
 20
-45860.0
 30
0.0
 11
16900.0
 21
-45390.0
 31
0.0
  0
LINE
  5
831
330
17
100
AcDbEntity
  8
REF_SUP_CONT
 62
7
370
40
100
AcDbLine
 10
1750.0
 20
-45420.0
 30
0.0
 11
17250.0
 21
-45420.0
 31
0.0
  0
LINE
  5
832
330
17
100
AcDbEntity
  8
REF_SUP_CONT
 62
7
370
40
100
AcDbLine
 10
1750.0
 20
-45420.0
 30
0.0
 11
1445.0
 21
-45420.0
 31
0.0
  0
LINE
  5
833
330
17
100
AcDbEntity
  8
REF_SUP_CONT
 62
7
370
40
100
AcDbLine
 10
1445.0
 20
-45420.0
 30
0.0
 11
1445.0
 21
-45615.0
 31
0.0
  0
LINE
  5
834
330
17
100
AcDbEntity
  8
REF_SUP_CONT
 62
7
370
40
100
AcDbLine
 10
17250.0
 20
-45420.0
 30
0.0
 11
17555.0
 21
-45420.0
 31
0.0
  0
LINE
  5
835
330
17
100
AcDbEntity
  8
REF_SUP_CONT
 62
7
370
40
100
AcDbLine
 10
17555.0
 20
-45420.0
 30
0.0
 11
17555.0
 21
-45615.0
 31
0.0
  0
LINE
  5
836
330
17
100
AcDbEntity
  8
REF_INF
 62
7
370
40
100
AcDbLine
 10
1750.0
 20
-45830.0
 30
0.0
 11
17250.0
 21
-45830.0
 31
0.0
  0
LINE
  5
837
330
17
100
AcDbEntity
  8
REF_INF
 62
7
370
40
100
AcDbLine
 10
1750.0
 20
-45830.0
 30
0.0
 11
1445.0
 21
-45830.0
 31
0.0
  0
LINE
  5
838
330
17
100
AcDbEntity
  8
REF_INF
 62
7
370
40
100
AcDbLine
 10
1445.0
 20
-45830.0
 30
0.0
 11
1445.0
 21
-45635.0
 31
0.0
  0
LINE
  5
839
330
17
100
AcDbEntity
  8
REF_INF
 62
7
370
40
100
AcDbLine
 10
17250.0
 20
-45830.0
 30
0.0
 11
17555.0
 21
-45830.0
 31
0.0
  0
LINE
  5
83A
330
17
100
AcDbEntity
  8
REF_INF
 62
7
370
40
100
AcDbLine
 10
17555.0
 20
-45830.0
 30
0.0
 11
17555.0
 21
-45635.0
 31
0.0
  0
LINE
  5
83B
330
17
100
AcDbEntity
  8
REF_SUP_BASTON
 62
7
370
40
100
AcDbLine
 10
1731.0276471377642
 20
-45525.0
 30
0.0
 11
2875.0
 21
-45525.0
 31
0.0
  0
ARC
  5
83C
330
17
100
AcDbEntity
  8
REF_SUP_BASTON
 62
7
370
40
100
AcDbCircle
 10
1731.0276471377642
 20
-45582.95
 30
0.0
 40
57.95
100
AcDbArc
 50
90.0
 51
180.0
  0
LINE
  5
83D
330
17
100
AcDbEntity
  8
REF_SUP_BASTON
 62
7
370
40
100
AcDbLine
 10
1673.0776471377642
 20
-45582.95
 30
0.0
 11
1673.0776471377642
 21
-45777.95
 31
0.0
  0
LINE
  5
83E
330
17
100
AcDbEntity
  8
REF_SUP_BASTON
 62
7
370
40
100
AcDbLine
 10
3275.0
 20
-45595.0
 30
0.0
 11
4705.0
 21
-45595.0
 31
0.0
  0
LINE
  5
83F
330
17
100
AcDbEntity
  8
REF_SUP_BASTON
 62
7
370
40
100
AcDbLine
 10
4095.0
 20
-45650.0
 30
0.0
 11
5525.0
 21
-45650.0
 31
0.0
  0
LINE
  5
840
330
17
100
AcDbEntity
  8
REF_SUP_BASTON
 62
7
370
40
100
AcDbLine
 10
8375.0
 20
-45525.0
 30
0.0
 11
9805.0
 21
-45525.0
 31
0.0
  0
LINE
  5
841
330
17
100
AcDbEntity
  8
REF_SUP_BASTON
 62
7
370
40
100
AcDbLine
 10
9195.0
 20
-45580.0
 30
0.0
 11
10625.0
 21
-45580.0
 31
0.0
  0
LINE
  5
842
330
17
100
AcDbEntity
  8
REF_SUP_BASTON
 62
7
370
40
100
AcDbLine
 10
13475.0
 20
-45595.0
 30
0.0
 11
14905.0
 21
-45595.0
 31
0.0
  0
LINE
  5
843
330
17
100
AcDbEntity
  8
REF_SUP_BASTON
 62
7
370
40
100
AcDbLine
 10
14295.0
 20
-45650.0
 30
0.0
 11
15725.0
 21
-45650.0
 31
0.0
  0
LINE
  5
844
330
17
100
AcDbEntity
  8
REF_SUP_BASTON
 62
7
370
40
100
AcDbLine
 10
16125.0
 20
-45525.0
 30
0.0
 11
17268.972352862234
 21
-45525.0
 31
0.0
  0
ARC
  5
845
330
17
100
AcDbEntity
  8
REF_SUP_BASTON
 62
7
370
40
100
AcDbCircle
 10
17268.972352862234
 20
-45582.95
 30
0.0
 40
57.95
100
AcDbArc
 50
0.0
 51
90.0
  0
LINE
  5
846
330
17
100
AcDbEntity
  8
REF_SUP_BASTON
 62
7
370
40
100
AcDbLine
 10
17326.922352862235
 20
-45582.95
 30
0.0
 11
17326.922352862235
 21
-45777.95
 31
0.0
  0
LINE
  5
847
330
17
100
AcDbEntity
  8
REF_TORSION
 62
7
370
35
100
AcDbLine
 10
1750.0
 20
-45625.0
 30
0.0
 11
17250.0
 21
-45625.0
 31
0.0
  0
DIMENSION
  5
848
330
17
100
AcDbEntity
  8
COTAS
100
AcDbDimension
280
0
  2
*D28
  3
EZDXF
 10
1750.0
 20
-46320.0
 30
0.0
 11
3075.0
 21
-46277.4
 31
0.0
 70
32
 71
5
  1
2650 mm
100
AcDbAlignedDimension
 13
1750.0
 23
-46200.0
 33
0.0
 14
4400.0
 24
-46200.0
 34
0.0
 50
0.0
100
AcDbRotatedDimension
1001
ACAD
1000
DSTYLE
1002
{
1070
140
1040
85.0
1070
41
1040
45.0
1070
44
1040
70.0
1070
42
1040
25.0
1070
77
1070
1
1070
176
1070
7
1070
177
1070
7
1070
178
1070
7
1002
}
  0
DIMENSION
  5
857
330
17
100
AcDbEntity
  8
COTAS
100
AcDbDimension
280
0
  2
*D29
  3
EZDXF
 10
4400.0
 20
-46320.0
 30
0.0
 11
6950.0
 21
-46277.4
 31
0.0
 70
32
 71
5
  1
5100 mm
100
AcDbAlignedDimension
 13
4400.0
 23
-46200.0
 33
0.0
 14
9500.0
 24
-46200.0
 34
0.0
 50
0.0
100
AcDbRotatedDimension
1001
ACAD
1000
DSTYLE
1002
{
1070
140
1040
85.0
1070
41
1040
45.0
1070
44
1040
70.0
1070
42
1040
25.0
1070
77
1070
1
1070
176
1070
7
1070
177
1070
7
1070
178
1070
7
1002
}
  0
DIMENSION
  5
866
330
17
100
AcDbEntity
  8
COTAS
100
AcDbDimension
280
0
  2
*D30
  3
EZDXF
 10
9500.0
 20
-46320.0
 30
0.0
 11
12050.0
 21
-46277.4
 31
0.0
 70
32
 71
5
  1
5100 mm
100
AcDbAlignedDimension
 13
9500.0
 23
-46200.0
 33
0.0
 14
14600.0
 24
-46200.0
 34
0.0
 50
0.0
100
AcDbRotatedDimension
1001
ACAD
1000
DSTYLE
1002
{
1070
140
1040
85.0
1070
41
1040
45.0
1070
44
1040
70.0
1070
42
1040
25.0
1070
77
1070
1
1070
176
1070
7
1070
177
1070
7
1070
178
1070
7
1002
}
  0
DIMENSION
  5
875
330
17
100
AcDbEntity
  8
COTAS
100
AcDbDimension
280
0
  2
*D31
  3
EZDXF
 10
14600.0
 20
-46320.0
 30
0.0
 11
15925.0
 21
-46277.4
 31
0.0
 70
32
 71
5
  1
2650 mm
100
AcDbAlignedDimension
 13
14600.0
 23
-46200.0
 33
0.0
 14
17250.0
 24
-46200.0
 34
0.0
 50
0.0
100
AcDbRotatedDimension
1001
ACAD
1000
DSTYLE
1002
{
1070
140
1040
85.0
1070
41
1040
45.0
1070
44
1040
70.0
1070
42
1040
25.0
1070
77
1070
1
1070
176
1070
7
1070
177
1070
7
1070
178
1070
7
1002
}
  0
DIMENSION
  5
884
330
17
100
AcDbEntity
  8
COTAS
100
AcDbDimension
280
0
  2
*D32
  3
EZDXF
 10
1750.0
 20
-46660.0
 30
0.0
 11
9500.0
 21
-46617.4
 31
0.0
 70
32
 71
5
  1
LONGITUD ENTRE EJES = 15500 mm
100
AcDbAlignedDimension
 13
1750.0
 23
-46540.0
 33
0.0
 14
17250.0
 24
-46540.0
 34
0.0
 50
0.0
100
AcDbRotatedDimension
1001
ACAD
1000
DSTYLE
1002
{
1070
140
1040
85.0
1070
41
1040
45.0
1070
44
1040
70.0
1070
42
1040
25.0
1070
77
1070
1
1070
176
1070
7
1070
177
1070
7
1070
178
1070
7
1002
}
  0
LINE
  5
893
330
17
100
AcDbEntity
  8
CORTES
 62
7
370
25
100
AcDbLine
 10
2170.0
 20
-46010.0
 30
0.0
 11
2170.0
 21
-45240.0
 31
0.0
  0
CIRCLE
  5
894
330
17
100
AcDbEntity
  8
CORTES
 62
7
370
25
100
AcDbCircle
 10
2170.0
 20
-46010.0
 30
0.0
 40
75.0
  0
TEXT
  5
895
330
17
100
AcDbEntity
  8
CORTES
 62
7
100
AcDbText
 10
2170.0
 20
-46010.0
 30
0.0
 40
70.0
  1
A
 72
1
 11
2170.0
 21
-46010.0
 31
0.0
100
AcDbText
 73
2
  0
CIRCLE
  5
896
330
17
100
AcDbEntity
  8
CORTES
 62
7
370
25
100
AcDbCircle
 10
2170.0
 20
-45240.0
 30
0.0
 40
75.0
  0
TEXT
  5
897
330
17
100
AcDbEntity
  8
CORTES
 62
7
100
AcDbText
 10
2170.0
 20
-45240.0
 30
0.0
 40
70.0
  1
A
 72
1
 11
2170.0
 21
-45240.0
 31
0.0
100
AcDbText
 73
2
  0
LINE
  5
898
330
17
100
AcDbEntity
  8
CORTES
 62
7
370
25
100
AcDbLine
 10
3075.0
 20
-46010.0
 30
0.0
 11
3075.0
 21
-45240.0
 31
0.0
  0
CIRCLE
  5
899
330
17
100
AcDbEntity
  8
CORTES
 62
7
370
25
100
AcDbCircle
 10
3075.0
 20
-46010.0
 30
0.0
 40
75.0
  0
TEXT
  5
89A
330
17
100
AcDbEntity
  8
CORTES
 62
7
100
AcDbText
 10
3075.0
 20
-46010.0
 30
0.0
 40
70.0
  1
B
 72
1
 11
3075.0
 21
-46010.0
 31
0.0
100
AcDbText
 73
2
  0
CIRCLE
  5
89B
330
17
100
AcDbEntity
  8
CORTES
 62
7
370
25
100
AcDbCircle
 10
3075.0
 20
-45240.0
 30
0.0
 40
75.0
  0
TEXT
  5
89C
330
17
100
AcDbEntity
  8
CORTES
 62
7
100
AcDbText
 10
3075.0
 20
-45240.0
 30
0.0
 40
70.0
  1
B
 72
1
 11
3075.0
 21
-45240.0
 31
0.0
100
AcDbText
 73
2
  0
LWPOLYLINE
  5
89D
330
17
100
AcDbEntity
  8
VIGA
 62
7
370
35
100
AcDbPolyline
 90
4
 70
1
 10
7975.0
 20
-48575.0
 10
8425.0
 20
-48575.0
 10
8425.0
 20
-48025.0
 10
7975.0
 20
-48025.0
  0
LWPOLYLINE
  5
89E
330
17
100
AcDbEntity
  8
ESTRIBOS
 62
7
370
25
100
AcDbPolyline
 90
4
 70
1
 10
8015.0
 20
-48535.0
 10
8385.0
 20
-48535.0
 10
8385.0
 20
-48065.0
 10
8015.0
 20
-48065.0
  0
LINE
  5
89F
330
17
100
AcDbEntity
  8
ESTRIBOS
 62
7
370
20
100
AcDbLine
 10
8138.333333333333
 20
-48535.0
 30
0.0
 11
8138.333333333333
 21
-48065.0
 31
0.0
  0
LINE
  5
8A0
330
17
100
AcDbEntity
  8
ESTRIBOS
 62
7
370
20
100
AcDbLine
 10
8261.666666666666
 20
-48535.0
 30
0.0
 11
8261.666666666666
 21
-48065.0
 31
0.0
  0
CIRCLE
  5
8A1
330
17
100
AcDbEntity
  8
REF_SUP_CONT
 62
7
370
35
100
AcDbCircle
 10
8035.65
 20
-48085.65
 30
0.0
 40
7.95
  0
CIRCLE
  5
8A2
330
17
100
AcDbEntity
  8
REF_SUP_CONT
 62
7
370
35
100
AcDbCircle
 10
8101.389999999999
 20
-48085.65
 30
0.0
 40
7.95
  0
CIRCLE
  5
8A3
330
17
100
AcDbEntity
  8
REF_SUP_CONT
 62
7
370
35
100
AcDbCircle
 10
8167.129999999999
 20
-48085.65
 30
0.0
 40
7.95
  0
CIRCLE
  5
8A4
330
17
100
AcDbEntity
  8
REF_SUP_CONT
 62
7
370
35
100
AcDbCircle
 10
8232.869999999999
 20
-48085.65
 30
0.0
 40
7.95
  0
CIRCLE
  5
8A5
330
17
100
AcDbEntity
  8
REF_SUP_CONT
 62
7
370
35
100
AcDbCircle
 10
8298.609999999999
 20
-48085.65
 30
0.0
 40
7.95
  0
CIRCLE
  5
8A6
330
17
100
AcDbEntity
  8
REF_SUP_CONT
 62
7
370
35
100
AcDbCircle
 10
8364.35
 20
-48085.65
 30
0.0
 40
7.95
  0
CIRCLE
  5
8A7
330
17
100
AcDbEntity
  8
REF_INF
 62
7
370
35
100
AcDbCircle
 10
8035.65
 20
-48514.35
 30
0.0
 40
7.95
  0
CIRCLE
  5
8A8
330
17
100
AcDbEntity
  8
REF_INF
 62
7
370
35
100
AcDbCircle
 10
8101.389999999999
 20
-48514.35
 30
0.0
 40
7.95
  0
CIRCLE
  5
8A9
330
17
100
AcDbEntity
  8
REF_INF
 62
7
370
35
100
AcDbCircle
 10
8167.129999999999
 20
-48514.35
 30
0.0
 40
7.95
  0
CIRCLE
  5
8AA
330
17
100
AcDbEntity
  8
REF_INF
 62
7
370
35
100
AcDbCircle
 10
8232.869999999999
 20
-48514.35
 30
0.0
 40
7.95
  0
CIRCLE
  5
8AB
330
17
100
AcDbEntity
  8
REF_INF
 62
7
370
35
100
AcDbCircle
 10
8298.609999999999
 20
-48514.35
 30
0.0
 40
7.95
  0
CIRCLE
  5
8AC
330
17
100
AcDbEntity
  8
REF_INF
 62
7
370
35
100
AcDbCircle
 10
8364.35
 20
-48514.35
 30
0.0
 40
7.95
  0
CIRCLE
  5
8AD
330
17
100
AcDbEntity
  8
REF_TORSION
 62
7
370
30
100
AcDbCircle
 10
8035.65
 20
-48454.35
 30
0.0
 40
7.95
  0
CIRCLE
  5
8AE
330
17
100
AcDbEntity
  8
REF_TORSION
 62
7
370
30
100
AcDbCircle
 10
8364.35
 20
-48454.35
 30
0.0
 40
7.95
  0
CIRCLE
  5
8AF
330
17
100
AcDbEntity
  8
REF_TORSION
 62
7
370
30
100
AcDbCircle
 10
8035.65
 20
-48351.45
 30
0.0
 40
7.95
  0
CIRCLE
  5
8B0
330
17
100
AcDbEntity
  8
REF_TORSION
 62
7
370
30
100
AcDbCircle
 10
8364.35
 20
-48351.45
 30
0.0
 40
7.95
  0
CIRCLE
  5
8B1
330
17
100
AcDbEntity
  8
REF_TORSION
 62
7
370
30
100
AcDbCircle
 10
8035.65
 20
-48248.55
 30
0.0
 40
7.95
  0
CIRCLE
  5
8B2
330
17
100
AcDbEntity
  8
REF_TORSION
 62
7
370
30
100
AcDbCircle
 10
8364.35
 20
-48248.55
 30
0.0
 40
7.95
  0
CIRCLE
  5
8B3
330
17
100
AcDbEntity
  8
REF_TORSION
 62
7
370
30
100
AcDbCircle
 10
8035.65
 20
-48145.65
 30
0.0
 40
7.95
  0
CIRCLE
  5
8B4
330
17
100
AcDbEntity
  8
REF_TORSION
 62
7
370
30
100
AcDbCircle
 10
8364.35
 20
-48145.65
 30
0.0
 40
7.95
  0
TEXT
  5
8B5
330
17
100
AcDbEntity
  8
CORTES
 62
7
100
AcDbText
 10
8200.0
 20
-48695.0
 30
0.0
 40
90.0
  1
CORTE A–A APOYO
 72
1
 11
8200.0
 21
-48695.0
 31
0.0
100
AcDbText
 73
2
  0
TEXT
  5
8B6
330
17
100
AcDbEntity
  8
TEXTO
 62
7
100
AcDbText
 10
8200.0
 20
-48810.0
 30
0.0
 40
80.0
  1
450 × 550 mm
 72
1
 11
8200.0
 21
-48810.0
 31
0.0
100
AcDbText
 73
2
  0
LWPOLYLINE
  5
8B7
330
17
100
AcDbEntity
  8
VIGA
 62
7
370
35
100
AcDbPolyline
 90
4
 70
1
 10
10575.0
 20
-48575.0
 10
11025.0
 20
-48575.0
 10
11025.0
 20
-48025.0
 10
10575.0
 20
-48025.0
  0
LWPOLYLINE
  5
8B8
330
17
100
AcDbEntity
  8
ESTRIBOS
 62
7
370
25
100
AcDbPolyline
 90
4
 70
1
 10
10615.0
 20
-48535.0
 10
10985.0
 20
-48535.0
 10
10985.0
 20
-48065.0
 10
10615.0
 20
-48065.0
  0
LINE
  5
8B9
330
17
100
AcDbEntity
  8
ESTRIBOS
 62
7
370
20
100
AcDbLine
 10
10738.333333333334
 20
-48535.0
 30
0.0
 11
10738.333333333334
 21
-48065.0
 31
0.0
  0
LINE
  5
8BA
330
17
100
AcDbEntity
  8
ESTRIBOS
 62
7
370
20
100
AcDbLine
 10
10861.666666666666
 20
-48535.0
 30
0.0
 11
10861.666666666666
 21
-48065.0
 31
0.0
  0
CIRCLE
  5
8BB
330
17
100
AcDbEntity
  8
REF_SUP_CONT
 62
7
370
35
100
AcDbCircle
 10
10635.65
 20
-48085.65
 30
0.0
 40
7.95
  0
CIRCLE
  5
8BC
330
17
100
AcDbEntity
  8
REF_SUP_CONT
 62
7
370
35
100
AcDbCircle
 10
10964.35
 20
-48085.65
 30
0.0
 40
7.95
  0
CIRCLE
  5
8BD
330
17
100
AcDbEntity
  8
REF_INF
 62
7
370
35
100
AcDbCircle
 10
10635.65
 20
-48514.35
 30
0.0
 40
7.95
  0
CIRCLE
  5
8BE
330
17
100
AcDbEntity
  8
REF_INF
 62
7
370
35
100
AcDbCircle
 10
10701.39
 20
-48514.35
 30
0.0
 40
7.95
  0
CIRCLE
  5
8BF
330
17
100
AcDbEntity
  8
REF_INF
 62
7
370
35
100
AcDbCircle
 10
10767.13
 20
-48514.35
 30
0.0
 40
7.95
  0
CIRCLE
  5
8C0
330
17
100
AcDbEntity
  8
REF_INF
 62
7
370
35
100
AcDbCircle
 10
10832.869999999999
 20
-48514.35
 30
0.0
 40
7.95
  0
CIRCLE
  5
8C1
330
17
100
AcDbEntity
  8
REF_INF
 62
7
370
35
100
AcDbCircle
 10
10898.609999999999
 20
-48514.35
 30
0.0
 40
7.95
  0
CIRCLE
  5
8C2
330
17
100
AcDbEntity
  8
REF_INF
 62
7
370
35
100
AcDbCircle
 10
10964.35
 20
-48514.35
 30
0.0
 40
7.95
  0
CIRCLE
  5
8C3
330
17
100
AcDbEntity
  8
REF_TORSION
 62
7
370
30
100
AcDbCircle
 10
10635.65
 20
-48454.35
 30
0.0
 40
7.95
  0
CIRCLE
  5
8C4
330
17
100
AcDbEntity
  8
REF_TORSION
 62
7
370
30
100
AcDbCircle
 10
10964.35
 20
-48454.35
 30
0.0
 40
7.95
  0
CIRCLE
  5
8C5
330
17
100
AcDbEntity
  8
REF_TORSION
 62
7
370
30
100
AcDbCircle
 10
10635.65
 20
-48351.45
 30
0.0
 40
7.95
  0
CIRCLE
  5
8C6
330
17
100
AcDbEntity
  8
REF_TORSION
 62
7
370
30
100
AcDbCircle
 10
10964.35
 20
-48351.45
 30
0.0
 40
7.95
  0
CIRCLE
  5
8C7
330
17
100
AcDbEntity
  8
REF_TORSION
 62
7
370
30
100
AcDbCircle
 10
10635.65
 20
-48248.55
 30
0.0
 40
7.95
  0
CIRCLE
  5
8C8
330
17
100
AcDbEntity
  8
REF_TORSION
 62
7
370
30
100
AcDbCircle
 10
10964.35
 20
-48248.55
 30
0.0
 40
7.95
  0
CIRCLE
  5
8C9
330
17
100
AcDbEntity
  8
REF_TORSION
 62
7
370
30
100
AcDbCircle
 10
10635.65
 20
-48145.65
 30
0.0
 40
7.95
  0
CIRCLE
  5
8CA
330
17
100
AcDbEntity
  8
REF_TORSION
 62
7
370
30
100
AcDbCircle
 10
10964.35
 20
-48145.65
 30
0.0
 40
7.95
  0
TEXT
  5
8CB
330
17
100
AcDbEntity
  8
CORTES
 62
7
100
AcDbText
 10
10800.0
 20
-48695.0
 30
0.0
 40
90.0
  1
CORTE B–B CENTRO
 72
1
 11
10800.0
 21
-48695.0
 31
0.0
100
AcDbText
 73
2
  0
TEXT
  5
8CC
330
17
100
AcDbEntity
  8
TEXTO
 62
7
100
AcDbText
 10
10800.0
 20
-48810.0
 30
0.0
 40
80.0
  1
450 × 550 mm
 72
1
 11
10800.0
 21
-48810.0
 31
0.0
100
AcDbText
 73
2
  0
TEXT
  5
8CD
330
17
100
AcDbEntity
  8
REF_SUP_CONT
 62
7
100
AcDbText
 10
350.0
 20
-47750.0
 30
0.0
 40
90.0
  1
SUPERIOR: 6 Nº5 (2 continuas + 4 bastones); Lc bastón desde cada apoyo = 1430 mm
 11
350.0
 21
-47750.0
 31
0.0
100
AcDbText
  0
TEXT
  5
8CE
330
17
100
AcDbEntity
  8
REF_INF
 62
7
100
AcDbText
 10
350.0
 20
-47900.0
 30
0.0
 40
90.0
  1
INFERIOR: 6 Nº5 continuas
 11
350.0
 21
-47900.0
 31
0.0
100
AcDbText
  0
TEXT
  5
8CF
330
17
100
AcDbEntity
  8
REF_TORSION
 62
7
100
AcDbText
 10
350.0
 20
-48050.0
 30
0.0
 40
90.0
  1
TORSIÓN: 8 Nº5 dedicadas
 11
350.0
 21
-48050.0
 31
0.0
100
AcDbText
  0
TEXT
  5
8D0
330
17
100
AcDbEntity
  8
ESTRIBOS
 62
7
100
AcDbText
 10
350.0
 20
-48200.0
 30
0.0
 40
82.0
  1
ESTRIBOS: Nº4 cerrado, 4 ramas, primer estribo ≤50 mm; @120 mm en 2h desde cada apoyo y @120 mm al centro
 11
350.0
 21
-48200.0
 31
0.0
100
AcDbText
  0
TEXT
  5
8D1
330
17
100
AcDbEntity
  8
TEXTO
 62
7
100
AcDbText
 10
350.0
 20
-48350.0
 30
0.0
 40
82.0
  1
ANCLAJES Nº5: ld inf/sup/ldh = 370/480/305 mm; gancho 90° cola 195 mm
 11
350.0
 21
-48350.0
 31
0.0
100
AcDbText
  0
TEXT
  5
8D2
330
17
100
AcDbEntity
  8
TEXTO
 62
7
100
AcDbText
 10
350.0
 20
-49020.0
 30
0.0
 40
76.0
  1
NOTA: el trazado y los ejes provienen de VIGAS CARGA.pdf; la elevación desarrolla la viga completa, usa apoyos nominales de 600 mm y marca cada tramo entre ejes.
 11
350.0
 21
-49020.0
 31
0.0
100
AcDbText
  0
VIEWPORT
  5
8D7
330
8D3
100
AcDbEntity
 67
1
  8
VIEWPORTS
100
AcDbViewport
 10
420.5
 20
297.0
 30
0.0
 40
925.1
 41
653.4000000000001
 68
1
 69
1
 12
420.5
 22
297.0
 13
0.0
 23
0.0
 14
10.0
 24
10.0
 15
10.0
 25
10.0
 16
0.0
 26
0.0
 36
1.0
 17
0.0
 27
0.0
 37
0.0
 42
50.0
 43
0.0
 44
0.0
 45
653.4000000000001
 50
0.0
 51
0.0
 72
100
 90
557088
  1

281
0
 71
0
 74
0
110
0.0
120
0.0
130
0.0
111
1.0
121
0.0
131
0.0
112
0.0
122
1.0
132
0.0
 79
0
146
0.0
282
0
  0
LWPOLYLINE
  5
8D8
330
8D3
100
AcDbEntity
 67
1
  8
MARCO
 62
7
370
40
100
AcDbPolyline
 90
4
 70
1
 10
10.0
 20
10.0
 10
831.0
 20
10.0
 10
831.0
 20
584.0
 10
10.0
 20
584.0
  0
LWPOLYLINE
  5
8D9
330
8D3
100
AcDbEntity
 67
1
  8
MARCO
 62
7
370
35
100
AcDbPolyline
 90
4
 70
1
 10
10.0
 20
10.0
 10
831.0
 20
10.0
 10
831.0
 20
75.0
 10
10.0
 20
75.0
  0
LINE
  5
8DA
330
8D3
100
AcDbEntity
 67
1
  8
MARCO
 62
7
370
25
100
AcDbLine
 10
130.0
 20
10.0
 30
0.0
 11
130.0
 21
75.0
 31
0.0
  0
LINE
  5
8DB
330
8D3
100
AcDbEntity
 67
1
  8
MARCO
 62
7
370
25
100
AcDbLine
 10
500.0
 20
10.0
 30
0.0
 11
500.0
 21
75.0
 31
0.0
  0
LINE
  5
8DC
330
8D3
100
AcDbEntity
 67
1
  8
MARCO
 62
7
370
25
100
AcDbLine
 10
650.0
 20
10.0
 30
0.0
 11
650.0
 21
75.0
 31
0.0
  0
LINE
  5
8DD
330
8D3
100
AcDbEntity
 67
1
  8
MARCO
 62
7
370
25
100
AcDbLine
 10
745.0
 20
10.0
 30
0.0
 11
745.0
 21
75.0
 31
0.0
  0
TEXT
  5
8DE
330
8D3
100
AcDbEntity
 67
1
  8
TEXTO
 62
7
100
AcDbText
 10
70.0
 20
55.0
 30
0.0
 40
3.4
  1
UNIVERSIDAD NACIONAL DE COLOMBIA
 72
1
 11
70.0
 21
55.0
 31
0.0
100
AcDbText
 73
2
  0
TEXT
  5
8DF
330
8D3
100
AcDbEntity
 67
1
  8
TEXTO
 62
7
100
AcDbText
 10
70.0
 20
34.0
 30
0.0
 40
2.8
  1
DISEÑO ESTRUCTURAL — GRUPO 6
 72
1
 11
70.0
 21
34.0
 31
0.0
100
AcDbText
 73
2
  0
TEXT
  5
8E0
330
8D3
100
AcDbEntity
 67
1
  8
TEXTO
 62
7
100
AcDbText
 10
315.0
 20
50.0
 30
0.0
 40
5.0
  1
DESPIECE COMPLETO VC1 — VIGAS DE CARGA
 72
1
 11
315.0
 21
50.0
 31
0.0
100
AcDbText
 73
2
  0
TEXT
  5
8E1
330
8D3
100
AcDbEntity
 67
1
  8
TEXTO
 62
7
100
AcDbText
 10
315.0
 20
28.0
 30
0.0
 40
3.0
  1
Ejes de planta: 15 / 14 | Geometría modelspace 1:1 mm
 72
1
 11
315.0
 21
28.0
 31
0.0
100
AcDbText
 73
2
  0
TEXT
  5
8E2
330
8D3
100
AcDbEntity
 67
1
  8
TEXTO
 62
7
100
AcDbText
 10
575.0
 20
51.0
 30
0.0
 40
3.7
  1
REVISIÓN ACADÉMICA
 72
1
 11
575.0
 21
51.0
 31
0.0
100
AcDbText
 73
2
  0
TEXT
  5
8E3
330
8D3
100
AcDbEntity
 67
1
  8
TEXTO
 62
7
100
AcDbText
 10
575.0
 20
29.0
 30
0.0
 40
2.3
  1
NO EMITIR PARA CONSTRUCCIÓN
 72
1
 11
575.0
 21
29.0
 31
0.0
100
AcDbText
 73
2
  0
TEXT
  5
8E4
330
8D3
100
AcDbEntity
 67
1
  8
TEXTO
 62
7
100
AcDbText
 10
697.5
 20
51.0
 30
0.0
 40
3.5
  1
ESC. 1:25 — A1
 72
1
 11
697.5
 21
51.0
 31
0.0
100
AcDbText
 73
2
  0
TEXT
  5
8E5
330
8D3
100
AcDbEntity
 67
1
  8
TEXTO
 62
7
100
AcDbText
 10
697.5
 20
29.0
 30
0.0
 40
2.7
  1
841 × 594 mm
 72
1
 11
697.5
 21
29.0
 31
0.0
100
AcDbText
 73
2
  0
TEXT
  5
8E6
330
8D3
100
AcDbEntity
 67
1
  8
TEXTO
 62
7
100
AcDbText
 10
793.0
 20
51.0
 30
0.0
 40
3.0
  1
18-07-2026
 72
1
 11
793.0
 21
51.0
 31
0.0
100
AcDbText
 73
2
  0
TEXT
  5
8E7
330
8D3
100
AcDbEntity
 67
1
  8
TEXTO
 62
7
100
AcDbText
 10
793.0
 20
29.0
 30
0.0
 40
4.5
  1
VC1
 72
1
 11
793.0
 21
29.0
 31
0.0
100
AcDbText
 73
2
  0
VIEWPORT
  5
8E8
330
8D3
100
AcDbEntity
 67
1
  8
VIEWPORTS
100
AcDbViewport
 10
420.5
 20
340.0
 30
0.0
 40
821.0
 41
320.0
 68
2
 69
3
 12
9500.0
 22
3500.0
 13
0.0
 23
0.0
 14
10.0
 24
10.0
 15
10.0
 25
10.0
 16
0.0
 26
0.0
 36
1.0
 17
0.0
 27
0.0
 37
0.0
 42
50.0
 43
0.0
 44
0.0
 45
8000.0
 50
0.0
 51
0.0
 72
100
 90
16384
  1

281
0
 71
0
 74
0
110
0.0
120
0.0
130
0.0
111
1.0
121
0.0
131
0.0
112
0.0
122
1.0
132
0.0
 79
0
146
0.0
282
0
  0
ENDSEC
  0
SECTION
  2
OBJECTS
  0
DICTIONARY
  5
A
330
0
100
AcDbDictionary
281
1
  3
ACAD_COLOR
350
B
  3
ACAD_GROUP
350
C
  3
ACAD_LAYOUT
350
D
  3
ACAD_MATERIAL
350
E
  3
ACAD_MLEADERSTYLE
350
F
  3
ACAD_MLINESTYLE
350
10
  3
ACAD_PLOTSETTINGS
350
11
  3
ACAD_PLOTSTYLENAME
350
12
  3
ACAD_SCALELIST
350
14
  3
ACAD_TABLESTYLE
350
15
  3
ACAD_VISUALSTYLE
350
16
  3
EZDXF_META
350
2D
  0
DICTIONARY
  5
B
330
A
100
AcDbDictionary
281
1
  0
DICTIONARY
  5
C
330
A
100
AcDbDictionary
281
1
  0
DICTIONARY
  5
D
330
A
100
AcDbDictionary
281
1
  3
Model
350
1A
  3
VC1_CARGA
350
8D6
  3
VC2_CARGA
350
8EC
  3
VC3_CARGA
350
902
  3
VC4_CARGA
350
918
  3
VC5_CARGA
350
92E
  3
VC6_CARGA
350
944
  3
VC7_CARGA
350
95A
  0
DICTIONARY
  5
E
330
A
100
AcDbDictionary
281
1
  3
ByBlock
350
1F
  3
ByLayer
350
20
  3
Global
350
21
  0
DICTIONARY
  5
F
330
A
100
AcDbDictionary
281
1
  3
Standard
350
2C
  0
DICTIONARY
  5
10
330
A
100
AcDbDictionary
281
1
  3
Standard
350
22
  0
DICTIONARY
  5
11
330
A
100
AcDbDictionary
281
1
  0
ACDBDICTIONARYWDFLT
  5
12
330
A
100
AcDbDictionary
281
1
  3
Normal
350
13
100
AcDbDictionaryWithDefault
340
13
  0
ACDBPLACEHOLDER
  5
13
330
12
  0
DICTIONARY
  5
14
330
A
100
AcDbDictionary
281
1
  0
DICTIONARY
  5
15
330
A
100
AcDbDictionary
281
1
  0
DICTIONARY
  5
16
330
A
100
AcDbDictionary
281
1
  3
2dWireframe
350
5A
  3
Basic
350
5B
  3
Brighten
350
5C
  3
ColorChange
350
5D
  3
Conceptual
350
5E
  3
Dim
350
5F
  3
EdgeColorOff
350
60
  3
Facepattern
350
61
  3
Flat
350
62
  3
FlatWithEdges
350
63
  3
Gouraud
350
64
  3
GouraudWithEdges
350
65
  3
Hidden
350
66
  3
JitterOff
350
67
  3
Linepattern
350
68
  3
Modeling
350
69
  3
OverhangOff
350
6A
  3
Realistic
350
6B
  3
Shaded
350
6C
  3
Shaded with edges
350
6D
  3
Shades of Gray
350
6E
  3
Sketchy
350
6F
  3
Thicken
350
70
  3
Wireframe
350
71
  3
X-Ray
350
72
  0
LAYOUT
  5
1A
330
D
100
AcDbPlotSettings
  1

  4
A3
  6

 40
7.5
 41
20.0
 42
7.5
 43
20.0
 44
420.0
 45
297.0
 46
0.0
 47
0.0
 48
0.0
 49
0.0
140
0.0
141
0.0
142
1.0
143
1.0
 70
1024
 72
1
 73
0
 74
5
  7

 75
16
 76
0
 77
2
 78
300
147
1.0
148
0.0
149
0.0
100
AcDbLayout
  1
Model
 70
1
 71
0
 10
0.0
 20
0.0
 11
420.0
 21
297.0
 12
0.0
 22
0.0
 32
0.0
 14
1e+20
 24
1e+20
 34
1e+20
 15
-1e+20
 25
-1e+20
 35
-1e+20
146
0.0
 13
0.0
 23
0.0
 33
0.0
 16
1.0
 26
0.0
 36
0.0
 17
0.0
 27
1.0
 37
0.0
 76
1
330
17
  0
MATERIAL
  5
1F
102
{ACAD_REACTORS
330
E
102
}
330
E
100
AcDbMaterial
  1
ByBlock
  2

 70
0
 40
1.0
 71
1
 41
1.0
 91
-1023410177
 42
1.0
 72
1
  3

 73
1
 74
1
 75
1
 44
0.5
 73
0
 45
1.0
 46
1.0
 77
1
  4

 78
1
 79
1
170
1
 48
1.0
171
1
  6

172
1
173
1
174
1
140
1.0
141
1.0
175
1
  7

176
1
177
1
178
1
143
1.0
179
1
  8

270
1
271
1
272
1
145
1.0
146
1.0
273
1
  9

274
1
275
1
276
1
 42
1.0
 72
1
  3

 73
1
 74
1
 75
1
 94
63
  0
MATERIAL
  5
20
102
{ACAD_REACTORS
330
E
102
}
330
E
100
AcDbMaterial
  1
ByLayer
  2

 70
0
 40
1.0
 71
1
 41
1.0
 91
-1023410177
 42
1.0
 72
1
  3

 73
1
 74
1
 75
1
 44
0.5
 73
0
 45
1.0
 46
1.0
 77
1
  4

 78
1
 79
1
170
1
 48
1.0
171
1
  6

172
1
173
1
174
1
140
1.0
141
1.0
175
1
  7

176
1
177
1
178
1
143
1.0
179
1
  8

270
1
271
1
272
1
145
1.0
146
1.0
273
1
  9

274
1
275
1
276
1
 42
1.0
 72
1
  3

 73
1
 74
1
 75
1
 94
63
  0
MATERIAL
  5
21
102
{ACAD_REACTORS
330
E
102
}
330
E
100
AcDbMaterial
  1
Global
  2

 70
0
 40
1.0
 71
1
 41
1.0
 91
-1023410177
 42
1.0
 72
1
  3

 73
1
 74
1
 75
1
 44
0.5
 73
0
 45
1.0
 46
1.0
 77
1
  4

 78
1
 79
1
170
1
 48
1.0
171
1
  6

172
1
173
1
174
1
140
1.0
141
1.0
175
1
  7

176
1
177
1
178
1
143
1.0
179
1
  8

270
1
271
1
272
1
145
1.0
146
1.0
273
1
  9

274
1
275
1
276
1
 42
1.0
 72
1
  3

 73
1
 74
1
 75
1
 94
63
  0
MLINESTYLE
  5
22
102
{ACAD_REACTORS
330
10
102
}
330
10
100
AcDbMlineStyle
  2
Standard
 70
0
  3

 62
256
 51
90.0
 52
90.0
 71
2
 49
0.5
 62
256
  6
BYLAYER
 49
-0.5
 62
256
  6
BYLAYER
  0
MLEADERSTYLE
  5
2C
102
{ACAD_REACTORS
330
F
102
}
330
F
100
AcDbMLeaderStyle
179
2
170
2
171
1
172
0
 90
2
 40
0.0
 41
0.0
173
1
 91
-1056964608
 92
-2
290
1
 42
2.0
291
1
 43
8.0
  3
Standard
 44
4.0
300

342
29
174
1
175
1
176
0
178
1
 93
-1056964608
 45
4.0
292
0
297
0
 46
4.0
 94
-1056964608
 47
1.0
 49
1.0
140
1.0
294
1
141
0.0
177
0
142
1.0
295
0
296
0
143
3.75
271
0
272
9
273
9
  0
DICTIONARY
  5
2D
330
A
100
AcDbDictionary
280
1
281
1
  3
CREATED_BY_EZDXF
350
2E
  3
WRITTEN_BY_EZDXF
350
96F
  0
DICTIONARYVAR
  5
2E
330
2D
100
DictionaryVariables
280
0
  1
1.4.2 @ 2026-07-18T06:47:21.210422+00:00
  0
VISUALSTYLE
  5
5A
102
{ACAD_REACTORS
330
16
102
}
330
16
100
AcDbVisualStyle
  2
2dWireframe
 70
4
177
3
291
0
 70
58
 90
2
176
1
 90
2
176
1
 90
0
176
1
 90
0
176
1
 40
0.6
176
1
 40
30.0
176
1
 62
7
420
16777215
176
1
 90
1
176
1
 90
4
176
1
 62
7
176
1
 62
257
176
1
 90
1
176
1
 90
1
176
1
 40
1.0
176
1
 90
8
176
1
 62
7
176
1
 40
1.0
176
1
 90
1
176
1
 90
6
176
1
 90
2
176
1
 62
7
176
1
 90
5
176
1
 90
0
176
1
 90
0
176
1
290
0
176
1
 90
1
176
1
 40
0.0
176
1
 90
0
176
1
290
1
176
1
290
1
176
1
290
0
176
1
290
0
176
1
290
0
176
1
290
0
176
1
290
0
176
1
290
0
176
1
290
0
176
1
 90
50
176
1
 40
0.0
176
1
 40
1.0
176
1
 90
0
176
1
 62
18
420
0
176
1
 90
50
176
1
 90
3
176
1
 62
5
420
255
176
1
290
0
176
1
 90
50
176
1
 90
50
176
1
 90
50
176
1
290
0
176
1
 90
50
176
1
 62
256
176
0
 40
1.0
176
0
 90
2
176
1
  1
strokes_ogs.tif
176
1
290
0
176
1
 40
1.0
176
1
 40
1.0
176
1
  0
VISUALSTYLE
  5
5B
102
{ACAD_REACTORS
330
16
102
}
330
16
100
AcDbVisualStyle
  2
Basic
 70
7
177
3
291
1
 70
58
 90
2
176
1
 90
2
176
1
 90
0
176
1
 90
1
176
1
 40
0.6
176
1
 40
30.0
176
1
 62
7
420
16777215
176
1
 90
1
176
1
 90
4
176
1
 62
7
176
1
 62
257
176
1
 90
1
176
1
 90
1
176
1
 40
1.0
176
1
 90
8
176
1
 62
7
176
1
 40
1.0
176
1
 90
1
176
1
 90
6
176
1
 90
2
176
1
 62
7
176
1
 90
5
176
1
 90
0
176
1
 90
0
176
1
290
0
176
1
 90
1
176
1
 40
0.0
176
1
 90
0
176
1
290
0
176
1
290
1
176
1
290
1
176
1
290
0
176
1
290
0
176
1
290
0
176
1
290
0
176
1
290
0
176
1
290
0
176
1
 90
50
176
1
 40
0.0
176
1
 40
1.0
176
1
 90
0
176
1
 62
18
420
0
176
1
 90
50
176
1
 90
3
176
1
 62
5
420
255
176
1
290
0
176
1
 90
50
176
1
 90
50
176
1
 90
50
176
1
290
0
176
1
 90
50
176
1
 62
256
176
0
 40
1.0
176
0
 90
2
176
1
  1
strokes_ogs.tif
176
1
290
0
176
1
 40
1.0
176
1
 40
1.0
176
1
  0
VISUALSTYLE
  5
5C
102
{ACAD_REACTORS
330
16
102
}
330
16
100
AcDbVisualStyle
  2
Brighten
 70
12
177
3
291
1
 70
58
 90
2
176
1
 90
2
176
1
 90
0
176
1
 90
2
176
1
 40
0.6
176
1
 40
30.0
176
1
 62
7
420
16777215
176
1
 90
1
176
1
 90
4
176
1
 62
7
176
1
 62
257
176
1
 90
1
176
1
 90
1
176
1
 40
1.0
176
1
 90
8
176
1
 62
7
176
1
 40
1.0
176
1
 90
1
176
1
 90
6
176
1
 90
2
176
1
 62
7
176
1
 90
5
176
1
 90
0
176
1
 90
0
176
1
290
0
176
1
 90
1
176
1
 40
0.0
176
1
 90
0
176
1
290
0
176
1
290
1
176
1
290
1
176
1
290
0
176
1
290
0
176
1
290
0
176
1
290
0
176
1
290
0
176
1
290
0
176
1
 90
50
176
1
 40
0.0
176
1
 40
1.0
176
1
 90
0
176
1
 62
18
420
0
176
1
 90
50
176
1
 90
3
176
1
 62
5
420
255
176
1
290
0
176
1
 90
50
176
1
 90
50
176
1
 90
50
176
1
290
0
176
1
 90
50
176
1
 62
256
176
0
 40
1.0
176
0
 90
2
176
1
  1
strokes_ogs.tif
176
1
290
0
176
1
 40
1.0
176
1
 40
1.0
176
1
  0
VISUALSTYLE
  5
5D
102
{ACAD_REACTORS
330
16
102
}
330
16
100
AcDbVisualStyle
  2
ColorChange
 70
16
177
3
291
1
 70
58
 90
2
176
1
 90
2
176
1
 90
0
176
1
 90
2
176
1
 40
0.6
176
1
 40
30.0
176
1
 62
7
420
16777215
176
1
 90
1
176
1
 90
4
176
1
 62
7
176
1
 62
257
176
1
 90
1
176
1
 90
1
176
1
 40
1.0
176
1
 90
8
176
1
 62
7
176
1
 40
1.0
176
1
 90
1
176
1
 90
6
176
1
 90
2
176
1
 62
7
176
1
 90
5
176
1
 90
0
176
1
 90
0
176
1
290
0
176
1
 90
1
176
1
 40
0.0
176
1
 90
0
176
1
290
0
176
1
290
1
176
1
290
1
176
1
290
0
176
1
290
0
176
1
290
0
176
1
290
0
176
1
290
0
176
1
290
0
176
1
 90
50
176
1
 40
0.0
176
1
 40
1.0
176
1
 90
0
176
1
 62
18
420
0
176
1
 90
50
176
1
 90
3
176
1
 62
5
420
255
176
1
290
0
176
1
 90
50
176
1
 90
50
176
1
 90
50
176
1
290
0
176
1
 90
50
176
1
 62
256
176
0
 40
1.0
176
0
 90
2
176
1
  1
strokes_ogs.tif
176
1
290
0
176
1
 40
1.0
176
1
 40
1.0
176
1
  0
VISUALSTYLE
  5
5E
102
{ACAD_REACTORS
330
16
102
}
330
16
100
AcDbVisualStyle
  2
Conceptual
 70
9
177
3
291
0
 70
58
 90
2
176
1
 90
2
176
1
 90
0
176
1
 90
3
176
1
 40
0.6
176
1
 40
30.0
176
1
 62
7
420
16777215
176
1
 90
1
176
1
 90
4
176
1
 62
7
176
1
 62
257
176
1
 90
1
176
1
 90
1
176
1
 40
1.0
176
1
 90
8
176
1
 62
7
176
1
 40
1.0
176
1
 90
1
176
1
 90
6
176
1
 90
2
176
1
 62
7
176
1
 90
5
176
1
 90
0
176
1
 90
0
176
1
290
0
176
1
 90
1
176
1
 40
0.0
176
1
 90
0
176
1
290
0
176
1
290
1
176
1
290
1
176
1
290
0
176
1
290
0
176
1
290
0
176
1
290
0
176
1
290
0
176
1
290
0
176
1
 90
50
176
1
 40
0.0
176
1
 40
1.0
176
1
 90
0
176
1
 62
18
420
0
176
1
 90
50
176
1
 90
3
176
1
 62
5
420
255
176
1
290
0
176
1
 90
50
176
1
 90
50
176
1
 90
50
176
1
290
0
176
1
 90
50
176
1
 62
256
176
0
 40
1.0
176
0
 90
2
176
1
  1
strokes_ogs.tif
176
1
290
0
176
1
 40
1.0
176
1
 40
1.0
176
1
  0
VISUALSTYLE
  5
5F
102
{ACAD_REACTORS
330
16
102
}
330
16
100
AcDbVisualStyle
  2
Dim
 70
11
177
3
291
1
 70
58
 90
2
176
1
 90
2
176
1
 90
0
176
1
 90
2
176
1
 40
0.6
176
1
 40
30.0
176
1
 62
7
420
16777215
176
1
 90
1
176
1
 90
4
176
1
 62
7
176
1
 62
257
176
1
 90
1
176
1
 90
1
176
1
 40
1.0
176
1
 90
8
176
1
 62
7
176
1
 40
1.0
176
1
 90
1
176
1
 90
6
176
1
 90
2
176
1
 62
7
176
1
 90
5
176
1
 90
0
176
1
 90
0
176
1
290
0
176
1
 90
1
176
1
 40
0.0
176
1
 90
0
176
1
290
0
176
1
290
1
176
1
290
1
176
1
290
0
176
1
290
0
176
1
290
0
176
1
290
0
176
1
290
0
176
1
290
0
176
1
 90
50
176
1
 40
0.0
176
1
 40
1.0
176
1
 90
0
176
1
 62
18
420
0
176
1
 90
50
176
1
 90
3
176
1
 62
5
420
255
176
1
290
0
176
1
 90
50
176
1
 90
50
176
1
 90
50
176
1
290
0
176
1
 90
50
176
1
 62
256
176
0
 40
1.0
176
0
 90
2
176
1
  1
strokes_ogs.tif
176
1
290
0
176
1
 40
1.0
176
1
 40
1.0
176
1
  0
VISUALSTYLE
  5
60
102
{ACAD_REACTORS
330
16
102
}
330
16
100
AcDbVisualStyle
  2
EdgeColorOff
 70
22
177
3
291
1
 70
58
 90
2
176
1
 90
2
176
1
 90
0
176
1
 90
2
176
1
 40
0.6
176
1
 40
30.0
176
1
 62
7
420
16777215
176
1
 90
1
176
1
 90
4
176
1
 62
7
176
1
 62
257
176
1
 90
1
176
1
 90
1
176
1
 40
1.0
176
1
 90
8
176
1
 62
7
176
1
 40
1.0
176
1
 90
1
176
1
 90
6
176
1
 90
2
176
1
 62
7
176
1
 90
5
176
1
 90
0
176
1
 90
0
176
1
290
0
176
1
 90
1
176
1
 40
0.0
176
1
 90
0
176
1
290
0
176
1
290
1
176
1
290
1
176
1
290
0
176
1
290
0
176
1
290
0
176
1
290
0
176
1
290
0
176
1
290
0
176
1
 90
50
176
1
 40
0.0
176
1
 40
1.0
176
1
 90
0
176
1
 62
18
420
0
176
1
 90
50
176
1
 90
3
176
1
 62
5
420
255
176
1
290
0
176
1
 90
50
176
1
 90
50
176
1
 90
50
176
1
290
0
176
1
 90
50
176
1
 62
256
176
0
 40
1.0
176
0
 90
2
176
1
  1
strokes_ogs.tif
176
1
290
0
176
1
 40
1.0
176
1
 40
1.0
176
1
  0
VISUALSTYLE
  5
61
102
{ACAD_REACTORS
330
16
102
}
330
16
100
AcDbVisualStyle
  2
Facepattern
 70
15
177
3
291
1
 70
58
 90
2
176
1
 90
2
176
1
 90
0
176
1
 90
2
176
1
 40
0.6
176
1
 40
30.0
176
1
 62
7
420
16777215
176
1
 90
1
176
1
 90
4
176
1
 62
7
176
1
 62
257
176
1
 90
1
176
1
 90
1
176
1
 40
1.0
176
1
 90
8
176
1
 62
7
176
1
 40
1.0
176
1
 90
1
176
1
 90
6
176
1
 90
2
176
1
 62
7
176
1
 90
5
176
1
 90
0
176
1
 90
0
176
1
290
0
176
1
 90
1
176
1
 40
0.0
176
1
 90
0
176
1
290
0
176
1
290
1
176
1
290
1
176
1
290
0
176
1
290
0
176
1
290
0
176
1
290
0
176
1
290
0
176
1
290
0
176
1
 90
50
176
1
 40
0.0
176
1
 40
1.0
176
1
 90
0
176
1
 62
18
420
0
176
1
 90
50
176
1
 90
3
176
1
 62
5
420
255
176
1
290
0
176
1
 90
50
176
1
 90
50
176
1
 90
50
176
1
290
0
176
1
 90
50
176
1
 62
256
176
0
 40
1.0
176
0
 90
2
176
1
  1
strokes_ogs.tif
176
1
290
0
176
1
 40
1.0
176
1
 40
1.0
176
1
  0
VISUALSTYLE
  5
62
102
{ACAD_REACTORS
330
16
102
}
330
16
100
AcDbVisualStyle
  2
Flat
 70
0
177
3
291
1
 70
58
 90
2
176
1
 90
2
176
1
 90
0
176
1
 90
2
176
1
 40
0.6
176
1
 40
30.0
176
1
 62
7
420
16777215
176
1
 90
1
176
1
 90
4
176
1
 62
7
176
1
 62
257
176
1
 90
1
176
1
 90
1
176
1
 40
1.0
176
1
 90
8
176
1
 62
7
176
1
 40
1.0
176
1
 90
1
176
1
 90
6
176
1
 90
2
176
1
 62
7
176
1
 90
5
176
1
 90
0
176
1
 90
0
176
1
290
0
176
1
 90
1
176
1
 40
0.0
176
1
 90
0
176
1
290
0
176
1
290
1
176
1
290
1
176
1
290
0
176
1
290
0
176
1
290
0
176
1
290
0
176
1
290
0
176
1
290
0
176
1
 90
50
176
1
 40
0.0
176
1
 40
1.0
176
1
 90
0
176
1
 62
18
420
0
176
1
 90
50
176
1
 90
3
176
1
 62
5
420
255
176
1
290
0
176
1
 90
50
176
1
 90
50
176
1
 90
50
176
1
290
0
176
1
 90
50
176
1
 62
256
176
0
 40
1.0
176
0
 90
2
176
1
  1
strokes_ogs.tif
176
1
290
0
176
1
 40
1.0
176
1
 40
1.0
176
1
  0
VISUALSTYLE
  5
63
102
{ACAD_REACTORS
330
16
102
}
330
16
100
AcDbVisualStyle
  2
FlatWithEdges
 70
1
177
3
291
1
 70
58
 90
2
176
1
 90
2
176
1
 90
0
176
1
 90
2
176
1
 40
0.6
176
1
 40
30.0
176
1
 62
7
420
16777215
176
1
 90
1
176
1
 90
4
176
1
 62
7
176
1
 62
257
176
1
 90
1
176
1
 90
1
176
1
 40
1.0
176
1
 90
8
176
1
 62
7
176
1
 40
1.0
176
1
 90
1
176
1
 90
6
176
1
 90
2
176
1
 62
7
176
1
 90
5
176
1
 90
0
176
1
 90
0
176
1
290
0
176
1
 90
1
176
1
 40
0.0
176
1
 90
0
176
1
290
0
176
1
290
1
176
1
290
1
176
1
290
0
176
1
290
0
176
1
290
0
176
1
290
0
176
1
290
0
176
1
290
0
176
1
 90
50
176
1
 40
0.0
176
1
 40
1.0
176
1
 90
0
176
1
 62
18
420
0
176
1
 90
50
176
1
 90
3
176
1
 62
5
420
255
176
1
290
0
176
1
 90
50
176
1
 90
50
176
1
 90
50
176
1
290
0
176
1
 90
50
176
1
 62
256
176
0
 40
1.0
176
0
 90
2
176
1
  1
strokes_ogs.tif
176
1
290
0
176
1
 40
1.0
176
1
 40
1.0
176
1
  0
VISUALSTYLE
  5
64
102
{ACAD_REACTORS
330
16
102
}
330
16
100
AcDbVisualStyle
  2
Gouraud
 70
2
177
3
291
1
 70
58
 90
2
176
1
 90
2
176
1
 90
0
176
1
 90
2
176
1
 40
0.6
176
1
 40
30.0
176
1
 62
7
420
16777215
176
1
 90
1
176
1
 90
4
176
1
 62
7
176
1
 62
257
176
1
 90
1
176
1
 90
1
176
1
 40
1.0
176
1
 90
8
176
1
 62
7
176
1
 40
1.0
176
1
 90
1
176
1
 90
6
176
1
 90
2
176
1
 62
7
176
1
 90
5
176
1
 90
0
176
1
 90
0
176
1
290
0
176
1
 90
1
176
1
 40
0.0
176
1
 90
0
176
1
290
0
176
1
290
1
176
1
290
1
176
1
290
0
176
1
290
0
176
1
290
0
176
1
290
0
176
1
290
0
176
1
290
0
176
1
 90
50
176
1
 40
0.0
176
1
 40
1.0
176
1
 90
0
176
1
 62
18
420
0
176
1
 90
50
176
1
 90
3
176
1
 62
5
420
255
176
1
290
0
176
1
 90
50
176
1
 90
50
176
1
 90
50
176
1
290
0
176
1
 90
50
176
1
 62
256
176
0
 40
1.0
176
0
 90
2
176
1
  1
strokes_ogs.tif
176
1
290
0
176
1
 40
1.0
176
1
 40
1.0
176
1
  0
VISUALSTYLE
  5
65
102
{ACAD_REACTORS
330
16
102
}
330
16
100
AcDbVisualStyle
  2
GouraudWithEdges
 70
3
177
3
291
1
 70
58
 90
2
176
1
 90
2
176
1
 90
0
176
1
 90
2
176
1
 40
0.6
176
1
 40
30.0
176
1
 62
7
420
16777215
176
1
 90
1
176
1
 90
4
176
1
 62
7
176
1
 62
257
176
1
 90
1
176
1
 90
1
176
1
 40
1.0
176
1
 90
8
176
1
 62
7
176
1
 40
1.0
176
1
 90
1
176
1
 90
6
176
1
 90
2
176
1
 62
7
176
1
 90
5
176
1
 90
0
176
1
 90
0
176
1
290
0
176
1
 90
1
176
1
 40
0.0
176
1
 90
0
176
1
290
0
176
1
290
1
176
1
290
1
176
1
290
0
176
1
290
0
176
1
290
0
176
1
290
0
176
1
290
0
176
1
290
0
176
1
 90
50
176
1
 40
0.0
176
1
 40
1.0
176
1
 90
0
176
1
 62
18
420
0
176
1
 90
50
176
1
 90
3
176
1
 62
5
420
255
176
1
290
0
176
1
 90
50
176
1
 90
50
176
1
 90
50
176
1
290
0
176
1
 90
50
176
1
 62
256
176
0
 40
1.0
176
0
 90
2
176
1
  1
strokes_ogs.tif
176
1
290
0
176
1
 40
1.0
176
1
 40
1.0
176
1
  0
VISUALSTYLE
  5
66
102
{ACAD_REACTORS
330
16
102
}
330
16
100
AcDbVisualStyle
  2
Hidden
 70
6
177
3
291
0
 70
58
 90
2
176
1
 90
2
176
1
 90
0
176
1
 90
1
176
1
 40
0.6
176
1
 40
30.0
176
1
 62
7
420
16777215
176
1
 90
1
176
1
 90
4
176
1
 62
7
176
1
 62
257
176
1
 90
1
176
1
 90
1
176
1
 40
1.0
176
1
 90
8
176
1
 62
7
176
1
 40
1.0
176
1
 90
1
176
1
 90
6
176
1
 90
2
176
1
 62
7
176
1
 90
5
176
1
 90
0
176
1
 90
0
176
1
290
0
176
1
 90
1
176
1
 40
0.0
176
1
 90
0
176
1
290
0
176
1
290
1
176
1
290
1
176
1
290
0
176
1
290
0
176
1
290
0
176
1
290
0
176
1
290
0
176
1
290
0
176
1
 90
50
176
1
 40
0.0
176
1
 40
1.0
176
1
 90
0
176
1
 62
18
420
0
176
1
 90
50
176
1
 90
3
176
1
 62
5
420
255
176
1
290
0
176
1
 90
50
176
1
 90
50
176
1
 90
50
176
1
290
0
176
1
 90
50
176
1
 62
256
176
0
 40
1.0
176
0
 90
2
176
1
  1
strokes_ogs.tif
176
1
290
0
176
1
 40
1.0
176
1
 40
1.0
176
1
  0
VISUALSTYLE
  5
67
102
{ACAD_REACTORS
330
16
102
}
330
16
100
AcDbVisualStyle
  2
JitterOff
 70
20
177
3
291
1
 70
58
 90
2
176
1
 90
2
176
1
 90
0
176
1
 90
2
176
1
 40
0.6
176
1
 40
30.0
176
1
 62
7
420
16777215
176
1
 90
1
176
1
 90
4
176
1
 62
7
176
1
 62
257
176
1
 90
1
176
1
 90
1
176
1
 40
1.0
176
1
 90
8
176
1
 62
7
176
1
 40
1.0
176
1
 90
1
176
1
 90
6
176
1
 90
2
176
1
 62
7
176
1
 90
5
176
1
 90
0
176
1
 90
0
176
1
290
0
176
1
 90
1
176
1
 40
0.0
176
1
 90
0
176
1
290
0
176
1
290
1
176
1
290
1
176
1
290
0
176
1
290
0
176
1
290
0
176
1
290
0
176
1
290
0
176
1
290
0
176
1
 90
50
176
1
 40
0.0
176
1
 40
1.0
176
1
 90
0
176
1
 62
18
420
0
176
1
 90
50
176
1
 90
3
176
1
 62
5
420
255
176
1
290
0
176
1
 90
50
176
1
 90
50
176
1
 90
50
176
1
290
0
176
1
 90
50
176
1
 62
256
176
0
 40
1.0
176
0
 90
2
176
1
  1
strokes_ogs.tif
176
1
290
0
176
1
 40
1.0
176
1
 40
1.0
176
1
  0
VISUALSTYLE
  5
68
102
{ACAD_REACTORS
330
16
102
}
330
16
100
AcDbVisualStyle
  2
Linepattern
 70
14
177
3
291
1
 70
58
 90
2
176
1
 90
2
176
1
 90
0
176
1
 90
2
176
1
 40
0.6
176
1
 40
30.0
176
1
 62
7
420
16777215
176
1
 90
1
176
1
 90
4
176
1
 62
7
176
1
 62
257
176
1
 90
1
176
1
 90
1
176
1
 40
1.0
176
1
 90
8
176
1
 62
7
176
1
 40
1.0
176
1
 90
1
176
1
 90
6
176
1
 90
2
176
1
 62
7
176
1
 90
5
176
1
 90
0
176
1
 90
0
176
1
290
0
176
1
 90
1
176
1
 40
0.0
176
1
 90
0
176
1
290
0
176
1
290
1
176
1
290
1
176
1
290
0
176
1
290
0
176
1
290
0
176
1
290
0
176
1
290
0
176
1
290
0
176
1
 90
50
176
1
 40
0.0
176
1
 40
1.0
176
1
 90
0
176
1
 62
18
420
0
176
1
 90
50
176
1
 90
3
176
1
 62
5
420
255
176
1
290
0
176
1
 90
50
176
1
 90
50
176
1
 90
50
176
1
290
0
176
1
 90
50
176
1
 62
256
176
0
 40
1.0
176
0
 90
2
176
1
  1
strokes_ogs.tif
176
1
290
0
176
1
 40
1.0
176
1
 40
1.0
176
1
  0
VISUALSTYLE
  5
69
102
{ACAD_REACTORS
330
16
102
}
330
16
100
AcDbVisualStyle
  2
Modeling
 70
10
177
3
291
0
 70
58
 90
2
176
1
 90
2
176
1
 90
0
176
1
 90
2
176
1
 40
0.6
176
1
 40
30.0
176
1
 62
7
420
16777215
176
1
 90
1
176
1
 90
4
176
1
 62
7
176
1
 62
257
176
1
 90
1
176
1
 90
1
176
1
 40
1.0
176
1
 90
8
176
1
 62
7
176
1
 40
1.0
176
1
 90
1
176
1
 90
6
176
1
 90
2
176
1
 62
7
176
1
 90
5
176
1
 90
0
176
1
 90
0
176
1
290
0
176
1
 90
1
176
1
 40
0.0
176
1
 90
0
176
1
290
0
176
1
290
1
176
1
290
1
176
1
290
0
176
1
290
0
176
1
290
0
176
1
290
0
176
1
290
0
176
1
290
0
176
1
 90
50
176
1
 40
0.0
176
1
 40
1.0
176
1
 90
0
176
1
 62
18
420
0
176
1
 90
50
176
1
 90
3
176
1
 62
5
420
255
176
1
290
0
176
1
 90
50
176
1
 90
50
176
1
 90
50
176
1
290
0
176
1
 90
50
176
1
 62
256
176
0
 40
1.0
176
0
 90
2
176
1
  1
strokes_ogs.tif
176
1
290
0
176
1
 40
1.0
176
1
 40
1.0
176
1
  0
VISUALSTYLE
  5
6A
102
{ACAD_REACTORS
330
16
102
}
330
16
100
AcDbVisualStyle
  2
OverhangOff
 70
21
177
3
291
1
 70
58
 90
2
176
1
 90
2
176
1
 90
0
176
1
 90
2
176
1
 40
0.6
176
1
 40
30.0
176
1
 62
7
420
16777215
176
1
 90
1
176
1
 90
4
176
1
 62
7
176
1
 62
257
176
1
 90
1
176
1
 90
1
176
1
 40
1.0
176
1
 90
8
176
1
 62
7
176
1
 40
1.0
176
1
 90
1
176
1
 90
6
176
1
 90
2
176
1
 62
7
176
1
 90
5
176
1
 90
0
176
1
 90
0
176
1
290
0
176
1
 90
1
176
1
 40
0.0
176
1
 90
0
176
1
290
0
176
1
290
1
176
1
290
1
176
1
290
0
176
1
290
0
176
1
290
0
176
1
290
0
176
1
290
0
176
1
290
0
176
1
 90
50
176
1
 40
0.0
176
1
 40
1.0
176
1
 90
0
176
1
 62
18
420
0
176
1
 90
50
176
1
 90
3
176
1
 62
5
420
255
176
1
290
0
176
1
 90
50
176
1
 90
50
176
1
 90
50
176
1
290
0
176
1
 90
50
176
1
 62
256
176
0
 40
1.0
176
0
 90
2
176
1
  1
strokes_ogs.tif
176
1
290
0
176
1
 40
1.0
176
1
 40
1.0
176
1
  0
VISUALSTYLE
  5
6B
102
{ACAD_REACTORS
330
16
102
}
330
16
100
AcDbVisualStyle
  2
Realistic
 70
8
177
3
291
0
 70
58
 90
2
176
1
 90
2
176
1
 90
0
176
1
 90
2
176
1
 40
0.6
176
1
 40
30.0
176
1
 62
7
420
16777215
176
1
 90
1
176
1
 90
4
176
1
 62
7
176
1
 62
257
176
1
 90
1
176
1
 90
1
176
1
 40
1.0
176
1
 90
8
176
1
 62
7
176
1
 40
1.0
176
1
 90
1
176
1
 90
6
176
1
 90
2
176
1
 62
7
176
1
 90
5
176
1
 90
0
176
1
 90
0
176
1
290
0
176
1
 90
1
176
1
 40
0.0
176
1
 90
0
176
1
290
0
176
1
290
1
176
1
290
1
176
1
290
0
176
1
290
0
176
1
290
0
176
1
290
0
176
1
290
0
176
1
290
0
176
1
 90
50
176
1
 40
0.0
176
1
 40
1.0
176
1
 90
0
176
1
 62
18
420
0
176
1
 90
50
176
1
 90
3
176
1
 62
5
420
255
176
1
290
0
176
1
 90
50
176
1
 90
50
176
1
 90
50
176
1
290
0
176
1
 90
50
176
1
 62
256
176
0
 40
1.0
176
0
 90
2
176
1
  1
strokes_ogs.tif
176
1
290
0
176
1
 40
1.0
176
1
 40
1.0
176
1
  0
VISUALSTYLE
  5
6C
102
{ACAD_REACTORS
330
16
102
}
330
16
100
AcDbVisualStyle
  2
Shaded
 70
27
177
3
291
0
 70
58
 90
2
176
1
 90
2
176
1
 90
0
176
1
 90
2
176
1
 40
0.6
176
1
 40
30.0
176
1
 62
7
420
16777215
176
1
 90
1
176
1
 90
4
176
1
 62
7
176
1
 62
257
176
1
 90
1
176
1
 90
1
176
1
 40
1.0
176
1
 90
8
176
1
 62
7
176
1
 40
1.0
176
1
 90
1
176
1
 90
6
176
1
 90
2
176
1
 62
7
176
1
 90
5
176
1
 90
0
176
1
 90
0
176
1
290
0
176
1
 90
1
176
1
 40
0.0
176
1
 90
0
176
1
290
0
176
1
290
1
176
1
290
1
176
1
290
0
176
1
290
0
176
1
290
0
176
1
290
0
176
1
290
0
176
1
290
0
176
1
 90
50
176
1
 40
0.0
176
1
 40
1.0
176
1
 90
0
176
1
 62
18
420
0
176
1
 90
50
176
1
 90
3
176
1
 62
5
420
255
176
1
290
0
176
1
 90
50
176
1
 90
50
176
1
 90
50
176
1
290
0
176
1
 90
50
176
1
 62
256
176
0
 40
1.0
176
0
 90
2
176
1
  1
strokes_ogs.tif
176
1
290
0
176
1
 40
1.0
176
1
 40
1.0
176
1
  0
VISUALSTYLE
  5
6D
102
{ACAD_REACTORS
330
16
102
}
330
16
100
AcDbVisualStyle
  2
Shaded with edges
 70
26
177
3
291
0
 70
58
 90
2
176
1
 90
2
176
1
 90
0
176
1
 90
2
176
1
 40
0.6
176
1
 40
30.0
176
1
 62
7
420
16777215
176
1
 90
1
176
1
 90
4
176
1
 62
7
176
1
 62
257
176
1
 90
1
176
1
 90
1
176
1
 40
1.0
176
1
 90
8
176
1
 62
7
176
1
 40
1.0
176
1
 90
1
176
1
 90
6
176
1
 90
2
176
1
 62
7
176
1
 90
5
176
1
 90
0
176
1
 90
0
176
1
290
0
176
1
 90
1
176
1
 40
0.0
176
1
 90
0
176
1
290
0
176
1
290
1
176
1
290
1
176
1
290
0
176
1
290
0
176
1
290
0
176
1
290
0
176
1
290
0
176
1
290
0
176
1
 90
50
176
1
 40
0.0
176
1
 40
1.0
176
1
 90
0
176
1
 62
18
420
0
176
1
 90
50
176
1
 90
3
176
1
 62
5
420
255
176
1
290
0
176
1
 90
50
176
1
 90
50
176
1
 90
50
176
1
290
0
176
1
 90
50
176
1
 62
256
176
0
 40
1.0
176
0
 90
2
176
1
  1
strokes_ogs.tif
176
1
290
0
176
1
 40
1.0
176
1
 40
1.0
176
1
  0
VISUALSTYLE
  5
6E
102
{ACAD_REACTORS
330
16
102
}
330
16
100
AcDbVisualStyle
  2
Shades of Gray
 70
23
177
3
291
0
 70
58
 90
2
176
1
 90
2
176
1
 90
0
176
1
 90
2
176
1
 40
0.6
176
1
 40
30.0
176
1
 62
7
420
16777215
176
1
 90
1
176
1
 90
4
176
1
 62
7
176
1
 62
257
176
1
 90
1
176
1
 90
1
176
1
 40
1.0
176
1
 90
8
176
1
 62
7
176
1
 40
1.0
176
1
 90
1
176
1
 90
6
176
1
 90
2
176
1
 62
7
176
1
 90
5
176
1
 90
0
176
1
 90
0
176
1
290
0
176
1
 90
1
176
1
 40
0.0
176
1
 90
0
176
1
290
0
176
1
290
1
176
1
290
1
176
1
290
0
176
1
290
0
176
1
290
0
176
1
290
0
176
1
290
0
176
1
290
0
176
1
 90
50
176
1
 40
0.0
176
1
 40
1.0
176
1
 90
0
176
1
 62
18
420
0
176
1
 90
50
176
1
 90
3
176
1
 62
5
420
255
176
1
290
0
176
1
 90
50
176
1
 90
50
176
1
 90
50
176
1
290
0
176
1
 90
50
176
1
 62
256
176
0
 40
1.0
176
0
 90
2
176
1
  1
strokes_ogs.tif
176
1
290
0
176
1
 40
1.0
176
1
 40
1.0
176
1
  0
VISUALSTYLE
  5
6F
102
{ACAD_REACTORS
330
16
102
}
330
16
100
AcDbVisualStyle
  2
Sketchy
 70
24
177
3
291
0
 70
58
 90
2
176
1
 90
2
176
1
 90
0
176
1
 90
1
176
1
 40
0.6
176
1
 40
30.0
176
1
 62
7
420
16777215
176
1
 90
1
176
1
 90
4
176
1
 62
7
176
1
 62
257
176
1
 90
1
176
1
 90
1
176
1
 40
1.0
176
1
 90
8
176
1
 62
7
176
1
 40
1.0
176
1
 90
1
176
1
 90
6
176
1
 90
2
176
1
 62
7
176
1
 90
5
176
1
 90
0
176
1
 90
0
176
1
290
0
176
1
 90
1
176
1
 40
0.0
176
1
 90
0
176
1
290
0
176
1
290
1
176
1
290
1
176
1
290
0
176
1
290
0
176
1
290
0
176
1
290
0
176
1
290
0
176
1
290
0
176
1
 90
50
176
1
 40
0.0
176
1
 40
1.0
176
1
 90
0
176
1
 62
18
420
0
176
1
 90
50
176
1
 90
3
176
1
 62
5
420
255
176
1
290
0
176
1
 90
50
176
1
 90
50
176
1
 90
50
176
1
290
0
176
1
 90
50
176
1
 62
256
176
0
 40
1.0
176
0
 90
2
176
1
  1
strokes_ogs.tif
176
1
290
0
176
1
 40
1.0
176
1
 40
1.0
176
1
  0
VISUALSTYLE
  5
70
102
{ACAD_REACTORS
330
16
102
}
330
16
100
AcDbVisualStyle
  2
Thicken
 70
13
177
3
291
1
 70
58
 90
2
176
1
 90
2
176
1
 90
0
176
1
 90
2
176
1
 40
0.6
176
1
 40
30.0
176
1
 62
7
420
16777215
176
1
 90
1
176
1
 90
4
176
1
 62
7
176
1
 62
257
176
1
 90
1
176
1
 90
1
176
1
 40
1.0
176
1
 90
8
176
1
 62
7
176
1
 40
1.0
176
1
 90
1
176
1
 90
6
176
1
 90
2
176
1
 62
7
176
1
 90
5
176
1
 90
0
176
1
 90
0
176
1
290
0
176
1
 90
1
176
1
 40
0.0
176
1
 90
0
176
1
290
0
176
1
290
1
176
1
290
1
176
1
290
0
176
1
290
0
176
1
290
0
176
1
290
0
176
1
290
0
176
1
290
0
176
1
 90
50
176
1
 40
0.0
176
1
 40
1.0
176
1
 90
0
176
1
 62
18
420
0
176
1
 90
50
176
1
 90
3
176
1
 62
5
420
255
176
1
290
0
176
1
 90
50
176
1
 90
50
176
1
 90
50
176
1
290
0
176
1
 90
50
176
1
 62
256
176
0
 40
1.0
176
0
 90
2
176
1
  1
strokes_ogs.tif
176
1
290
0
176
1
 40
1.0
176
1
 40
1.0
176
1
  0
VISUALSTYLE
  5
71
102
{ACAD_REACTORS
330
16
102
}
330
16
100
AcDbVisualStyle
  2
Wireframe
 70
5
177
3
291
0
 70
58
 90
2
176
1
 90
2
176
1
 90
0
176
1
 90
0
176
1
 40
0.6
176
1
 40
30.0
176
1
 62
7
420
16777215
176
1
 90
1
176
1
 90
4
176
1
 62
7
176
1
 62
257
176
1
 90
1
176
1
 90
1
176
1
 40
1.0
176
1
 90
8
176
1
 62
7
176
1
 40
1.0
176
1
 90
1
176
1
 90
6
176
1
 90
2
176
1
 62
7
176
1
 90
5
176
1
 90
0
176
1
 90
0
176
1
290
0
176
1
 90
1
176
1
 40
0.0
176
1
 90
0
176
1
290
0
176
1
290
1
176
1
290
1
176
1
290
0
176
1
290
0
176
1
290
0
176
1
290
0
176
1
290
0
176
1
290
0
176
1
 90
50
176
1
 40
0.0
176
1
 40
1.0
176
1
 90
0
176
1
 62
18
420
0
176
1
 90
50
176
1
 90
3
176
1
 62
5
420
255
176
1
290
0
176
1
 90
50
176
1
 90
50
176
1
 90
50
176
1
290
0
176
1
 90
50
176
1
 62
256
176
0
 40
1.0
176
0
 90
2
176
1
  1
strokes_ogs.tif
176
1
290
0
176
1
 40
1.0
176
1
 40
1.0
176
1
  0
VISUALSTYLE
  5
72
102
{ACAD_REACTORS
330
16
102
}
330
16
100
AcDbVisualStyle
  2
X-Ray
 70
25
177
3
291
0
 70
58
 90
2
176
1
 90
2
176
1
 90
0
176
1
 90
2
176
1
 40
0.5
176
1
 40
30.0
176
1
 62
7
420
16777215
176
1
 90
1
176
1
 90
4
176
1
 62
7
176
1
 62
257
176
1
 90
1
176
1
 90
1
176
1
 40
1.0
176
1
 90
8
176
1
 62
7
176
1
 40
1.0
176
1
 90
1
176
1
 90
6
176
1
 90
2
176
1
 62
7
176
1
 90
5
176
1
 90
0
176
1
 90
0
176
1
290
0
176
1
 90
1
176
1
 40
0.0
176
1
 90
0
176
1
290
0
176
1
290
1
176
1
290
1
176
1
290
0
176
1
290
0
176
1
290
0
176
1
290
0
176
1
290
0
176
1
290
0
176
1
 90
50
176
1
 40
0.0
176
1
 40
1.0
176
1
 90
0
176
1
 62
18
420
0
176
1
 90
50
176
1
 90
3
176
1
 62
5
420
255
176
1
290
0
176
1
 90
50
176
1
 90
50
176
1
 90
50
176
1
290
0
176
1
 90
50
176
1
 62
256
176
0
 40
1.0
176
0
 90
2
176
1
  1
strokes_ogs.tif
176
1
290
0
176
1
 40
1.0
176
1
 40
1.0
176
1
  0
LAYOUT
  5
8D6
330
D
100
AcDbPlotSettings
  1

  2
DWG To PDF.pc3
  4
ISO A1 horizontal 841x594 mm_(841.00_x_594.00_MM)
  6

 40
0.0
 41
0.0
 42
0.0
 43
0.0
 44
841.0
 45
594.0
 46
0.0
 47
0.0
 48
0.0
 49
0.0
140
0.0
141
0.0
142
1.0
143
1.0
 70
672
 72
1
 73
0
 74
5
  7

 75
16
 76
0
 77
2
 78
300
147
1.0
148
0.0
149
0.0
100
AcDbLayout
  1
VC1_CARGA
 70
1
 71
3
 10
-0.0
 20
-0.0
 11
841.0
 21
594.0
 12
0.0
 22
0.0
 32
0.0
 14
1e+20
 24
1e+20
 34
1e+20
 15
-1e+20
 25
-1e+20
 35
-1e+20
146
0.0
 13
0.0
 23
0.0
 33
0.0
 16
1.0
 26
0.0
 36
0.0
 17
0.0
 27
1.0
 37
0.0
 76
1
330
8D3
331
8D7
  0
LAYOUT
  5
8EC
330
D
100
AcDbPlotSettings
  1

  2
DWG To PDF.pc3
  4
ISO A1 horizontal 841x594 mm_(841.00_x_594.00_MM)
  6

 40
0.0
 41
0.0
 42
0.0
 43
0.0
 44
841.0
 45
594.0
 46
0.0
 47
0.0
 48
0.0
 49
0.0
140
0.0
141
0.0
142
1.0
143
1.0
 70
672
 72
1
 73
0
 74
5
  7

 75
16
 76
0
 77
2
 78
300
147
1.0
148
0.0
149
0.0
100
AcDbLayout
  1
VC2_CARGA
 70
1
 71
4
 10
-0.0
 20
-0.0
 11
841.0
 21
594.0
 12
0.0
 22
0.0
 32
0.0
 14
1e+20
 24
1e+20
 34
1e+20
 15
-1e+20
 25
-1e+20
 35
-1e+20
146
0.0
 13
0.0
 23
0.0
 33
0.0
 16
1.0
 26
0.0
 36
0.0
 17
0.0
 27
1.0
 37
0.0
 76
1
330
8E9
331
8ED
  0
LAYOUT
  5
902
330
D
100
AcDbPlotSettings
  1

  2
DWG To PDF.pc3
  4
ISO A1 horizontal 841x594 mm_(841.00_x_594.00_MM)
  6

 40
0.0
 41
0.0
 42
0.0
 43
0.0
 44
841.0
 45
594.0
 46
0.0
 47
0.0
 48
0.0
 49
0.0
140
0.0
141
0.0
142
1.0
143
1.0
 70
672
 72
1
 73
0
 74
5
  7

 75
16
 76
0
 77
2
 78
300
147
1.0
148
0.0
149
0.0
100
AcDbLayout
  1
VC3_CARGA
 70
1
 71
5
 10
-0.0
 20
-0.0
 11
841.0
 21
594.0
 12
0.0
 22
0.0
 32
0.0
 14
1e+20
 24
1e+20
 34
1e+20
 15
-1e+20
 25
-1e+20
 35
-1e+20
146
0.0
 13
0.0
 23
0.0
 33
0.0
 16
1.0
 26
0.0
 36
0.0
 17
0.0
 27
1.0
 37
0.0
 76
1
330
8FF
331
903
  0
LAYOUT
  5
918
330
D
100
AcDbPlotSettings
  1

  2
DWG To PDF.pc3
  4
ISO A1 horizontal 841x594 mm_(841.00_x_594.00_MM)
  6

 40
0.0
 41
0.0
 42
0.0
 43
0.0
 44
841.0
 45
594.0
 46
0.0
 47
0.0
 48
0.0
 49
0.0
140
0.0
141
0.0
142
1.0
143
1.0
 70
672
 72
1
 73
0
 74
5
  7

 75
16
 76
0
 77
2
 78
300
147
1.0
148
0.0
149
0.0
100
AcDbLayout
  1
VC4_CARGA
 70
1
 71
6
 10
-0.0
 20
-0.0
 11
841.0
 21
594.0
 12
0.0
 22
0.0
 32
0.0
 14
1e+20
 24
1e+20
 34
1e+20
 15
-1e+20
 25
-1e+20
 35
-1e+20
146
0.0
 13
0.0
 23
0.0
 33
0.0
 16
1.0
 26
0.0
 36
0.0
 17
0.0
 27
1.0
 37
0.0
 76
1
330
915
331
919
  0
LAYOUT
  5
92E
330
D
100
AcDbPlotSettings
  1

  2
DWG To PDF.pc3
  4
ISO A1 horizontal 841x594 mm_(841.00_x_594.00_MM)
  6

 40
0.0
 41
0.0
 42
0.0
 43
0.0
 44
841.0
 45
594.0
 46
0.0
 47
0.0
 48
0.0
 49
0.0
140
0.0
141
0.0
142
1.0
143
1.0
 70
672
 72
1
 73
0
 74
5
  7

 75
16
 76
0
 77
2
 78
300
147
1.0
148
0.0
149
0.0
100
AcDbLayout
  1
VC5_CARGA
 70
1
 71
7
 10
-0.0
 20
-0.0
 11
841.0
 21
594.0
 12
0.0
 22
0.0
 32
0.0
 14
1e+20
 24
1e+20
 34
1e+20
 15
-1e+20
 25
-1e+20
 35
-1e+20
146
0.0
 13
0.0
 23
0.0
 33
0.0
 16
1.0
 26
0.0
 36
0.0
 17
0.0
 27
1.0
 37
0.0
 76
1
330
92B
331
92F
  0
LAYOUT
  5
944
330
D
100
AcDbPlotSettings
  1

  2
DWG To PDF.pc3
  4
ISO A1 horizontal 841x594 mm_(841.00_x_594.00_MM)
  6

 40
0.0
 41
0.0
 42
0.0
 43
0.0
 44
841.0
 45
594.0
 46
0.0
 47
0.0
 48
0.0
 49
0.0
140
0.0
141
0.0
142
1.0
143
1.0
 70
672
 72
1
 73
0
 74
5
  7

 75
16
 76
0
 77
2
 78
300
147
1.0
148
0.0
149
0.0
100
AcDbLayout
  1
VC6_CARGA
 70
1
 71
8
 10
-0.0
 20
-0.0
 11
841.0
 21
594.0
 12
0.0
 22
0.0
 32
0.0
 14
1e+20
 24
1e+20
 34
1e+20
 15
-1e+20
 25
-1e+20
 35
-1e+20
146
0.0
 13
0.0
 23
0.0
 33
0.0
 16
1.0
 26
0.0
 36
0.0
 17
0.0
 27
1.0
 37
0.0
 76
1
330
941
331
945
  0
LAYOUT
  5
95A
330
D
100
AcDbPlotSettings
  1

  2
DWG To PDF.pc3
  4
ISO A1 horizontal 841x594 mm_(841.00_x_594.00_MM)
  6

 40
0.0
 41
0.0
 42
0.0
 43
0.0
 44
841.0
 45
594.0
 46
0.0
 47
0.0
 48
0.0
 49
0.0
140
0.0
141
0.0
142
1.0
143
1.0
 70
672
 72
1
 73
0
 74
5
  7

 75
16
 76
0
 77
2
 78
300
147
1.0
148
0.0
149
0.0
100
AcDbLayout
  1
VC7_CARGA
 70
1
 71
9
 10
-0.0
 20
-0.0
 11
841.0
 21
594.0
 12
0.0
 22
0.0
 32
0.0
 14
1e+20
 24
1e+20
 34
1e+20
 15
-1e+20
 25
-1e+20
 35
-1e+20
146
0.0
 13
0.0
 23
0.0
 33
0.0
 16
1.0
 26
0.0
 36
0.0
 17
0.0
 27
1.0
 37
0.0
 76
1
330
957
331
95B
  0
DICTIONARYVAR
  5
96F
330
2D
100
DictionaryVariables
280
0
  1
1.4.2 @ 2026-07-18T06:47:21.287596+00:00
  0
ENDSEC
  0
EOF
