  0
SECTION
  2
HEADER
  9
$ACADVER
  1
AC1032
  9
$ACADMAINTVER
 90
4
  9
$DWGCODEPAGE
  3
ANSI_1252
  9
$LASTSAVEDBY
  1
ezdxf
  9
$REQUIREDVERSIONS
160
0
  9
$INSBASE
 10
0.0
 20
0.0
 30
0.0
  9
$EXTMIN
 10
1e+20
 20
1e+20
 30
1e+20
  9
$EXTMAX
 10
-1e+20
 20
-1e+20
 30
-1e+20
  9
$LIMMIN
 10
0.0
 20
0.0
  9
$LIMMAX
 10
420.0
 20
297.0
  9
$ORTHOMODE
 70
0
  9
$REGENMODE
 70
1
  9
$FILLMODE
 70
1
  9
$QTEXTMODE
 70
0
  9
$MIRRTEXT
 70
1
  9
$LTSCALE
 40
1.0
  9
$ATTMODE
 70
1
  9
$TEXTSIZE
 40
2.5
  9
$TRACEWID
 40
1.0
  9
$TEXTSTYLE
  7
OpenSans
  9
$CLAYER
  8
0
  9
$CELTYPE
  6
ByLayer
  9
$CECOLOR
 62
256
  9
$CELTSCALE
 40
1.0
  9
$DISPSILH
 70
0
  9
$DIMSCALE
 40
1.0
  9
$DIMASZ
 40
0.175
  9
$DIMEXO
 40
0.125
  9
$DIMDLI
 40
3.75
  9
$DIMRND
 40
0.0
  9
$DIMDLE
 40
0.0
  9
$DIMEXE
 40
0.375
  9
$DIMTP
 40
0.0
  9
$DIMTM
 40
0.0
  9
$DIMTXT
 40
0.25
  9
$DIMCEN
 40
2.5
  9
$DIMTSZ
 40
0.0
  9
$DIMTOL
 70
0
  9
$DIMLIM
 70
0
  9
$DIMTIH
 70
0
  9
$DIMTOH
 70
0
  9
$DIMSE1
 70
0
  9
$DIMSE2
 70
0
  9
$DIMTAD
 70
1
  9
$DIMZIN
 70
12
  9
$DIMBLK
  1
ARCHTICK
  9
$DIMASO
 70
1
  9
$DIMSHO
 70
1
  9
$DIMPOST
  1

  9
$DIMAPOST
  1

  9
$DIMALT
 70
0
  9
$DIMALTD
 70
3
  9
$DIMALTF
 40
0.03937007874
  9
$DIMLFAC
 40
100.0
  9
$DIMTOFL
 70
1
  9
$DIMTVP
 40
0.0
  9
$DIMTIX
 70
0
  9
$DIMSOXD
 70
0
  9
$DIMSAH
 70
0
  9
$DIMBLK1
  1

  9
$DIMBLK2
  1

  9
$DIMSTYLE
  2
EZDXF
  9
$DIMCLRD
 70
0
  9
$DIMCLRE
 70
0
  9
$DIMCLRT
 70
0
  9
$DIMTFAC
 40
0.5
  9
$DIMGAP
 40
0.1
  9
$DIMJUST
 70
0
  9
$DIMSD1
 70
0
  9
$DIMSD2
 70
0
  9
$DIMTOLJ
 70
0
  9
$DIMTZIN
 70
8
  9
$DIMALTZ
 70
0
  9
$DIMALTTZ
 70
0
  9
$DIMUPT
 70
1
  9
$DIMDEC
 70
2
  9
$DIMTDEC
 70
2
  9
$DIMALTU
 70
2
  9
$DIMALTTD
 70
3
  9
$DIMTXSTY
  7
OpenSansCondensed-Light
  9
$DIMAUNIT
 70
0
  9
$DIMADEC
 70
2
  9
$DIMALTRND
 40
0.0
  9
$DIMAZIN
 70
3
  9
$DIMDSEP
 70
46
  9
$DIMATFIT
 70
3
  9
$DIMFRAC
 70
0
  9
$DIMLDRBLK
  1

  9
$DIMLUNIT
 70
2
  9
$DIMLWD
 70
-2
  9
$DIMLWE
 70
-2
  9
$DIMTMOVE
 70
2
  9
$DIMFXL
 40
1.0
  9
$DIMFXLON
 70
0
  9
$DIMJOGANG
 40
0.785398163397
  9
$DIMTFILL
 70
0
  9
$DIMTFILLCLR
 70
0
  9
$DIMARCSYM
 70
0
  9
$DIMLTYPE
  6

  9
$DIMLTEX1
  6

  9
$DIMLTEX2
  6

  9
$DIMTXTDIRECTION
 70
0
  9
$LUNITS
 70
2
  9
$LUPREC
 70
3
  9
$SKETCHINC
 40
1.0
  9
$FILLETRAD
 40
10.0
  9
$AUNITS
 70
0
  9
$AUPREC
 70
2
  9
$MENU
  1
.
  9
$ELEVATION
 40
0.0
  9
$PELEVATION
 40
0.0
  9
$THICKNESS
 40
0.0
  9
$LIMCHECK
 70
0
  9
$CHAMFERA
 40
0.0
  9
$CHAMFERB
 40
0.0
  9
$CHAMFERC
 40
0.0
  9
$CHAMFERD
 40
0.0
  9
$SKPOLY
 70
0
  9
$TDCREATE
 40
2461240.0660532406
  9
$TDUCREATE
 40
2458532.153996898
  9
$TDUPDATE
 40
2461240.0660532406
  9
$TDUUPDATE
 40
2458532.1544311
  9
$TDINDWG
 40
0.0
  9
$TDUSRTIMER
 40
0.0
  9
$USRTIMER
 70
1
  9
$ANGBASE
 50
0.0
  9
$ANGDIR
 70
0
  9
$PDMODE
 70
0
  9
$PDSIZE
 40
0.0
  9
$PLINEWID
 40
0.0
  9
$SPLFRAME
 70
0
  9
$SPLINETYPE
 70
6
  9
$SPLINESEGS
 70
8
  9
$HANDSEED
  5
47C
  9
$SURFTAB1
 70
6
  9
$SURFTAB2
 70
6
  9
$SURFTYPE
 70
6
  9
$SURFU
 70
6
  9
$SURFV
 70
6
  9
$UCSBASE
  2

  9
$UCSNAME
  2

  9
$UCSORG
 10
0.0
 20
0.0
 30
0.0
  9
$UCSXDIR
 10
1.0
 20
0.0
 30
0.0
  9
$UCSYDIR
 10
0.0
 20
1.0
 30
0.0
  9
$UCSORTHOREF
  2

  9
$UCSORTHOVIEW
 70
0
  9
$UCSORGTOP
 10
0.0
 20
0.0
 30
0.0
  9
$UCSORGBOTTOM
 10
0.0
 20
0.0
 30
0.0
  9
$UCSORGLEFT
 10
0.0
 20
0.0
 30
0.0
  9
$UCSORGRIGHT
 10
0.0
 20
0.0
 30
0.0
  9
$UCSORGFRONT
 10
0.0
 20
0.0
 30
0.0
  9
$UCSORGBACK
 10
0.0
 20
0.0
 30
0.0
  9
$PUCSBASE
  2

  9
$PUCSNAME
  2

  9
$PUCSORG
 10
0.0
 20
0.0
 30
0.0
  9
$PUCSXDIR
 10
1.0
 20
0.0
 30
0.0
  9
$PUCSYDIR
 10
0.0
 20
1.0
 30
0.0
  9
$PUCSORTHOREF
  2

  9
$PUCSORTHOVIEW
 70
0
  9
$PUCSORGTOP
 10
0.0
 20
0.0
 30
0.0
  9
$PUCSORGBOTTOM
 10
0.0
 20
0.0
 30
0.0
  9
$PUCSORGLEFT
 10
0.0
 20
0.0
 30
0.0
  9
$PUCSORGRIGHT
 10
0.0
 20
0.0
 30
0.0
  9
$PUCSORGFRONT
 10
0.0
 20
0.0
 30
0.0
  9
$PUCSORGBACK
 10
0.0
 20
0.0
 30
0.0
  9
$USERI1
 70
0
  9
$USERI2
 70
0
  9
$USERI3
 70
0
  9
$USERI4
 70
0
  9
$USERI5
 70
0
  9
$USERR1
 40
0.0
  9
$USERR2
 40
0.0
  9
$USERR3
 40
0.0
  9
$USERR4
 40
0.0
  9
$USERR5
 40
0.0
  9
$WORLDVIEW
 70
1
  9
$SHADEDGE
 70
3
  9
$SHADEDIF
 70
70
  9
$TILEMODE
 70
1
  9
$MAXACTVP
 70
64
  9
$PINSBASE
 10
0.0
 20
0.0
 30
0.0
  9
$PLIMCHECK
 70
0
  9
$PEXTMIN
 10
1e+20
 20
1e+20
 30
1e+20
  9
$PEXTMAX
 10
-1e+20
 20
-1e+20
 30
-1e+20
  9
$PLIMMIN
 10
-0.0
 20
-0.0
  9
$PLIMMAX
 10
1189.0
 20
841.0
  9
$UNITMODE
 70
0
  9
$VISRETAIN
 70
1
  9
$PLINEGEN
 70
0
  9
$PSLTSCALE
 70
1
  9
$TREEDEPTH
 70
3020
  9
$CMLSTYLE
  2
Standard
  9
$CMLJUST
 70
0
  9
$CMLSCALE
 40
20.0
  9
$PROXYGRAPHICS
 70
1
  9
$MEASUREMENT
 70
1
  9
$CELWEIGHT
370
-1
  9
$ENDCAPS
280
0
  9
$JOINSTYLE
280
0
  9
$LWDISPLAY
290
0
  9
$INSUNITS
 70
4
  9
$HYPERLINKBASE
  1

  9
$STYLESHEET
  1

  9
$XEDIT
290
1
  9
$CEPSNTYPE
380
0
  9
$PSTYLEMODE
290
1
  9
$FINGERPRINTGUID
  2
{E4E94399-136E-43CB-B28D-55AC1F043562}
  9
$VERSIONGUID
  2
{0E3A63CC-5EC3-43AF-8E24-244DE467BCDE}
  9
$EXTNAMES
290
1
  9
$PSVPSCALE
 40
0.0
  9
$OLESTARTUP
290
0
  9
$SORTENTS
280
127
  9
$INDEXCTL
280
0
  9
$HIDETEXT
280
1
  9
$XCLIPFRAME
280
1
  9
$HALOGAP
280
0
  9
$OBSCOLOR
 70
257
  9
$OBSLTYPE
280
0
  9
$INTERSECTIONDISPLAY
280
0
  9
$INTERSECTIONCOLOR
 70
257
  9
$DIMASSOC
280
2
  9
$PROJECTNAME
  1

  9
$CAMERADISPLAY
290
0
  9
$LENSLENGTH
 40
50.0
  9
$CAMERAHEIGHT
 40
0.0
  9
$STEPSPERSEC
 40
24.0
  9
$STEPSIZE
 40
100.0
  9
$3DDWFPREC
 40
2.0
  9
$PSOLWIDTH
 40
0.005
  9
$PSOLHEIGHT
 40
0.08
  9
$LOFTANG1
 40
1.570796326795
  9
$LOFTANG2
 40
1.570796326795
  9
$LOFTMAG1
 40
0.0
  9
$LOFTMAG2
 40
0.0
  9
$LOFTPARAM
 70
7
  9
$LOFTNORMALS
280
1
  9
$LATITUDE
 40
37.795
  9
$LONGITUDE
 40
-122.394
  9
$NORTHDIRECTION
 40
0.0
  9
$TIMEZONE
 70
-8000
  9
$LIGHTGLYPHDISPLAY
280
1
  9
$TILEMODELIGHTSYNCH
280
1
  9
$CMATERIAL
347
20
  9
$SOLIDHIST
280
0
  9
$SHOWHIST
280
1
  9
$DWFFRAME
280
2
  9
$DGNFRAME
280
2
  9
$REALWORLDSCALE
290
1
  9
$INTERFERECOLOR
 62
256
  9
$CSHADOW
280
0
  9
$SHADOWPLANELOCATION
 40
0.0
  0
ENDSEC
  0
SECTION
  2
CLASSES
  0
CLASS
  1
ACDBDICTIONARYWDFLT
  2
AcDbDictionaryWithDefault
  3
ObjectDBX Classes
 90
0
 91
0
280
0
281
0
  0
CLASS
  1
SUN
  2
AcDbSun
  3
SCENEOE
 90
1153
 91
0
280
0
281
0
  0
CLASS
  1
VISUALSTYLE
  2
AcDbVisualStyle
  3
ObjectDBX Classes
 90
4095
 91
0
280
0
281
0
  0
CLASS
  1
MATERIAL
  2
AcDbMaterial
  3
ObjectDBX Classes
 90
1153
 91
0
280
0
281
0
  0
CLASS
  1
SCALE
  2
AcDbScale
  3
ObjectDBX Classes
 90
1153
 91
0
280
0
281
0
  0
CLASS
  1
TABLESTYLE
  2
AcDbTableStyle
  3
ObjectDBX Classes
 90
4095
 91
0
280
0
281
0
  0
CLASS
  1
MLEADERSTYLE
  2
AcDbMLeaderStyle
  3
ACDB_MLEADERSTYLE_CLASS
 90
4095
 91
0
280
0
281
0
  0
CLASS
  1
DICTIONARYVAR
  2
AcDbDictionaryVar
  3
ObjectDBX Classes
 90
0
 91
0
280
0
281
0
  0
CLASS
  1
CELLSTYLEMAP
  2
AcDbCellStyleMap
  3
ObjectDBX Classes
 90
1152
 91
0
280
0
281
0
  0
CLASS
  1
MENTALRAYRENDERSETTINGS
  2
AcDbMentalRayRenderSettings
  3
SCENEOE
 90
1024
 91
0
280
0
281
0
  0
CLASS
  1
ACDBDETAILVIEWSTYLE
  2
AcDbDetailViewStyle
  3
ObjectDBX Classes
 90
1025
 91
0
280
0
281
0
  0
CLASS
  1
ACDBSECTIONVIEWSTYLE
  2
AcDbSectionViewStyle
  3
ObjectDBX Classes
 90
1025
 91
0
280
0
281
0
  0
CLASS
  1
RASTERVARIABLES
  2
AcDbRasterVariables
  3
ISM
 90
0
 91
0
280
0
281
0
  0
CLASS
  1
ACDBPLACEHOLDER
  2
AcDbPlaceHolder
  3
ObjectDBX Classes
 90
0
 91
0
280
0
281
0
  0
CLASS
  1
LAYOUT
  2
AcDbLayout
  3
ObjectDBX Classes
 90
0
 91
0
280
0
281
0
  0
ENDSEC
  0
SECTION
  2
TABLES
  0
TABLE
  2
VPORT
  5
8
330
0
100
AcDbSymbolTable
 70
1
  0
VPORT
  5
23
330
8
100
AcDbSymbolTableRecord
100
AcDbViewportTableRecord
  2
*Active
 70
0
 10
0.0
 20
0.0
 11
1.0
 21
1.0
 12
0.0
 22
0.0
 13
0.0
 23
0.0
 14
0.5
 24
0.5
 15
0.5
 25
0.5
 16
0.0
 26
0.0
 36
1.0
 17
0.0
 27
0.0
 37
0.0
 40
1000.0
 41
1.34
 42
50.0
 43
0.0
 44
0.0
 50
0.0
 51
0.0
 71
0
 72
1000
 73
1
 74
3
 75
0
 76
0
 77
0
 78
0
281
0
 65
0
146
0.0
  0
ENDTAB
  0
TABLE
  2
LTYPE
  5
2
330
0
100
AcDbSymbolTable
 70
21
  0
LTYPE
  5
24
330
2
100
AcDbSymbolTableRecord
100
AcDbLinetypeTableRecord
  2
ByBlock
 70
0
  3

 72
65
 73
0
 40
0.0
  0
LTYPE
  5
25
330
2
100
AcDbSymbolTableRecord
100
AcDbLinetypeTableRecord
  2
ByLayer
 70
0
  3

 72
65
 73
0
 40
0.0
  0
LTYPE
  5
26
330
2
100
AcDbSymbolTableRecord
100
AcDbLinetypeTableRecord
  2
Continuous
 70
0
  3

 72
65
 73
0
 40
0.0
  0
LTYPE
  5
2F
330
2
100
AcDbSymbolTableRecord
100
AcDbLinetypeTableRecord
  2
CENTER
 70
0
  3
Center ____ _ ____ _ ____ _ ____ _ ____ _ ____
 72
65
 73
4
 40
5.08
 49
3.175
 74
0
 49
-0.635
 74
0
 49
0.635
 74
0
 49
-0.635
 74
0
  0
LTYPE
  5
30
330
2
100
AcDbSymbolTableRecord
100
AcDbLinetypeTableRecord
  2
CENTERX2
 70
0
  3
Center (2x) ________  __  ________  __  ________
 72
65
 73
4
 40
8.89
 49
6.35
 74
0
 49
-0.635
 74
0
 49
1.27
 74
0
 49
-0.635
 74
0
  0
LTYPE
  5
31
330
2
100
AcDbSymbolTableRecord
100
AcDbLinetypeTableRecord
  2
CENTER2
 70
0
  3
Center (.5x) ____ _ ____ _ ____ _ ____ _ ____
 72
65
 73
4
 40
2.54
 49
1.587
 74
0
 49
-0.318
 74
0
 49
0.318
 74
0
 49
-0.318
 74
0
  0
LTYPE
  5
32
330
2
100
AcDbSymbolTableRecord
100
AcDbLinetypeTableRecord
  2
DASHED
 70
0
  3
Dashed __ __ __ __ __ __ __ __ __ __ __ __ __ _
 72
65
 73
2
 40
1.524
 49
1.27
 74
0
 49
-0.254
 74
0
  0
LTYPE
  5
33
330
2
100
AcDbSymbolTableRecord
100
AcDbLinetypeTableRecord
  2
DASHEDX2
 70
0
  3
Dashed (2x) ____  ____  ____  ____  ____  ____
 72
65
 73
2
 40
3.048
 49
2.54
 74
0
 49
-0.508
 74
0
  0
LTYPE
  5
34
330
2
100
AcDbSymbolTableRecord
100
AcDbLinetypeTableRecord
  2
DASHED2
 70
0
  3
Dashed (.5x) _ _ _ _ _ _ _ _ _ _ _ _ _ _
 72
65
 73
2
 40
0.762
 49
0.635
 74
0
 49
-0.127
 74
0
  0
LTYPE
  5
35
330
2
100
AcDbSymbolTableRecord
100
AcDbLinetypeTableRecord
  2
PHANTOM
 70
0
  3
Phantom ______  __  __  ______  __  __  ______
 72
65
 73
6
 40
6.35
 49
3.175
 74
0
 49
-0.635
 74
0
 49
0.635
 74
0
 49
-0.635
 74
0
 49
0.635
 74
0
 49
-0.635
 74
0
  0
LTYPE
  5
36
330
2
100
AcDbSymbolTableRecord
100
AcDbLinetypeTableRecord
  2
PHANTOMX2
 70
0
  3
Phantom (2x)____________    ____    ____    ____________
 72
65
 73
6
 40
10.795
 49
6.35
 74
0
 49
-0.635
 74
0
 49
1.27
 74
0
 49
-0.635
 74
0
 49
1.27
 74
0
 49
-0.635
 74
0
  0
LTYPE
  5
37
330
2
100
AcDbSymbolTableRecord
100
AcDbLinetypeTableRecord
  2
PHANTOM2
 70
0
  3
Phantom (.5x) ___ _ _ ___ _ _ ___ _ _ ___ _ _ ___
 72
65
 73
6
 40
3.175
 49
1.587
 74
0
 49
-0.318
 74
0
 49
0.318
 74
0
 49
-0.318
 74
0
 49
0.318
 74
0
 49
-0.318
 74
0
  0
LTYPE
  5
38
330
2
100
AcDbSymbolTableRecord
100
AcDbLinetypeTableRecord
  2
DASHDOT
 70
0
  3
Dash dot __ . __ . __ . __ . __ . __ . __ . __
 72
65
 73
4
 40
3.556
 49
2.54
 74
0
 49
-0.508
 74
0
 49
0.0
 74
0
 49
-0.508
 74
0
  0
LTYPE
  5
39
330
2
100
AcDbSymbolTableRecord
100
AcDbLinetypeTableRecord
  2
DASHDOTX2
 70
0
  3
Dash dot (2x) ____  .  ____  .  ____  .  ____
 72
65
 73
4
 40
6.096
 49
5.08
 74
0
 49
-0.508
 74
0
 49
0.0
 74
0
 49
-0.508
 74
0
  0
LTYPE
  5
3A
330
2
100
AcDbSymbolTableRecord
100
AcDbLinetypeTableRecord
  2
DASHDOT2
 70
0
  3
Dash dot (.5x) _ . _ . _ . _ . _ . _ . _ . _
 72
65
 73
4
 40
1.778
 49
1.27
 74
0
 49
-0.254
 74
0
 49
0.0
 74
0
 49
-0.254
 74
0
  0
LTYPE
  5
3B
330
2
100
AcDbSymbolTableRecord
100
AcDbLinetypeTableRecord
  2
DOT
 70
0
  3
Dot .  .  .  .  .  .  .  .  .  .  .  .  .  .  .  .
 72
65
 73
2
 40
0.508
 49
0.0
 74
0
 49
-0.508
 74
0
  0
LTYPE
  5
3C
330
2
100
AcDbSymbolTableRecord
100
AcDbLinetypeTableRecord
  2
DOTX2
 70
0
  3
Dot (2x) .    .    .    .    .    .    .    . 
 72
65
 73
2
 40
1.016
 49
0.0
 74
0
 49
-1.016
 74
0
  0
LTYPE
  5
3D
330
2
100
AcDbSymbolTableRecord
100
AcDbLinetypeTableRecord
  2
DOT2
 70
0
  3
Dot (.5) . . . . . . . . . . . . . . . . . . . 
 72
65
 73
2
 40
0.254
 49
0.0
 74
0
 49
-0.254
 74
0
  0
LTYPE
  5
3E
330
2
100
AcDbSymbolTableRecord
100
AcDbLinetypeTableRecord
  2
DIVIDE
 70
0
  3
Divide __ . . __ . . __ . . __ . . __ . . __
 72
65
 73
6
 40
4.064
 49
2.54
 74
0
 49
-0.508
 74
0
 49
0.0
 74
0
 49
-0.508
 74
0
 49
0.0
 74
0
 49
-0.508
 74
0
  0
LTYPE
  5
3F
330
2
100
AcDbSymbolTableRecord
100
AcDbLinetypeTableRecord
  2
DIVIDEX2
 70
0
  3
Divide (2x) ____  . .  ____  . .  ____  . .  ____
 72
65
 73
6
 40
6.604
 49
5.08
 74
0
 49
-0.508
 74
0
 49
0.0
 74
0
 49
-0.508
 74
0
 49
0.0
 74
0
 49
-0.508
 74
0
  0
LTYPE
  5
40
330
2
100
AcDbSymbolTableRecord
100
AcDbLinetypeTableRecord
  2
DIVIDE2
 70
0
  3
Divide(.5x) _ . _ . _ . _ . _ . _ . _ . _
 72
65
 73
6
 40
2.032
 49
1.27
 74
0
 49
-0.254
 74
0
 49
0.0
 74
0
 49
-0.254
 74
0
 49
0.0
 74
0
 49
-0.254
 74
0
  0
ENDTAB
  0
TABLE
  2
LAYER
  5
1
330
0
100
AcDbSymbolTable
 70
18
  0
LAYER
  5
27
330
1
100
AcDbSymbolTableRecord
100
AcDbLayerTableRecord
  2
0
 70
0
 62
7
  6
Continuous
370
-3
390
13
347
21
  0
LAYER
  5
28
330
1
100
AcDbSymbolTableRecord
100
AcDbLayerTableRecord
  2
Defpoints
 70
0
 62
7
  6
Continuous
290
0
370
-3
390
13
347
21
  0
LAYER
  5
8A
330
1
100
AcDbSymbolTableRecord
100
AcDbLayerTableRecord
  2
MARCO
 70
0
 62
7
  6
Continuous
370
-3
390
13
347
21
  0
LAYER
  5
8B
330
1
100
AcDbSymbolTableRecord
100
AcDbLayerTableRecord
  2
GUIA
 70
0
 62
9
  6
Continuous
370
-3
390
13
347
21
  0
LAYER
  5
8C
330
1
100
AcDbSymbolTableRecord
100
AcDbLayerTableRecord
  2
ROTULO
 70
0
 62
7
  6
Continuous
370
-3
390
13
347
21
  0
LAYER
  5
8D
330
1
100
AcDbSymbolTableRecord
100
AcDbLayerTableRecord
  2
TITULO
 70
0
 62
6
  6
Continuous
370
-3
390
13
347
21
  0
LAYER
  5
8E
330
1
100
AcDbSymbolTableRecord
100
AcDbLayerTableRecord
  2
TEXTO
 70
0
 62
7
  6
Continuous
370
-3
390
13
347
21
  0
LAYER
  5
8F
330
1
100
AcDbSymbolTableRecord
100
AcDbLayerTableRecord
  2
CONTORNO
 70
0
 62
7
  6
Continuous
370
-3
390
13
347
21
  0
LAYER
  5
90
330
1
100
AcDbSymbolTableRecord
100
AcDbLayerTableRecord
  2
APOYOS
 70
0
 62
4
  6
Continuous
370
-3
390
13
347
21
  0
LAYER
  5
91
330
1
100
AcDbSymbolTableRecord
100
AcDbLayerTableRecord
  2
EJES
 70
0
 62
8
  6
Continuous
370
-3
390
13
347
21
  0
LAYER
  5
92
330
1
100
AcDbSymbolTableRecord
100
AcDbLayerTableRecord
  2
ACERO_SUP
 70
0
 62
5
  6
Continuous
370
-3
390
13
347
21
  0
LAYER
  5
93
330
1
100
AcDbSymbolTableRecord
100
AcDbLayerTableRecord
  2
ACERO_ADIC
 70
0
 62
2
  6
Continuous
370
-3
390
13
347
21
  0
LAYER
  5
94
330
1
100
AcDbSymbolTableRecord
100
AcDbLayerTableRecord
  2
ACERO_INF
 70
0
 62
1
  6
Continuous
370
-3
390
13
347
21
  0
LAYER
  5
95
330
1
100
AcDbSymbolTableRecord
100
AcDbLayerTableRecord
  2
ACERO_TOR
 70
0
 62
30
  6
Continuous
370
-3
390
13
347
21
  0
LAYER
  5
96
330
1
100
AcDbSymbolTableRecord
100
AcDbLayerTableRecord
  2
ESTRIBOS
 70
0
 62
7
  6
Continuous
370
-3
390
13
347
21
  0
LAYER
  5
97
330
1
100
AcDbSymbolTableRecord
100
AcDbLayerTableRecord
  2
CORTE
 70
0
 62
7
  6
Continuous
370
-3
390
13
347
21
  0
LAYER
  5
98
330
1
100
AcDbSymbolTableRecord
100
AcDbLayerTableRecord
  2
COTAS
 70
0
 62
3
  6
Continuous
370
-3
390
13
347
21
  0
LAYER
  5
99
330
1
100
AcDbSymbolTableRecord
100
AcDbLayerTableRecord
  2
ALERTA
 70
0
 62
1
  6
Continuous
370
-3
390
13
347
21
  0
ENDTAB
  0
TABLE
  2
STYLE
  5
5
330
0
100
AcDbSymbolTable
 70
26
  0
STYLE
  5
29
330
5
100
AcDbSymbolTableRecord
100
AcDbTextStyleTableRecord
  2
Standard
 70
0
 40
0.0
 41
1.0
 50
0.0
 71
0
 42
2.5
  3
txt
  4

  0
STYLE
  5
41
330
5
100
AcDbSymbolTableRecord
100
AcDbTextStyleTableRecord
  2
OpenSans-Light
 70
0
 40
0.0
 41
1.0
 50
0.0
 71
0
 42
2.5
  3
OpenSans-Light.ttf
  4

  0
STYLE
  5
42
330
5
100
AcDbSymbolTableRecord
100
AcDbTextStyleTableRecord
  2
OpenSans-Light-Italic
 70
0
 40
0.0
 41
1.0
 50
0.0
 71
0
 42
2.5
  3
OpenSans-LightItalic.ttf
  4

  0
STYLE
  5
43
330
5
100
AcDbSymbolTableRecord
100
AcDbTextStyleTableRecord
  2
OpenSans
 70
0
 40
0.0
 41
1.0
 50
0.0
 71
0
 42
2.5
  3
OpenSans-Regular.ttf
  4

  0
STYLE
  5
44
330
5
100
AcDbSymbolTableRecord
100
AcDbTextStyleTableRecord
  2
OpenSans-Italic
 70
0
 40
0.0
 41
1.0
 50
0.0
 71
0
 42
2.5
  3
OpenSans-Italic.ttf
  4

  0
STYLE
  5
45
330
5
100
AcDbSymbolTableRecord
100
AcDbTextStyleTableRecord
  2
OpenSans-SemiBold
 70
0
 40
0.0
 41
1.0
 50
0.0
 71
0
 42
2.5
  3
OpenSans-SemiBold.ttf
  4

  0
STYLE
  5
46
330
5
100
AcDbSymbolTableRecord
100
AcDbTextStyleTableRecord
  2
OpenSans-SemiBoldItalic
 70
0
 40
0.0
 41
1.0
 50
0.0
 71
0
 42
2.5
  3
OpenSans-SemiBoldItalic.ttf
  4

  0
STYLE
  5
47
330
5
100
AcDbSymbolTableRecord
100
AcDbTextStyleTableRecord
  2
OpenSans-Bold
 70
0
 40
0.0
 41
1.0
 50
0.0
 71
0
 42
2.5
  3
OpenSans-Bold.ttf
  4

  0
STYLE
  5
48
330
5
100
AcDbSymbolTableRecord
100
AcDbTextStyleTableRecord
  2
OpenSans-BoldItalic
 70
0
 40
0.0
 41
1.0
 50
0.0
 71
0
 42
2.5
  3
OpenSans-BoldItalic.ttf
  4

  0
STYLE
  5
49
330
5
100
AcDbSymbolTableRecord
100
AcDbTextStyleTableRecord
  2
OpenSans-ExtraBold
 70
0
 40
0.0
 41
1.0
 50
0.0
 71
0
 42
2.5
  3
OpenSans-ExtraBold.ttf
  4

  0
STYLE
  5
4A
330
5
100
AcDbSymbolTableRecord
100
AcDbTextStyleTableRecord
  2
OpenSans-ExtraBoldItalic
 70
0
 40
0.0
 41
1.0
 50
0.0
 71
0
 42
2.5
  3
OpenSans-ExtraBoldItalic.ttf
  4

  0
STYLE
  5
4B
330
5
100
AcDbSymbolTableRecord
100
AcDbTextStyleTableRecord
  2
OpenSansCondensed-Bold
 70
0
 40
0.0
 41
1.0
 50
0.0
 71
0
 42
2.5
  3
OpenSansCondensed-Bold.ttf
  4

  0
STYLE
  5
4C
330
5
100
AcDbSymbolTableRecord
100
AcDbTextStyleTableRecord
  2
OpenSansCondensed-Light
 70
0
 40
0.0
 41
1.0
 50
0.0
 71
0
 42
2.5
  3
OpenSansCondensed-Light.ttf
  4

  0
STYLE
  5
4D
330
5
100
AcDbSymbolTableRecord
100
AcDbTextStyleTableRecord
  2
OpenSansCondensed-Italic
 70
0
 40
0.0
 41
1.0
 50
0.0
 71
0
 42
2.5
  3
OpenSansCondensed-LightItalic.ttf
  4

  0
STYLE
  5
4E
330
5
100
AcDbSymbolTableRecord
100
AcDbTextStyleTableRecord
  2
LiberationSans
 70
0
 40
0.0
 41
1.0
 50
0.0
 71
0
 42
2.5
  3
LiberationSans-Regular.ttf
  4

  0
STYLE
  5
4F
330
5
100
AcDbSymbolTableRecord
100
AcDbTextStyleTableRecord
  2
LiberationSans-Bold
 70
0
 40
0.0
 41
1.0
 50
0.0
 71
0
 42
2.5
  3
LiberationSans-Bold.ttf
  4

  0
STYLE
  5
50
330
5
100
AcDbSymbolTableRecord
100
AcDbTextStyleTableRecord
  2
LiberationSans-BoldItalic
 70
0
 40
0.0
 41
1.0
 50
0.0
 71
0
 42
2.5
  3
LiberationSans-BoldItalic.ttf
  4

  0
STYLE
  5
51
330
5
100
AcDbSymbolTableRecord
100
AcDbTextStyleTableRecord
  2
LiberationSans-Italic
 70
0
 40
0.0
 41
1.0
 50
0.0
 71
0
 42
2.5
  3
LiberationSans-Italic.ttf
  4

  0
STYLE
  5
52
330
5
100
AcDbSymbolTableRecord
100
AcDbTextStyleTableRecord
  2
LiberationSerif
 70
0
 40
0.0
 41
1.0
 50
0.0
 71
0
 42
2.5
  3
LiberationSerif-Regular.ttf
  4

  0
STYLE
  5
53
330
5
100
AcDbSymbolTableRecord
100
AcDbTextStyleTableRecord
  2
LiberationSerif-Bold
 70
0
 40
0.0
 41
1.0
 50
0.0
 71
0
 42
2.5
  3
LiberationSerif-Bold.ttf
  4

  0
STYLE
  5
54
330
5
100
AcDbSymbolTableRecord
100
AcDbTextStyleTableRecord
  2
LiberationSerif-BoldItalic
 70
0
 40
0.0
 41
1.0
 50
0.0
 71
0
 42
2.5
  3
LiberationSerif-BoldItalic.ttf
  4

  0
STYLE
  5
55
330
5
100
AcDbSymbolTableRecord
100
AcDbTextStyleTableRecord
  2
LiberationSerif-Italic
 70
0
 40
0.0
 41
1.0
 50
0.0
 71
0
 42
2.5
  3
LiberationSerif-Italic.ttf
  4

  0
STYLE
  5
56
330
5
100
AcDbSymbolTableRecord
100
AcDbTextStyleTableRecord
  2
LiberationMono
 70
0
 40
0.0
 41
1.0
 50
0.0
 71
0
 42
2.5
  3
LiberationMono-Regular.ttf
  4

  0
STYLE
  5
57
330
5
100
AcDbSymbolTableRecord
100
AcDbTextStyleTableRecord
  2
LiberationMono-Bold
 70
0
 40
0.0
 41
1.0
 50
0.0
 71
0
 42
2.5
  3
LiberationMono-Bold.ttf
  4

  0
STYLE
  5
58
330
5
100
AcDbSymbolTableRecord
100
AcDbTextStyleTableRecord
  2
LiberationMono-BoldItalic
 70
0
 40
0.0
 41
1.0
 50
0.0
 71
0
 42
2.5
  3
LiberationMono-BoldItalic.ttf
  4

  0
STYLE
  5
59
330
5
100
AcDbSymbolTableRecord
100
AcDbTextStyleTableRecord
  2
LiberationMono-Italic
 70
0
 40
0.0
 41
1.0
 50
0.0
 71
0
 42
2.5
  3
LiberationMono-Italic.ttf
  4

  0
ENDTAB
  0
TABLE
  2
VIEW
  5
7
330
0
100
AcDbSymbolTable
 70
0
  0
ENDTAB
  0
TABLE
  2
UCS
  5
6
330
0
100
AcDbSymbolTable
 70
0
  0
ENDTAB
  0
TABLE
  2
APPID
  5
3
330
0
100
AcDbSymbolTable
 70
3
  0
APPID
  5
2A
330
3
100
AcDbSymbolTableRecord
100
AcDbRegAppTableRecord
  2
ACAD
 70
0
  0
APPID
  5
479
330
3
100
AcDbSymbolTableRecord
100
AcDbRegAppTableRecord
  2
HATCHBACKGROUNDCOLOR
 70
0
  0
APPID
  5
47A
330
3
100
AcDbSymbolTableRecord
100
AcDbRegAppTableRecord
  2
EZDXF
 70
0
  0
ENDTAB
  0
TABLE
  2
DIMSTYLE
  5
4
330
0
100
AcDbSymbolTable
 70
12
100
AcDbDimStyleTable
  0
DIMSTYLE
105
2B
330
4
100
AcDbSymbolTableRecord
100
AcDbDimStyleTableRecord
  2
Standard
 70
0
 40
1.0
 41
2.5
 42
0.625
 43
3.75
 44
1.25
 45
0.0
 46
0.0
 47
0.0
 48
0.0
 49
2.5
140
2.5
141
2.5
142
0.0
143
0.03937007874
144
1.0
145
0.0
146
1.0
147
0.625
148
0.0
 69
0
 70
0
 71
0
 72
0
 73
0
 74
0
 75
0
 76
0
 77
1
 78
8
 79
3
170
0
171
3
172
1
173
0
174
0
175
0
176
0
177
0
178
0
179
2
271
2
272
2
273
2
274
3
275
0
276
0
277
2
278
44
279
0
280
0
281
0
282
0
283
0
284
8
285
0
286
0
288
0
289
3
290
0
371
-2
372
-2
  0
DIMSTYLE
105
73
330
4
100
AcDbSymbolTableRecord
100
AcDbDimStyleTableRecord
  2
EZDXF
 70
0
 40
1.0
 41
0.175
 42
0.125
 43
3.75
 44
0.375
 45
0.0
 46
0.0
 47
0.0
 48
0.0
 49
2.5
140
0.25
141
2.5
142
0.0
143
0.03937007874
144
100.0
145
0.0
146
0.5
147
0.1
148
0.0
 69
0
 70
0
 71
0
 72
0
 73
0
 74
0
 75
0
 76
0
 77
1
 78
12
 79
3
170
0
171
3
172
1
173
0
174
0
175
0
176
0
177
0
178
0
179
2
271
2
272
2
273
2
274
3
275
0
276
0
277
2
278
46
279
2
280
0
281
0
282
0
283
0
284
8
285
0
286
0
288
1
289
3
290
0
340
4C
342
74
371
-2
372
-2
  0
DIMSTYLE
105
7C
330
4
100
AcDbSymbolTableRecord
100
AcDbDimStyleTableRecord
  2
EZ_M_100_H25_CM
 70
0
 40
1.0
 41
0.25
 42
0.125
 43
3.75
 44
0.375
 45
0.0
 46
0.0
 47
0.0
 48
0.0
 49
2.5
140
0.25
141
2.5
142
0.125
143
0.03937007874
144
100.0
145
0.0
146
0.5
147
0.1
148
0.0
 69
0
 70
0
 71
0
 72
0
 73
0
 74
0
 75
0
 76
0
 77
1
 78
12
 79
3
170
0
171
3
172
1
173
0
174
0
175
0
176
0
177
0
178
0
179
2
271
2
272
2
273
2
274
3
275
0
276
0
277
2
278
46
279
2
280
0
281
0
282
0
283
0
284
8
285
0
286
0
288
1
289
3
290
0
340
4C
371
-2
372
-2
  0
DIMSTYLE
105
7D
330
4
100
AcDbSymbolTableRecord
100
AcDbDimStyleTableRecord
  2
EZ_M_50_H25_CM
 70
0
 40
1.0
 41
0.125
 42
0.0625
 43
3.75
 44
0.1875
 45
0.0
 46
0.0
 47
0.0
 48
0.0
 49
2.5
140
0.125
141
2.5
142
0.0625
143
0.03937007874
144
100.0
145
0.0
146
0.5
147
0.05
148
0.0
 69
0
 70
0
 71
0
 72
0
 73
0
 74
0
 75
0
 76
0
 77
1
 78
12
 79
3
170
0
171
3
172
1
173
0
174
0
175
0
176
0
177
0
178
0
179
2
271
2
272
2
273
2
274
3
275
0
276
0
277
2
278
46
279
2
280
0
281
0
282
0
283
0
284
8
285
0
286
0
288
1
289
3
290
0
340
4C
371
-2
372
-2
  0
DIMSTYLE
105
7E
330
4
100
AcDbSymbolTableRecord
100
AcDbDimStyleTableRecord
  2
EZ_M_25_H25_CM
 70
0
 40
1.0
 41
0.0625
 42
0.03125
 43
3.75
 44
0.09375
 45
0.0
 46
0.0
 47
0.0
 48
0.0
 49
2.5
140
0.0625
141
2.5
142
0.03125
143
0.03937007874
144
100.0
145
0.0
146
0.5
147
0.025
148
0.0
 69
0
 70
0
 71
0
 72
0
 73
0
 74
0
 75
0
 76
0
 77
1
 78
12
 79
3
170
0
171
3
172
1
173
0
174
0
175
0
176
0
177
0
178
0
179
2
271
2
272
2
273
2
274
3
275
0
276
0
277
2
278
46
279
2
280
0
281
0
282
0
283
0
284
8
285
0
286
0
288
1
289
3
290
0
340
4C
371
-2
372
-2
  0
DIMSTYLE
105
7F
330
4
100
AcDbSymbolTableRecord
100
AcDbDimStyleTableRecord
  2
EZ_M_20_H25_CM
 70
0
 40
1.0
 41
0.05
 42
0.025
 43
3.75
 44
0.07500000000000001
 45
0.0
 46
0.0
 47
0.0
 48
0.0
 49
2.5
140
0.05
141
2.5
142
0.025
143
0.03937007874
144
100.0
145
0.0
146
0.5
147
0.020000000000000004
148
0.0
 69
0
 70
0
 71
0
 72
0
 73
0
 74
0
 75
0
 76
0
 77
1
 78
12
 79
3
170
0
171
3
172
1
173
0
174
0
175
0
176
0
177
0
178
0
179
2
271
2
272
2
273
2
274
3
275
0
276
0
277
2
278
46
279
2
280
0
281
0
282
0
283
0
284
8
285
0
286
0
288
1
289
3
290
0
340
4C
371
-2
372
-2
  0
DIMSTYLE
105
80
330
4
100
AcDbSymbolTableRecord
100
AcDbDimStyleTableRecord
  2
EZ_M_10_H25_CM
 70
0
 40
1.0
 41
0.025
 42
0.0125
 43
3.75
 44
0.037500000000000006
 45
0.0
 46
0.0
 47
0.0
 48
0.0
 49
2.5
140
0.025
141
2.5
142
0.0125
143
0.03937007874
144
100.0
145
0.0
146
0.5
147
0.010000000000000002
148
0.0
 69
0
 70
0
 71
0
 72
0
 73
0
 74
0
 75
0
 76
0
 77
1
 78
12
 79
3
170
0
171
3
172
1
173
0
174
0
175
0
176
0
177
0
178
0
179
2
271
2
272
2
273
2
274
3
275
0
276
0
277
2
278
46
279
2
280
0
281
0
282
0
283
0
284
8
285
0
286
0
288
1
289
3
290
0
340
4C
371
-2
372
-2
  0
DIMSTYLE
105
81
330
4
100
AcDbSymbolTableRecord
100
AcDbDimStyleTableRecord
  2
EZ_M_5_H25_CM
 70
0
 40
1.0
 41
0.0125
 42
0.00625
 43
3.75
 44
0.018750000000000003
 45
0.0
 46
0.0
 47
0.0
 48
0.0
 49
2.5
140
0.0125
141
2.5
142
0.00625
143
0.03937007874
144
100.0
145
0.0
146
0.5
147
0.005000000000000001
148
0.0
 69
0
 70
0
 71
0
 72
0
 73
0
 74
0
 75
0
 76
0
 77
1
 78
12
 79
3
170
0
171
3
172
1
173
0
174
0
175
0
176
0
177
0
178
0
179
2
271
2
272
2
273
2
274
3
275
0
276
0
277
2
278
46
279
2
280
0
281
0
282
0
283
0
284
8
285
0
286
0
288
1
289
3
290
0
340
4C
371
-2
372
-2
  0
DIMSTYLE
105
82
330
4
100
AcDbSymbolTableRecord
100
AcDbDimStyleTableRecord
  2
EZ_M_1_H25_CM
 70
0
 40
1.0
 41
0.0025
 42
0.00125
 43
3.75
 44
0.00375
 45
0.0
 46
0.0
 47
0.0
 48
0.0
 49
2.5
140
0.0025
141
2.5
142
0.00125
143
0.03937007874
144
100.0
145
0.0
146
0.5
147
0.001
148
0.0
 69
0
 70
0
 71
0
 72
0
 73
0
 74
0
 75
0
 76
0
 77
1
 78
12
 79
3
170
0
171
3
172
1
173
0
174
0
175
0
176
0
177
0
178
0
179
2
271
2
272
2
273
2
274
3
275
0
276
0
277
2
278
46
279
2
280
0
281
0
282
0
283
0
284
8
285
0
286
0
288
1
289
3
290
0
340
4C
371
-2
372
-2
  0
DIMSTYLE
105
83
330
4
100
AcDbSymbolTableRecord
100
AcDbDimStyleTableRecord
  2
EZ_RADIUS
 70
0
 40
1.0
 41
0.25
 42
0.125
 43
3.75
 44
0.375
 45
0.0
 46
0.0
 47
0.0
 48
0.0
 49
2.5
140
0.25
141
0.0
142
0.0
143
0.03937007874
144
100.0
145
0.0
146
0.5
147
0.1
148
0.0
 69
0
 70
0
 71
0
 72
0
 73
0
 74
0
 75
0
 76
0
 77
1
 78
12
 79
3
170
0
171
3
172
0
173
0
174
0
175
0
176
0
177
0
178
0
179
2
271
2
272
2
273
2
274
3
275
0
276
0
277
2
278
46
279
1
280
0
281
0
282
0
283
0
284
8
285
0
286
0
288
1
289
3
290
0
340
4C
342
84
371
-2
372
-2
  0
DIMSTYLE
105
88
330
4
100
AcDbSymbolTableRecord
100
AcDbDimStyleTableRecord
  2
EZ_RADIUS_INSIDE
 70
0
 40
1.0
 41
0.25
 42
0.125
 43
3.75
 44
0.375
 45
0.0
 46
0.0
 47
0.0
 48
0.0
 49
2.5
140
0.25
141
0.0
142
0.0
143
0.03937007874
144
100.0
145
0.0
146
0.5
147
0.1
148
0.0
 69
0
 70
0
 71
0
 72
0
 73
0
 74
0
 75
0
 76
0
 77
0
 78
12
 79
3
170
0
171
3
172
0
173
0
174
1
175
0
176
0
177
0
178
0
179
2
271
2
272
2
273
2
274
3
275
0
276
0
277
2
278
46
279
0
280
0
281
0
282
0
283
0
284
8
285
0
286
0
288
1
289
0
290
0
340
4C
342
84
371
-2
372
-2
  0
DIMSTYLE
105
89
330
4
100
AcDbSymbolTableRecord
100
AcDbDimStyleTableRecord
  2
EZ_CURVED
 70
0
 40
1.0
 41
0.25
 42
0.125
 43
3.75
 44
0.375
 45
0.0
 46
0.0
 47
0.0
 48
0.0
 49
2.5
140
0.25
141
2.5
142
0.0
143
0.03937007874
144
100.0
145
0.0
146
0.5
147
0.1
148
0.0
 69
0
 70
0
 71
0
 72
0
 73
0
 74
0
 75
0
 76
0
 77
1
 78
12
 79
2
 90
2
170
0
171
3
172
1
173
0
174
0
175
0
176
0
177
0
178
0
179
2
271
2
272
2
273
2
274
3
275
0
276
0
277
2
278
46
279
2
280
0
281
0
282
0
283
0
284
8
285
0
286
0
288
1
289
3
290
0
340
4C
371
-2
372
-2
  0
ENDTAB
  0
TABLE
  2
BLOCK_RECORD
  5
9
330
0
100
AcDbSymbolTable
 70
5
  0
BLOCK_RECORD
  5
17
330
9
100
AcDbSymbolTableRecord
100
AcDbBlockTableRecord
  2
*Model_Space
340
1A
 70
0
280
1
281
0
  0
BLOCK_RECORD
  5
74
330
9
100
AcDbSymbolTableRecord
100
AcDbBlockTableRecord
  2
_ARCHTICK
340
0
 70
0
280
1
281
0
  0
BLOCK_RECORD
  5
78
330
9
100
AcDbSymbolTableRecord
100
AcDbBlockTableRecord
  2
_CLOSEDFILLED
340
0
 70
0
280
1
281
0
  0
BLOCK_RECORD
  5
84
330
9
100
AcDbSymbolTableRecord
100
AcDbBlockTableRecord
  2
_CLOSEDBLANK
340
0
 70
0
280
1
281
0
  0
BLOCK_RECORD
  5
473
330
9
100
AcDbSymbolTableRecord
100
AcDbBlockTableRecord
  2
*Paper_Space
340
476
 70
0
280
1
281
0
  0
ENDTAB
  0
ENDSEC
  0
SECTION
  2
BLOCKS
  0
BLOCK
  5
18
330
17
100
AcDbEntity
  8
0
100
AcDbBlockBegin
  2
*Model_Space
 70
0
 10
0.0
 20
0.0
 30
0.0
  3
*Model_Space
  1

  0
ENDBLK
  5
19
330
17
100
AcDbEntity
  8
0
100
AcDbBlockEnd
  0
BLOCK
  5
75
330
74
100
AcDbEntity
  8
0
100
AcDbBlockBegin
  2
_ARCHTICK
 70
0
 10
0.0
 20
0.0
 30
0.0
  3
_ARCHTICK
  1

  0
LWPOLYLINE
  5
77
330
74
100
AcDbEntity
  8
0
  6
BYBLOCK
 62
0
100
AcDbPolyline
 90
2
 70
0
 43
0.15
 10
-0.5
 20
-0.5
 10
0.5
 20
0.5
  0
ENDBLK
  5
76
330
74
100
AcDbEntity
  8
0
100
AcDbBlockEnd
  0
BLOCK
  5
79
330
78
100
AcDbEntity
  8
0
100
AcDbBlockBegin
  2
_CLOSEDFILLED
 70
0
 10
0.0
 20
0.0
 30
0.0
  3
_CLOSEDFILLED
  1

  0
SOLID
  5
7B
330
78
100
AcDbEntity
  8
0
  6
BYBLOCK
 62
0
100
AcDbTrace
 10
-1.0
 20
0.16439898372402537
 30
0.0
 11
0.0
 21
0.0
 31
0.0
 12
-1.0
 22
-0.16439898372402537
 32
0.0
 13
-1.0
 23
-0.16439898372402537
 33
0.0
  0
ENDBLK
  5
7A
330
78
100
AcDbEntity
  8
0
100
AcDbBlockEnd
  0
BLOCK
  5
85
330
84
100
AcDbEntity
  8
0
100
AcDbBlockBegin
  2
_CLOSEDBLANK
 70
0
 10
0.0
 20
0.0
 30
0.0
  3
_CLOSEDBLANK
  1

  0
LWPOLYLINE
  5
87
330
84
100
AcDbEntity
  8
0
  6
BYBLOCK
 62
0
100
AcDbPolyline
 90
3
 70
1
 10
-1.0
 20
0.16439898372402537
 10
0.0
 20
0.0
 10
-1.0
 20
-0.16439898372402537
  0
ENDBLK
  5
86
330
84
100
AcDbEntity
  8
0
100
AcDbBlockEnd
  0
BLOCK
  5
474
330
473
100
AcDbEntity
  8
0
100
AcDbBlockBegin
  2
*Paper_Space
 70
0
 10
0.0
 20
0.0
 30
0.0
  3
*Paper_Space
  1

  0
ENDBLK
  5
475
330
473
100
AcDbEntity
  8
0
100
AcDbBlockEnd
  0
ENDSEC
  0
SECTION
  2
ENTITIES
  0
LWPOLYLINE
  5
9A
330
17
100
AcDbEntity
  8
MARCO
 62
7
370
35
100
AcDbPolyline
 90
4
 70
1
 10
10.0
 20
10.0
 10
1179.0
 20
10.0
 10
1179.0
 20
831.0
 10
10.0
 20
831.0
  0
LINE
  5
9B
330
17
100
AcDbEntity
  8
MARCO
 62
7
370
35
100
AcDbLine
 10
1009.0
 20
10.0
 30
0.0
 11
1009.0
 21
831.0
 31
0.0
  0
LWPOLYLINE
  5
9C
330
17
100
AcDbEntity
  8
MARCO
 62
7
370
35
100
AcDbPolyline
 90
4
 70
1
 10
1009.0
 20
10.0
 10
1179.0
 20
10.0
 10
1179.0
 20
831.0
 10
1009.0
 20
831.0
  0
LWPOLYLINE
  5
9D
330
17
100
AcDbEntity
  8
ROTULO
 62
7
370
25
100
AcDbPolyline
 90
4
 70
1
 10
1009.0
 20
686.0
 10
1179.0
 20
686.0
 10
1179.0
 20
831.0
 10
1009.0
 20
831.0
  0
LWPOLYLINE
  5
9E
330
17
100
AcDbEntity
  8
ROTULO
 62
7
370
30
100
AcDbPolyline
 90
5
 70
1
 10
1072.5
 20
821.0
 10
1115.5
 20
821.0
 10
1111.5
 20
785.0
 10
1094.0
 20
773.0
 10
1076.5
 20
785.0
  0
LINE
  5
9F
330
17
100
AcDbEntity
  8
ROTULO
 62
7
370
25
100
AcDbLine
 10
1076.5
 20
810.0
 30
0.0
 11
1111.5
 21
810.0
 31
0.0
  0
LINE
  5
A0
330
17
100
AcDbEntity
  8
ROTULO
 62
7
370
25
100
AcDbLine
 10
1094.0
 20
818.0
 30
0.0
 11
1094.0
 21
778.0
 31
0.0
  0
TEXT
  5
A1
330
17
100
AcDbEntity
  8
ROTULO
 62
7
100
AcDbText
 10
1094.0
 20
788.0
 30
0.0
 40
8.0
  1
UN
 72
1
 11
1094.0
 21
788.0
 31
0.0
100
AcDbText
 73
2
  0
TEXT
  5
A2
330
17
100
AcDbEntity
  8
ROTULO
 62
7
100
AcDbText
 10
1094.0
 20
704.0
 30
0.0
 40
4.1
  1
UNIVERSIDAD NACIONAL
 72
1
 11
1094.0
 21
704.0
 31
0.0
100
AcDbText
 73
2
  0
TEXT
  5
A3
330
17
100
AcDbEntity
  8
ROTULO
 62
7
100
AcDbText
 10
1094.0
 20
696.0
 30
0.0
 40
4.1
  1
DE COLOMBIA
 72
1
 11
1094.0
 21
696.0
 31
0.0
100
AcDbText
 73
2
  0
LWPOLYLINE
  5
A4
330
17
100
AcDbEntity
  8
ROTULO
 62
7
370
25
100
AcDbPolyline
 90
4
 70
1
 10
1009.0
 20
581.0
 10
1179.0
 20
581.0
 10
1179.0
 20
686.0
 10
1009.0
 20
686.0
  0
TEXT
  5
A5
330
17
100
AcDbEntity
  8
ROTULO
 62
7
100
AcDbText
 10
1094.0
 20
669.0
 30
0.0
 40
4.0
  1
SEDE BOGOTA
 72
1
 11
1094.0
 21
669.0
 31
0.0
100
AcDbText
 73
2
  0
TEXT
  5
A6
330
17
100
AcDbEntity
  8
ROTULO
 62
7
100
AcDbText
 10
1094.0
 20
652.0
 30
0.0
 40
4.0
  1
FACULTAD DE INGENIERIA
 72
1
 11
1094.0
 21
652.0
 31
0.0
100
AcDbText
 73
2
  0
TEXT
  5
A7
330
17
100
AcDbEntity
  8
ROTULO
 62
7
100
AcDbText
 10
1094.0
 20
635.0
 30
0.0
 40
4.0
  1
DEPARTAMENTO DE INGENIERIA CIVIL
 72
1
 11
1094.0
 21
635.0
 31
0.0
100
AcDbText
 73
2
  0
TEXT
  5
A8
330
17
100
AcDbEntity
  8
ROTULO
 62
7
100
AcDbText
 10
1094.0
 20
618.0
 30
0.0
 40
4.0
  1
Y AGRICOLA
 72
1
 11
1094.0
 21
618.0
 31
0.0
100
AcDbText
 73
2
  0
TEXT
  5
A9
330
17
100
AcDbEntity
  8
ROTULO
 62
7
100
AcDbText
 10
1094.0
 20
601.0
 30
0.0
 40
4.0
  1
DISEÑO ESTRUCTURAL
 72
1
 11
1094.0
 21
601.0
 31
0.0
100
AcDbText
 73
2
  0
LWPOLYLINE
  5
AA
330
17
100
AcDbEntity
  8
ROTULO
 62
7
370
25
100
AcDbPolyline
 90
4
 70
1
 10
1009.0
 20
451.0
 10
1179.0
 20
451.0
 10
1179.0
 20
581.0
 10
1009.0
 20
581.0
  0
TEXT
  5
AB
330
17
100
AcDbEntity
  8
ROTULO
 62
7
100
AcDbText
 10
1016.0
 20
561.0
 30
0.0
 40
4.1
  1
Localizacion:
 11
1016.0
 21
561.0
 31
0.0
100
AcDbText
  0
TEXT
  5
AC
330
17
100
AcDbEntity
  8
ROTULO
 62
7
100
AcDbText
 10
1094.0
 20
538.0
 30
0.0
 40
5.0
  1
Santa Marta
 72
1
 11
1094.0
 21
538.0
 31
0.0
100
AcDbText
 73
2
  0
LINE
  5
AD
330
17
100
AcDbEntity
  8
ROTULO
 62
7
370
18
100
AcDbLine
 10
1009.0
 20
517.0
 30
0.0
 11
1179.0
 21
517.0
 31
0.0
  0
TEXT
  5
AE
330
17
100
AcDbEntity
  8
ROTULO
 62
7
100
AcDbText
 10
1016.0
 20
501.0
 30
0.0
 40
4.1
  1
Tipo de proyecto:
 11
1016.0
 21
501.0
 31
0.0
100
AcDbText
  0
TEXT
  5
AF
330
17
100
AcDbEntity
  8
ROTULO
 62
7
100
AcDbText
 10
1094.0
 20
476.0
 30
0.0
 40
5.0
  1
RESIDENCIAL
 72
1
 11
1094.0
 21
476.0
 31
0.0
100
AcDbText
 73
2
  0
LWPOLYLINE
  5
B0
330
17
100
AcDbEntity
  8
ROTULO
 62
7
370
25
100
AcDbPolyline
 90
4
 70
1
 10
1009.0
 20
221.0
 10
1179.0
 20
221.0
 10
1179.0
 20
451.0
 10
1009.0
 20
451.0
  0
TEXT
  5
B1
330
17
100
AcDbEntity
  8
ROTULO
 62
7
100
AcDbText
 10
1016.0
 20
429.0
 30
0.0
 40
4.2
  1
Contiene:
 11
1016.0
 21
429.0
 31
0.0
100
AcDbText
  0
TEXT
  5
B2
330
17
100
AcDbEntity
  8
ROTULO
 62
7
100
AcDbText
 10
1094.0
 20
392.0
 30
0.0
 40
5.6
  1
DESPIECE VIGAS DE
 72
1
 11
1094.0
 21
392.0
 31
0.0
100
AcDbText
 73
2
  0
TEXT
  5
B3
330
17
100
AcDbEntity
  8
ROTULO
 62
7
100
AcDbText
 10
1094.0
 20
377.0
 30
0.0
 40
5.6
  1
CARGA
 72
1
 11
1094.0
 21
377.0
 31
0.0
100
AcDbText
 73
2
  0
TEXT
  5
B4
330
17
100
AcDbEntity
  8
ROTULO
 62
7
100
AcDbText
 10
1094.0
 20
317.0
 30
0.0
 40
4.4
  1
ELEVACIONES Y CORTES
 72
1
 11
1094.0
 21
317.0
 31
0.0
100
AcDbText
 73
2
  0
TEXT
  5
B5
330
17
100
AcDbEntity
  8
ALERTA
 62
1
100
AcDbText
 10
1094.0
 20
267.0
 30
0.0
 40
4.6
  1
NO EMITIR PARA CONSTRUCCION
 72
1
 11
1094.0
 21
267.0
 31
0.0
100
AcDbText
 73
2
  0
TEXT
  5
B6
330
17
100
AcDbEntity
  8
ALERTA
 62
1
100
AcDbText
 10
1094.0
 20
250.0
 30
0.0
 40
4.2
  1
DETALLE ACADEMICO
 72
1
 11
1094.0
 21
250.0
 31
0.0
100
AcDbText
 73
2
  0
LWPOLYLINE
  5
B7
330
17
100
AcDbEntity
  8
ROTULO
 62
7
370
25
100
AcDbPolyline
 90
4
 70
1
 10
1009.0
 20
10.0
 10
1179.0
 20
10.0
 10
1179.0
 20
221.0
 10
1009.0
 20
221.0
  0
LINE
  5
B8
330
17
100
AcDbEntity
  8
ROTULO
 62
7
370
18
100
AcDbLine
 10
1009.0
 20
115.5
 30
0.0
 11
1179.0
 21
115.5
 31
0.0
  0
TEXT
  5
B9
330
17
100
AcDbEntity
  8
ROTULO
 62
7
100
AcDbText
 10
1016.0
 20
204.0
 30
0.0
 40
3.8
  1
Formato: A0 horizontal
 11
1016.0
 21
204.0
 31
0.0
100
AcDbText
  0
TEXT
  5
BA
330
17
100
AcDbEntity
  8
ROTULO
 62
7
100
AcDbText
 10
1016.0
 20
188.0
 30
0.0
 40
3.8
  1
Unidades: mm
 11
1016.0
 21
188.0
 31
0.0
100
AcDbText
  0
TEXT
  5
BB
330
17
100
AcDbEntity
  8
ROTULO
 62
7
100
AcDbText
 10
1016.0
 20
33.0
 30
0.0
 40
3.8
  1
Fecha: 17-07-2026
 11
1016.0
 21
33.0
 31
0.0
100
AcDbText
  0
TEXT
  5
BC
330
17
100
AcDbEntity
  8
ROTULO
 62
7
100
AcDbText
 10
1016.0
 20
19.0
 30
0.0
 40
4.5
  1
Lamina: V-01
 11
1016.0
 21
19.0
 31
0.0
100
AcDbText
  0
LWPOLYLINE
  5
BD
330
17
100
AcDbEntity
  8
GUIA
 62
9
370
9
100
AcDbPolyline
 90
4
 70
1
 10
15.0
 20
632.5
 10
506.5
 20
632.5
 10
506.5
 20
826.0
 10
15.0
 20
826.0
  0
TEXT
  5
BE
330
17
100
AcDbEntity
  8
TITULO
 62
6
100
AcDbText
 10
260.75
 20
816.0
 30
0.0
 40
4.8
  1
DESPIECE VIGA VC1
 72
1
 11
260.75
 21
816.0
 31
0.0
100
AcDbText
 73
2
  0
TEXT
  5
BF
330
17
100
AcDbEntity
  8
TITULO
 62
6
100
AcDbText
 10
22.0
 20
803.0
 30
0.0
 40
3.6
  1
PISO TIPO
 11
22.0
 21
803.0
 31
0.0
100
AcDbText
  0
TEXT
  5
C0
330
17
100
AcDbEntity
  8
TITULO
 62
6
100
AcDbText
 10
22.0
 20
795.0
 30
0.0
 40
3.6
  1
45x55 cm
 11
22.0
 21
795.0
 31
0.0
100
AcDbText
  0
LINE
  5
C1
330
17
100
AcDbEntity
  8
APOYOS
 62
4
370
18
100
AcDbLine
 10
72.0
 20
744.0
 30
0.0
 11
72.0
 21
795.0
 31
0.0
  0
LINE
  5
C2
330
17
100
AcDbEntity
  8
APOYOS
 62
4
370
18
100
AcDbLine
 10
80.0
 20
744.0
 30
0.0
 11
80.0
 21
795.0
 31
0.0
  0
LINE
  5
C3
330
17
100
AcDbEntity
  8
EJES
 62
8
370
9
100
AcDbLine
 10
76.0
 20
740.0
 30
0.0
 11
76.0
 21
800.0
 31
0.0
  0
CIRCLE
  5
C4
330
17
100
AcDbEntity
  8
EJES
 62
8
100
AcDbCircle
 10
76.0
 20
794.0
 30
0.0
 40
4.5
  0
TEXT
  5
C5
330
17
100
AcDbEntity
  8
EJES
 62
8
100
AcDbText
 10
76.0
 20
792.85
 30
0.0
 40
2.6
  1
I
 72
1
 11
76.0
 21
792.85
 31
0.0
100
AcDbText
 73
2
  0
LINE
  5
C6
330
17
100
AcDbEntity
  8
APOYOS
 62
4
370
18
100
AcDbLine
 10
483.5
 20
744.0
 30
0.0
 11
483.5
 21
795.0
 31
0.0
  0
LINE
  5
C7
330
17
100
AcDbEntity
  8
APOYOS
 62
4
370
18
100
AcDbLine
 10
491.5
 20
744.0
 30
0.0
 11
491.5
 21
795.0
 31
0.0
  0
LINE
  5
C8
330
17
100
AcDbEntity
  8
EJES
 62
8
370
9
100
AcDbLine
 10
487.5
 20
740.0
 30
0.0
 11
487.5
 21
800.0
 31
0.0
  0
CIRCLE
  5
C9
330
17
100
AcDbEntity
  8
EJES
 62
8
100
AcDbCircle
 10
487.5
 20
794.0
 30
0.0
 40
4.5
  0
TEXT
  5
CA
330
17
100
AcDbEntity
  8
EJES
 62
8
100
AcDbText
 10
487.5
 20
792.85
 30
0.0
 40
2.6
  1
J
 72
1
 11
487.5
 21
792.85
 31
0.0
100
AcDbText
 73
2
  0
LINE
  5
CB
330
17
100
AcDbEntity
  8
EJES
 62
8
370
9
100
AcDbLine
 10
213.16666666666666
 20
746.0
 30
0.0
 11
213.16666666666666
 21
797.0
 31
0.0
  0
CIRCLE
  5
CC
330
17
100
AcDbEntity
  8
EJES
 62
8
100
AcDbCircle
 10
213.16666666666666
 20
794.0
 30
0.0
 40
4.2
  0
TEXT
  5
CD
330
17
100
AcDbEntity
  8
EJES
 62
8
100
AcDbText
 10
213.16666666666666
 20
792.85
 30
0.0
 40
2.6
  1
1
 72
1
 11
213.16666666666666
 21
792.85
 31
0.0
100
AcDbText
 73
2
  0
LINE
  5
CE
330
17
100
AcDbEntity
  8
EJES
 62
8
370
9
100
AcDbLine
 10
350.3333333333333
 20
746.0
 30
0.0
 11
350.3333333333333
 21
797.0
 31
0.0
  0
CIRCLE
  5
CF
330
17
100
AcDbEntity
  8
EJES
 62
8
100
AcDbCircle
 10
350.3333333333333
 20
794.0
 30
0.0
 40
4.2
  0
TEXT
  5
D0
330
17
100
AcDbEntity
  8
EJES
 62
8
100
AcDbText
 10
350.3333333333333
 20
792.85
 30
0.0
 40
2.6
  1
2
 72
1
 11
350.3333333333333
 21
792.85
 31
0.0
100
AcDbText
 73
2
  0
LWPOLYLINE
  5
D1
330
17
100
AcDbEntity
  8
CONTORNO
 62
7
370
18
100
AcDbPolyline
 90
4
 70
1
 10
76.0
 20
759.0
 10
487.5
 20
759.0
 10
487.5
 20
780.0
 10
76.0
 20
780.0
  0
LINE
  5
D2
330
17
100
AcDbEntity
  8
ACERO_SUP
 62
5
370
30
100
AcDbLine
 10
76.0
 20
776.5
 30
0.0
 11
487.5
 21
776.5
 31
0.0
  0
LINE
  5
D3
330
17
100
AcDbEntity
  8
ACERO_SUP
 62
5
370
30
100
AcDbLine
 10
76.0
 20
774.4
 30
0.0
 11
487.5
 21
774.4
 31
0.0
  0
LINE
  5
D4
330
17
100
AcDbEntity
  8
ACERO_SUP
 62
5
370
30
100
AcDbLine
 10
76.0
 20
772.3
 30
0.0
 11
487.5
 21
772.3
 31
0.0
  0
LINE
  5
D5
330
17
100
AcDbEntity
  8
ACERO_ADIC
 62
2
370
30
100
AcDbLine
 10
76.0
 20
770.0
 30
0.0
 11
224.14
 21
770.0
 31
0.0
  0
LINE
  5
D6
330
17
100
AcDbEntity
  8
ACERO_ADIC
 62
2
370
30
100
AcDbLine
 10
339.36
 20
770.0
 30
0.0
 11
487.5
 21
770.0
 31
0.0
  0
LINE
  5
D7
330
17
100
AcDbEntity
  8
ACERO_ADIC
 62
2
370
30
100
AcDbLine
 10
76.0
 20
768.5
 30
0.0
 11
224.14
 21
768.5
 31
0.0
  0
LINE
  5
D8
330
17
100
AcDbEntity
  8
ACERO_ADIC
 62
2
370
30
100
AcDbLine
 10
339.36
 20
768.5
 30
0.0
 11
487.5
 21
768.5
 31
0.0
  0
LINE
  5
D9
330
17
100
AcDbEntity
  8
ACERO_INF
 62
1
370
30
100
AcDbLine
 10
76.0
 20
762.5
 30
0.0
 11
487.5
 21
762.5
 31
0.0
  0
LINE
  5
DA
330
17
100
AcDbEntity
  8
ACERO_INF
 62
1
370
30
100
AcDbLine
 10
76.0
 20
764.3
 30
0.0
 11
487.5
 21
764.3
 31
0.0
  0
LINE
  5
DB
330
17
100
AcDbEntity
  8
ACERO_INF
 62
1
370
30
100
AcDbLine
 10
76.0
 20
766.1
 30
0.0
 11
487.5
 21
766.1
 31
0.0
  0
LINE
  5
DC
330
17
100
AcDbEntity
  8
ACERO_INF
 62
1
370
30
100
AcDbLine
 10
76.0
 20
767.9
 30
0.0
 11
487.5
 21
767.9
 31
0.0
  0
LINE
  5
DD
330
17
100
AcDbEntity
  8
ESTRIBOS
 62
7
370
9
100
AcDbLine
 10
79.0
 20
760.0
 30
0.0
 11
79.0
 21
779.0
 31
0.0
  0
LINE
  5
DE
330
17
100
AcDbEntity
  8
ESTRIBOS
 62
7
370
9
100
AcDbLine
 10
92.168
 20
760.0
 30
0.0
 11
92.168
 21
779.0
 31
0.0
  0
LINE
  5
DF
330
17
100
AcDbEntity
  8
ESTRIBOS
 62
7
370
9
100
AcDbLine
 10
105.33600000000001
 20
760.0
 30
0.0
 11
105.33600000000001
 21
779.0
 31
0.0
  0
LINE
  5
E0
330
17
100
AcDbEntity
  8
ESTRIBOS
 62
7
370
9
100
AcDbLine
 10
118.50400000000002
 20
760.0
 30
0.0
 11
118.50400000000002
 21
779.0
 31
0.0
  0
LINE
  5
E1
330
17
100
AcDbEntity
  8
ESTRIBOS
 62
7
370
9
100
AcDbLine
 10
131.67200000000003
 20
760.0
 30
0.0
 11
131.67200000000003
 21
779.0
 31
0.0
  0
LINE
  5
E2
330
17
100
AcDbEntity
  8
ESTRIBOS
 62
7
370
9
100
AcDbLine
 10
144.84000000000003
 20
760.0
 30
0.0
 11
144.84000000000003
 21
779.0
 31
0.0
  0
LINE
  5
E3
330
17
100
AcDbEntity
  8
ESTRIBOS
 62
7
370
9
100
AcDbLine
 10
158.00800000000004
 20
760.0
 30
0.0
 11
158.00800000000004
 21
779.0
 31
0.0
  0
LINE
  5
E4
330
17
100
AcDbEntity
  8
ESTRIBOS
 62
7
370
9
100
AcDbLine
 10
171.17600000000004
 20
760.0
 30
0.0
 11
171.17600000000004
 21
779.0
 31
0.0
  0
LINE
  5
E5
330
17
100
AcDbEntity
  8
ESTRIBOS
 62
7
370
9
100
AcDbLine
 10
184.34400000000005
 20
760.0
 30
0.0
 11
184.34400000000005
 21
779.0
 31
0.0
  0
LINE
  5
E6
330
17
100
AcDbEntity
  8
ESTRIBOS
 62
7
370
9
100
AcDbLine
 10
191.22000000000003
 20
760.0
 30
0.0
 11
191.22000000000003
 21
779.0
 31
0.0
  0
LINE
  5
E7
330
17
100
AcDbEntity
  8
ESTRIBOS
 62
7
370
9
100
AcDbLine
 10
213.16666666666669
 20
760.0
 30
0.0
 11
213.16666666666669
 21
779.0
 31
0.0
  0
LINE
  5
E8
330
17
100
AcDbEntity
  8
ESTRIBOS
 62
7
370
9
100
AcDbLine
 10
235.11333333333334
 20
760.0
 30
0.0
 11
235.11333333333334
 21
779.0
 31
0.0
  0
LINE
  5
E9
330
17
100
AcDbEntity
  8
ESTRIBOS
 62
7
370
9
100
AcDbLine
 10
257.06
 20
760.0
 30
0.0
 11
257.06
 21
779.0
 31
0.0
  0
LINE
  5
EA
330
17
100
AcDbEntity
  8
ESTRIBOS
 62
7
370
9
100
AcDbLine
 10
279.00666666666666
 20
760.0
 30
0.0
 11
279.00666666666666
 21
779.0
 31
0.0
  0
LINE
  5
EB
330
17
100
AcDbEntity
  8
ESTRIBOS
 62
7
370
9
100
AcDbLine
 10
300.9533333333333
 20
760.0
 30
0.0
 11
300.9533333333333
 21
779.0
 31
0.0
  0
LINE
  5
EC
330
17
100
AcDbEntity
  8
ESTRIBOS
 62
7
370
9
100
AcDbLine
 10
322.9
 20
760.0
 30
0.0
 11
322.9
 21
779.0
 31
0.0
  0
LINE
  5
ED
330
17
100
AcDbEntity
  8
ESTRIBOS
 62
7
370
9
100
AcDbLine
 10
344.84666666666664
 20
760.0
 30
0.0
 11
344.84666666666664
 21
779.0
 31
0.0
  0
LINE
  5
EE
330
17
100
AcDbEntity
  8
ESTRIBOS
 62
7
370
9
100
AcDbLine
 10
366.7933333333333
 20
760.0
 30
0.0
 11
366.7933333333333
 21
779.0
 31
0.0
  0
LINE
  5
EF
330
17
100
AcDbEntity
  8
ESTRIBOS
 62
7
370
9
100
AcDbLine
 10
372.28
 20
760.0
 30
0.0
 11
372.28
 21
779.0
 31
0.0
  0
LINE
  5
F0
330
17
100
AcDbEntity
  8
ESTRIBOS
 62
7
370
9
100
AcDbLine
 10
385.448
 20
760.0
 30
0.0
 11
385.448
 21
779.0
 31
0.0
  0
LINE
  5
F1
330
17
100
AcDbEntity
  8
ESTRIBOS
 62
7
370
9
100
AcDbLine
 10
398.616
 20
760.0
 30
0.0
 11
398.616
 21
779.0
 31
0.0
  0
LINE
  5
F2
330
17
100
AcDbEntity
  8
ESTRIBOS
 62
7
370
9
100
AcDbLine
 10
411.784
 20
760.0
 30
0.0
 11
411.784
 21
779.0
 31
0.0
  0
LINE
  5
F3
330
17
100
AcDbEntity
  8
ESTRIBOS
 62
7
370
9
100
AcDbLine
 10
424.952
 20
760.0
 30
0.0
 11
424.952
 21
779.0
 31
0.0
  0
LINE
  5
F4
330
17
100
AcDbEntity
  8
ESTRIBOS
 62
7
370
9
100
AcDbLine
 10
438.12
 20
760.0
 30
0.0
 11
438.12
 21
779.0
 31
0.0
  0
LINE
  5
F5
330
17
100
AcDbEntity
  8
ESTRIBOS
 62
7
370
9
100
AcDbLine
 10
451.288
 20
760.0
 30
0.0
 11
451.288
 21
779.0
 31
0.0
  0
LINE
  5
F6
330
17
100
AcDbEntity
  8
ESTRIBOS
 62
7
370
9
100
AcDbLine
 10
464.456
 20
760.0
 30
0.0
 11
464.456
 21
779.0
 31
0.0
  0
LINE
  5
F7
330
17
100
AcDbEntity
  8
ESTRIBOS
 62
7
370
9
100
AcDbLine
 10
477.624
 20
760.0
 30
0.0
 11
477.624
 21
779.0
 31
0.0
  0
LINE
  5
F8
330
17
100
AcDbEntity
  8
COTAS
 62
3
370
18
100
AcDbLine
 10
76.0
 20
748.0
 30
0.0
 11
487.5
 21
748.0
 31
0.0
  0
LINE
  5
F9
330
17
100
AcDbEntity
  8
COTAS
 62
3
370
18
100
AcDbLine
 10
76.0
 20
746.0
 30
0.0
 11
76.0
 21
750.0
 31
0.0
  0
LINE
  5
FA
330
17
100
AcDbEntity
  8
COTAS
 62
3
370
18
100
AcDbLine
 10
487.5
 20
746.0
 30
0.0
 11
487.5
 21
750.0
 31
0.0
  0
TEXT
  5
FB
330
17
100
AcDbEntity
  8
COTAS
 62
3
100
AcDbText
 10
281.75
 20
750.5
 30
0.0
 40
3.0
  1
L SAP I-J = 3.750 m
 72
1
 11
281.75
 21
750.5
 31
0.0
100
AcDbText
 73
2
  0
TEXT
  5
FC
330
17
100
AcDbEntity
  8
TEXTO
 62
7
100
AcDbText
 10
281.75
 20
743.0
 30
0.0
 40
2.7
  1
Ln calculo = 3.150 m
 72
1
 11
281.75
 21
743.0
 31
0.0
100
AcDbText
 73
2
  0
TEXT
  5
FD
330
17
100
AcDbEntity
  8
TEXTO
 62
7
100
AcDbText
 10
76.0
 20
739.0
 30
0.0
 40
2.8
  1
SUP: 4#5 | INF: 4#5 | TOR: 8#5 adicionales
 11
76.0
 21
739.0
 31
0.0
100
AcDbText
  0
TEXT
  5
FE
330
17
100
AcDbEntity
  8
TEXTO
 62
7
100
AcDbText
 10
76.0
 20
733.0
 30
0.0
 40
2.8
  1
EST Nº3 2R: 1ro <=50; @120 en 2h; @200 centro
 11
76.0
 21
733.0
 31
0.0
100
AcDbText
  0
LWPOLYLINE
  5
FF
330
17
100
AcDbEntity
  8
CORTE
 62
7
370
20
100
AcDbPolyline
 90
4
 70
1
 10
136.62
 20
655.5
 10
168.62
 20
655.5
 10
168.62
 20
695.5
 10
136.62
 20
695.5
  0
LWPOLYLINE
  5
100
330
17
100
AcDbEntity
  8
ESTRIBOS
 62
7
370
18
100
AcDbPolyline
 90
4
 70
1
 10
139.62
 20
658.5
 10
165.62
 20
658.5
 10
165.62
 20
692.5
 10
139.62
 20
692.5
  0
CIRCLE
  5
101
330
17
100
AcDbEntity
  8
ACERO_SUP
 62
5
100
AcDbCircle
 10
141.92000000000002
 20
690.2
 30
0.0
 40
1.0
  0
CIRCLE
  5
102
330
17
100
AcDbEntity
  8
ACERO_SUP
 62
5
100
AcDbCircle
 10
149.05333333333334
 20
690.2
 30
0.0
 40
1.0
  0
CIRCLE
  5
103
330
17
100
AcDbEntity
  8
ACERO_SUP
 62
5
100
AcDbCircle
 10
156.18666666666667
 20
690.2
 30
0.0
 40
1.0
  0
CIRCLE
  5
104
330
17
100
AcDbEntity
  8
ACERO_SUP
 62
5
100
AcDbCircle
 10
163.32000000000002
 20
690.2
 30
0.0
 40
1.0
  0
CIRCLE
  5
105
330
17
100
AcDbEntity
  8
ACERO_INF
 62
1
100
AcDbCircle
 10
141.92000000000002
 20
660.8
 30
0.0
 40
1.0
  0
CIRCLE
  5
106
330
17
100
AcDbEntity
  8
ACERO_INF
 62
1
100
AcDbCircle
 10
149.05333333333334
 20
660.8
 30
0.0
 40
1.0
  0
CIRCLE
  5
107
330
17
100
AcDbEntity
  8
ACERO_INF
 62
1
100
AcDbCircle
 10
156.18666666666667
 20
660.8
 30
0.0
 40
1.0
  0
CIRCLE
  5
108
330
17
100
AcDbEntity
  8
ACERO_INF
 62
1
100
AcDbCircle
 10
163.32000000000002
 20
660.8
 30
0.0
 40
1.0
  0
CIRCLE
  5
109
330
17
100
AcDbEntity
  8
ACERO_TOR
 62
30
100
AcDbCircle
 10
141.82
 20
675.5
 30
0.0
 40
0.9
  0
CIRCLE
  5
10A
330
17
100
AcDbEntity
  8
ACERO_TOR
 62
30
100
AcDbCircle
 10
163.42000000000002
 20
675.5
 30
0.0
 40
0.9
  0
TEXT
  5
10B
330
17
100
AcDbEntity
  8
TEXTO
 62
7
100
AcDbText
 10
152.62
 20
650.0
 30
0.0
 40
2.8
  1
CORTE A-A
 72
1
 11
152.62
 21
650.0
 31
0.0
100
AcDbText
 73
2
  0
TEXT
  5
10C
330
17
100
AcDbEntity
  8
TEXTO
 62
7
100
AcDbText
 10
152.62
 20
645.5
 30
0.0
 40
2.7
  1
450x550
 72
1
 11
152.62
 21
645.5
 31
0.0
100
AcDbText
 73
2
  0
LWPOLYLINE
  5
10D
330
17
100
AcDbEntity
  8
CORTE
 62
7
370
20
100
AcDbPolyline
 90
4
 70
1
 10
254.58000000000004
 20
655.5
 10
286.58000000000004
 20
655.5
 10
286.58000000000004
 20
695.5
 10
254.58000000000004
 20
695.5
  0
LWPOLYLINE
  5
10E
330
17
100
AcDbEntity
  8
ESTRIBOS
 62
7
370
18
100
AcDbPolyline
 90
4
 70
1
 10
257.58000000000004
 20
658.5
 10
283.58000000000004
 20
658.5
 10
283.58000000000004
 20
692.5
 10
257.58000000000004
 20
692.5
  0
CIRCLE
  5
10F
330
17
100
AcDbEntity
  8
ACERO_SUP
 62
5
100
AcDbCircle
 10
259.88000000000005
 20
690.2
 30
0.0
 40
1.0
  0
CIRCLE
  5
110
330
17
100
AcDbEntity
  8
ACERO_SUP
 62
5
100
AcDbCircle
 10
267.0133333333334
 20
690.2
 30
0.0
 40
1.0
  0
CIRCLE
  5
111
330
17
100
AcDbEntity
  8
ACERO_SUP
 62
5
100
AcDbCircle
 10
274.1466666666667
 20
690.2
 30
0.0
 40
1.0
  0
CIRCLE
  5
112
330
17
100
AcDbEntity
  8
ACERO_SUP
 62
5
100
AcDbCircle
 10
281.28000000000003
 20
690.2
 30
0.0
 40
1.0
  0
CIRCLE
  5
113
330
17
100
AcDbEntity
  8
ACERO_INF
 62
1
100
AcDbCircle
 10
259.88000000000005
 20
660.8
 30
0.0
 40
1.0
  0
CIRCLE
  5
114
330
17
100
AcDbEntity
  8
ACERO_INF
 62
1
100
AcDbCircle
 10
267.0133333333334
 20
660.8
 30
0.0
 40
1.0
  0
CIRCLE
  5
115
330
17
100
AcDbEntity
  8
ACERO_INF
 62
1
100
AcDbCircle
 10
274.1466666666667
 20
660.8
 30
0.0
 40
1.0
  0
CIRCLE
  5
116
330
17
100
AcDbEntity
  8
ACERO_INF
 62
1
100
AcDbCircle
 10
281.28000000000003
 20
660.8
 30
0.0
 40
1.0
  0
CIRCLE
  5
117
330
17
100
AcDbEntity
  8
ACERO_TOR
 62
30
100
AcDbCircle
 10
259.78000000000003
 20
675.5
 30
0.0
 40
0.9
  0
CIRCLE
  5
118
330
17
100
AcDbEntity
  8
ACERO_TOR
 62
30
100
AcDbCircle
 10
281.38000000000005
 20
675.5
 30
0.0
 40
0.9
  0
TEXT
  5
119
330
17
100
AcDbEntity
  8
TEXTO
 62
7
100
AcDbText
 10
270.58000000000004
 20
650.0
 30
0.0
 40
2.8
  1
CORTE B-B
 72
1
 11
270.58000000000004
 21
650.0
 31
0.0
100
AcDbText
 73
2
  0
TEXT
  5
11A
330
17
100
AcDbEntity
  8
TEXTO
 62
7
100
AcDbText
 10
270.58000000000004
 20
645.5
 30
0.0
 40
2.7
  1
450x550
 72
1
 11
270.58000000000004
 21
645.5
 31
0.0
100
AcDbText
 73
2
  0
LWPOLYLINE
  5
11B
330
17
100
AcDbEntity
  8
CORTE
 62
7
370
20
100
AcDbPolyline
 90
4
 70
1
 10
372.54
 20
655.5
 10
404.54
 20
655.5
 10
404.54
 20
695.5
 10
372.54
 20
695.5
  0
LWPOLYLINE
  5
11C
330
17
100
AcDbEntity
  8
ESTRIBOS
 62
7
370
18
100
AcDbPolyline
 90
4
 70
1
 10
375.54
 20
658.5
 10
401.54
 20
658.5
 10
401.54
 20
692.5
 10
375.54
 20
692.5
  0
CIRCLE
  5
11D
330
17
100
AcDbEntity
  8
ACERO_SUP
 62
5
100
AcDbCircle
 10
377.84000000000003
 20
690.2
 30
0.0
 40
1.0
  0
CIRCLE
  5
11E
330
17
100
AcDbEntity
  8
ACERO_SUP
 62
5
100
AcDbCircle
 10
384.97333333333336
 20
690.2
 30
0.0
 40
1.0
  0
CIRCLE
  5
11F
330
17
100
AcDbEntity
  8
ACERO_SUP
 62
5
100
AcDbCircle
 10
392.1066666666667
 20
690.2
 30
0.0
 40
1.0
  0
CIRCLE
  5
120
330
17
100
AcDbEntity
  8
ACERO_SUP
 62
5
100
AcDbCircle
 10
399.24
 20
690.2
 30
0.0
 40
1.0
  0
CIRCLE
  5
121
330
17
100
AcDbEntity
  8
ACERO_INF
 62
1
100
AcDbCircle
 10
377.84000000000003
 20
660.8
 30
0.0
 40
1.0
  0
CIRCLE
  5
122
330
17
100
AcDbEntity
  8
ACERO_INF
 62
1
100
AcDbCircle
 10
384.97333333333336
 20
660.8
 30
0.0
 40
1.0
  0
CIRCLE
  5
123
330
17
100
AcDbEntity
  8
ACERO_INF
 62
1
100
AcDbCircle
 10
392.1066666666667
 20
660.8
 30
0.0
 40
1.0
  0
CIRCLE
  5
124
330
17
100
AcDbEntity
  8
ACERO_INF
 62
1
100
AcDbCircle
 10
399.24
 20
660.8
 30
0.0
 40
1.0
  0
CIRCLE
  5
125
330
17
100
AcDbEntity
  8
ACERO_TOR
 62
30
100
AcDbCircle
 10
377.74
 20
675.5
 30
0.0
 40
0.9
  0
CIRCLE
  5
126
330
17
100
AcDbEntity
  8
ACERO_TOR
 62
30
100
AcDbCircle
 10
399.34000000000003
 20
675.5
 30
0.0
 40
0.9
  0
TEXT
  5
127
330
17
100
AcDbEntity
  8
TEXTO
 62
7
100
AcDbText
 10
388.54
 20
650.0
 30
0.0
 40
2.8
  1
CORTE C-C
 72
1
 11
388.54
 21
650.0
 31
0.0
100
AcDbText
 73
2
  0
TEXT
  5
128
330
17
100
AcDbEntity
  8
TEXTO
 62
7
100
AcDbText
 10
388.54
 20
645.5
 30
0.0
 40
2.7
  1
450x550
 72
1
 11
388.54
 21
645.5
 31
0.0
100
AcDbText
 73
2
  0
TEXT
  5
129
330
17
100
AcDbEntity
  8
TEXTO
 62
7
100
AcDbText
 10
22.0
 20
642.5
 30
0.0
 40
2.8
  1
20 frames | variantes de longitud: 1
 11
22.0
 21
642.5
 31
0.0
100
AcDbText
  0
TEXT
  5
12A
330
17
100
AcDbEntity
  8
TEXTO
 62
3
100
AcDbText
 10
499.5
 20
642.5
 30
0.0
 40
2.8
  1
Verificacion seccional: CUMPLE
 72
2
 11
499.5
 21
642.5
 31
0.0
100
AcDbText
  0
LWPOLYLINE
  5
12B
330
17
100
AcDbEntity
  8
GUIA
 62
9
370
9
100
AcDbPolyline
 90
4
 70
1
 10
512.5
 20
632.5
 10
1004.0
 20
632.5
 10
1004.0
 20
826.0
 10
512.5
 20
826.0
  0
TEXT
  5
12C
330
17
100
AcDbEntity
  8
TITULO
 62
6
100
AcDbText
 10
758.25
 20
816.0
 30
0.0
 40
4.8
  1
DESPIECE VIGA VC2
 72
1
 11
758.25
 21
816.0
 31
0.0
100
AcDbText
 73
2
  0
TEXT
  5
12D
330
17
100
AcDbEntity
  8
TITULO
 62
6
100
AcDbText
 10
519.5
 20
803.0
 30
0.0
 40
3.6
  1
PISO TIPO
 11
519.5
 21
803.0
 31
0.0
100
AcDbText
  0
TEXT
  5
12E
330
17
100
AcDbEntity
  8
TITULO
 62
6
100
AcDbText
 10
519.5
 20
795.0
 30
0.0
 40
3.6
  1
45x55 cm
 11
519.5
 21
795.0
 31
0.0
100
AcDbText
  0
LINE
  5
12F
330
17
100
AcDbEntity
  8
APOYOS
 62
4
370
18
100
AcDbLine
 10
569.5
 20
744.0
 30
0.0
 11
569.5
 21
795.0
 31
0.0
  0
LINE
  5
130
330
17
100
AcDbEntity
  8
APOYOS
 62
4
370
18
100
AcDbLine
 10
577.5
 20
744.0
 30
0.0
 11
577.5
 21
795.0
 31
0.0
  0
LINE
  5
131
330
17
100
AcDbEntity
  8
EJES
 62
8
370
9
100
AcDbLine
 10
573.5
 20
740.0
 30
0.0
 11
573.5
 21
800.0
 31
0.0
  0
CIRCLE
  5
132
330
17
100
AcDbEntity
  8
EJES
 62
8
100
AcDbCircle
 10
573.5
 20
794.0
 30
0.0
 40
4.5
  0
TEXT
  5
133
330
17
100
AcDbEntity
  8
EJES
 62
8
100
AcDbText
 10
573.5
 20
792.85
 30
0.0
 40
2.6
  1
I
 72
1
 11
573.5
 21
792.85
 31
0.0
100
AcDbText
 73
2
  0
LINE
  5
134
330
17
100
AcDbEntity
  8
APOYOS
 62
4
370
18
100
AcDbLine
 10
981.0
 20
744.0
 30
0.0
 11
981.0
 21
795.0
 31
0.0
  0
LINE
  5
135
330
17
100
AcDbEntity
  8
APOYOS
 62
4
370
18
100
AcDbLine
 10
989.0
 20
744.0
 30
0.0
 11
989.0
 21
795.0
 31
0.0
  0
LINE
  5
136
330
17
100
AcDbEntity
  8
EJES
 62
8
370
9
100
AcDbLine
 10
985.0
 20
740.0
 30
0.0
 11
985.0
 21
800.0
 31
0.0
  0
CIRCLE
  5
137
330
17
100
AcDbEntity
  8
EJES
 62
8
100
AcDbCircle
 10
985.0
 20
794.0
 30
0.0
 40
4.5
  0
TEXT
  5
138
330
17
100
AcDbEntity
  8
EJES
 62
8
100
AcDbText
 10
985.0
 20
792.85
 30
0.0
 40
2.6
  1
J
 72
1
 11
985.0
 21
792.85
 31
0.0
100
AcDbText
 73
2
  0
LINE
  5
139
330
17
100
AcDbEntity
  8
EJES
 62
8
370
9
100
AcDbLine
 10
710.6666666666666
 20
746.0
 30
0.0
 11
710.6666666666666
 21
797.0
 31
0.0
  0
CIRCLE
  5
13A
330
17
100
AcDbEntity
  8
EJES
 62
8
100
AcDbCircle
 10
710.6666666666666
 20
794.0
 30
0.0
 40
4.2
  0
TEXT
  5
13B
330
17
100
AcDbEntity
  8
EJES
 62
8
100
AcDbText
 10
710.6666666666666
 20
792.85
 30
0.0
 40
2.6
  1
1
 72
1
 11
710.6666666666666
 21
792.85
 31
0.0
100
AcDbText
 73
2
  0
LINE
  5
13C
330
17
100
AcDbEntity
  8
EJES
 62
8
370
9
100
AcDbLine
 10
847.8333333333333
 20
746.0
 30
0.0
 11
847.8333333333333
 21
797.0
 31
0.0
  0
CIRCLE
  5
13D
330
17
100
AcDbEntity
  8
EJES
 62
8
100
AcDbCircle
 10
847.8333333333333
 20
794.0
 30
0.0
 40
4.2
  0
TEXT
  5
13E
330
17
100
AcDbEntity
  8
EJES
 62
8
100
AcDbText
 10
847.8333333333333
 20
792.85
 30
0.0
 40
2.6
  1
2
 72
1
 11
847.8333333333333
 21
792.85
 31
0.0
100
AcDbText
 73
2
  0
LWPOLYLINE
  5
13F
330
17
100
AcDbEntity
  8
CONTORNO
 62
7
370
18
100
AcDbPolyline
 90
4
 70
1
 10
573.5
 20
759.0
 10
985.0
 20
759.0
 10
985.0
 20
780.0
 10
573.5
 20
780.0
  0
LINE
  5
140
330
17
100
AcDbEntity
  8
ACERO_SUP
 62
5
370
30
100
AcDbLine
 10
573.5
 20
776.5
 30
0.0
 11
985.0
 21
776.5
 31
0.0
  0
LINE
  5
141
330
17
100
AcDbEntity
  8
ACERO_SUP
 62
5
370
30
100
AcDbLine
 10
573.5
 20
774.4
 30
0.0
 11
985.0
 21
774.4
 31
0.0
  0
LINE
  5
142
330
17
100
AcDbEntity
  8
ACERO_SUP
 62
5
370
30
100
AcDbLine
 10
573.5
 20
772.3
 30
0.0
 11
985.0
 21
772.3
 31
0.0
  0
LINE
  5
143
330
17
100
AcDbEntity
  8
ACERO_ADIC
 62
2
370
30
100
AcDbLine
 10
573.5
 20
770.0
 30
0.0
 11
721.64
 21
770.0
 31
0.0
  0
LINE
  5
144
330
17
100
AcDbEntity
  8
ACERO_ADIC
 62
2
370
30
100
AcDbLine
 10
836.86
 20
770.0
 30
0.0
 11
985.0
 21
770.0
 31
0.0
  0
LINE
  5
145
330
17
100
AcDbEntity
  8
ACERO_ADIC
 62
2
370
30
100
AcDbLine
 10
573.5
 20
768.5
 30
0.0
 11
721.64
 21
768.5
 31
0.0
  0
LINE
  5
146
330
17
100
AcDbEntity
  8
ACERO_ADIC
 62
2
370
30
100
AcDbLine
 10
836.86
 20
768.5
 30
0.0
 11
985.0
 21
768.5
 31
0.0
  0
LINE
  5
147
330
17
100
AcDbEntity
  8
ACERO_ADIC
 62
2
370
30
100
AcDbLine
 10
573.5
 20
767.0
 30
0.0
 11
721.64
 21
767.0
 31
0.0
  0
LINE
  5
148
330
17
100
AcDbEntity
  8
ACERO_ADIC
 62
2
370
30
100
AcDbLine
 10
836.86
 20
767.0
 30
0.0
 11
985.0
 21
767.0
 31
0.0
  0
LINE
  5
149
330
17
100
AcDbEntity
  8
ACERO_INF
 62
1
370
30
100
AcDbLine
 10
573.5
 20
762.5
 30
0.0
 11
985.0
 21
762.5
 31
0.0
  0
LINE
  5
14A
330
17
100
AcDbEntity
  8
ACERO_INF
 62
1
370
30
100
AcDbLine
 10
573.5
 20
764.3
 30
0.0
 11
985.0
 21
764.3
 31
0.0
  0
LINE
  5
14B
330
17
100
AcDbEntity
  8
ACERO_INF
 62
1
370
30
100
AcDbLine
 10
573.5
 20
766.1
 30
0.0
 11
985.0
 21
766.1
 31
0.0
  0
LINE
  5
14C
330
17
100
AcDbEntity
  8
ACERO_INF
 62
1
370
30
100
AcDbLine
 10
573.5
 20
767.9
 30
0.0
 11
985.0
 21
767.9
 31
0.0
  0
LINE
  5
14D
330
17
100
AcDbEntity
  8
ESTRIBOS
 62
7
370
9
100
AcDbLine
 10
576.5
 20
760.0
 30
0.0
 11
576.5
 21
779.0
 31
0.0
  0
LINE
  5
14E
330
17
100
AcDbEntity
  8
ESTRIBOS
 62
7
370
9
100
AcDbLine
 10
588.845
 20
760.0
 30
0.0
 11
588.845
 21
779.0
 31
0.0
  0
LINE
  5
14F
330
17
100
AcDbEntity
  8
ESTRIBOS
 62
7
370
9
100
AcDbLine
 10
601.19
 20
760.0
 30
0.0
 11
601.19
 21
779.0
 31
0.0
  0
LINE
  5
150
330
17
100
AcDbEntity
  8
ESTRIBOS
 62
7
370
9
100
AcDbLine
 10
613.5350000000001
 20
760.0
 30
0.0
 11
613.5350000000001
 21
779.0
 31
0.0
  0
LINE
  5
151
330
17
100
AcDbEntity
  8
ESTRIBOS
 62
7
370
9
100
AcDbLine
 10
625.8800000000001
 20
760.0
 30
0.0
 11
625.8800000000001
 21
779.0
 31
0.0
  0
LINE
  5
152
330
17
100
AcDbEntity
  8
ESTRIBOS
 62
7
370
9
100
AcDbLine
 10
638.2250000000001
 20
760.0
 30
0.0
 11
638.2250000000001
 21
779.0
 31
0.0
  0
LINE
  5
153
330
17
100
AcDbEntity
  8
ESTRIBOS
 62
7
370
9
100
AcDbLine
 10
650.5700000000002
 20
760.0
 30
0.0
 11
650.5700000000002
 21
779.0
 31
0.0
  0
LINE
  5
154
330
17
100
AcDbEntity
  8
ESTRIBOS
 62
7
370
9
100
AcDbLine
 10
662.9150000000002
 20
760.0
 30
0.0
 11
662.9150000000002
 21
779.0
 31
0.0
  0
LINE
  5
155
330
17
100
AcDbEntity
  8
ESTRIBOS
 62
7
370
9
100
AcDbLine
 10
675.2600000000002
 20
760.0
 30
0.0
 11
675.2600000000002
 21
779.0
 31
0.0
  0
LINE
  5
156
330
17
100
AcDbEntity
  8
ESTRIBOS
 62
7
370
9
100
AcDbLine
 10
686.6625
 20
760.0
 30
0.0
 11
686.6625
 21
779.0
 31
0.0
  0
LINE
  5
157
330
17
100
AcDbEntity
  8
ESTRIBOS
 62
7
370
9
100
AcDbLine
 10
701.065
 20
760.0
 30
0.0
 11
701.065
 21
779.0
 31
0.0
  0
LINE
  5
158
330
17
100
AcDbEntity
  8
ESTRIBOS
 62
7
370
9
100
AcDbLine
 10
715.4675000000001
 20
760.0
 30
0.0
 11
715.4675000000001
 21
779.0
 31
0.0
  0
LINE
  5
159
330
17
100
AcDbEntity
  8
ESTRIBOS
 62
7
370
9
100
AcDbLine
 10
729.8700000000001
 20
760.0
 30
0.0
 11
729.8700000000001
 21
779.0
 31
0.0
  0
LINE
  5
15A
330
17
100
AcDbEntity
  8
ESTRIBOS
 62
7
370
9
100
AcDbLine
 10
744.2725000000002
 20
760.0
 30
0.0
 11
744.2725000000002
 21
779.0
 31
0.0
  0
LINE
  5
15B
330
17
100
AcDbEntity
  8
ESTRIBOS
 62
7
370
9
100
AcDbLine
 10
758.6750000000002
 20
760.0
 30
0.0
 11
758.6750000000002
 21
779.0
 31
0.0
  0
LINE
  5
15C
330
17
100
AcDbEntity
  8
ESTRIBOS
 62
7
370
9
100
AcDbLine
 10
773.0775000000002
 20
760.0
 30
0.0
 11
773.0775000000002
 21
779.0
 31
0.0
  0
LINE
  5
15D
330
17
100
AcDbEntity
  8
ESTRIBOS
 62
7
370
9
100
AcDbLine
 10
787.4800000000002
 20
760.0
 30
0.0
 11
787.4800000000002
 21
779.0
 31
0.0
  0
LINE
  5
15E
330
17
100
AcDbEntity
  8
ESTRIBOS
 62
7
370
9
100
AcDbLine
 10
801.8825000000003
 20
760.0
 30
0.0
 11
801.8825000000003
 21
779.0
 31
0.0
  0
LINE
  5
15F
330
17
100
AcDbEntity
  8
ESTRIBOS
 62
7
370
9
100
AcDbLine
 10
816.2850000000003
 20
760.0
 30
0.0
 11
816.2850000000003
 21
779.0
 31
0.0
  0
LINE
  5
160
330
17
100
AcDbEntity
  8
ESTRIBOS
 62
7
370
9
100
AcDbLine
 10
830.6875000000003
 20
760.0
 30
0.0
 11
830.6875000000003
 21
779.0
 31
0.0
  0
LINE
  5
161
330
17
100
AcDbEntity
  8
ESTRIBOS
 62
7
370
9
100
AcDbLine
 10
845.0900000000004
 20
760.0
 30
0.0
 11
845.0900000000004
 21
779.0
 31
0.0
  0
LINE
  5
162
330
17
100
AcDbEntity
  8
ESTRIBOS
 62
7
370
9
100
AcDbLine
 10
859.4925000000004
 20
760.0
 30
0.0
 11
859.4925000000004
 21
779.0
 31
0.0
  0
LINE
  5
163
330
17
100
AcDbEntity
  8
ESTRIBOS
 62
7
370
9
100
AcDbLine
 10
871.8375
 20
760.0
 30
0.0
 11
871.8375
 21
779.0
 31
0.0
  0
LINE
  5
164
330
17
100
AcDbEntity
  8
ESTRIBOS
 62
7
370
9
100
AcDbLine
 10
884.1825
 20
760.0
 30
0.0
 11
884.1825
 21
779.0
 31
0.0
  0
LINE
  5
165
330
17
100
AcDbEntity
  8
ESTRIBOS
 62
7
370
9
100
AcDbLine
 10
896.5275
 20
760.0
 30
0.0
 11
896.5275
 21
779.0
 31
0.0
  0
LINE
  5
166
330
17
100
AcDbEntity
  8
ESTRIBOS
 62
7
370
9
100
AcDbLine
 10
908.8725000000001
 20
760.0
 30
0.0
 11
908.8725000000001
 21
779.0
 31
0.0
  0
LINE
  5
167
330
17
100
AcDbEntity
  8
ESTRIBOS
 62
7
370
9
100
AcDbLine
 10
921.2175000000001
 20
760.0
 30
0.0
 11
921.2175000000001
 21
779.0
 31
0.0
  0
LINE
  5
168
330
17
100
AcDbEntity
  8
ESTRIBOS
 62
7
370
9
100
AcDbLine
 10
933.5625000000001
 20
760.0
 30
0.0
 11
933.5625000000001
 21
779.0
 31
0.0
  0
LINE
  5
169
330
17
100
AcDbEntity
  8
ESTRIBOS
 62
7
370
9
100
AcDbLine
 10
945.9075000000001
 20
760.0
 30
0.0
 11
945.9075000000001
 21
779.0
 31
0.0
  0
LINE
  5
16A
330
17
100
AcDbEntity
  8
ESTRIBOS
 62
7
370
9
100
AcDbLine
 10
958.2525000000002
 20
760.0
 30
0.0
 11
958.2525000000002
 21
779.0
 31
0.0
  0
LINE
  5
16B
330
17
100
AcDbEntity
  8
ESTRIBOS
 62
7
370
9
100
AcDbLine
 10
970.5975000000002
 20
760.0
 30
0.0
 11
970.5975000000002
 21
779.0
 31
0.0
  0
LINE
  5
16C
330
17
100
AcDbEntity
  8
COTAS
 62
3
370
18
100
AcDbLine
 10
573.5
 20
748.0
 30
0.0
 11
985.0
 21
748.0
 31
0.0
  0
LINE
  5
16D
330
17
100
AcDbEntity
  8
COTAS
 62
3
370
18
100
AcDbLine
 10
573.5
 20
746.0
 30
0.0
 11
573.5
 21
750.0
 31
0.0
  0
LINE
  5
16E
330
17
100
AcDbEntity
  8
COTAS
 62
3
370
18
100
AcDbLine
 10
985.0
 20
746.0
 30
0.0
 11
985.0
 21
750.0
 31
0.0
  0
TEXT
  5
16F
330
17
100
AcDbEntity
  8
COTAS
 62
3
100
AcDbText
 10
779.25
 20
750.5
 30
0.0
 40
3.0
  1
L SAP I-J = 3.750 a 4.000 m
 72
1
 11
779.25
 21
750.5
 31
0.0
100
AcDbText
 73
2
  0
TEXT
  5
170
330
17
100
AcDbEntity
  8
TEXTO
 62
7
100
AcDbText
 10
779.25
 20
743.0
 30
0.0
 40
2.7
  1
Ln calculo = 3.150 a 3.400 m
 72
1
 11
779.25
 21
743.0
 31
0.0
100
AcDbText
 73
2
  0
TEXT
  5
171
330
17
100
AcDbEntity
  8
TEXTO
 62
7
100
AcDbText
 10
573.5
 20
739.0
 30
0.0
 40
2.8
  1
SUP: 5#5 | INF: 5#5 | TOR: 8#5 adicionales
 11
573.5
 21
739.0
 31
0.0
100
AcDbText
  0
TEXT
  5
172
330
17
100
AcDbEntity
  8
TEXTO
 62
7
100
AcDbText
 10
573.5
 20
733.0
 30
0.0
 40
2.8
  1
EST Nº4 2R: 1ro <=50; @120 en 2h; @140 centro
 11
573.5
 21
733.0
 31
0.0
100
AcDbText
  0
LWPOLYLINE
  5
173
330
17
100
AcDbEntity
  8
CORTE
 62
7
370
20
100
AcDbPolyline
 90
4
 70
1
 10
634.12
 20
655.5
 10
666.12
 20
655.5
 10
666.12
 20
695.5
 10
634.12
 20
695.5
  0
LWPOLYLINE
  5
174
330
17
100
AcDbEntity
  8
ESTRIBOS
 62
7
370
18
100
AcDbPolyline
 90
4
 70
1
 10
637.12
 20
658.5
 10
663.12
 20
658.5
 10
663.12
 20
692.5
 10
637.12
 20
692.5
  0
CIRCLE
  5
175
330
17
100
AcDbEntity
  8
ACERO_SUP
 62
5
100
AcDbCircle
 10
639.42
 20
690.2
 30
0.0
 40
1.0
  0
CIRCLE
  5
176
330
17
100
AcDbEntity
  8
ACERO_SUP
 62
5
100
AcDbCircle
 10
644.77
 20
690.2
 30
0.0
 40
1.0
  0
CIRCLE
  5
177
330
17
100
AcDbEntity
  8
ACERO_SUP
 62
5
100
AcDbCircle
 10
650.12
 20
690.2
 30
0.0
 40
1.0
  0
CIRCLE
  5
178
330
17
100
AcDbEntity
  8
ACERO_SUP
 62
5
100
AcDbCircle
 10
655.4699999999999
 20
690.2
 30
0.0
 40
1.0
  0
CIRCLE
  5
179
330
17
100
AcDbEntity
  8
ACERO_SUP
 62
5
100
AcDbCircle
 10
660.8199999999999
 20
690.2
 30
0.0
 40
1.0
  0
CIRCLE
  5
17A
330
17
100
AcDbEntity
  8
ACERO_INF
 62
1
100
AcDbCircle
 10
639.42
 20
660.8
 30
0.0
 40
1.0
  0
CIRCLE
  5
17B
330
17
100
AcDbEntity
  8
ACERO_INF
 62
1
100
AcDbCircle
 10
644.77
 20
660.8
 30
0.0
 40
1.0
  0
CIRCLE
  5
17C
330
17
100
AcDbEntity
  8
ACERO_INF
 62
1
100
AcDbCircle
 10
650.12
 20
660.8
 30
0.0
 40
1.0
  0
CIRCLE
  5
17D
330
17
100
AcDbEntity
  8
ACERO_INF
 62
1
100
AcDbCircle
 10
655.4699999999999
 20
660.8
 30
0.0
 40
1.0
  0
CIRCLE
  5
17E
330
17
100
AcDbEntity
  8
ACERO_INF
 62
1
100
AcDbCircle
 10
660.8199999999999
 20
660.8
 30
0.0
 40
1.0
  0
CIRCLE
  5
17F
330
17
100
AcDbEntity
  8
ACERO_TOR
 62
30
100
AcDbCircle
 10
639.32
 20
675.5
 30
0.0
 40
0.9
  0
CIRCLE
  5
180
330
17
100
AcDbEntity
  8
ACERO_TOR
 62
30
100
AcDbCircle
 10
660.92
 20
675.5
 30
0.0
 40
0.9
  0
TEXT
  5
181
330
17
100
AcDbEntity
  8
TEXTO
 62
7
100
AcDbText
 10
650.12
 20
650.0
 30
0.0
 40
2.8
  1
CORTE A-A
 72
1
 11
650.12
 21
650.0
 31
0.0
100
AcDbText
 73
2
  0
TEXT
  5
182
330
17
100
AcDbEntity
  8
TEXTO
 62
7
100
AcDbText
 10
650.12
 20
645.5
 30
0.0
 40
2.7
  1
450x550
 72
1
 11
650.12
 21
645.5
 31
0.0
100
AcDbText
 73
2
  0
LWPOLYLINE
  5
183
330
17
100
AcDbEntity
  8
CORTE
 62
7
370
20
100
AcDbPolyline
 90
4
 70
1
 10
752.08
 20
655.5
 10
784.08
 20
655.5
 10
784.08
 20
695.5
 10
752.08
 20
695.5
  0
LWPOLYLINE
  5
184
330
17
100
AcDbEntity
  8
ESTRIBOS
 62
7
370
18
100
AcDbPolyline
 90
4
 70
1
 10
755.08
 20
658.5
 10
781.08
 20
658.5
 10
781.08
 20
692.5
 10
755.08
 20
692.5
  0
CIRCLE
  5
185
330
17
100
AcDbEntity
  8
ACERO_SUP
 62
5
100
AcDbCircle
 10
757.38
 20
690.2
 30
0.0
 40
1.0
  0
CIRCLE
  5
186
330
17
100
AcDbEntity
  8
ACERO_SUP
 62
5
100
AcDbCircle
 10
762.73
 20
690.2
 30
0.0
 40
1.0
  0
CIRCLE
  5
187
330
17
100
AcDbEntity
  8
ACERO_SUP
 62
5
100
AcDbCircle
 10
768.08
 20
690.2
 30
0.0
 40
1.0
  0
CIRCLE
  5
188
330
17
100
AcDbEntity
  8
ACERO_SUP
 62
5
100
AcDbCircle
 10
773.43
 20
690.2
 30
0.0
 40
1.0
  0
CIRCLE
  5
189
330
17
100
AcDbEntity
  8
ACERO_SUP
 62
5
100
AcDbCircle
 10
778.78
 20
690.2
 30
0.0
 40
1.0
  0
CIRCLE
  5
18A
330
17
100
AcDbEntity
  8
ACERO_INF
 62
1
100
AcDbCircle
 10
757.38
 20
660.8
 30
0.0
 40
1.0
  0
CIRCLE
  5
18B
330
17
100
AcDbEntity
  8
ACERO_INF
 62
1
100
AcDbCircle
 10
762.73
 20
660.8
 30
0.0
 40
1.0
  0
CIRCLE
  5
18C
330
17
100
AcDbEntity
  8
ACERO_INF
 62
1
100
AcDbCircle
 10
768.08
 20
660.8
 30
0.0
 40
1.0
  0
CIRCLE
  5
18D
330
17
100
AcDbEntity
  8
ACERO_INF
 62
1
100
AcDbCircle
 10
773.43
 20
660.8
 30
0.0
 40
1.0
  0
CIRCLE
  5
18E
330
17
100
AcDbEntity
  8
ACERO_INF
 62
1
100
AcDbCircle
 10
778.78
 20
660.8
 30
0.0
 40
1.0
  0
CIRCLE
  5
18F
330
17
100
AcDbEntity
  8
ACERO_TOR
 62
30
100
AcDbCircle
 10
757.2800000000001
 20
675.5
 30
0.0
 40
0.9
  0
CIRCLE
  5
190
330
17
100
AcDbEntity
  8
ACERO_TOR
 62
30
100
AcDbCircle
 10
778.88
 20
675.5
 30
0.0
 40
0.9
  0
TEXT
  5
191
330
17
100
AcDbEntity
  8
TEXTO
 62
7
100
AcDbText
 10
768.08
 20
650.0
 30
0.0
 40
2.8
  1
CORTE B-B
 72
1
 11
768.08
 21
650.0
 31
0.0
100
AcDbText
 73
2
  0
TEXT
  5
192
330
17
100
AcDbEntity
  8
TEXTO
 62
7
100
AcDbText
 10
768.08
 20
645.5
 30
0.0
 40
2.7
  1
450x550
 72
1
 11
768.08
 21
645.5
 31
0.0
100
AcDbText
 73
2
  0
LWPOLYLINE
  5
193
330
17
100
AcDbEntity
  8
CORTE
 62
7
370
20
100
AcDbPolyline
 90
4
 70
1
 10
870.04
 20
655.5
 10
902.04
 20
655.5
 10
902.04
 20
695.5
 10
870.04
 20
695.5
  0
LWPOLYLINE
  5
194
330
17
100
AcDbEntity
  8
ESTRIBOS
 62
7
370
18
100
AcDbPolyline
 90
4
 70
1
 10
873.04
 20
658.5
 10
899.04
 20
658.5
 10
899.04
 20
692.5
 10
873.04
 20
692.5
  0
CIRCLE
  5
195
330
17
100
AcDbEntity
  8
ACERO_SUP
 62
5
100
AcDbCircle
 10
875.3399999999999
 20
690.2
 30
0.0
 40
1.0
  0
CIRCLE
  5
196
330
17
100
AcDbEntity
  8
ACERO_SUP
 62
5
100
AcDbCircle
 10
880.6899999999999
 20
690.2
 30
0.0
 40
1.0
  0
CIRCLE
  5
197
330
17
100
AcDbEntity
  8
ACERO_SUP
 62
5
100
AcDbCircle
 10
886.04
 20
690.2
 30
0.0
 40
1.0
  0
CIRCLE
  5
198
330
17
100
AcDbEntity
  8
ACERO_SUP
 62
5
100
AcDbCircle
 10
891.3899999999999
 20
690.2
 30
0.0
 40
1.0
  0
CIRCLE
  5
199
330
17
100
AcDbEntity
  8
ACERO_SUP
 62
5
100
AcDbCircle
 10
896.7399999999999
 20
690.2
 30
0.0
 40
1.0
  0
CIRCLE
  5
19A
330
17
100
AcDbEntity
  8
ACERO_INF
 62
1
100
AcDbCircle
 10
875.3399999999999
 20
660.8
 30
0.0
 40
1.0
  0
CIRCLE
  5
19B
330
17
100
AcDbEntity
  8
ACERO_INF
 62
1
100
AcDbCircle
 10
880.6899999999999
 20
660.8
 30
0.0
 40
1.0
  0
CIRCLE
  5
19C
330
17
100
AcDbEntity
  8
ACERO_INF
 62
1
100
AcDbCircle
 10
886.04
 20
660.8
 30
0.0
 40
1.0
  0
CIRCLE
  5
19D
330
17
100
AcDbEntity
  8
ACERO_INF
 62
1
100
AcDbCircle
 10
891.3899999999999
 20
660.8
 30
0.0
 40
1.0
  0
CIRCLE
  5
19E
330
17
100
AcDbEntity
  8
ACERO_INF
 62
1
100
AcDbCircle
 10
896.7399999999999
 20
660.8
 30
0.0
 40
1.0
  0
CIRCLE
  5
19F
330
17
100
AcDbEntity
  8
ACERO_TOR
 62
30
100
AcDbCircle
 10
875.24
 20
675.5
 30
0.0
 40
0.9
  0
CIRCLE
  5
1A0
330
17
100
AcDbEntity
  8
ACERO_TOR
 62
30
100
AcDbCircle
 10
896.8399999999999
 20
675.5
 30
0.0
 40
0.9
  0
TEXT
  5
1A1
330
17
100
AcDbEntity
  8
TEXTO
 62
7
100
AcDbText
 10
886.04
 20
650.0
 30
0.0
 40
2.8
  1
CORTE C-C
 72
1
 11
886.04
 21
650.0
 31
0.0
100
AcDbText
 73
2
  0
TEXT
  5
1A2
330
17
100
AcDbEntity
  8
TEXTO
 62
7
100
AcDbText
 10
886.04
 20
645.5
 30
0.0
 40
2.7
  1
450x550
 72
1
 11
886.04
 21
645.5
 31
0.0
100
AcDbText
 73
2
  0
TEXT
  5
1A3
330
17
100
AcDbEntity
  8
TEXTO
 62
7
100
AcDbText
 10
519.5
 20
642.5
 30
0.0
 40
2.8
  1
40 frames | variantes de longitud: 2
 11
519.5
 21
642.5
 31
0.0
100
AcDbText
  0
TEXT
  5
1A4
330
17
100
AcDbEntity
  8
TEXTO
 62
3
100
AcDbText
 10
997.0
 20
642.5
 30
0.0
 40
2.8
  1
Verificacion seccional: CUMPLE
 72
2
 11
997.0
 21
642.5
 31
0.0
100
AcDbText
  0
LWPOLYLINE
  5
1A5
330
17
100
AcDbEntity
  8
GUIA
 62
9
370
9
100
AcDbPolyline
 90
4
 70
1
 10
15.0
 20
433.0
 10
506.5
 20
433.0
 10
506.5
 20
626.5
 10
15.0
 20
626.5
  0
TEXT
  5
1A6
330
17
100
AcDbEntity
  8
TITULO
 62
6
100
AcDbText
 10
260.75
 20
616.5
 30
0.0
 40
4.8
  1
DESPIECE VIGA VC3
 72
1
 11
260.75
 21
616.5
 31
0.0
100
AcDbText
 73
2
  0
TEXT
  5
1A7
330
17
100
AcDbEntity
  8
TITULO
 62
6
100
AcDbText
 10
22.0
 20
603.5
 30
0.0
 40
3.6
  1
PISO TIPO
 11
22.0
 21
603.5
 31
0.0
100
AcDbText
  0
TEXT
  5
1A8
330
17
100
AcDbEntity
  8
TITULO
 62
6
100
AcDbText
 10
22.0
 20
595.5
 30
0.0
 40
3.6
  1
45x55 cm
 11
22.0
 21
595.5
 31
0.0
100
AcDbText
  0
LINE
  5
1A9
330
17
100
AcDbEntity
  8
APOYOS
 62
4
370
18
100
AcDbLine
 10
72.0
 20
544.5
 30
0.0
 11
72.0
 21
595.5
 31
0.0
  0
LINE
  5
1AA
330
17
100
AcDbEntity
  8
APOYOS
 62
4
370
18
100
AcDbLine
 10
80.0
 20
544.5
 30
0.0
 11
80.0
 21
595.5
 31
0.0
  0
LINE
  5
1AB
330
17
100
AcDbEntity
  8
EJES
 62
8
370
9
100
AcDbLine
 10
76.0
 20
540.5
 30
0.0
 11
76.0
 21
600.5
 31
0.0
  0
CIRCLE
  5
1AC
330
17
100
AcDbEntity
  8
EJES
 62
8
100
AcDbCircle
 10
76.0
 20
594.5
 30
0.0
 40
4.5
  0
TEXT
  5
1AD
330
17
100
AcDbEntity
  8
EJES
 62
8
100
AcDbText
 10
76.0
 20
593.35
 30
0.0
 40
2.6
  1
I
 72
1
 11
76.0
 21
593.35
 31
0.0
100
AcDbText
 73
2
  0
LINE
  5
1AE
330
17
100
AcDbEntity
  8
APOYOS
 62
4
370
18
100
AcDbLine
 10
483.5
 20
544.5
 30
0.0
 11
483.5
 21
595.5
 31
0.0
  0
LINE
  5
1AF
330
17
100
AcDbEntity
  8
APOYOS
 62
4
370
18
100
AcDbLine
 10
491.5
 20
544.5
 30
0.0
 11
491.5
 21
595.5
 31
0.0
  0
LINE
  5
1B0
330
17
100
AcDbEntity
  8
EJES
 62
8
370
9
100
AcDbLine
 10
487.5
 20
540.5
 30
0.0
 11
487.5
 21
600.5
 31
0.0
  0
CIRCLE
  5
1B1
330
17
100
AcDbEntity
  8
EJES
 62
8
100
AcDbCircle
 10
487.5
 20
594.5
 30
0.0
 40
4.5
  0
TEXT
  5
1B2
330
17
100
AcDbEntity
  8
EJES
 62
8
100
AcDbText
 10
487.5
 20
593.35
 30
0.0
 40
2.6
  1
J
 72
1
 11
487.5
 21
593.35
 31
0.0
100
AcDbText
 73
2
  0
LINE
  5
1B3
330
17
100
AcDbEntity
  8
EJES
 62
8
370
9
100
AcDbLine
 10
213.16666666666666
 20
546.5
 30
0.0
 11
213.16666666666666
 21
597.5
 31
0.0
  0
CIRCLE
  5
1B4
330
17
100
AcDbEntity
  8
EJES
 62
8
100
AcDbCircle
 10
213.16666666666666
 20
594.5
 30
0.0
 40
4.2
  0
TEXT
  5
1B5
330
17
100
AcDbEntity
  8
EJES
 62
8
100
AcDbText
 10
213.16666666666666
 20
593.35
 30
0.0
 40
2.6
  1
1
 72
1
 11
213.16666666666666
 21
593.35
 31
0.0
100
AcDbText
 73
2
  0
LINE
  5
1B6
330
17
100
AcDbEntity
  8
EJES
 62
8
370
9
100
AcDbLine
 10
350.3333333333333
 20
546.5
 30
0.0
 11
350.3333333333333
 21
597.5
 31
0.0
  0
CIRCLE
  5
1B7
330
17
100
AcDbEntity
  8
EJES
 62
8
100
AcDbCircle
 10
350.3333333333333
 20
594.5
 30
0.0
 40
4.2
  0
TEXT
  5
1B8
330
17
100
AcDbEntity
  8
EJES
 62
8
100
AcDbText
 10
350.3333333333333
 20
593.35
 30
0.0
 40
2.6
  1
2
 72
1
 11
350.3333333333333
 21
593.35
 31
0.0
100
AcDbText
 73
2
  0
LWPOLYLINE
  5
1B9
330
17
100
AcDbEntity
  8
CONTORNO
 62
7
370
18
100
AcDbPolyline
 90
4
 70
1
 10
76.0
 20
559.5
 10
487.5
 20
559.5
 10
487.5
 20
580.5
 10
76.0
 20
580.5
  0
LINE
  5
1BA
330
17
100
AcDbEntity
  8
ACERO_SUP
 62
5
370
30
100
AcDbLine
 10
76.0
 20
577.0
 30
0.0
 11
487.5
 21
577.0
 31
0.0
  0
LINE
  5
1BB
330
17
100
AcDbEntity
  8
ACERO_SUP
 62
5
370
30
100
AcDbLine
 10
76.0
 20
574.9
 30
0.0
 11
487.5
 21
574.9
 31
0.0
  0
LINE
  5
1BC
330
17
100
AcDbEntity
  8
ACERO_SUP
 62
5
370
30
100
AcDbLine
 10
76.0
 20
572.8
 30
0.0
 11
487.5
 21
572.8
 31
0.0
  0
LINE
  5
1BD
330
17
100
AcDbEntity
  8
ACERO_ADIC
 62
2
370
30
100
AcDbLine
 10
76.0
 20
570.5
 30
0.0
 11
224.14
 21
570.5
 31
0.0
  0
LINE
  5
1BE
330
17
100
AcDbEntity
  8
ACERO_ADIC
 62
2
370
30
100
AcDbLine
 10
339.36
 20
570.5
 30
0.0
 11
487.5
 21
570.5
 31
0.0
  0
LINE
  5
1BF
330
17
100
AcDbEntity
  8
ACERO_ADIC
 62
2
370
30
100
AcDbLine
 10
76.0
 20
569.0
 30
0.0
 11
224.14
 21
569.0
 31
0.0
  0
LINE
  5
1C0
330
17
100
AcDbEntity
  8
ACERO_ADIC
 62
2
370
30
100
AcDbLine
 10
339.36
 20
569.0
 30
0.0
 11
487.5
 21
569.0
 31
0.0
  0
LINE
  5
1C1
330
17
100
AcDbEntity
  8
ACERO_ADIC
 62
2
370
30
100
AcDbLine
 10
76.0
 20
567.5
 30
0.0
 11
224.14
 21
567.5
 31
0.0
  0
LINE
  5
1C2
330
17
100
AcDbEntity
  8
ACERO_ADIC
 62
2
370
30
100
AcDbLine
 10
339.36
 20
567.5
 30
0.0
 11
487.5
 21
567.5
 31
0.0
  0
LINE
  5
1C3
330
17
100
AcDbEntity
  8
ACERO_INF
 62
1
370
30
100
AcDbLine
 10
76.0
 20
563.0
 30
0.0
 11
487.5
 21
563.0
 31
0.0
  0
LINE
  5
1C4
330
17
100
AcDbEntity
  8
ACERO_INF
 62
1
370
30
100
AcDbLine
 10
76.0
 20
564.8
 30
0.0
 11
487.5
 21
564.8
 31
0.0
  0
LINE
  5
1C5
330
17
100
AcDbEntity
  8
ACERO_INF
 62
1
370
30
100
AcDbLine
 10
76.0
 20
566.6
 30
0.0
 11
487.5
 21
566.6
 31
0.0
  0
LINE
  5
1C6
330
17
100
AcDbEntity
  8
ACERO_INF
 62
1
370
30
100
AcDbLine
 10
76.0
 20
568.4
 30
0.0
 11
487.5
 21
568.4
 31
0.0
  0
LINE
  5
1C7
330
17
100
AcDbEntity
  8
ESTRIBOS
 62
7
370
9
100
AcDbLine
 10
79.0
 20
560.5
 30
0.0
 11
79.0
 21
579.5
 31
0.0
  0
LINE
  5
1C8
330
17
100
AcDbEntity
  8
ESTRIBOS
 62
7
370
9
100
AcDbLine
 10
91.345
 20
560.5
 30
0.0
 11
91.345
 21
579.5
 31
0.0
  0
LINE
  5
1C9
330
17
100
AcDbEntity
  8
ESTRIBOS
 62
7
370
9
100
AcDbLine
 10
103.69
 20
560.5
 30
0.0
 11
103.69
 21
579.5
 31
0.0
  0
LINE
  5
1CA
330
17
100
AcDbEntity
  8
ESTRIBOS
 62
7
370
9
100
AcDbLine
 10
116.035
 20
560.5
 30
0.0
 11
116.035
 21
579.5
 31
0.0
  0
LINE
  5
1CB
330
17
100
AcDbEntity
  8
ESTRIBOS
 62
7
370
9
100
AcDbLine
 10
128.38
 20
560.5
 30
0.0
 11
128.38
 21
579.5
 31
0.0
  0
LINE
  5
1CC
330
17
100
AcDbEntity
  8
ESTRIBOS
 62
7
370
9
100
AcDbLine
 10
140.725
 20
560.5
 30
0.0
 11
140.725
 21
579.5
 31
0.0
  0
LINE
  5
1CD
330
17
100
AcDbEntity
  8
ESTRIBOS
 62
7
370
9
100
AcDbLine
 10
153.07
 20
560.5
 30
0.0
 11
153.07
 21
579.5
 31
0.0
  0
LINE
  5
1CE
330
17
100
AcDbEntity
  8
ESTRIBOS
 62
7
370
9
100
AcDbLine
 10
165.415
 20
560.5
 30
0.0
 11
165.415
 21
579.5
 31
0.0
  0
LINE
  5
1CF
330
17
100
AcDbEntity
  8
ESTRIBOS
 62
7
370
9
100
AcDbLine
 10
177.76
 20
560.5
 30
0.0
 11
177.76
 21
579.5
 31
0.0
  0
LINE
  5
1D0
330
17
100
AcDbEntity
  8
ESTRIBOS
 62
7
370
9
100
AcDbLine
 10
189.16250000000002
 20
560.5
 30
0.0
 11
189.16250000000002
 21
579.5
 31
0.0
  0
LINE
  5
1D1
330
17
100
AcDbEntity
  8
ESTRIBOS
 62
7
370
9
100
AcDbLine
 10
201.50750000000002
 20
560.5
 30
0.0
 11
201.50750000000002
 21
579.5
 31
0.0
  0
LINE
  5
1D2
330
17
100
AcDbEntity
  8
ESTRIBOS
 62
7
370
9
100
AcDbLine
 10
213.85250000000002
 20
560.5
 30
0.0
 11
213.85250000000002
 21
579.5
 31
0.0
  0
LINE
  5
1D3
330
17
100
AcDbEntity
  8
ESTRIBOS
 62
7
370
9
100
AcDbLine
 10
226.19750000000002
 20
560.5
 30
0.0
 11
226.19750000000002
 21
579.5
 31
0.0
  0
LINE
  5
1D4
330
17
100
AcDbEntity
  8
ESTRIBOS
 62
7
370
9
100
AcDbLine
 10
238.54250000000002
 20
560.5
 30
0.0
 11
238.54250000000002
 21
579.5
 31
0.0
  0
LINE
  5
1D5
330
17
100
AcDbEntity
  8
ESTRIBOS
 62
7
370
9
100
AcDbLine
 10
250.88750000000002
 20
560.5
 30
0.0
 11
250.88750000000002
 21
579.5
 31
0.0
  0
LINE
  5
1D6
330
17
100
AcDbEntity
  8
ESTRIBOS
 62
7
370
9
100
AcDbLine
 10
263.2325
 20
560.5
 30
0.0
 11
263.2325
 21
579.5
 31
0.0
  0
LINE
  5
1D7
330
17
100
AcDbEntity
  8
ESTRIBOS
 62
7
370
9
100
AcDbLine
 10
275.57750000000004
 20
560.5
 30
0.0
 11
275.57750000000004
 21
579.5
 31
0.0
  0
LINE
  5
1D8
330
17
100
AcDbEntity
  8
ESTRIBOS
 62
7
370
9
100
AcDbLine
 10
287.92250000000007
 20
560.5
 30
0.0
 11
287.92250000000007
 21
579.5
 31
0.0
  0
LINE
  5
1D9
330
17
100
AcDbEntity
  8
ESTRIBOS
 62
7
370
9
100
AcDbLine
 10
300.2675000000001
 20
560.5
 30
0.0
 11
300.2675000000001
 21
579.5
 31
0.0
  0
LINE
  5
1DA
330
17
100
AcDbEntity
  8
ESTRIBOS
 62
7
370
9
100
AcDbLine
 10
312.6125000000001
 20
560.5
 30
0.0
 11
312.6125000000001
 21
579.5
 31
0.0
  0
LINE
  5
1DB
330
17
100
AcDbEntity
  8
ESTRIBOS
 62
7
370
9
100
AcDbLine
 10
324.95750000000015
 20
560.5
 30
0.0
 11
324.95750000000015
 21
579.5
 31
0.0
  0
LINE
  5
1DC
330
17
100
AcDbEntity
  8
ESTRIBOS
 62
7
370
9
100
AcDbLine
 10
337.3025000000002
 20
560.5
 30
0.0
 11
337.3025000000002
 21
579.5
 31
0.0
  0
LINE
  5
1DD
330
17
100
AcDbEntity
  8
ESTRIBOS
 62
7
370
9
100
AcDbLine
 10
349.6475000000002
 20
560.5
 30
0.0
 11
349.6475000000002
 21
579.5
 31
0.0
  0
LINE
  5
1DE
330
17
100
AcDbEntity
  8
ESTRIBOS
 62
7
370
9
100
AcDbLine
 10
361.99250000000023
 20
560.5
 30
0.0
 11
361.99250000000023
 21
579.5
 31
0.0
  0
LINE
  5
1DF
330
17
100
AcDbEntity
  8
ESTRIBOS
 62
7
370
9
100
AcDbLine
 10
374.3375
 20
560.5
 30
0.0
 11
374.3375
 21
579.5
 31
0.0
  0
LINE
  5
1E0
330
17
100
AcDbEntity
  8
ESTRIBOS
 62
7
370
9
100
AcDbLine
 10
386.6825
 20
560.5
 30
0.0
 11
386.6825
 21
579.5
 31
0.0
  0
LINE
  5
1E1
330
17
100
AcDbEntity
  8
ESTRIBOS
 62
7
370
9
100
AcDbLine
 10
399.02750000000003
 20
560.5
 30
0.0
 11
399.02750000000003
 21
579.5
 31
0.0
  0
LINE
  5
1E2
330
17
100
AcDbEntity
  8
ESTRIBOS
 62
7
370
9
100
AcDbLine
 10
411.37250000000006
 20
560.5
 30
0.0
 11
411.37250000000006
 21
579.5
 31
0.0
  0
LINE
  5
1E3
330
17
100
AcDbEntity
  8
ESTRIBOS
 62
7
370
9
100
AcDbLine
 10
423.7175000000001
 20
560.5
 30
0.0
 11
423.7175000000001
 21
579.5
 31
0.0
  0
LINE
  5
1E4
330
17
100
AcDbEntity
  8
ESTRIBOS
 62
7
370
9
100
AcDbLine
 10
436.0625000000001
 20
560.5
 30
0.0
 11
436.0625000000001
 21
579.5
 31
0.0
  0
LINE
  5
1E5
330
17
100
AcDbEntity
  8
ESTRIBOS
 62
7
370
9
100
AcDbLine
 10
448.40750000000014
 20
560.5
 30
0.0
 11
448.40750000000014
 21
579.5
 31
0.0
  0
LINE
  5
1E6
330
17
100
AcDbEntity
  8
ESTRIBOS
 62
7
370
9
100
AcDbLine
 10
460.75250000000017
 20
560.5
 30
0.0
 11
460.75250000000017
 21
579.5
 31
0.0
  0
LINE
  5
1E7
330
17
100
AcDbEntity
  8
ESTRIBOS
 62
7
370
9
100
AcDbLine
 10
473.0975000000002
 20
560.5
 30
0.0
 11
473.0975000000002
 21
579.5
 31
0.0
  0
LINE
  5
1E8
330
17
100
AcDbEntity
  8
COTAS
 62
3
370
18
100
AcDbLine
 10
76.0
 20
548.5
 30
0.0
 11
487.5
 21
548.5
 31
0.0
  0
LINE
  5
1E9
330
17
100
AcDbEntity
  8
COTAS
 62
3
370
18
100
AcDbLine
 10
76.0
 20
546.5
 30
0.0
 11
76.0
 21
550.5
 31
0.0
  0
LINE
  5
1EA
330
17
100
AcDbEntity
  8
COTAS
 62
3
370
18
100
AcDbLine
 10
487.5
 20
546.5
 30
0.0
 11
487.5
 21
550.5
 31
0.0
  0
TEXT
  5
1EB
330
17
100
AcDbEntity
  8
COTAS
 62
3
100
AcDbText
 10
281.75
 20
551.0
 30
0.0
 40
3.0
  1
L SAP I-J = 3.815 a 4.000 m
 72
1
 11
281.75
 21
551.0
 31
0.0
100
AcDbText
 73
2
  0
TEXT
  5
1EC
330
17
100
AcDbEntity
  8
TEXTO
 62
7
100
AcDbText
 10
281.75
 20
543.5
 30
0.0
 40
2.7
  1
Ln calculo = 3.215 a 3.400 m
 72
1
 11
281.75
 21
543.5
 31
0.0
100
AcDbText
 73
2
  0
TEXT
  5
1ED
330
17
100
AcDbEntity
  8
TEXTO
 62
7
100
AcDbText
 10
76.0
 20
539.5
 30
0.0
 40
2.8
  1
SUP: 5#5 | INF: 5#5 | TOR: 8#5 adicionales
 11
76.0
 21
539.5
 31
0.0
100
AcDbText
  0
TEXT
  5
1EE
330
17
100
AcDbEntity
  8
TEXTO
 62
7
100
AcDbText
 10
76.0
 20
533.5
 30
0.0
 40
2.8
  1
EST Nº4 2R: 1ro <=50; @120 en 2h; @120 centro
 11
76.0
 21
533.5
 31
0.0
100
AcDbText
  0
LWPOLYLINE
  5
1EF
330
17
100
AcDbEntity
  8
CORTE
 62
7
370
20
100
AcDbPolyline
 90
4
 70
1
 10
136.62
 20
456.0
 10
168.62
 20
456.0
 10
168.62
 20
496.0
 10
136.62
 20
496.0
  0
LWPOLYLINE
  5
1F0
330
17
100
AcDbEntity
  8
ESTRIBOS
 62
7
370
18
100
AcDbPolyline
 90
4
 70
1
 10
139.62
 20
459.0
 10
165.62
 20
459.0
 10
165.62
 20
493.0
 10
139.62
 20
493.0
  0
CIRCLE
  5
1F1
330
17
100
AcDbEntity
  8
ACERO_SUP
 62
5
100
AcDbCircle
 10
141.92000000000002
 20
490.7
 30
0.0
 40
1.0
  0
CIRCLE
  5
1F2
330
17
100
AcDbEntity
  8
ACERO_SUP
 62
5
100
AcDbCircle
 10
147.27
 20
490.7
 30
0.0
 40
1.0
  0
CIRCLE
  5
1F3
330
17
100
AcDbEntity
  8
ACERO_SUP
 62
5
100
AcDbCircle
 10
152.62
 20
490.7
 30
0.0
 40
1.0
  0
CIRCLE
  5
1F4
330
17
100
AcDbEntity
  8
ACERO_SUP
 62
5
100
AcDbCircle
 10
157.97000000000003
 20
490.7
 30
0.0
 40
1.0
  0
CIRCLE
  5
1F5
330
17
100
AcDbEntity
  8
ACERO_SUP
 62
5
100
AcDbCircle
 10
163.32000000000002
 20
490.7
 30
0.0
 40
1.0
  0
CIRCLE
  5
1F6
330
17
100
AcDbEntity
  8
ACERO_INF
 62
1
100
AcDbCircle
 10
141.92000000000002
 20
461.3
 30
0.0
 40
1.0
  0
CIRCLE
  5
1F7
330
17
100
AcDbEntity
  8
ACERO_INF
 62
1
100
AcDbCircle
 10
147.27
 20
461.3
 30
0.0
 40
1.0
  0
CIRCLE
  5
1F8
330
17
100
AcDbEntity
  8
ACERO_INF
 62
1
100
AcDbCircle
 10
152.62
 20
461.3
 30
0.0
 40
1.0
  0
CIRCLE
  5
1F9
330
17
100
AcDbEntity
  8
ACERO_INF
 62
1
100
AcDbCircle
 10
157.97000000000003
 20
461.3
 30
0.0
 40
1.0
  0
CIRCLE
  5
1FA
330
17
100
AcDbEntity
  8
ACERO_INF
 62
1
100
AcDbCircle
 10
163.32000000000002
 20
461.3
 30
0.0
 40
1.0
  0
CIRCLE
  5
1FB
330
17
100
AcDbEntity
  8
ACERO_TOR
 62
30
100
AcDbCircle
 10
141.82
 20
476.0
 30
0.0
 40
0.9
  0
CIRCLE
  5
1FC
330
17
100
AcDbEntity
  8
ACERO_TOR
 62
30
100
AcDbCircle
 10
163.42000000000002
 20
476.0
 30
0.0
 40
0.9
  0
TEXT
  5
1FD
330
17
100
AcDbEntity
  8
TEXTO
 62
7
100
AcDbText
 10
152.62
 20
450.5
 30
0.0
 40
2.8
  1
CORTE A-A
 72
1
 11
152.62
 21
450.5
 31
0.0
100
AcDbText
 73
2
  0
TEXT
  5
1FE
330
17
100
AcDbEntity
  8
TEXTO
 62
7
100
AcDbText
 10
152.62
 20
446.0
 30
0.0
 40
2.7
  1
450x550
 72
1
 11
152.62
 21
446.0
 31
0.0
100
AcDbText
 73
2
  0
LWPOLYLINE
  5
1FF
330
17
100
AcDbEntity
  8
CORTE
 62
7
370
20
100
AcDbPolyline
 90
4
 70
1
 10
254.58000000000004
 20
456.0
 10
286.58000000000004
 20
456.0
 10
286.58000000000004
 20
496.0
 10
254.58000000000004
 20
496.0
  0
LWPOLYLINE
  5
200
330
17
100
AcDbEntity
  8
ESTRIBOS
 62
7
370
18
100
AcDbPolyline
 90
4
 70
1
 10
257.58000000000004
 20
459.0
 10
283.58000000000004
 20
459.0
 10
283.58000000000004
 20
493.0
 10
257.58000000000004
 20
493.0
  0
CIRCLE
  5
201
330
17
100
AcDbEntity
  8
ACERO_SUP
 62
5
100
AcDbCircle
 10
259.88000000000005
 20
490.7
 30
0.0
 40
1.0
  0
CIRCLE
  5
202
330
17
100
AcDbEntity
  8
ACERO_SUP
 62
5
100
AcDbCircle
 10
265.2300000000001
 20
490.7
 30
0.0
 40
1.0
  0
CIRCLE
  5
203
330
17
100
AcDbEntity
  8
ACERO_SUP
 62
5
100
AcDbCircle
 10
270.58000000000004
 20
490.7
 30
0.0
 40
1.0
  0
CIRCLE
  5
204
330
17
100
AcDbEntity
  8
ACERO_SUP
 62
5
100
AcDbCircle
 10
275.93000000000006
 20
490.7
 30
0.0
 40
1.0
  0
CIRCLE
  5
205
330
17
100
AcDbEntity
  8
ACERO_SUP
 62
5
100
AcDbCircle
 10
281.28000000000003
 20
490.7
 30
0.0
 40
1.0
  0
CIRCLE
  5
206
330
17
100
AcDbEntity
  8
ACERO_INF
 62
1
100
AcDbCircle
 10
259.88000000000005
 20
461.3
 30
0.0
 40
1.0
  0
CIRCLE
  5
207
330
17
100
AcDbEntity
  8
ACERO_INF
 62
1
100
AcDbCircle
 10
265.2300000000001
 20
461.3
 30
0.0
 40
1.0
  0
CIRCLE
  5
208
330
17
100
AcDbEntity
  8
ACERO_INF
 62
1
100
AcDbCircle
 10
270.58000000000004
 20
461.3
 30
0.0
 40
1.0
  0
CIRCLE
  5
209
330
17
100
AcDbEntity
  8
ACERO_INF
 62
1
100
AcDbCircle
 10
275.93000000000006
 20
461.3
 30
0.0
 40
1.0
  0
CIRCLE
  5
20A
330
17
100
AcDbEntity
  8
ACERO_INF
 62
1
100
AcDbCircle
 10
281.28000000000003
 20
461.3
 30
0.0
 40
1.0
  0
CIRCLE
  5
20B
330
17
100
AcDbEntity
  8
ACERO_TOR
 62
30
100
AcDbCircle
 10
259.78000000000003
 20
476.0
 30
0.0
 40
0.9
  0
CIRCLE
  5
20C
330
17
100
AcDbEntity
  8
ACERO_TOR
 62
30
100
AcDbCircle
 10
281.38000000000005
 20
476.0
 30
0.0
 40
0.9
  0
TEXT
  5
20D
330
17
100
AcDbEntity
  8
TEXTO
 62
7
100
AcDbText
 10
270.58000000000004
 20
450.5
 30
0.0
 40
2.8
  1
CORTE B-B
 72
1
 11
270.58000000000004
 21
450.5
 31
0.0
100
AcDbText
 73
2
  0
TEXT
  5
20E
330
17
100
AcDbEntity
  8
TEXTO
 62
7
100
AcDbText
 10
270.58000000000004
 20
446.0
 30
0.0
 40
2.7
  1
450x550
 72
1
 11
270.58000000000004
 21
446.0
 31
0.0
100
AcDbText
 73
2
  0
LWPOLYLINE
  5
20F
330
17
100
AcDbEntity
  8
CORTE
 62
7
370
20
100
AcDbPolyline
 90
4
 70
1
 10
372.54
 20
456.0
 10
404.54
 20
456.0
 10
404.54
 20
496.0
 10
372.54
 20
496.0
  0
LWPOLYLINE
  5
210
330
17
100
AcDbEntity
  8
ESTRIBOS
 62
7
370
18
100
AcDbPolyline
 90
4
 70
1
 10
375.54
 20
459.0
 10
401.54
 20
459.0
 10
401.54
 20
493.0
 10
375.54
 20
493.0
  0
CIRCLE
  5
211
330
17
100
AcDbEntity
  8
ACERO_SUP
 62
5
100
AcDbCircle
 10
377.84000000000003
 20
490.7
 30
0.0
 40
1.0
  0
CIRCLE
  5
212
330
17
100
AcDbEntity
  8
ACERO_SUP
 62
5
100
AcDbCircle
 10
383.19000000000005
 20
490.7
 30
0.0
 40
1.0
  0
CIRCLE
  5
213
330
17
100
AcDbEntity
  8
ACERO_SUP
 62
5
100
AcDbCircle
 10
388.54
 20
490.7
 30
0.0
 40
1.0
  0
CIRCLE
  5
214
330
17
100
AcDbEntity
  8
ACERO_SUP
 62
5
100
AcDbCircle
 10
393.89000000000004
 20
490.7
 30
0.0
 40
1.0
  0
CIRCLE
  5
215
330
17
100
AcDbEntity
  8
ACERO_SUP
 62
5
100
AcDbCircle
 10
399.24
 20
490.7
 30
0.0
 40
1.0
  0
CIRCLE
  5
216
330
17
100
AcDbEntity
  8
ACERO_INF
 62
1
100
AcDbCircle
 10
377.84000000000003
 20
461.3
 30
0.0
 40
1.0
  0
CIRCLE
  5
217
330
17
100
AcDbEntity
  8
ACERO_INF
 62
1
100
AcDbCircle
 10
383.19000000000005
 20
461.3
 30
0.0
 40
1.0
  0
CIRCLE
  5
218
330
17
100
AcDbEntity
  8
ACERO_INF
 62
1
100
AcDbCircle
 10
388.54
 20
461.3
 30
0.0
 40
1.0
  0
CIRCLE
  5
219
330
17
100
AcDbEntity
  8
ACERO_INF
 62
1
100
AcDbCircle
 10
393.89000000000004
 20
461.3
 30
0.0
 40
1.0
  0
CIRCLE
  5
21A
330
17
100
AcDbEntity
  8
ACERO_INF
 62
1
100
AcDbCircle
 10
399.24
 20
461.3
 30
0.0
 40
1.0
  0
CIRCLE
  5
21B
330
17
100
AcDbEntity
  8
ACERO_TOR
 62
30
100
AcDbCircle
 10
377.74
 20
476.0
 30
0.0
 40
0.9
  0
CIRCLE
  5
21C
330
17
100
AcDbEntity
  8
ACERO_TOR
 62
30
100
AcDbCircle
 10
399.34000000000003
 20
476.0
 30
0.0
 40
0.9
  0
TEXT
  5
21D
330
17
100
AcDbEntity
  8
TEXTO
 62
7
100
AcDbText
 10
388.54
 20
450.5
 30
0.0
 40
2.8
  1
CORTE C-C
 72
1
 11
388.54
 21
450.5
 31
0.0
100
AcDbText
 73
2
  0
TEXT
  5
21E
330
17
100
AcDbEntity
  8
TEXTO
 62
7
100
AcDbText
 10
388.54
 20
446.0
 30
0.0
 40
2.7
  1
450x550
 72
1
 11
388.54
 21
446.0
 31
0.0
100
AcDbText
 73
2
  0
TEXT
  5
21F
330
17
100
AcDbEntity
  8
TEXTO
 62
7
100
AcDbText
 10
22.0
 20
443.0
 30
0.0
 40
2.8
  1
40 frames | variantes de longitud: 2
 11
22.0
 21
443.0
 31
0.0
100
AcDbText
  0
TEXT
  5
220
330
17
100
AcDbEntity
  8
TEXTO
 62
3
100
AcDbText
 10
499.5
 20
443.0
 30
0.0
 40
2.8
  1
Verificacion seccional: CUMPLE
 72
2
 11
499.5
 21
443.0
 31
0.0
100
AcDbText
  0
LWPOLYLINE
  5
221
330
17
100
AcDbEntity
  8
GUIA
 62
9
370
9
100
AcDbPolyline
 90
4
 70
1
 10
512.5
 20
433.0
 10
1004.0
 20
433.0
 10
1004.0
 20
626.5
 10
512.5
 20
626.5
  0
TEXT
  5
222
330
17
100
AcDbEntity
  8
TITULO
 62
6
100
AcDbText
 10
758.25
 20
616.5
 30
0.0
 40
4.8
  1
DESPIECE VIGA VC4
 72
1
 11
758.25
 21
616.5
 31
0.0
100
AcDbText
 73
2
  0
TEXT
  5
223
330
17
100
AcDbEntity
  8
TITULO
 62
6
100
AcDbText
 10
519.5
 20
603.5
 30
0.0
 40
3.6
  1
PISO TIPO
 11
519.5
 21
603.5
 31
0.0
100
AcDbText
  0
TEXT
  5
224
330
17
100
AcDbEntity
  8
TITULO
 62
6
100
AcDbText
 10
519.5
 20
595.5
 30
0.0
 40
3.6
  1
45x55 cm
 11
519.5
 21
595.5
 31
0.0
100
AcDbText
  0
LINE
  5
225
330
17
100
AcDbEntity
  8
APOYOS
 62
4
370
18
100
AcDbLine
 10
569.5
 20
544.5
 30
0.0
 11
569.5
 21
595.5
 31
0.0
  0
LINE
  5
226
330
17
100
AcDbEntity
  8
APOYOS
 62
4
370
18
100
AcDbLine
 10
577.5
 20
544.5
 30
0.0
 11
577.5
 21
595.5
 31
0.0
  0
LINE
  5
227
330
17
100
AcDbEntity
  8
EJES
 62
8
370
9
100
AcDbLine
 10
573.5
 20
540.5
 30
0.0
 11
573.5
 21
600.5
 31
0.0
  0
CIRCLE
  5
228
330
17
100
AcDbEntity
  8
EJES
 62
8
100
AcDbCircle
 10
573.5
 20
594.5
 30
0.0
 40
4.5
  0
TEXT
  5
229
330
17
100
AcDbEntity
  8
EJES
 62
8
100
AcDbText
 10
573.5
 20
593.35
 30
0.0
 40
2.6
  1
I
 72
1
 11
573.5
 21
593.35
 31
0.0
100
AcDbText
 73
2
  0
LINE
  5
22A
330
17
100
AcDbEntity
  8
APOYOS
 62
4
370
18
100
AcDbLine
 10
981.0
 20
544.5
 30
0.0
 11
981.0
 21
595.5
 31
0.0
  0
LINE
  5
22B
330
17
100
AcDbEntity
  8
APOYOS
 62
4
370
18
100
AcDbLine
 10
989.0
 20
544.5
 30
0.0
 11
989.0
 21
595.5
 31
0.0
  0
LINE
  5
22C
330
17
100
AcDbEntity
  8
EJES
 62
8
370
9
100
AcDbLine
 10
985.0
 20
540.5
 30
0.0
 11
985.0
 21
600.5
 31
0.0
  0
CIRCLE
  5
22D
330
17
100
AcDbEntity
  8
EJES
 62
8
100
AcDbCircle
 10
985.0
 20
594.5
 30
0.0
 40
4.5
  0
TEXT
  5
22E
330
17
100
AcDbEntity
  8
EJES
 62
8
100
AcDbText
 10
985.0
 20
593.35
 30
0.0
 40
2.6
  1
J
 72
1
 11
985.0
 21
593.35
 31
0.0
100
AcDbText
 73
2
  0
LINE
  5
22F
330
17
100
AcDbEntity
  8
EJES
 62
8
370
9
100
AcDbLine
 10
710.6666666666666
 20
546.5
 30
0.0
 11
710.6666666666666
 21
597.5
 31
0.0
  0
CIRCLE
  5
230
330
17
100
AcDbEntity
  8
EJES
 62
8
100
AcDbCircle
 10
710.6666666666666
 20
594.5
 30
0.0
 40
4.2
  0
TEXT
  5
231
330
17
100
AcDbEntity
  8
EJES
 62
8
100
AcDbText
 10
710.6666666666666
 20
593.35
 30
0.0
 40
2.6
  1
1
 72
1
 11
710.6666666666666
 21
593.35
 31
0.0
100
AcDbText
 73
2
  0
LINE
  5
232
330
17
100
AcDbEntity
  8
EJES
 62
8
370
9
100
AcDbLine
 10
847.8333333333333
 20
546.5
 30
0.0
 11
847.8333333333333
 21
597.5
 31
0.0
  0
CIRCLE
  5
233
330
17
100
AcDbEntity
  8
EJES
 62
8
100
AcDbCircle
 10
847.8333333333333
 20
594.5
 30
0.0
 40
4.2
  0
TEXT
  5
234
330
17
100
AcDbEntity
  8
EJES
 62
8
100
AcDbText
 10
847.8333333333333
 20
593.35
 30
0.0
 40
2.6
  1
2
 72
1
 11
847.8333333333333
 21
593.35
 31
0.0
100
AcDbText
 73
2
  0
LWPOLYLINE
  5
235
330
17
100
AcDbEntity
  8
CONTORNO
 62
7
370
18
100
AcDbPolyline
 90
4
 70
1
 10
573.5
 20
559.5
 10
985.0
 20
559.5
 10
985.0
 20
580.5
 10
573.5
 20
580.5
  0
LINE
  5
236
330
17
100
AcDbEntity
  8
ACERO_SUP
 62
5
370
30
100
AcDbLine
 10
573.5
 20
577.0
 30
0.0
 11
985.0
 21
577.0
 31
0.0
  0
LINE
  5
237
330
17
100
AcDbEntity
  8
ACERO_SUP
 62
5
370
30
100
AcDbLine
 10
573.5
 20
574.9
 30
0.0
 11
985.0
 21
574.9
 31
0.0
  0
LINE
  5
238
330
17
100
AcDbEntity
  8
ACERO_SUP
 62
5
370
30
100
AcDbLine
 10
573.5
 20
572.8
 30
0.0
 11
985.0
 21
572.8
 31
0.0
  0
LINE
  5
239
330
17
100
AcDbEntity
  8
ACERO_ADIC
 62
2
370
30
100
AcDbLine
 10
573.5
 20
570.5
 30
0.0
 11
721.64
 21
570.5
 31
0.0
  0
LINE
  5
23A
330
17
100
AcDbEntity
  8
ACERO_ADIC
 62
2
370
30
100
AcDbLine
 10
836.86
 20
570.5
 30
0.0
 11
985.0
 21
570.5
 31
0.0
  0
LINE
  5
23B
330
17
100
AcDbEntity
  8
ACERO_ADIC
 62
2
370
30
100
AcDbLine
 10
573.5
 20
569.0
 30
0.0
 11
721.64
 21
569.0
 31
0.0
  0
LINE
  5
23C
330
17
100
AcDbEntity
  8
ACERO_ADIC
 62
2
370
30
100
AcDbLine
 10
836.86
 20
569.0
 30
0.0
 11
985.0
 21
569.0
 31
0.0
  0
LINE
  5
23D
330
17
100
AcDbEntity
  8
ACERO_ADIC
 62
2
370
30
100
AcDbLine
 10
573.5
 20
567.5
 30
0.0
 11
721.64
 21
567.5
 31
0.0
  0
LINE
  5
23E
330
17
100
AcDbEntity
  8
ACERO_ADIC
 62
2
370
30
100
AcDbLine
 10
836.86
 20
567.5
 30
0.0
 11
985.0
 21
567.5
 31
0.0
  0
LINE
  5
23F
330
17
100
AcDbEntity
  8
ACERO_ADIC
 62
2
370
30
100
AcDbLine
 10
573.5
 20
566.0
 30
0.0
 11
721.64
 21
566.0
 31
0.0
  0
LINE
  5
240
330
17
100
AcDbEntity
  8
ACERO_ADIC
 62
2
370
30
100
AcDbLine
 10
836.86
 20
566.0
 30
0.0
 11
985.0
 21
566.0
 31
0.0
  0
LINE
  5
241
330
17
100
AcDbEntity
  8
ACERO_INF
 62
1
370
30
100
AcDbLine
 10
573.5
 20
563.0
 30
0.0
 11
985.0
 21
563.0
 31
0.0
  0
LINE
  5
242
330
17
100
AcDbEntity
  8
ACERO_INF
 62
1
370
30
100
AcDbLine
 10
573.5
 20
564.8
 30
0.0
 11
985.0
 21
564.8
 31
0.0
  0
LINE
  5
243
330
17
100
AcDbEntity
  8
ACERO_INF
 62
1
370
30
100
AcDbLine
 10
573.5
 20
566.6
 30
0.0
 11
985.0
 21
566.6
 31
0.0
  0
LINE
  5
244
330
17
100
AcDbEntity
  8
ACERO_INF
 62
1
370
30
100
AcDbLine
 10
573.5
 20
568.4
 30
0.0
 11
985.0
 21
568.4
 31
0.0
  0
LINE
  5
245
330
17
100
AcDbEntity
  8
ESTRIBOS
 62
7
370
9
100
AcDbLine
 10
576.5
 20
560.5
 30
0.0
 11
576.5
 21
579.5
 31
0.0
  0
LINE
  5
246
330
17
100
AcDbEntity
  8
ESTRIBOS
 62
7
370
9
100
AcDbLine
 10
589.325974025974
 20
560.5
 30
0.0
 11
589.325974025974
 21
579.5
 31
0.0
  0
LINE
  5
247
330
17
100
AcDbEntity
  8
ESTRIBOS
 62
7
370
9
100
AcDbLine
 10
602.151948051948
 20
560.5
 30
0.0
 11
602.151948051948
 21
579.5
 31
0.0
  0
LINE
  5
248
330
17
100
AcDbEntity
  8
ESTRIBOS
 62
7
370
9
100
AcDbLine
 10
614.977922077922
 20
560.5
 30
0.0
 11
614.977922077922
 21
579.5
 31
0.0
  0
LINE
  5
249
330
17
100
AcDbEntity
  8
ESTRIBOS
 62
7
370
9
100
AcDbLine
 10
627.803896103896
 20
560.5
 30
0.0
 11
627.803896103896
 21
579.5
 31
0.0
  0
LINE
  5
24A
330
17
100
AcDbEntity
  8
ESTRIBOS
 62
7
370
9
100
AcDbLine
 10
640.62987012987
 20
560.5
 30
0.0
 11
640.62987012987
 21
579.5
 31
0.0
  0
LINE
  5
24B
330
17
100
AcDbEntity
  8
ESTRIBOS
 62
7
370
9
100
AcDbLine
 10
653.455844155844
 20
560.5
 30
0.0
 11
653.455844155844
 21
579.5
 31
0.0
  0
LINE
  5
24C
330
17
100
AcDbEntity
  8
ESTRIBOS
 62
7
370
9
100
AcDbLine
 10
666.281818181818
 20
560.5
 30
0.0
 11
666.281818181818
 21
579.5
 31
0.0
  0
LINE
  5
24D
330
17
100
AcDbEntity
  8
ESTRIBOS
 62
7
370
9
100
AcDbLine
 10
679.107792207792
 20
560.5
 30
0.0
 11
679.107792207792
 21
579.5
 31
0.0
  0
LINE
  5
24E
330
17
100
AcDbEntity
  8
ESTRIBOS
 62
7
370
9
100
AcDbLine
 10
688.72
 20
560.5
 30
0.0
 11
688.72
 21
579.5
 31
0.0
  0
LINE
  5
24F
330
17
100
AcDbEntity
  8
ESTRIBOS
 62
7
370
9
100
AcDbLine
 10
701.545974025974
 20
560.5
 30
0.0
 11
701.545974025974
 21
579.5
 31
0.0
  0
LINE
  5
250
330
17
100
AcDbEntity
  8
ESTRIBOS
 62
7
370
9
100
AcDbLine
 10
714.371948051948
 20
560.5
 30
0.0
 11
714.371948051948
 21
579.5
 31
0.0
  0
LINE
  5
251
330
17
100
AcDbEntity
  8
ESTRIBOS
 62
7
370
9
100
AcDbLine
 10
727.197922077922
 20
560.5
 30
0.0
 11
727.197922077922
 21
579.5
 31
0.0
  0
LINE
  5
252
330
17
100
AcDbEntity
  8
ESTRIBOS
 62
7
370
9
100
AcDbLine
 10
740.023896103896
 20
560.5
 30
0.0
 11
740.023896103896
 21
579.5
 31
0.0
  0
LINE
  5
253
330
17
100
AcDbEntity
  8
ESTRIBOS
 62
7
370
9
100
AcDbLine
 10
752.84987012987
 20
560.5
 30
0.0
 11
752.84987012987
 21
579.5
 31
0.0
  0
LINE
  5
254
330
17
100
AcDbEntity
  8
ESTRIBOS
 62
7
370
9
100
AcDbLine
 10
765.6758441558441
 20
560.5
 30
0.0
 11
765.6758441558441
 21
579.5
 31
0.0
  0
LINE
  5
255
330
17
100
AcDbEntity
  8
ESTRIBOS
 62
7
370
9
100
AcDbLine
 10
778.5018181818181
 20
560.5
 30
0.0
 11
778.5018181818181
 21
579.5
 31
0.0
  0
LINE
  5
256
330
17
100
AcDbEntity
  8
ESTRIBOS
 62
7
370
9
100
AcDbLine
 10
791.3277922077921
 20
560.5
 30
0.0
 11
791.3277922077921
 21
579.5
 31
0.0
  0
LINE
  5
257
330
17
100
AcDbEntity
  8
ESTRIBOS
 62
7
370
9
100
AcDbLine
 10
804.1537662337661
 20
560.5
 30
0.0
 11
804.1537662337661
 21
579.5
 31
0.0
  0
LINE
  5
258
330
17
100
AcDbEntity
  8
ESTRIBOS
 62
7
370
9
100
AcDbLine
 10
816.9797402597401
 20
560.5
 30
0.0
 11
816.9797402597401
 21
579.5
 31
0.0
  0
LINE
  5
259
330
17
100
AcDbEntity
  8
ESTRIBOS
 62
7
370
9
100
AcDbLine
 10
829.8057142857141
 20
560.5
 30
0.0
 11
829.8057142857141
 21
579.5
 31
0.0
  0
LINE
  5
25A
330
17
100
AcDbEntity
  8
ESTRIBOS
 62
7
370
9
100
AcDbLine
 10
842.6316883116881
 20
560.5
 30
0.0
 11
842.6316883116881
 21
579.5
 31
0.0
  0
LINE
  5
25B
330
17
100
AcDbEntity
  8
ESTRIBOS
 62
7
370
9
100
AcDbLine
 10
855.4576623376621
 20
560.5
 30
0.0
 11
855.4576623376621
 21
579.5
 31
0.0
  0
LINE
  5
25C
330
17
100
AcDbEntity
  8
ESTRIBOS
 62
7
370
9
100
AcDbLine
 10
868.2836363636361
 20
560.5
 30
0.0
 11
868.2836363636361
 21
579.5
 31
0.0
  0
LINE
  5
25D
330
17
100
AcDbEntity
  8
ESTRIBOS
 62
7
370
9
100
AcDbLine
 10
869.78
 20
560.5
 30
0.0
 11
869.78
 21
579.5
 31
0.0
  0
LINE
  5
25E
330
17
100
AcDbEntity
  8
ESTRIBOS
 62
7
370
9
100
AcDbLine
 10
882.605974025974
 20
560.5
 30
0.0
 11
882.605974025974
 21
579.5
 31
0.0
  0
LINE
  5
25F
330
17
100
AcDbEntity
  8
ESTRIBOS
 62
7
370
9
100
AcDbLine
 10
895.431948051948
 20
560.5
 30
0.0
 11
895.431948051948
 21
579.5
 31
0.0
  0
LINE
  5
260
330
17
100
AcDbEntity
  8
ESTRIBOS
 62
7
370
9
100
AcDbLine
 10
908.257922077922
 20
560.5
 30
0.0
 11
908.257922077922
 21
579.5
 31
0.0
  0
LINE
  5
261
330
17
100
AcDbEntity
  8
ESTRIBOS
 62
7
370
9
100
AcDbLine
 10
921.083896103896
 20
560.5
 30
0.0
 11
921.083896103896
 21
579.5
 31
0.0
  0
LINE
  5
262
330
17
100
AcDbEntity
  8
ESTRIBOS
 62
7
370
9
100
AcDbLine
 10
933.90987012987
 20
560.5
 30
0.0
 11
933.90987012987
 21
579.5
 31
0.0
  0
LINE
  5
263
330
17
100
AcDbEntity
  8
ESTRIBOS
 62
7
370
9
100
AcDbLine
 10
946.735844155844
 20
560.5
 30
0.0
 11
946.735844155844
 21
579.5
 31
0.0
  0
LINE
  5
264
330
17
100
AcDbEntity
  8
ESTRIBOS
 62
7
370
9
100
AcDbLine
 10
959.561818181818
 20
560.5
 30
0.0
 11
959.561818181818
 21
579.5
 31
0.0
  0
LINE
  5
265
330
17
100
AcDbEntity
  8
ESTRIBOS
 62
7
370
9
100
AcDbLine
 10
972.387792207792
 20
560.5
 30
0.0
 11
972.387792207792
 21
579.5
 31
0.0
  0
LINE
  5
266
330
17
100
AcDbEntity
  8
COTAS
 62
3
370
18
100
AcDbLine
 10
573.5
 20
548.5
 30
0.0
 11
985.0
 21
548.5
 31
0.0
  0
LINE
  5
267
330
17
100
AcDbEntity
  8
COTAS
 62
3
370
18
100
AcDbLine
 10
573.5
 20
546.5
 30
0.0
 11
573.5
 21
550.5
 31
0.0
  0
LINE
  5
268
330
17
100
AcDbEntity
  8
COTAS
 62
3
370
18
100
AcDbLine
 10
985.0
 20
546.5
 30
0.0
 11
985.0
 21
550.5
 31
0.0
  0
TEXT
  5
269
330
17
100
AcDbEntity
  8
COTAS
 62
3
100
AcDbText
 10
779.25
 20
551.0
 30
0.0
 40
3.0
  1
L SAP I-J = 3.850 m
 72
1
 11
779.25
 21
551.0
 31
0.0
100
AcDbText
 73
2
  0
TEXT
  5
26A
330
17
100
AcDbEntity
  8
TEXTO
 62
7
100
AcDbText
 10
779.25
 20
543.5
 30
0.0
 40
2.7
  1
Ln calculo = 3.250 m
 72
1
 11
779.25
 21
543.5
 31
0.0
100
AcDbText
 73
2
  0
TEXT
  5
26B
330
17
100
AcDbEntity
  8
TEXTO
 62
7
100
AcDbText
 10
573.5
 20
539.5
 30
0.0
 40
2.8
  1
SUP: 6#5 | INF: 5#5 | TOR: 8#5 adicionales
 11
573.5
 21
539.5
 31
0.0
100
AcDbText
  0
TEXT
  5
26C
330
17
100
AcDbEntity
  8
TEXTO
 62
7
100
AcDbText
 10
573.5
 20
533.5
 30
0.0
 40
2.8
  1
EST Nº4 4R: 1ro <=50; @120 en 2h; @120 centro
 11
573.5
 21
533.5
 31
0.0
100
AcDbText
  0
LWPOLYLINE
  5
26D
330
17
100
AcDbEntity
  8
CORTE
 62
7
370
20
100
AcDbPolyline
 90
4
 70
1
 10
634.12
 20
456.0
 10
666.12
 20
456.0
 10
666.12
 20
496.0
 10
634.12
 20
496.0
  0
LWPOLYLINE
  5
26E
330
17
100
AcDbEntity
  8
ESTRIBOS
 62
7
370
18
100
AcDbPolyline
 90
4
 70
1
 10
637.12
 20
459.0
 10
663.12
 20
459.0
 10
663.12
 20
493.0
 10
637.12
 20
493.0
  0
LINE
  5
26F
330
17
100
AcDbEntity
  8
ESTRIBOS
 62
7
370
18
100
AcDbLine
 10
644.7866666666666
 20
459.0
 30
0.0
 11
644.7866666666666
 21
493.0
 31
0.0
  0
LINE
  5
270
330
17
100
AcDbEntity
  8
ESTRIBOS
 62
7
370
18
100
AcDbLine
 10
655.4533333333334
 20
459.0
 30
0.0
 11
655.4533333333334
 21
493.0
 31
0.0
  0
CIRCLE
  5
271
330
17
100
AcDbEntity
  8
ACERO_SUP
 62
5
100
AcDbCircle
 10
639.42
 20
490.7
 30
0.0
 40
1.0
  0
CIRCLE
  5
272
330
17
100
AcDbEntity
  8
ACERO_SUP
 62
5
100
AcDbCircle
 10
643.6999999999999
 20
490.7
 30
0.0
 40
1.0
  0
CIRCLE
  5
273
330
17
100
AcDbEntity
  8
ACERO_SUP
 62
5
100
AcDbCircle
 10
647.9799999999999
 20
490.7
 30
0.0
 40
1.0
  0
CIRCLE
  5
274
330
17
100
AcDbEntity
  8
ACERO_SUP
 62
5
100
AcDbCircle
 10
652.26
 20
490.7
 30
0.0
 40
1.0
  0
CIRCLE
  5
275
330
17
100
AcDbEntity
  8
ACERO_SUP
 62
5
100
AcDbCircle
 10
656.54
 20
490.7
 30
0.0
 40
1.0
  0
CIRCLE
  5
276
330
17
100
AcDbEntity
  8
ACERO_SUP
 62
5
100
AcDbCircle
 10
660.8199999999999
 20
490.7
 30
0.0
 40
1.0
  0
CIRCLE
  5
277
330
17
100
AcDbEntity
  8
ACERO_INF
 62
1
100
AcDbCircle
 10
639.42
 20
461.3
 30
0.0
 40
1.0
  0
CIRCLE
  5
278
330
17
100
AcDbEntity
  8
ACERO_INF
 62
1
100
AcDbCircle
 10
644.77
 20
461.3
 30
0.0
 40
1.0
  0
CIRCLE
  5
279
330
17
100
AcDbEntity
  8
ACERO_INF
 62
1
100
AcDbCircle
 10
650.12
 20
461.3
 30
0.0
 40
1.0
  0
CIRCLE
  5
27A
330
17
100
AcDbEntity
  8
ACERO_INF
 62
1
100
AcDbCircle
 10
655.4699999999999
 20
461.3
 30
0.0
 40
1.0
  0
CIRCLE
  5
27B
330
17
100
AcDbEntity
  8
ACERO_INF
 62
1
100
AcDbCircle
 10
660.8199999999999
 20
461.3
 30
0.0
 40
1.0
  0
CIRCLE
  5
27C
330
17
100
AcDbEntity
  8
ACERO_TOR
 62
30
100
AcDbCircle
 10
639.32
 20
476.0
 30
0.0
 40
0.9
  0
CIRCLE
  5
27D
330
17
100
AcDbEntity
  8
ACERO_TOR
 62
30
100
AcDbCircle
 10
660.92
 20
476.0
 30
0.0
 40
0.9
  0
TEXT
  5
27E
330
17
100
AcDbEntity
  8
TEXTO
 62
7
100
AcDbText
 10
650.12
 20
450.5
 30
0.0
 40
2.8
  1
CORTE A-A
 72
1
 11
650.12
 21
450.5
 31
0.0
100
AcDbText
 73
2
  0
TEXT
  5
27F
330
17
100
AcDbEntity
  8
TEXTO
 62
7
100
AcDbText
 10
650.12
 20
446.0
 30
0.0
 40
2.7
  1
450x550
 72
1
 11
650.12
 21
446.0
 31
0.0
100
AcDbText
 73
2
  0
LWPOLYLINE
  5
280
330
17
100
AcDbEntity
  8
CORTE
 62
7
370
20
100
AcDbPolyline
 90
4
 70
1
 10
752.08
 20
456.0
 10
784.08
 20
456.0
 10
784.08
 20
496.0
 10
752.08
 20
496.0
  0
LWPOLYLINE
  5
281
330
17
100
AcDbEntity
  8
ESTRIBOS
 62
7
370
18
100
AcDbPolyline
 90
4
 70
1
 10
755.08
 20
459.0
 10
781.08
 20
459.0
 10
781.08
 20
493.0
 10
755.08
 20
493.0
  0
LINE
  5
282
330
17
100
AcDbEntity
  8
ESTRIBOS
 62
7
370
18
100
AcDbLine
 10
762.7466666666667
 20
459.0
 30
0.0
 11
762.7466666666667
 21
493.0
 31
0.0
  0
LINE
  5
283
330
17
100
AcDbEntity
  8
ESTRIBOS
 62
7
370
18
100
AcDbLine
 10
773.4133333333334
 20
459.0
 30
0.0
 11
773.4133333333334
 21
493.0
 31
0.0
  0
CIRCLE
  5
284
330
17
100
AcDbEntity
  8
ACERO_SUP
 62
5
100
AcDbCircle
 10
757.38
 20
490.7
 30
0.0
 40
1.0
  0
CIRCLE
  5
285
330
17
100
AcDbEntity
  8
ACERO_SUP
 62
5
100
AcDbCircle
 10
761.66
 20
490.7
 30
0.0
 40
1.0
  0
CIRCLE
  5
286
330
17
100
AcDbEntity
  8
ACERO_SUP
 62
5
100
AcDbCircle
 10
765.9399999999999
 20
490.7
 30
0.0
 40
1.0
  0
CIRCLE
  5
287
330
17
100
AcDbEntity
  8
ACERO_SUP
 62
5
100
AcDbCircle
 10
770.22
 20
490.7
 30
0.0
 40
1.0
  0
CIRCLE
  5
288
330
17
100
AcDbEntity
  8
ACERO_SUP
 62
5
100
AcDbCircle
 10
774.5
 20
490.7
 30
0.0
 40
1.0
  0
CIRCLE
  5
289
330
17
100
AcDbEntity
  8
ACERO_SUP
 62
5
100
AcDbCircle
 10
778.78
 20
490.7
 30
0.0
 40
1.0
  0
CIRCLE
  5
28A
330
17
100
AcDbEntity
  8
ACERO_INF
 62
1
100
AcDbCircle
 10
757.38
 20
461.3
 30
0.0
 40
1.0
  0
CIRCLE
  5
28B
330
17
100
AcDbEntity
  8
ACERO_INF
 62
1
100
AcDbCircle
 10
762.73
 20
461.3
 30
0.0
 40
1.0
  0
CIRCLE
  5
28C
330
17
100
AcDbEntity
  8
ACERO_INF
 62
1
100
AcDbCircle
 10
768.08
 20
461.3
 30
0.0
 40
1.0
  0
CIRCLE
  5
28D
330
17
100
AcDbEntity
  8
ACERO_INF
 62
1
100
AcDbCircle
 10
773.43
 20
461.3
 30
0.0
 40
1.0
  0
CIRCLE
  5
28E
330
17
100
AcDbEntity
  8
ACERO_INF
 62
1
100
AcDbCircle
 10
778.78
 20
461.3
 30
0.0
 40
1.0
  0
CIRCLE
  5
28F
330
17
100
AcDbEntity
  8
ACERO_TOR
 62
30
100
AcDbCircle
 10
757.2800000000001
 20
476.0
 30
0.0
 40
0.9
  0
CIRCLE
  5
290
330
17
100
AcDbEntity
  8
ACERO_TOR
 62
30
100
AcDbCircle
 10
778.88
 20
476.0
 30
0.0
 40
0.9
  0
TEXT
  5
291
330
17
100
AcDbEntity
  8
TEXTO
 62
7
100
AcDbText
 10
768.08
 20
450.5
 30
0.0
 40
2.8
  1
CORTE B-B
 72
1
 11
768.08
 21
450.5
 31
0.0
100
AcDbText
 73
2
  0
TEXT
  5
292
330
17
100
AcDbEntity
  8
TEXTO
 62
7
100
AcDbText
 10
768.08
 20
446.0
 30
0.0
 40
2.7
  1
450x550
 72
1
 11
768.08
 21
446.0
 31
0.0
100
AcDbText
 73
2
  0
LWPOLYLINE
  5
293
330
17
100
AcDbEntity
  8
CORTE
 62
7
370
20
100
AcDbPolyline
 90
4
 70
1
 10
870.04
 20
456.0
 10
902.04
 20
456.0
 10
902.04
 20
496.0
 10
870.04
 20
496.0
  0
LWPOLYLINE
  5
294
330
17
100
AcDbEntity
  8
ESTRIBOS
 62
7
370
18
100
AcDbPolyline
 90
4
 70
1
 10
873.04
 20
459.0
 10
899.04
 20
459.0
 10
899.04
 20
493.0
 10
873.04
 20
493.0
  0
LINE
  5
295
330
17
100
AcDbEntity
  8
ESTRIBOS
 62
7
370
18
100
AcDbLine
 10
880.7066666666666
 20
459.0
 30
0.0
 11
880.7066666666666
 21
493.0
 31
0.0
  0
LINE
  5
296
330
17
100
AcDbEntity
  8
ESTRIBOS
 62
7
370
18
100
AcDbLine
 10
891.3733333333333
 20
459.0
 30
0.0
 11
891.3733333333333
 21
493.0
 31
0.0
  0
CIRCLE
  5
297
330
17
100
AcDbEntity
  8
ACERO_SUP
 62
5
100
AcDbCircle
 10
875.3399999999999
 20
490.7
 30
0.0
 40
1.0
  0
CIRCLE
  5
298
330
17
100
AcDbEntity
  8
ACERO_SUP
 62
5
100
AcDbCircle
 10
879.6199999999999
 20
490.7
 30
0.0
 40
1.0
  0
CIRCLE
  5
299
330
17
100
AcDbEntity
  8
ACERO_SUP
 62
5
100
AcDbCircle
 10
883.8999999999999
 20
490.7
 30
0.0
 40
1.0
  0
CIRCLE
  5
29A
330
17
100
AcDbEntity
  8
ACERO_SUP
 62
5
100
AcDbCircle
 10
888.18
 20
490.7
 30
0.0
 40
1.0
  0
CIRCLE
  5
29B
330
17
100
AcDbEntity
  8
ACERO_SUP
 62
5
100
AcDbCircle
 10
892.4599999999999
 20
490.7
 30
0.0
 40
1.0
  0
CIRCLE
  5
29C
330
17
100
AcDbEntity
  8
ACERO_SUP
 62
5
100
AcDbCircle
 10
896.7399999999999
 20
490.7
 30
0.0
 40
1.0
  0
CIRCLE
  5
29D
330
17
100
AcDbEntity
  8
ACERO_INF
 62
1
100
AcDbCircle
 10
875.3399999999999
 20
461.3
 30
0.0
 40
1.0
  0
CIRCLE
  5
29E
330
17
100
AcDbEntity
  8
ACERO_INF
 62
1
100
AcDbCircle
 10
880.6899999999999
 20
461.3
 30
0.0
 40
1.0
  0
CIRCLE
  5
29F
330
17
100
AcDbEntity
  8
ACERO_INF
 62
1
100
AcDbCircle
 10
886.04
 20
461.3
 30
0.0
 40
1.0
  0
CIRCLE
  5
2A0
330
17
100
AcDbEntity
  8
ACERO_INF
 62
1
100
AcDbCircle
 10
891.3899999999999
 20
461.3
 30
0.0
 40
1.0
  0
CIRCLE
  5
2A1
330
17
100
AcDbEntity
  8
ACERO_INF
 62
1
100
AcDbCircle
 10
896.7399999999999
 20
461.3
 30
0.0
 40
1.0
  0
CIRCLE
  5
2A2
330
17
100
AcDbEntity
  8
ACERO_TOR
 62
30
100
AcDbCircle
 10
875.24
 20
476.0
 30
0.0
 40
0.9
  0
CIRCLE
  5
2A3
330
17
100
AcDbEntity
  8
ACERO_TOR
 62
30
100
AcDbCircle
 10
896.8399999999999
 20
476.0
 30
0.0
 40
0.9
  0
TEXT
  5
2A4
330
17
100
AcDbEntity
  8
TEXTO
 62
7
100
AcDbText
 10
886.04
 20
450.5
 30
0.0
 40
2.8
  1
CORTE C-C
 72
1
 11
886.04
 21
450.5
 31
0.0
100
AcDbText
 73
2
  0
TEXT
  5
2A5
330
17
100
AcDbEntity
  8
TEXTO
 62
7
100
AcDbText
 10
886.04
 20
446.0
 30
0.0
 40
2.7
  1
450x550
 72
1
 11
886.04
 21
446.0
 31
0.0
100
AcDbText
 73
2
  0
TEXT
  5
2A6
330
17
100
AcDbEntity
  8
TEXTO
 62
7
100
AcDbText
 10
519.5
 20
443.0
 30
0.0
 40
2.8
  1
20 frames | variantes de longitud: 1
 11
519.5
 21
443.0
 31
0.0
100
AcDbText
  0
TEXT
  5
2A7
330
17
100
AcDbEntity
  8
ALERTA
 62
1
100
AcDbText
 10
997.0
 20
443.0
 30
0.0
 40
2.8
  1
NO CUMPLEN 4 frames - ver Excel
 72
2
 11
997.0
 21
443.0
 31
0.0
100
AcDbText
  0
LWPOLYLINE
  5
2A8
330
17
100
AcDbEntity
  8
GUIA
 62
9
370
9
100
AcDbPolyline
 90
4
 70
1
 10
15.0
 20
233.5
 10
506.5
 20
233.5
 10
506.5
 20
427.0
 10
15.0
 20
427.0
  0
TEXT
  5
2A9
330
17
100
AcDbEntity
  8
TITULO
 62
6
100
AcDbText
 10
260.75
 20
417.0
 30
0.0
 40
4.8
  1
DESPIECE VIGA VC5
 72
1
 11
260.75
 21
417.0
 31
0.0
100
AcDbText
 73
2
  0
TEXT
  5
2AA
330
17
100
AcDbEntity
  8
TITULO
 62
6
100
AcDbText
 10
22.0
 20
404.0
 30
0.0
 40
3.6
  1
PISO TIPO
 11
22.0
 21
404.0
 31
0.0
100
AcDbText
  0
TEXT
  5
2AB
330
17
100
AcDbEntity
  8
TITULO
 62
6
100
AcDbText
 10
22.0
 20
396.0
 30
0.0
 40
3.6
  1
45x55 cm
 11
22.0
 21
396.0
 31
0.0
100
AcDbText
  0
LINE
  5
2AC
330
17
100
AcDbEntity
  8
APOYOS
 62
4
370
18
100
AcDbLine
 10
72.0
 20
345.0
 30
0.0
 11
72.0
 21
396.0
 31
0.0
  0
LINE
  5
2AD
330
17
100
AcDbEntity
  8
APOYOS
 62
4
370
18
100
AcDbLine
 10
80.0
 20
345.0
 30
0.0
 11
80.0
 21
396.0
 31
0.0
  0
LINE
  5
2AE
330
17
100
AcDbEntity
  8
EJES
 62
8
370
9
100
AcDbLine
 10
76.0
 20
341.0
 30
0.0
 11
76.0
 21
401.0
 31
0.0
  0
CIRCLE
  5
2AF
330
17
100
AcDbEntity
  8
EJES
 62
8
100
AcDbCircle
 10
76.0
 20
395.0
 30
0.0
 40
4.5
  0
TEXT
  5
2B0
330
17
100
AcDbEntity
  8
EJES
 62
8
100
AcDbText
 10
76.0
 20
393.85
 30
0.0
 40
2.6
  1
I
 72
1
 11
76.0
 21
393.85
 31
0.0
100
AcDbText
 73
2
  0
LINE
  5
2B1
330
17
100
AcDbEntity
  8
APOYOS
 62
4
370
18
100
AcDbLine
 10
483.5
 20
345.0
 30
0.0
 11
483.5
 21
396.0
 31
0.0
  0
LINE
  5
2B2
330
17
100
AcDbEntity
  8
APOYOS
 62
4
370
18
100
AcDbLine
 10
491.5
 20
345.0
 30
0.0
 11
491.5
 21
396.0
 31
0.0
  0
LINE
  5
2B3
330
17
100
AcDbEntity
  8
EJES
 62
8
370
9
100
AcDbLine
 10
487.5
 20
341.0
 30
0.0
 11
487.5
 21
401.0
 31
0.0
  0
CIRCLE
  5
2B4
330
17
100
AcDbEntity
  8
EJES
 62
8
100
AcDbCircle
 10
487.5
 20
395.0
 30
0.0
 40
4.5
  0
TEXT
  5
2B5
330
17
100
AcDbEntity
  8
EJES
 62
8
100
AcDbText
 10
487.5
 20
393.85
 30
0.0
 40
2.6
  1
J
 72
1
 11
487.5
 21
393.85
 31
0.0
100
AcDbText
 73
2
  0
LINE
  5
2B6
330
17
100
AcDbEntity
  8
EJES
 62
8
370
9
100
AcDbLine
 10
213.16666666666666
 20
347.0
 30
0.0
 11
213.16666666666666
 21
398.0
 31
0.0
  0
CIRCLE
  5
2B7
330
17
100
AcDbEntity
  8
EJES
 62
8
100
AcDbCircle
 10
213.16666666666666
 20
395.0
 30
0.0
 40
4.2
  0
TEXT
  5
2B8
330
17
100
AcDbEntity
  8
EJES
 62
8
100
AcDbText
 10
213.16666666666666
 20
393.85
 30
0.0
 40
2.6
  1
1
 72
1
 11
213.16666666666666
 21
393.85
 31
0.0
100
AcDbText
 73
2
  0
LINE
  5
2B9
330
17
100
AcDbEntity
  8
EJES
 62
8
370
9
100
AcDbLine
 10
350.3333333333333
 20
347.0
 30
0.0
 11
350.3333333333333
 21
398.0
 31
0.0
  0
CIRCLE
  5
2BA
330
17
100
AcDbEntity
  8
EJES
 62
8
100
AcDbCircle
 10
350.3333333333333
 20
395.0
 30
0.0
 40
4.2
  0
TEXT
  5
2BB
330
17
100
AcDbEntity
  8
EJES
 62
8
100
AcDbText
 10
350.3333333333333
 20
393.85
 30
0.0
 40
2.6
  1
2
 72
1
 11
350.3333333333333
 21
393.85
 31
0.0
100
AcDbText
 73
2
  0
LWPOLYLINE
  5
2BC
330
17
100
AcDbEntity
  8
CONTORNO
 62
7
370
18
100
AcDbPolyline
 90
4
 70
1
 10
76.0
 20
360.0
 10
487.5
 20
360.0
 10
487.5
 20
381.0
 10
76.0
 20
381.0
  0
LINE
  5
2BD
330
17
100
AcDbEntity
  8
ACERO_SUP
 62
5
370
30
100
AcDbLine
 10
76.0
 20
377.5
 30
0.0
 11
487.5
 21
377.5
 31
0.0
  0
LINE
  5
2BE
330
17
100
AcDbEntity
  8
ACERO_SUP
 62
5
370
30
100
AcDbLine
 10
76.0
 20
375.4
 30
0.0
 11
487.5
 21
375.4
 31
0.0
  0
LINE
  5
2BF
330
17
100
AcDbEntity
  8
ACERO_SUP
 62
5
370
30
100
AcDbLine
 10
76.0
 20
373.3
 30
0.0
 11
487.5
 21
373.3
 31
0.0
  0
LINE
  5
2C0
330
17
100
AcDbEntity
  8
ACERO_ADIC
 62
2
370
30
100
AcDbLine
 10
76.0
 20
371.0
 30
0.0
 11
224.14
 21
371.0
 31
0.0
  0
LINE
  5
2C1
330
17
100
AcDbEntity
  8
ACERO_ADIC
 62
2
370
30
100
AcDbLine
 10
339.36
 20
371.0
 30
0.0
 11
487.5
 21
371.0
 31
0.0
  0
LINE
  5
2C2
330
17
100
AcDbEntity
  8
ACERO_ADIC
 62
2
370
30
100
AcDbLine
 10
76.0
 20
369.5
 30
0.0
 11
224.14
 21
369.5
 31
0.0
  0
LINE
  5
2C3
330
17
100
AcDbEntity
  8
ACERO_ADIC
 62
2
370
30
100
AcDbLine
 10
339.36
 20
369.5
 30
0.0
 11
487.5
 21
369.5
 31
0.0
  0
LINE
  5
2C4
330
17
100
AcDbEntity
  8
ACERO_ADIC
 62
2
370
30
100
AcDbLine
 10
76.0
 20
368.0
 30
0.0
 11
224.14
 21
368.0
 31
0.0
  0
LINE
  5
2C5
330
17
100
AcDbEntity
  8
ACERO_ADIC
 62
2
370
30
100
AcDbLine
 10
339.36
 20
368.0
 30
0.0
 11
487.5
 21
368.0
 31
0.0
  0
LINE
  5
2C6
330
17
100
AcDbEntity
  8
ACERO_ADIC
 62
2
370
30
100
AcDbLine
 10
76.0
 20
366.5
 30
0.0
 11
224.14
 21
366.5
 31
0.0
  0
LINE
  5
2C7
330
17
100
AcDbEntity
  8
ACERO_ADIC
 62
2
370
30
100
AcDbLine
 10
339.36
 20
366.5
 30
0.0
 11
487.5
 21
366.5
 31
0.0
  0
LINE
  5
2C8
330
17
100
AcDbEntity
  8
ACERO_INF
 62
1
370
30
100
AcDbLine
 10
76.0
 20
363.5
 30
0.0
 11
487.5
 21
363.5
 31
0.0
  0
LINE
  5
2C9
330
17
100
AcDbEntity
  8
ACERO_INF
 62
1
370
30
100
AcDbLine
 10
76.0
 20
365.3
 30
0.0
 11
487.5
 21
365.3
 31
0.0
  0
LINE
  5
2CA
330
17
100
AcDbEntity
  8
ACERO_INF
 62
1
370
30
100
AcDbLine
 10
76.0
 20
367.1
 30
0.0
 11
487.5
 21
367.1
 31
0.0
  0
LINE
  5
2CB
330
17
100
AcDbEntity
  8
ACERO_INF
 62
1
370
30
100
AcDbLine
 10
76.0
 20
368.9
 30
0.0
 11
487.5
 21
368.9
 31
0.0
  0
LINE
  5
2CC
330
17
100
AcDbEntity
  8
ESTRIBOS
 62
7
370
9
100
AcDbLine
 10
79.0
 20
361.0
 30
0.0
 11
79.0
 21
380.0
 31
0.0
  0
LINE
  5
2CD
330
17
100
AcDbEntity
  8
ESTRIBOS
 62
7
370
9
100
AcDbLine
 10
87.44102564102565
 20
361.0
 30
0.0
 11
87.44102564102565
 21
380.0
 31
0.0
  0
LINE
  5
2CE
330
17
100
AcDbEntity
  8
ESTRIBOS
 62
7
370
9
100
AcDbLine
 10
95.8820512820513
 20
361.0
 30
0.0
 11
95.8820512820513
 21
380.0
 31
0.0
  0
LINE
  5
2CF
330
17
100
AcDbEntity
  8
ESTRIBOS
 62
7
370
9
100
AcDbLine
 10
104.32307692307694
 20
361.0
 30
0.0
 11
104.32307692307694
 21
380.0
 31
0.0
  0
LINE
  5
2D0
330
17
100
AcDbEntity
  8
ESTRIBOS
 62
7
370
9
100
AcDbLine
 10
112.76410256410259
 20
361.0
 30
0.0
 11
112.76410256410259
 21
380.0
 31
0.0
  0
LINE
  5
2D1
330
17
100
AcDbEntity
  8
ESTRIBOS
 62
7
370
9
100
AcDbLine
 10
121.20512820512823
 20
361.0
 30
0.0
 11
121.20512820512823
 21
380.0
 31
0.0
  0
LINE
  5
2D2
330
17
100
AcDbEntity
  8
ESTRIBOS
 62
7
370
9
100
AcDbLine
 10
129.64615384615388
 20
361.0
 30
0.0
 11
129.64615384615388
 21
380.0
 31
0.0
  0
LINE
  5
2D3
330
17
100
AcDbEntity
  8
ESTRIBOS
 62
7
370
9
100
AcDbLine
 10
138.08717948717953
 20
361.0
 30
0.0
 11
138.08717948717953
 21
380.0
 31
0.0
  0
LINE
  5
2D4
330
17
100
AcDbEntity
  8
ESTRIBOS
 62
7
370
9
100
AcDbLine
 10
146.52820512820517
 20
361.0
 30
0.0
 11
146.52820512820517
 21
380.0
 31
0.0
  0
LINE
  5
2D5
330
17
100
AcDbEntity
  8
ESTRIBOS
 62
7
370
9
100
AcDbLine
 10
154.96923076923082
 20
361.0
 30
0.0
 11
154.96923076923082
 21
380.0
 31
0.0
  0
LINE
  5
2D6
330
17
100
AcDbEntity
  8
ESTRIBOS
 62
7
370
9
100
AcDbLine
 10
163.41025641025647
 20
361.0
 30
0.0
 11
163.41025641025647
 21
380.0
 31
0.0
  0
LINE
  5
2D7
330
17
100
AcDbEntity
  8
ESTRIBOS
 62
7
370
9
100
AcDbLine
 10
171.8512820512821
 20
361.0
 30
0.0
 11
171.8512820512821
 21
380.0
 31
0.0
  0
LINE
  5
2D8
330
17
100
AcDbEntity
  8
ESTRIBOS
 62
7
370
9
100
AcDbLine
 10
180.29230769230776
 20
361.0
 30
0.0
 11
180.29230769230776
 21
380.0
 31
0.0
  0
LINE
  5
2D9
330
17
100
AcDbEntity
  8
ESTRIBOS
 62
7
370
9
100
AcDbLine
 10
188.7333333333334
 20
361.0
 30
0.0
 11
188.7333333333334
 21
380.0
 31
0.0
  0
LINE
  5
2DA
330
17
100
AcDbEntity
  8
ESTRIBOS
 62
7
370
9
100
AcDbLine
 10
191.22000000000003
 20
361.0
 30
0.0
 11
191.22000000000003
 21
380.0
 31
0.0
  0
LINE
  5
2DB
330
17
100
AcDbEntity
  8
ESTRIBOS
 62
7
370
9
100
AcDbLine
 10
199.66102564102567
 20
361.0
 30
0.0
 11
199.66102564102567
 21
380.0
 31
0.0
  0
LINE
  5
2DC
330
17
100
AcDbEntity
  8
ESTRIBOS
 62
7
370
9
100
AcDbLine
 10
208.10205128205132
 20
361.0
 30
0.0
 11
208.10205128205132
 21
380.0
 31
0.0
  0
LINE
  5
2DD
330
17
100
AcDbEntity
  8
ESTRIBOS
 62
7
370
9
100
AcDbLine
 10
216.54307692307697
 20
361.0
 30
0.0
 11
216.54307692307697
 21
380.0
 31
0.0
  0
LINE
  5
2DE
330
17
100
AcDbEntity
  8
ESTRIBOS
 62
7
370
9
100
AcDbLine
 10
224.9841025641026
 20
361.0
 30
0.0
 11
224.9841025641026
 21
380.0
 31
0.0
  0
LINE
  5
2DF
330
17
100
AcDbEntity
  8
ESTRIBOS
 62
7
370
9
100
AcDbLine
 10
233.42512820512826
 20
361.0
 30
0.0
 11
233.42512820512826
 21
380.0
 31
0.0
  0
LINE
  5
2E0
330
17
100
AcDbEntity
  8
ESTRIBOS
 62
7
370
9
100
AcDbLine
 10
241.8661538461539
 20
361.0
 30
0.0
 11
241.8661538461539
 21
380.0
 31
0.0
  0
LINE
  5
2E1
330
17
100
AcDbEntity
  8
ESTRIBOS
 62
7
370
9
100
AcDbLine
 10
250.30717948717955
 20
361.0
 30
0.0
 11
250.30717948717955
 21
380.0
 31
0.0
  0
LINE
  5
2E2
330
17
100
AcDbEntity
  8
ESTRIBOS
 62
7
370
9
100
AcDbLine
 10
258.7482051282052
 20
361.0
 30
0.0
 11
258.7482051282052
 21
380.0
 31
0.0
  0
LINE
  5
2E3
330
17
100
AcDbEntity
  8
ESTRIBOS
 62
7
370
9
100
AcDbLine
 10
267.18923076923085
 20
361.0
 30
0.0
 11
267.18923076923085
 21
380.0
 31
0.0
  0
LINE
  5
2E4
330
17
100
AcDbEntity
  8
ESTRIBOS
 62
7
370
9
100
AcDbLine
 10
275.6302564102565
 20
361.0
 30
0.0
 11
275.6302564102565
 21
380.0
 31
0.0
  0
LINE
  5
2E5
330
17
100
AcDbEntity
  8
ESTRIBOS
 62
7
370
9
100
AcDbLine
 10
284.07128205128214
 20
361.0
 30
0.0
 11
284.07128205128214
 21
380.0
 31
0.0
  0
LINE
  5
2E6
330
17
100
AcDbEntity
  8
ESTRIBOS
 62
7
370
9
100
AcDbLine
 10
292.5123076923078
 20
361.0
 30
0.0
 11
292.5123076923078
 21
380.0
 31
0.0
  0
LINE
  5
2E7
330
17
100
AcDbEntity
  8
ESTRIBOS
 62
7
370
9
100
AcDbLine
 10
300.95333333333343
 20
361.0
 30
0.0
 11
300.95333333333343
 21
380.0
 31
0.0
  0
LINE
  5
2E8
330
17
100
AcDbEntity
  8
ESTRIBOS
 62
7
370
9
100
AcDbLine
 10
309.3943589743591
 20
361.0
 30
0.0
 11
309.3943589743591
 21
380.0
 31
0.0
  0
LINE
  5
2E9
330
17
100
AcDbEntity
  8
ESTRIBOS
 62
7
370
9
100
AcDbLine
 10
317.8353846153847
 20
361.0
 30
0.0
 11
317.8353846153847
 21
380.0
 31
0.0
  0
LINE
  5
2EA
330
17
100
AcDbEntity
  8
ESTRIBOS
 62
7
370
9
100
AcDbLine
 10
326.2764102564104
 20
361.0
 30
0.0
 11
326.2764102564104
 21
380.0
 31
0.0
  0
LINE
  5
2EB
330
17
100
AcDbEntity
  8
ESTRIBOS
 62
7
370
9
100
AcDbLine
 10
334.717435897436
 20
361.0
 30
0.0
 11
334.717435897436
 21
380.0
 31
0.0
  0
LINE
  5
2EC
330
17
100
AcDbEntity
  8
ESTRIBOS
 62
7
370
9
100
AcDbLine
 10
343.15846153846167
 20
361.0
 30
0.0
 11
343.15846153846167
 21
380.0
 31
0.0
  0
LINE
  5
2ED
330
17
100
AcDbEntity
  8
ESTRIBOS
 62
7
370
9
100
AcDbLine
 10
351.5994871794873
 20
361.0
 30
0.0
 11
351.5994871794873
 21
380.0
 31
0.0
  0
LINE
  5
2EE
330
17
100
AcDbEntity
  8
ESTRIBOS
 62
7
370
9
100
AcDbLine
 10
360.04051282051296
 20
361.0
 30
0.0
 11
360.04051282051296
 21
380.0
 31
0.0
  0
LINE
  5
2EF
330
17
100
AcDbEntity
  8
ESTRIBOS
 62
7
370
9
100
AcDbLine
 10
368.4815384615386
 20
361.0
 30
0.0
 11
368.4815384615386
 21
380.0
 31
0.0
  0
LINE
  5
2F0
330
17
100
AcDbEntity
  8
ESTRIBOS
 62
7
370
9
100
AcDbLine
 10
372.28
 20
361.0
 30
0.0
 11
372.28
 21
380.0
 31
0.0
  0
LINE
  5
2F1
330
17
100
AcDbEntity
  8
ESTRIBOS
 62
7
370
9
100
AcDbLine
 10
380.7210256410256
 20
361.0
 30
0.0
 11
380.7210256410256
 21
380.0
 31
0.0
  0
LINE
  5
2F2
330
17
100
AcDbEntity
  8
ESTRIBOS
 62
7
370
9
100
AcDbLine
 10
389.16205128205127
 20
361.0
 30
0.0
 11
389.16205128205127
 21
380.0
 31
0.0
  0
LINE
  5
2F3
330
17
100
AcDbEntity
  8
ESTRIBOS
 62
7
370
9
100
AcDbLine
 10
397.6030769230769
 20
361.0
 30
0.0
 11
397.6030769230769
 21
380.0
 31
0.0
  0
LINE
  5
2F4
330
17
100
AcDbEntity
  8
ESTRIBOS
 62
7
370
9
100
AcDbLine
 10
406.04410256410256
 20
361.0
 30
0.0
 11
406.04410256410256
 21
380.0
 31
0.0
  0
LINE
  5
2F5
330
17
100
AcDbEntity
  8
ESTRIBOS
 62
7
370
9
100
AcDbLine
 10
414.4851282051282
 20
361.0
 30
0.0
 11
414.4851282051282
 21
380.0
 31
0.0
  0
LINE
  5
2F6
330
17
100
AcDbEntity
  8
ESTRIBOS
 62
7
370
9
100
AcDbLine
 10
422.92615384615385
 20
361.0
 30
0.0
 11
422.92615384615385
 21
380.0
 31
0.0
  0
LINE
  5
2F7
330
17
100
AcDbEntity
  8
ESTRIBOS
 62
7
370
9
100
AcDbLine
 10
431.3671794871795
 20
361.0
 30
0.0
 11
431.3671794871795
 21
380.0
 31
0.0
  0
LINE
  5
2F8
330
17
100
AcDbEntity
  8
ESTRIBOS
 62
7
370
9
100
AcDbLine
 10
439.80820512820515
 20
361.0
 30
0.0
 11
439.80820512820515
 21
380.0
 31
0.0
  0
LINE
  5
2F9
330
17
100
AcDbEntity
  8
ESTRIBOS
 62
7
370
9
100
AcDbLine
 10
448.2492307692308
 20
361.0
 30
0.0
 11
448.2492307692308
 21
380.0
 31
0.0
  0
LINE
  5
2FA
330
17
100
AcDbEntity
  8
ESTRIBOS
 62
7
370
9
100
AcDbLine
 10
456.69025641025644
 20
361.0
 30
0.0
 11
456.69025641025644
 21
380.0
 31
0.0
  0
LINE
  5
2FB
330
17
100
AcDbEntity
  8
ESTRIBOS
 62
7
370
9
100
AcDbLine
 10
465.1312820512821
 20
361.0
 30
0.0
 11
465.1312820512821
 21
380.0
 31
0.0
  0
LINE
  5
2FC
330
17
100
AcDbEntity
  8
ESTRIBOS
 62
7
370
9
100
AcDbLine
 10
473.57230769230773
 20
361.0
 30
0.0
 11
473.57230769230773
 21
380.0
 31
0.0
  0
LINE
  5
2FD
330
17
100
AcDbEntity
  8
ESTRIBOS
 62
7
370
9
100
AcDbLine
 10
482.0133333333334
 20
361.0
 30
0.0
 11
482.0133333333334
 21
380.0
 31
0.0
  0
LINE
  5
2FE
330
17
100
AcDbEntity
  8
COTAS
 62
3
370
18
100
AcDbLine
 10
76.0
 20
349.0
 30
0.0
 11
487.5
 21
349.0
 31
0.0
  0
LINE
  5
2FF
330
17
100
AcDbEntity
  8
COTAS
 62
3
370
18
100
AcDbLine
 10
76.0
 20
347.0
 30
0.0
 11
76.0
 21
351.0
 31
0.0
  0
LINE
  5
300
330
17
100
AcDbEntity
  8
COTAS
 62
3
370
18
100
AcDbLine
 10
487.5
 20
347.0
 30
0.0
 11
487.5
 21
351.0
 31
0.0
  0
TEXT
  5
301
330
17
100
AcDbEntity
  8
COTAS
 62
3
100
AcDbText
 10
281.75
 20
351.5
 30
0.0
 40
3.0
  1
L SAP I-J = 3.850 a 3.900 m
 72
1
 11
281.75
 21
351.5
 31
0.0
100
AcDbText
 73
2
  0
TEXT
  5
302
330
17
100
AcDbEntity
  8
TEXTO
 62
7
100
AcDbText
 10
281.75
 20
344.0
 30
0.0
 40
2.7
  1
Ln calculo = 3.250 a 3.300 m
 72
1
 11
281.75
 21
344.0
 31
0.0
100
AcDbText
 73
2
  0
TEXT
  5
303
330
17
100
AcDbEntity
  8
TEXTO
 62
7
100
AcDbText
 10
76.0
 20
340.0
 30
0.0
 40
2.8
  1
SUP: 6#5 | INF: 5#5 | TOR: 12#5 adicionales
 11
76.0
 21
340.0
 31
0.0
100
AcDbText
  0
TEXT
  5
304
330
17
100
AcDbEntity
  8
TEXTO
 62
7
100
AcDbText
 10
76.0
 20
334.0
 30
0.0
 40
2.8
  1
EST Nº4 4R: 1ro <=50; @80 en 2h; @80 centro
 11
76.0
 21
334.0
 31
0.0
100
AcDbText
  0
LWPOLYLINE
  5
305
330
17
100
AcDbEntity
  8
CORTE
 62
7
370
20
100
AcDbPolyline
 90
4
 70
1
 10
136.62
 20
256.5
 10
168.62
 20
256.5
 10
168.62
 20
296.5
 10
136.62
 20
296.5
  0
LWPOLYLINE
  5
306
330
17
100
AcDbEntity
  8
ESTRIBOS
 62
7
370
18
100
AcDbPolyline
 90
4
 70
1
 10
139.62
 20
259.5
 10
165.62
 20
259.5
 10
165.62
 20
293.5
 10
139.62
 20
293.5
  0
LINE
  5
307
330
17
100
AcDbEntity
  8
ESTRIBOS
 62
7
370
18
100
AcDbLine
 10
147.28666666666666
 20
259.5
 30
0.0
 11
147.28666666666666
 21
293.5
 31
0.0
  0
LINE
  5
308
330
17
100
AcDbEntity
  8
ESTRIBOS
 62
7
370
18
100
AcDbLine
 10
157.95333333333335
 20
259.5
 30
0.0
 11
157.95333333333335
 21
293.5
 31
0.0
  0
CIRCLE
  5
309
330
17
100
AcDbEntity
  8
ACERO_SUP
 62
5
100
AcDbCircle
 10
141.92000000000002
 20
291.2
 30
0.0
 40
1.0
  0
CIRCLE
  5
30A
330
17
100
AcDbEntity
  8
ACERO_SUP
 62
5
100
AcDbCircle
 10
146.20000000000002
 20
291.2
 30
0.0
 40
1.0
  0
CIRCLE
  5
30B
330
17
100
AcDbEntity
  8
ACERO_SUP
 62
5
100
AcDbCircle
 10
150.48000000000002
 20
291.2
 30
0.0
 40
1.0
  0
CIRCLE
  5
30C
330
17
100
AcDbEntity
  8
ACERO_SUP
 62
5
100
AcDbCircle
 10
154.76000000000002
 20
291.2
 30
0.0
 40
1.0
  0
CIRCLE
  5
30D
330
17
100
AcDbEntity
  8
ACERO_SUP
 62
5
100
AcDbCircle
 10
159.04000000000002
 20
291.2
 30
0.0
 40
1.0
  0
CIRCLE
  5
30E
330
17
100
AcDbEntity
  8
ACERO_SUP
 62
5
100
AcDbCircle
 10
163.32000000000002
 20
291.2
 30
0.0
 40
1.0
  0
CIRCLE
  5
30F
330
17
100
AcDbEntity
  8
ACERO_INF
 62
1
100
AcDbCircle
 10
141.92000000000002
 20
261.8
 30
0.0
 40
1.0
  0
CIRCLE
  5
310
330
17
100
AcDbEntity
  8
ACERO_INF
 62
1
100
AcDbCircle
 10
147.27
 20
261.8
 30
0.0
 40
1.0
  0
CIRCLE
  5
311
330
17
100
AcDbEntity
  8
ACERO_INF
 62
1
100
AcDbCircle
 10
152.62
 20
261.8
 30
0.0
 40
1.0
  0
CIRCLE
  5
312
330
17
100
AcDbEntity
  8
ACERO_INF
 62
1
100
AcDbCircle
 10
157.97000000000003
 20
261.8
 30
0.0
 40
1.0
  0
CIRCLE
  5
313
330
17
100
AcDbEntity
  8
ACERO_INF
 62
1
100
AcDbCircle
 10
163.32000000000002
 20
261.8
 30
0.0
 40
1.0
  0
CIRCLE
  5
314
330
17
100
AcDbEntity
  8
ACERO_TOR
 62
30
100
AcDbCircle
 10
141.82
 20
276.5
 30
0.0
 40
0.9
  0
CIRCLE
  5
315
330
17
100
AcDbEntity
  8
ACERO_TOR
 62
30
100
AcDbCircle
 10
163.42000000000002
 20
276.5
 30
0.0
 40
0.9
  0
TEXT
  5
316
330
17
100
AcDbEntity
  8
TEXTO
 62
7
100
AcDbText
 10
152.62
 20
251.0
 30
0.0
 40
2.8
  1
CORTE A-A
 72
1
 11
152.62
 21
251.0
 31
0.0
100
AcDbText
 73
2
  0
TEXT
  5
317
330
17
100
AcDbEntity
  8
TEXTO
 62
7
100
AcDbText
 10
152.62
 20
246.5
 30
0.0
 40
2.7
  1
450x550
 72
1
 11
152.62
 21
246.5
 31
0.0
100
AcDbText
 73
2
  0
LWPOLYLINE
  5
318
330
17
100
AcDbEntity
  8
CORTE
 62
7
370
20
100
AcDbPolyline
 90
4
 70
1
 10
254.58000000000004
 20
256.5
 10
286.58000000000004
 20
256.5
 10
286.58000000000004
 20
296.5
 10
254.58000000000004
 20
296.5
  0
LWPOLYLINE
  5
319
330
17
100
AcDbEntity
  8
ESTRIBOS
 62
7
370
18
100
AcDbPolyline
 90
4
 70
1
 10
257.58000000000004
 20
259.5
 10
283.58000000000004
 20
259.5
 10
283.58000000000004
 20
293.5
 10
257.58000000000004
 20
293.5
  0
LINE
  5
31A
330
17
100
AcDbEntity
  8
ESTRIBOS
 62
7
370
18
100
AcDbLine
 10
265.2466666666667
 20
259.5
 30
0.0
 11
265.2466666666667
 21
293.5
 31
0.0
  0
LINE
  5
31B
330
17
100
AcDbEntity
  8
ESTRIBOS
 62
7
370
18
100
AcDbLine
 10
275.91333333333336
 20
259.5
 30
0.0
 11
275.91333333333336
 21
293.5
 31
0.0
  0
CIRCLE
  5
31C
330
17
100
AcDbEntity
  8
ACERO_SUP
 62
5
100
AcDbCircle
 10
259.88000000000005
 20
291.2
 30
0.0
 40
1.0
  0
CIRCLE
  5
31D
330
17
100
AcDbEntity
  8
ACERO_SUP
 62
5
100
AcDbCircle
 10
264.16
 20
291.2
 30
0.0
 40
1.0
  0
CIRCLE
  5
31E
330
17
100
AcDbEntity
  8
ACERO_SUP
 62
5
100
AcDbCircle
 10
268.44000000000005
 20
291.2
 30
0.0
 40
1.0
  0
CIRCLE
  5
31F
330
17
100
AcDbEntity
  8
ACERO_SUP
 62
5
100
AcDbCircle
 10
272.72
 20
291.2
 30
0.0
 40
1.0
  0
CIRCLE
  5
320
330
17
100
AcDbEntity
  8
ACERO_SUP
 62
5
100
AcDbCircle
 10
277.00000000000006
 20
291.2
 30
0.0
 40
1.0
  0
CIRCLE
  5
321
330
17
100
AcDbEntity
  8
ACERO_SUP
 62
5
100
AcDbCircle
 10
281.28000000000003
 20
291.2
 30
0.0
 40
1.0
  0
CIRCLE
  5
322
330
17
100
AcDbEntity
  8
ACERO_INF
 62
1
100
AcDbCircle
 10
259.88000000000005
 20
261.8
 30
0.0
 40
1.0
  0
CIRCLE
  5
323
330
17
100
AcDbEntity
  8
ACERO_INF
 62
1
100
AcDbCircle
 10
265.2300000000001
 20
261.8
 30
0.0
 40
1.0
  0
CIRCLE
  5
324
330
17
100
AcDbEntity
  8
ACERO_INF
 62
1
100
AcDbCircle
 10
270.58000000000004
 20
261.8
 30
0.0
 40
1.0
  0
CIRCLE
  5
325
330
17
100
AcDbEntity
  8
ACERO_INF
 62
1
100
AcDbCircle
 10
275.93000000000006
 20
261.8
 30
0.0
 40
1.0
  0
CIRCLE
  5
326
330
17
100
AcDbEntity
  8
ACERO_INF
 62
1
100
AcDbCircle
 10
281.28000000000003
 20
261.8
 30
0.0
 40
1.0
  0
CIRCLE
  5
327
330
17
100
AcDbEntity
  8
ACERO_TOR
 62
30
100
AcDbCircle
 10
259.78000000000003
 20
276.5
 30
0.0
 40
0.9
  0
CIRCLE
  5
328
330
17
100
AcDbEntity
  8
ACERO_TOR
 62
30
100
AcDbCircle
 10
281.38000000000005
 20
276.5
 30
0.0
 40
0.9
  0
TEXT
  5
329
330
17
100
AcDbEntity
  8
TEXTO
 62
7
100
AcDbText
 10
270.58000000000004
 20
251.0
 30
0.0
 40
2.8
  1
CORTE B-B
 72
1
 11
270.58000000000004
 21
251.0
 31
0.0
100
AcDbText
 73
2
  0
TEXT
  5
32A
330
17
100
AcDbEntity
  8
TEXTO
 62
7
100
AcDbText
 10
270.58000000000004
 20
246.5
 30
0.0
 40
2.7
  1
450x550
 72
1
 11
270.58000000000004
 21
246.5
 31
0.0
100
AcDbText
 73
2
  0
LWPOLYLINE
  5
32B
330
17
100
AcDbEntity
  8
CORTE
 62
7
370
20
100
AcDbPolyline
 90
4
 70
1
 10
372.54
 20
256.5
 10
404.54
 20
256.5
 10
404.54
 20
296.5
 10
372.54
 20
296.5
  0
LWPOLYLINE
  5
32C
330
17
100
AcDbEntity
  8
ESTRIBOS
 62
7
370
18
100
AcDbPolyline
 90
4
 70
1
 10
375.54
 20
259.5
 10
401.54
 20
259.5
 10
401.54
 20
293.5
 10
375.54
 20
293.5
  0
LINE
  5
32D
330
17
100
AcDbEntity
  8
ESTRIBOS
 62
7
370
18
100
AcDbLine
 10
383.2066666666667
 20
259.5
 30
0.0
 11
383.2066666666667
 21
293.5
 31
0.0
  0
LINE
  5
32E
330
17
100
AcDbEntity
  8
ESTRIBOS
 62
7
370
18
100
AcDbLine
 10
393.87333333333333
 20
259.5
 30
0.0
 11
393.87333333333333
 21
293.5
 31
0.0
  0
CIRCLE
  5
32F
330
17
100
AcDbEntity
  8
ACERO_SUP
 62
5
100
AcDbCircle
 10
377.84000000000003
 20
291.2
 30
0.0
 40
1.0
  0
CIRCLE
  5
330
330
17
100
AcDbEntity
  8
ACERO_SUP
 62
5
100
AcDbCircle
 10
382.12
 20
291.2
 30
0.0
 40
1.0
  0
CIRCLE
  5
331
330
17
100
AcDbEntity
  8
ACERO_SUP
 62
5
100
AcDbCircle
 10
386.40000000000003
 20
291.2
 30
0.0
 40
1.0
  0
CIRCLE
  5
332
330
17
100
AcDbEntity
  8
ACERO_SUP
 62
5
100
AcDbCircle
 10
390.68
 20
291.2
 30
0.0
 40
1.0
  0
CIRCLE
  5
333
330
17
100
AcDbEntity
  8
ACERO_SUP
 62
5
100
AcDbCircle
 10
394.96000000000004
 20
291.2
 30
0.0
 40
1.0
  0
CIRCLE
  5
334
330
17
100
AcDbEntity
  8
ACERO_SUP
 62
5
100
AcDbCircle
 10
399.24
 20
291.2
 30
0.0
 40
1.0
  0
CIRCLE
  5
335
330
17
100
AcDbEntity
  8
ACERO_INF
 62
1
100
AcDbCircle
 10
377.84000000000003
 20
261.8
 30
0.0
 40
1.0
  0
CIRCLE
  5
336
330
17
100
AcDbEntity
  8
ACERO_INF
 62
1
100
AcDbCircle
 10
383.19000000000005
 20
261.8
 30
0.0
 40
1.0
  0
CIRCLE
  5
337
330
17
100
AcDbEntity
  8
ACERO_INF
 62
1
100
AcDbCircle
 10
388.54
 20
261.8
 30
0.0
 40
1.0
  0
CIRCLE
  5
338
330
17
100
AcDbEntity
  8
ACERO_INF
 62
1
100
AcDbCircle
 10
393.89000000000004
 20
261.8
 30
0.0
 40
1.0
  0
CIRCLE
  5
339
330
17
100
AcDbEntity
  8
ACERO_INF
 62
1
100
AcDbCircle
 10
399.24
 20
261.8
 30
0.0
 40
1.0
  0
CIRCLE
  5
33A
330
17
100
AcDbEntity
  8
ACERO_TOR
 62
30
100
AcDbCircle
 10
377.74
 20
276.5
 30
0.0
 40
0.9
  0
CIRCLE
  5
33B
330
17
100
AcDbEntity
  8
ACERO_TOR
 62
30
100
AcDbCircle
 10
399.34000000000003
 20
276.5
 30
0.0
 40
0.9
  0
TEXT
  5
33C
330
17
100
AcDbEntity
  8
TEXTO
 62
7
100
AcDbText
 10
388.54
 20
251.0
 30
0.0
 40
2.8
  1
CORTE C-C
 72
1
 11
388.54
 21
251.0
 31
0.0
100
AcDbText
 73
2
  0
TEXT
  5
33D
330
17
100
AcDbEntity
  8
TEXTO
 62
7
100
AcDbText
 10
388.54
 20
246.5
 30
0.0
 40
2.7
  1
450x550
 72
1
 11
388.54
 21
246.5
 31
0.0
100
AcDbText
 73
2
  0
TEXT
  5
33E
330
17
100
AcDbEntity
  8
TEXTO
 62
7
100
AcDbText
 10
22.0
 20
243.5
 30
0.0
 40
2.8
  1
40 frames | variantes de longitud: 2
 11
22.0
 21
243.5
 31
0.0
100
AcDbText
  0
TEXT
  5
33F
330
17
100
AcDbEntity
  8
ALERTA
 62
1
100
AcDbText
 10
499.5
 20
243.5
 30
0.0
 40
2.8
  1
NO CUMPLEN 16 frames - ver Excel
 72
2
 11
499.5
 21
243.5
 31
0.0
100
AcDbText
  0
LWPOLYLINE
  5
340
330
17
100
AcDbEntity
  8
GUIA
 62
9
370
9
100
AcDbPolyline
 90
4
 70
1
 10
512.5
 20
233.5
 10
1004.0
 20
233.5
 10
1004.0
 20
427.0
 10
512.5
 20
427.0
  0
TEXT
  5
341
330
17
100
AcDbEntity
  8
TITULO
 62
6
100
AcDbText
 10
758.25
 20
417.0
 30
0.0
 40
4.8
  1
DESPIECE VIGA VC6
 72
1
 11
758.25
 21
417.0
 31
0.0
100
AcDbText
 73
2
  0
TEXT
  5
342
330
17
100
AcDbEntity
  8
TITULO
 62
6
100
AcDbText
 10
519.5
 20
404.0
 30
0.0
 40
3.6
  1
PISO TIPO
 11
519.5
 21
404.0
 31
0.0
100
AcDbText
  0
TEXT
  5
343
330
17
100
AcDbEntity
  8
TITULO
 62
6
100
AcDbText
 10
519.5
 20
396.0
 30
0.0
 40
3.6
  1
45x55 cm
 11
519.5
 21
396.0
 31
0.0
100
AcDbText
  0
LINE
  5
344
330
17
100
AcDbEntity
  8
APOYOS
 62
4
370
18
100
AcDbLine
 10
569.5
 20
345.0
 30
0.0
 11
569.5
 21
396.0
 31
0.0
  0
LINE
  5
345
330
17
100
AcDbEntity
  8
APOYOS
 62
4
370
18
100
AcDbLine
 10
577.5
 20
345.0
 30
0.0
 11
577.5
 21
396.0
 31
0.0
  0
LINE
  5
346
330
17
100
AcDbEntity
  8
EJES
 62
8
370
9
100
AcDbLine
 10
573.5
 20
341.0
 30
0.0
 11
573.5
 21
401.0
 31
0.0
  0
CIRCLE
  5
347
330
17
100
AcDbEntity
  8
EJES
 62
8
100
AcDbCircle
 10
573.5
 20
395.0
 30
0.0
 40
4.5
  0
TEXT
  5
348
330
17
100
AcDbEntity
  8
EJES
 62
8
100
AcDbText
 10
573.5
 20
393.85
 30
0.0
 40
2.6
  1
I
 72
1
 11
573.5
 21
393.85
 31
0.0
100
AcDbText
 73
2
  0
LINE
  5
349
330
17
100
AcDbEntity
  8
APOYOS
 62
4
370
18
100
AcDbLine
 10
981.0
 20
345.0
 30
0.0
 11
981.0
 21
396.0
 31
0.0
  0
LINE
  5
34A
330
17
100
AcDbEntity
  8
APOYOS
 62
4
370
18
100
AcDbLine
 10
989.0
 20
345.0
 30
0.0
 11
989.0
 21
396.0
 31
0.0
  0
LINE
  5
34B
330
17
100
AcDbEntity
  8
EJES
 62
8
370
9
100
AcDbLine
 10
985.0
 20
341.0
 30
0.0
 11
985.0
 21
401.0
 31
0.0
  0
CIRCLE
  5
34C
330
17
100
AcDbEntity
  8
EJES
 62
8
100
AcDbCircle
 10
985.0
 20
395.0
 30
0.0
 40
4.5
  0
TEXT
  5
34D
330
17
100
AcDbEntity
  8
EJES
 62
8
100
AcDbText
 10
985.0
 20
393.85
 30
0.0
 40
2.6
  1
J
 72
1
 11
985.0
 21
393.85
 31
0.0
100
AcDbText
 73
2
  0
LINE
  5
34E
330
17
100
AcDbEntity
  8
EJES
 62
8
370
9
100
AcDbLine
 10
710.6666666666666
 20
347.0
 30
0.0
 11
710.6666666666666
 21
398.0
 31
0.0
  0
CIRCLE
  5
34F
330
17
100
AcDbEntity
  8
EJES
 62
8
100
AcDbCircle
 10
710.6666666666666
 20
395.0
 30
0.0
 40
4.2
  0
TEXT
  5
350
330
17
100
AcDbEntity
  8
EJES
 62
8
100
AcDbText
 10
710.6666666666666
 20
393.85
 30
0.0
 40
2.6
  1
1
 72
1
 11
710.6666666666666
 21
393.85
 31
0.0
100
AcDbText
 73
2
  0
LINE
  5
351
330
17
100
AcDbEntity
  8
EJES
 62
8
370
9
100
AcDbLine
 10
847.8333333333333
 20
347.0
 30
0.0
 11
847.8333333333333
 21
398.0
 31
0.0
  0
CIRCLE
  5
352
330
17
100
AcDbEntity
  8
EJES
 62
8
100
AcDbCircle
 10
847.8333333333333
 20
395.0
 30
0.0
 40
4.2
  0
TEXT
  5
353
330
17
100
AcDbEntity
  8
EJES
 62
8
100
AcDbText
 10
847.8333333333333
 20
393.85
 30
0.0
 40
2.6
  1
2
 72
1
 11
847.8333333333333
 21
393.85
 31
0.0
100
AcDbText
 73
2
  0
LWPOLYLINE
  5
354
330
17
100
AcDbEntity
  8
CONTORNO
 62
7
370
18
100
AcDbPolyline
 90
4
 70
1
 10
573.5
 20
360.0
 10
985.0
 20
360.0
 10
985.0
 20
381.0
 10
573.5
 20
381.0
  0
LINE
  5
355
330
17
100
AcDbEntity
  8
ACERO_SUP
 62
5
370
30
100
AcDbLine
 10
573.5
 20
377.5
 30
0.0
 11
985.0
 21
377.5
 31
0.0
  0
LINE
  5
356
330
17
100
AcDbEntity
  8
ACERO_SUP
 62
5
370
30
100
AcDbLine
 10
573.5
 20
375.4
 30
0.0
 11
985.0
 21
375.4
 31
0.0
  0
LINE
  5
357
330
17
100
AcDbEntity
  8
ACERO_SUP
 62
5
370
30
100
AcDbLine
 10
573.5
 20
373.3
 30
0.0
 11
985.0
 21
373.3
 31
0.0
  0
LINE
  5
358
330
17
100
AcDbEntity
  8
ACERO_ADIC
 62
2
370
30
100
AcDbLine
 10
573.5
 20
371.0
 30
0.0
 11
721.64
 21
371.0
 31
0.0
  0
LINE
  5
359
330
17
100
AcDbEntity
  8
ACERO_ADIC
 62
2
370
30
100
AcDbLine
 10
836.86
 20
371.0
 30
0.0
 11
985.0
 21
371.0
 31
0.0
  0
LINE
  5
35A
330
17
100
AcDbEntity
  8
ACERO_ADIC
 62
2
370
30
100
AcDbLine
 10
573.5
 20
369.5
 30
0.0
 11
721.64
 21
369.5
 31
0.0
  0
LINE
  5
35B
330
17
100
AcDbEntity
  8
ACERO_ADIC
 62
2
370
30
100
AcDbLine
 10
836.86
 20
369.5
 30
0.0
 11
985.0
 21
369.5
 31
0.0
  0
LINE
  5
35C
330
17
100
AcDbEntity
  8
ACERO_ADIC
 62
2
370
30
100
AcDbLine
 10
573.5
 20
368.0
 30
0.0
 11
721.64
 21
368.0
 31
0.0
  0
LINE
  5
35D
330
17
100
AcDbEntity
  8
ACERO_ADIC
 62
2
370
30
100
AcDbLine
 10
836.86
 20
368.0
 30
0.0
 11
985.0
 21
368.0
 31
0.0
  0
LINE
  5
35E
330
17
100
AcDbEntity
  8
ACERO_ADIC
 62
2
370
30
100
AcDbLine
 10
573.5
 20
366.5
 30
0.0
 11
721.64
 21
366.5
 31
0.0
  0
LINE
  5
35F
330
17
100
AcDbEntity
  8
ACERO_ADIC
 62
2
370
30
100
AcDbLine
 10
836.86
 20
366.5
 30
0.0
 11
985.0
 21
366.5
 31
0.0
  0
LINE
  5
360
330
17
100
AcDbEntity
  8
ACERO_INF
 62
1
370
30
100
AcDbLine
 10
573.5
 20
363.5
 30
0.0
 11
985.0
 21
363.5
 31
0.0
  0
LINE
  5
361
330
17
100
AcDbEntity
  8
ACERO_INF
 62
1
370
30
100
AcDbLine
 10
573.5
 20
365.3
 30
0.0
 11
985.0
 21
365.3
 31
0.0
  0
LINE
  5
362
330
17
100
AcDbEntity
  8
ACERO_INF
 62
1
370
30
100
AcDbLine
 10
573.5
 20
367.1
 30
0.0
 11
985.0
 21
367.1
 31
0.0
  0
LINE
  5
363
330
17
100
AcDbEntity
  8
ACERO_INF
 62
1
370
30
100
AcDbLine
 10
573.5
 20
368.9
 30
0.0
 11
985.0
 21
368.9
 31
0.0
  0
LINE
  5
364
330
17
100
AcDbEntity
  8
ESTRIBOS
 62
7
370
9
100
AcDbLine
 10
576.5
 20
361.0
 30
0.0
 11
576.5
 21
380.0
 31
0.0
  0
LINE
  5
365
330
17
100
AcDbEntity
  8
ESTRIBOS
 62
7
370
9
100
AcDbLine
 10
584.9410256410256
 20
361.0
 30
0.0
 11
584.9410256410256
 21
380.0
 31
0.0
  0
LINE
  5
366
330
17
100
AcDbEntity
  8
ESTRIBOS
 62
7
370
9
100
AcDbLine
 10
593.3820512820512
 20
361.0
 30
0.0
 11
593.3820512820512
 21
380.0
 31
0.0
  0
LINE
  5
367
330
17
100
AcDbEntity
  8
ESTRIBOS
 62
7
370
9
100
AcDbLine
 10
601.8230769230768
 20
361.0
 30
0.0
 11
601.8230769230768
 21
380.0
 31
0.0
  0
LINE
  5
368
330
17
100
AcDbEntity
  8
ESTRIBOS
 62
7
370
9
100
AcDbLine
 10
610.2641025641024
 20
361.0
 30
0.0
 11
610.2641025641024
 21
380.0
 31
0.0
  0
LINE
  5
369
330
17
100
AcDbEntity
  8
ESTRIBOS
 62
7
370
9
100
AcDbLine
 10
618.705128205128
 20
361.0
 30
0.0
 11
618.705128205128
 21
380.0
 31
0.0
  0
LINE
  5
36A
330
17
100
AcDbEntity
  8
ESTRIBOS
 62
7
370
9
100
AcDbLine
 10
627.1461538461535
 20
361.0
 30
0.0
 11
627.1461538461535
 21
380.0
 31
0.0
  0
LINE
  5
36B
330
17
100
AcDbEntity
  8
ESTRIBOS
 62
7
370
9
100
AcDbLine
 10
635.5871794871791
 20
361.0
 30
0.0
 11
635.5871794871791
 21
380.0
 31
0.0
  0
LINE
  5
36C
330
17
100
AcDbEntity
  8
ESTRIBOS
 62
7
370
9
100
AcDbLine
 10
644.0282051282047
 20
361.0
 30
0.0
 11
644.0282051282047
 21
380.0
 31
0.0
  0
LINE
  5
36D
330
17
100
AcDbEntity
  8
ESTRIBOS
 62
7
370
9
100
AcDbLine
 10
652.4692307692303
 20
361.0
 30
0.0
 11
652.4692307692303
 21
380.0
 31
0.0
  0
LINE
  5
36E
330
17
100
AcDbEntity
  8
ESTRIBOS
 62
7
370
9
100
AcDbLine
 10
660.9102564102559
 20
361.0
 30
0.0
 11
660.9102564102559
 21
380.0
 31
0.0
  0
LINE
  5
36F
330
17
100
AcDbEntity
  8
ESTRIBOS
 62
7
370
9
100
AcDbLine
 10
669.3512820512815
 20
361.0
 30
0.0
 11
669.3512820512815
 21
380.0
 31
0.0
  0
LINE
  5
370
330
17
100
AcDbEntity
  8
ESTRIBOS
 62
7
370
9
100
AcDbLine
 10
677.7923076923071
 20
361.0
 30
0.0
 11
677.7923076923071
 21
380.0
 31
0.0
  0
LINE
  5
371
330
17
100
AcDbEntity
  8
ESTRIBOS
 62
7
370
9
100
AcDbLine
 10
686.2333333333327
 20
361.0
 30
0.0
 11
686.2333333333327
 21
380.0
 31
0.0
  0
LINE
  5
372
330
17
100
AcDbEntity
  8
ESTRIBOS
 62
7
370
9
100
AcDbLine
 10
688.72
 20
361.0
 30
0.0
 11
688.72
 21
380.0
 31
0.0
  0
LINE
  5
373
330
17
100
AcDbEntity
  8
ESTRIBOS
 62
7
370
9
100
AcDbLine
 10
697.1610256410256
 20
361.0
 30
0.0
 11
697.1610256410256
 21
380.0
 31
0.0
  0
LINE
  5
374
330
17
100
AcDbEntity
  8
ESTRIBOS
 62
7
370
9
100
AcDbLine
 10
705.6020512820512
 20
361.0
 30
0.0
 11
705.6020512820512
 21
380.0
 31
0.0
  0
LINE
  5
375
330
17
100
AcDbEntity
  8
ESTRIBOS
 62
7
370
9
100
AcDbLine
 10
714.0430769230768
 20
361.0
 30
0.0
 11
714.0430769230768
 21
380.0
 31
0.0
  0
LINE
  5
376
330
17
100
AcDbEntity
  8
ESTRIBOS
 62
7
370
9
100
AcDbLine
 10
722.4841025641024
 20
361.0
 30
0.0
 11
722.4841025641024
 21
380.0
 31
0.0
  0
LINE
  5
377
330
17
100
AcDbEntity
  8
ESTRIBOS
 62
7
370
9
100
AcDbLine
 10
730.925128205128
 20
361.0
 30
0.0
 11
730.925128205128
 21
380.0
 31
0.0
  0
LINE
  5
378
330
17
100
AcDbEntity
  8
ESTRIBOS
 62
7
370
9
100
AcDbLine
 10
739.3661538461536
 20
361.0
 30
0.0
 11
739.3661538461536
 21
380.0
 31
0.0
  0
LINE
  5
379
330
17
100
AcDbEntity
  8
ESTRIBOS
 62
7
370
9
100
AcDbLine
 10
747.8071794871792
 20
361.0
 30
0.0
 11
747.8071794871792
 21
380.0
 31
0.0
  0
LINE
  5
37A
330
17
100
AcDbEntity
  8
ESTRIBOS
 62
7
370
9
100
AcDbLine
 10
756.2482051282047
 20
361.0
 30
0.0
 11
756.2482051282047
 21
380.0
 31
0.0
  0
LINE
  5
37B
330
17
100
AcDbEntity
  8
ESTRIBOS
 62
7
370
9
100
AcDbLine
 10
764.6892307692303
 20
361.0
 30
0.0
 11
764.6892307692303
 21
380.0
 31
0.0
  0
LINE
  5
37C
330
17
100
AcDbEntity
  8
ESTRIBOS
 62
7
370
9
100
AcDbLine
 10
773.1302564102559
 20
361.0
 30
0.0
 11
773.1302564102559
 21
380.0
 31
0.0
  0
LINE
  5
37D
330
17
100
AcDbEntity
  8
ESTRIBOS
 62
7
370
9
100
AcDbLine
 10
781.5712820512815
 20
361.0
 30
0.0
 11
781.5712820512815
 21
380.0
 31
0.0
  0
LINE
  5
37E
330
17
100
AcDbEntity
  8
ESTRIBOS
 62
7
370
9
100
AcDbLine
 10
790.0123076923071
 20
361.0
 30
0.0
 11
790.0123076923071
 21
380.0
 31
0.0
  0
LINE
  5
37F
330
17
100
AcDbEntity
  8
ESTRIBOS
 62
7
370
9
100
AcDbLine
 10
798.4533333333327
 20
361.0
 30
0.0
 11
798.4533333333327
 21
380.0
 31
0.0
  0
LINE
  5
380
330
17
100
AcDbEntity
  8
ESTRIBOS
 62
7
370
9
100
AcDbLine
 10
806.8943589743583
 20
361.0
 30
0.0
 11
806.8943589743583
 21
380.0
 31
0.0
  0
LINE
  5
381
330
17
100
AcDbEntity
  8
ESTRIBOS
 62
7
370
9
100
AcDbLine
 10
815.3353846153839
 20
361.0
 30
0.0
 11
815.3353846153839
 21
380.0
 31
0.0
  0
LINE
  5
382
330
17
100
AcDbEntity
  8
ESTRIBOS
 62
7
370
9
100
AcDbLine
 10
823.7764102564095
 20
361.0
 30
0.0
 11
823.7764102564095
 21
380.0
 31
0.0
  0
LINE
  5
383
330
17
100
AcDbEntity
  8
ESTRIBOS
 62
7
370
9
100
AcDbLine
 10
832.217435897435
 20
361.0
 30
0.0
 11
832.217435897435
 21
380.0
 31
0.0
  0
LINE
  5
384
330
17
100
AcDbEntity
  8
ESTRIBOS
 62
7
370
9
100
AcDbLine
 10
840.6584615384606
 20
361.0
 30
0.0
 11
840.6584615384606
 21
380.0
 31
0.0
  0
LINE
  5
385
330
17
100
AcDbEntity
  8
ESTRIBOS
 62
7
370
9
100
AcDbLine
 10
849.0994871794862
 20
361.0
 30
0.0
 11
849.0994871794862
 21
380.0
 31
0.0
  0
LINE
  5
386
330
17
100
AcDbEntity
  8
ESTRIBOS
 62
7
370
9
100
AcDbLine
 10
857.5405128205118
 20
361.0
 30
0.0
 11
857.5405128205118
 21
380.0
 31
0.0
  0
LINE
  5
387
330
17
100
AcDbEntity
  8
ESTRIBOS
 62
7
370
9
100
AcDbLine
 10
865.9815384615374
 20
361.0
 30
0.0
 11
865.9815384615374
 21
380.0
 31
0.0
  0
LINE
  5
388
330
17
100
AcDbEntity
  8
ESTRIBOS
 62
7
370
9
100
AcDbLine
 10
869.78
 20
361.0
 30
0.0
 11
869.78
 21
380.0
 31
0.0
  0
LINE
  5
389
330
17
100
AcDbEntity
  8
ESTRIBOS
 62
7
370
9
100
AcDbLine
 10
878.2210256410256
 20
361.0
 30
0.0
 11
878.2210256410256
 21
380.0
 31
0.0
  0
LINE
  5
38A
330
17
100
AcDbEntity
  8
ESTRIBOS
 62
7
370
9
100
AcDbLine
 10
886.6620512820512
 20
361.0
 30
0.0
 11
886.6620512820512
 21
380.0
 31
0.0
  0
LINE
  5
38B
330
17
100
AcDbEntity
  8
ESTRIBOS
 62
7
370
9
100
AcDbLine
 10
895.1030769230767
 20
361.0
 30
0.0
 11
895.1030769230767
 21
380.0
 31
0.0
  0
LINE
  5
38C
330
17
100
AcDbEntity
  8
ESTRIBOS
 62
7
370
9
100
AcDbLine
 10
903.5441025641023
 20
361.0
 30
0.0
 11
903.5441025641023
 21
380.0
 31
0.0
  0
LINE
  5
38D
330
17
100
AcDbEntity
  8
ESTRIBOS
 62
7
370
9
100
AcDbLine
 10
911.9851282051279
 20
361.0
 30
0.0
 11
911.9851282051279
 21
380.0
 31
0.0
  0
LINE
  5
38E
330
17
100
AcDbEntity
  8
ESTRIBOS
 62
7
370
9
100
AcDbLine
 10
920.4261538461535
 20
361.0
 30
0.0
 11
920.4261538461535
 21
380.0
 31
0.0
  0
LINE
  5
38F
330
17
100
AcDbEntity
  8
ESTRIBOS
 62
7
370
9
100
AcDbLine
 10
928.8671794871791
 20
361.0
 30
0.0
 11
928.8671794871791
 21
380.0
 31
0.0
  0
LINE
  5
390
330
17
100
AcDbEntity
  8
ESTRIBOS
 62
7
370
9
100
AcDbLine
 10
937.3082051282047
 20
361.0
 30
0.0
 11
937.3082051282047
 21
380.0
 31
0.0
  0
LINE
  5
391
330
17
100
AcDbEntity
  8
ESTRIBOS
 62
7
370
9
100
AcDbLine
 10
945.7492307692303
 20
361.0
 30
0.0
 11
945.7492307692303
 21
380.0
 31
0.0
  0
LINE
  5
392
330
17
100
AcDbEntity
  8
ESTRIBOS
 62
7
370
9
100
AcDbLine
 10
954.1902564102559
 20
361.0
 30
0.0
 11
954.1902564102559
 21
380.0
 31
0.0
  0
LINE
  5
393
330
17
100
AcDbEntity
  8
ESTRIBOS
 62
7
370
9
100
AcDbLine
 10
962.6312820512815
 20
361.0
 30
0.0
 11
962.6312820512815
 21
380.0
 31
0.0
  0
LINE
  5
394
330
17
100
AcDbEntity
  8
ESTRIBOS
 62
7
370
9
100
AcDbLine
 10
971.072307692307
 20
361.0
 30
0.0
 11
971.072307692307
 21
380.0
 31
0.0
  0
LINE
  5
395
330
17
100
AcDbEntity
  8
ESTRIBOS
 62
7
370
9
100
AcDbLine
 10
979.5133333333326
 20
361.0
 30
0.0
 11
979.5133333333326
 21
380.0
 31
0.0
  0
LINE
  5
396
330
17
100
AcDbEntity
  8
COTAS
 62
3
370
18
100
AcDbLine
 10
573.5
 20
349.0
 30
0.0
 11
985.0
 21
349.0
 31
0.0
  0
LINE
  5
397
330
17
100
AcDbEntity
  8
COTAS
 62
3
370
18
100
AcDbLine
 10
573.5
 20
347.0
 30
0.0
 11
573.5
 21
351.0
 31
0.0
  0
LINE
  5
398
330
17
100
AcDbEntity
  8
COTAS
 62
3
370
18
100
AcDbLine
 10
985.0
 20
347.0
 30
0.0
 11
985.0
 21
351.0
 31
0.0
  0
TEXT
  5
399
330
17
100
AcDbEntity
  8
COTAS
 62
3
100
AcDbText
 10
779.25
 20
351.5
 30
0.0
 40
3.0
  1
L SAP I-J = 3.850 a 3.900 m
 72
1
 11
779.25
 21
351.5
 31
0.0
100
AcDbText
 73
2
  0
TEXT
  5
39A
330
17
100
AcDbEntity
  8
TEXTO
 62
7
100
AcDbText
 10
779.25
 20
344.0
 30
0.0
 40
2.7
  1
Ln calculo = 3.250 a 3.300 m
 72
1
 11
779.25
 21
344.0
 31
0.0
100
AcDbText
 73
2
  0
TEXT
  5
39B
330
17
100
AcDbEntity
  8
TEXTO
 62
7
100
AcDbText
 10
573.5
 20
340.0
 30
0.0
 40
2.8
  1
SUP: 6#5 | INF: 5#5 | TOR: 12#5 adicionales
 11
573.5
 21
340.0
 31
0.0
100
AcDbText
  0
TEXT
  5
39C
330
17
100
AcDbEntity
  8
TEXTO
 62
7
100
AcDbText
 10
573.5
 20
334.0
 30
0.0
 40
2.8
  1
EST Nº4 4R: 1ro <=50; @80 en 2h; @80 centro
 11
573.5
 21
334.0
 31
0.0
100
AcDbText
  0
LWPOLYLINE
  5
39D
330
17
100
AcDbEntity
  8
CORTE
 62
7
370
20
100
AcDbPolyline
 90
4
 70
1
 10
634.12
 20
256.5
 10
666.12
 20
256.5
 10
666.12
 20
296.5
 10
634.12
 20
296.5
  0
LWPOLYLINE
  5
39E
330
17
100
AcDbEntity
  8
ESTRIBOS
 62
7
370
18
100
AcDbPolyline
 90
4
 70
1
 10
637.12
 20
259.5
 10
663.12
 20
259.5
 10
663.12
 20
293.5
 10
637.12
 20
293.5
  0
LINE
  5
39F
330
17
100
AcDbEntity
  8
ESTRIBOS
 62
7
370
18
100
AcDbLine
 10
644.7866666666666
 20
259.5
 30
0.0
 11
644.7866666666666
 21
293.5
 31
0.0
  0
LINE
  5
3A0
330
17
100
AcDbEntity
  8
ESTRIBOS
 62
7
370
18
100
AcDbLine
 10
655.4533333333334
 20
259.5
 30
0.0
 11
655.4533333333334
 21
293.5
 31
0.0
  0
CIRCLE
  5
3A1
330
17
100
AcDbEntity
  8
ACERO_SUP
 62
5
100
AcDbCircle
 10
639.42
 20
291.2
 30
0.0
 40
1.0
  0
CIRCLE
  5
3A2
330
17
100
AcDbEntity
  8
ACERO_SUP
 62
5
100
AcDbCircle
 10
643.6999999999999
 20
291.2
 30
0.0
 40
1.0
  0
CIRCLE
  5
3A3
330
17
100
AcDbEntity
  8
ACERO_SUP
 62
5
100
AcDbCircle
 10
647.9799999999999
 20
291.2
 30
0.0
 40
1.0
  0
CIRCLE
  5
3A4
330
17
100
AcDbEntity
  8
ACERO_SUP
 62
5
100
AcDbCircle
 10
652.26
 20
291.2
 30
0.0
 40
1.0
  0
CIRCLE
  5
3A5
330
17
100
AcDbEntity
  8
ACERO_SUP
 62
5
100
AcDbCircle
 10
656.54
 20
291.2
 30
0.0
 40
1.0
  0
CIRCLE
  5
3A6
330
17
100
AcDbEntity
  8
ACERO_SUP
 62
5
100
AcDbCircle
 10
660.8199999999999
 20
291.2
 30
0.0
 40
1.0
  0
CIRCLE
  5
3A7
330
17
100
AcDbEntity
  8
ACERO_INF
 62
1
100
AcDbCircle
 10
639.42
 20
261.8
 30
0.0
 40
1.0
  0
CIRCLE
  5
3A8
330
17
100
AcDbEntity
  8
ACERO_INF
 62
1
100
AcDbCircle
 10
644.77
 20
261.8
 30
0.0
 40
1.0
  0
CIRCLE
  5
3A9
330
17
100
AcDbEntity
  8
ACERO_INF
 62
1
100
AcDbCircle
 10
650.12
 20
261.8
 30
0.0
 40
1.0
  0
CIRCLE
  5
3AA
330
17
100
AcDbEntity
  8
ACERO_INF
 62
1
100
AcDbCircle
 10
655.4699999999999
 20
261.8
 30
0.0
 40
1.0
  0
CIRCLE
  5
3AB
330
17
100
AcDbEntity
  8
ACERO_INF
 62
1
100
AcDbCircle
 10
660.8199999999999
 20
261.8
 30
0.0
 40
1.0
  0
CIRCLE
  5
3AC
330
17
100
AcDbEntity
  8
ACERO_TOR
 62
30
100
AcDbCircle
 10
639.32
 20
276.5
 30
0.0
 40
0.9
  0
CIRCLE
  5
3AD
330
17
100
AcDbEntity
  8
ACERO_TOR
 62
30
100
AcDbCircle
 10
660.92
 20
276.5
 30
0.0
 40
0.9
  0
TEXT
  5
3AE
330
17
100
AcDbEntity
  8
TEXTO
 62
7
100
AcDbText
 10
650.12
 20
251.0
 30
0.0
 40
2.8
  1
CORTE A-A
 72
1
 11
650.12
 21
251.0
 31
0.0
100
AcDbText
 73
2
  0
TEXT
  5
3AF
330
17
100
AcDbEntity
  8
TEXTO
 62
7
100
AcDbText
 10
650.12
 20
246.5
 30
0.0
 40
2.7
  1
450x550
 72
1
 11
650.12
 21
246.5
 31
0.0
100
AcDbText
 73
2
  0
LWPOLYLINE
  5
3B0
330
17
100
AcDbEntity
  8
CORTE
 62
7
370
20
100
AcDbPolyline
 90
4
 70
1
 10
752.08
 20
256.5
 10
784.08
 20
256.5
 10
784.08
 20
296.5
 10
752.08
 20
296.5
  0
LWPOLYLINE
  5
3B1
330
17
100
AcDbEntity
  8
ESTRIBOS
 62
7
370
18
100
AcDbPolyline
 90
4
 70
1
 10
755.08
 20
259.5
 10
781.08
 20
259.5
 10
781.08
 20
293.5
 10
755.08
 20
293.5
  0
LINE
  5
3B2
330
17
100
AcDbEntity
  8
ESTRIBOS
 62
7
370
18
100
AcDbLine
 10
762.7466666666667
 20
259.5
 30
0.0
 11
762.7466666666667
 21
293.5
 31
0.0
  0
LINE
  5
3B3
330
17
100
AcDbEntity
  8
ESTRIBOS
 62
7
370
18
100
AcDbLine
 10
773.4133333333334
 20
259.5
 30
0.0
 11
773.4133333333334
 21
293.5
 31
0.0
  0
CIRCLE
  5
3B4
330
17
100
AcDbEntity
  8
ACERO_SUP
 62
5
100
AcDbCircle
 10
757.38
 20
291.2
 30
0.0
 40
1.0
  0
CIRCLE
  5
3B5
330
17
100
AcDbEntity
  8
ACERO_SUP
 62
5
100
AcDbCircle
 10
761.66
 20
291.2
 30
0.0
 40
1.0
  0
CIRCLE
  5
3B6
330
17
100
AcDbEntity
  8
ACERO_SUP
 62
5
100
AcDbCircle
 10
765.9399999999999
 20
291.2
 30
0.0
 40
1.0
  0
CIRCLE
  5
3B7
330
17
100
AcDbEntity
  8
ACERO_SUP
 62
5
100
AcDbCircle
 10
770.22
 20
291.2
 30
0.0
 40
1.0
  0
CIRCLE
  5
3B8
330
17
100
AcDbEntity
  8
ACERO_SUP
 62
5
100
AcDbCircle
 10
774.5
 20
291.2
 30
0.0
 40
1.0
  0
CIRCLE
  5
3B9
330
17
100
AcDbEntity
  8
ACERO_SUP
 62
5
100
AcDbCircle
 10
778.78
 20
291.2
 30
0.0
 40
1.0
  0
CIRCLE
  5
3BA
330
17
100
AcDbEntity
  8
ACERO_INF
 62
1
100
AcDbCircle
 10
757.38
 20
261.8
 30
0.0
 40
1.0
  0
CIRCLE
  5
3BB
330
17
100
AcDbEntity
  8
ACERO_INF
 62
1
100
AcDbCircle
 10
762.73
 20
261.8
 30
0.0
 40
1.0
  0
CIRCLE
  5
3BC
330
17
100
AcDbEntity
  8
ACERO_INF
 62
1
100
AcDbCircle
 10
768.08
 20
261.8
 30
0.0
 40
1.0
  0
CIRCLE
  5
3BD
330
17
100
AcDbEntity
  8
ACERO_INF
 62
1
100
AcDbCircle
 10
773.43
 20
261.8
 30
0.0
 40
1.0
  0
CIRCLE
  5
3BE
330
17
100
AcDbEntity
  8
ACERO_INF
 62
1
100
AcDbCircle
 10
778.78
 20
261.8
 30
0.0
 40
1.0
  0
CIRCLE
  5
3BF
330
17
100
AcDbEntity
  8
ACERO_TOR
 62
30
100
AcDbCircle
 10
757.2800000000001
 20
276.5
 30
0.0
 40
0.9
  0
CIRCLE
  5
3C0
330
17
100
AcDbEntity
  8
ACERO_TOR
 62
30
100
AcDbCircle
 10
778.88
 20
276.5
 30
0.0
 40
0.9
  0
TEXT
  5
3C1
330
17
100
AcDbEntity
  8
TEXTO
 62
7
100
AcDbText
 10
768.08
 20
251.0
 30
0.0
 40
2.8
  1
CORTE B-B
 72
1
 11
768.08
 21
251.0
 31
0.0
100
AcDbText
 73
2
  0
TEXT
  5
3C2
330
17
100
AcDbEntity
  8
TEXTO
 62
7
100
AcDbText
 10
768.08
 20
246.5
 30
0.0
 40
2.7
  1
450x550
 72
1
 11
768.08
 21
246.5
 31
0.0
100
AcDbText
 73
2
  0
LWPOLYLINE
  5
3C3
330
17
100
AcDbEntity
  8
CORTE
 62
7
370
20
100
AcDbPolyline
 90
4
 70
1
 10
870.04
 20
256.5
 10
902.04
 20
256.5
 10
902.04
 20
296.5
 10
870.04
 20
296.5
  0
LWPOLYLINE
  5
3C4
330
17
100
AcDbEntity
  8
ESTRIBOS
 62
7
370
18
100
AcDbPolyline
 90
4
 70
1
 10
873.04
 20
259.5
 10
899.04
 20
259.5
 10
899.04
 20
293.5
 10
873.04
 20
293.5
  0
LINE
  5
3C5
330
17
100
AcDbEntity
  8
ESTRIBOS
 62
7
370
18
100
AcDbLine
 10
880.7066666666666
 20
259.5
 30
0.0
 11
880.7066666666666
 21
293.5
 31
0.0
  0
LINE
  5
3C6
330
17
100
AcDbEntity
  8
ESTRIBOS
 62
7
370
18
100
AcDbLine
 10
891.3733333333333
 20
259.5
 30
0.0
 11
891.3733333333333
 21
293.5
 31
0.0
  0
CIRCLE
  5
3C7
330
17
100
AcDbEntity
  8
ACERO_SUP
 62
5
100
AcDbCircle
 10
875.3399999999999
 20
291.2
 30
0.0
 40
1.0
  0
CIRCLE
  5
3C8
330
17
100
AcDbEntity
  8
ACERO_SUP
 62
5
100
AcDbCircle
 10
879.6199999999999
 20
291.2
 30
0.0
 40
1.0
  0
CIRCLE
  5
3C9
330
17
100
AcDbEntity
  8
ACERO_SUP
 62
5
100
AcDbCircle
 10
883.8999999999999
 20
291.2
 30
0.0
 40
1.0
  0
CIRCLE
  5
3CA
330
17
100
AcDbEntity
  8
ACERO_SUP
 62
5
100
AcDbCircle
 10
888.18
 20
291.2
 30
0.0
 40
1.0
  0
CIRCLE
  5
3CB
330
17
100
AcDbEntity
  8
ACERO_SUP
 62
5
100
AcDbCircle
 10
892.4599999999999
 20
291.2
 30
0.0
 40
1.0
  0
CIRCLE
  5
3CC
330
17
100
AcDbEntity
  8
ACERO_SUP
 62
5
100
AcDbCircle
 10
896.7399999999999
 20
291.2
 30
0.0
 40
1.0
  0
CIRCLE
  5
3CD
330
17
100
AcDbEntity
  8
ACERO_INF
 62
1
100
AcDbCircle
 10
875.3399999999999
 20
261.8
 30
0.0
 40
1.0
  0
CIRCLE
  5
3CE
330
17
100
AcDbEntity
  8
ACERO_INF
 62
1
100
AcDbCircle
 10
880.6899999999999
 20
261.8
 30
0.0
 40
1.0
  0
CIRCLE
  5
3CF
330
17
100
AcDbEntity
  8
ACERO_INF
 62
1
100
AcDbCircle
 10
886.04
 20
261.8
 30
0.0
 40
1.0
  0
CIRCLE
  5
3D0
330
17
100
AcDbEntity
  8
ACERO_INF
 62
1
100
AcDbCircle
 10
891.3899999999999
 20
261.8
 30
0.0
 40
1.0
  0
CIRCLE
  5
3D1
330
17
100
AcDbEntity
  8
ACERO_INF
 62
1
100
AcDbCircle
 10
896.7399999999999
 20
261.8
 30
0.0
 40
1.0
  0
CIRCLE
  5
3D2
330
17
100
AcDbEntity
  8
ACERO_TOR
 62
30
100
AcDbCircle
 10
875.24
 20
276.5
 30
0.0
 40
0.9
  0
CIRCLE
  5
3D3
330
17
100
AcDbEntity
  8
ACERO_TOR
 62
30
100
AcDbCircle
 10
896.8399999999999
 20
276.5
 30
0.0
 40
0.9
  0
TEXT
  5
3D4
330
17
100
AcDbEntity
  8
TEXTO
 62
7
100
AcDbText
 10
886.04
 20
251.0
 30
0.0
 40
2.8
  1
CORTE C-C
 72
1
 11
886.04
 21
251.0
 31
0.0
100
AcDbText
 73
2
  0
TEXT
  5
3D5
330
17
100
AcDbEntity
  8
TEXTO
 62
7
100
AcDbText
 10
886.04
 20
246.5
 30
0.0
 40
2.7
  1
450x550
 72
1
 11
886.04
 21
246.5
 31
0.0
100
AcDbText
 73
2
  0
TEXT
  5
3D6
330
17
100
AcDbEntity
  8
TEXTO
 62
7
100
AcDbText
 10
519.5
 20
243.5
 30
0.0
 40
2.8
  1
40 frames | variantes de longitud: 2
 11
519.5
 21
243.5
 31
0.0
100
AcDbText
  0
TEXT
  5
3D7
330
17
100
AcDbEntity
  8
ALERTA
 62
1
100
AcDbText
 10
997.0
 20
243.5
 30
0.0
 40
2.8
  1
NO CUMPLEN 8 frames - ver Excel
 72
2
 11
997.0
 21
243.5
 31
0.0
100
AcDbText
  0
LWPOLYLINE
  5
3D8
330
17
100
AcDbEntity
  8
GUIA
 62
9
370
9
100
AcDbPolyline
 90
4
 70
1
 10
15.0
 20
34.0
 10
506.5
 20
34.0
 10
506.5
 20
227.5
 10
15.0
 20
227.5
  0
TEXT
  5
3D9
330
17
100
AcDbEntity
  8
TITULO
 62
6
100
AcDbText
 10
260.75
 20
217.5
 30
0.0
 40
4.8
  1
DESPIECE VIGA VC7
 72
1
 11
260.75
 21
217.5
 31
0.0
100
AcDbText
 73
2
  0
TEXT
  5
3DA
330
17
100
AcDbEntity
  8
TITULO
 62
6
100
AcDbText
 10
22.0
 20
204.5
 30
0.0
 40
3.6
  1
PISO TIPO
 11
22.0
 21
204.5
 31
0.0
100
AcDbText
  0
TEXT
  5
3DB
330
17
100
AcDbEntity
  8
TITULO
 62
6
100
AcDbText
 10
22.0
 20
196.5
 30
0.0
 40
3.6
  1
45x55 cm
 11
22.0
 21
196.5
 31
0.0
100
AcDbText
  0
LINE
  5
3DC
330
17
100
AcDbEntity
  8
APOYOS
 62
4
370
18
100
AcDbLine
 10
72.0
 20
145.5
 30
0.0
 11
72.0
 21
196.5
 31
0.0
  0
LINE
  5
3DD
330
17
100
AcDbEntity
  8
APOYOS
 62
4
370
18
100
AcDbLine
 10
80.0
 20
145.5
 30
0.0
 11
80.0
 21
196.5
 31
0.0
  0
LINE
  5
3DE
330
17
100
AcDbEntity
  8
EJES
 62
8
370
9
100
AcDbLine
 10
76.0
 20
141.5
 30
0.0
 11
76.0
 21
201.5
 31
0.0
  0
CIRCLE
  5
3DF
330
17
100
AcDbEntity
  8
EJES
 62
8
100
AcDbCircle
 10
76.0
 20
195.5
 30
0.0
 40
4.5
  0
TEXT
  5
3E0
330
17
100
AcDbEntity
  8
EJES
 62
8
100
AcDbText
 10
76.0
 20
194.35
 30
0.0
 40
2.6
  1
I
 72
1
 11
76.0
 21
194.35
 31
0.0
100
AcDbText
 73
2
  0
LINE
  5
3E1
330
17
100
AcDbEntity
  8
APOYOS
 62
4
370
18
100
AcDbLine
 10
483.5
 20
145.5
 30
0.0
 11
483.5
 21
196.5
 31
0.0
  0
LINE
  5
3E2
330
17
100
AcDbEntity
  8
APOYOS
 62
4
370
18
100
AcDbLine
 10
491.5
 20
145.5
 30
0.0
 11
491.5
 21
196.5
 31
0.0
  0
LINE
  5
3E3
330
17
100
AcDbEntity
  8
EJES
 62
8
370
9
100
AcDbLine
 10
487.5
 20
141.5
 30
0.0
 11
487.5
 21
201.5
 31
0.0
  0
CIRCLE
  5
3E4
330
17
100
AcDbEntity
  8
EJES
 62
8
100
AcDbCircle
 10
487.5
 20
195.5
 30
0.0
 40
4.5
  0
TEXT
  5
3E5
330
17
100
AcDbEntity
  8
EJES
 62
8
100
AcDbText
 10
487.5
 20
194.35
 30
0.0
 40
2.6
  1
J
 72
1
 11
487.5
 21
194.35
 31
0.0
100
AcDbText
 73
2
  0
LINE
  5
3E6
330
17
100
AcDbEntity
  8
EJES
 62
8
370
9
100
AcDbLine
 10
213.16666666666666
 20
147.5
 30
0.0
 11
213.16666666666666
 21
198.5
 31
0.0
  0
CIRCLE
  5
3E7
330
17
100
AcDbEntity
  8
EJES
 62
8
100
AcDbCircle
 10
213.16666666666666
 20
195.5
 30
0.0
 40
4.2
  0
TEXT
  5
3E8
330
17
100
AcDbEntity
  8
EJES
 62
8
100
AcDbText
 10
213.16666666666666
 20
194.35
 30
0.0
 40
2.6
  1
1
 72
1
 11
213.16666666666666
 21
194.35
 31
0.0
100
AcDbText
 73
2
  0
LINE
  5
3E9
330
17
100
AcDbEntity
  8
EJES
 62
8
370
9
100
AcDbLine
 10
350.3333333333333
 20
147.5
 30
0.0
 11
350.3333333333333
 21
198.5
 31
0.0
  0
CIRCLE
  5
3EA
330
17
100
AcDbEntity
  8
EJES
 62
8
100
AcDbCircle
 10
350.3333333333333
 20
195.5
 30
0.0
 40
4.2
  0
TEXT
  5
3EB
330
17
100
AcDbEntity
  8
EJES
 62
8
100
AcDbText
 10
350.3333333333333
 20
194.35
 30
0.0
 40
2.6
  1
2
 72
1
 11
350.3333333333333
 21
194.35
 31
0.0
100
AcDbText
 73
2
  0
LWPOLYLINE
  5
3EC
330
17
100
AcDbEntity
  8
CONTORNO
 62
7
370
18
100
AcDbPolyline
 90
4
 70
1
 10
76.0
 20
160.5
 10
487.5
 20
160.5
 10
487.5
 20
181.5
 10
76.0
 20
181.5
  0
LINE
  5
3ED
330
17
100
AcDbEntity
  8
ACERO_SUP
 62
5
370
30
100
AcDbLine
 10
76.0
 20
178.0
 30
0.0
 11
487.5
 21
178.0
 31
0.0
  0
LINE
  5
3EE
330
17
100
AcDbEntity
  8
ACERO_SUP
 62
5
370
30
100
AcDbLine
 10
76.0
 20
175.9
 30
0.0
 11
487.5
 21
175.9
 31
0.0
  0
LINE
  5
3EF
330
17
100
AcDbEntity
  8
ACERO_SUP
 62
5
370
30
100
AcDbLine
 10
76.0
 20
173.8
 30
0.0
 11
487.5
 21
173.8
 31
0.0
  0
LINE
  5
3F0
330
17
100
AcDbEntity
  8
ACERO_ADIC
 62
2
370
30
100
AcDbLine
 10
76.0
 20
171.5
 30
0.0
 11
224.14
 21
171.5
 31
0.0
  0
LINE
  5
3F1
330
17
100
AcDbEntity
  8
ACERO_ADIC
 62
2
370
30
100
AcDbLine
 10
339.36
 20
171.5
 30
0.0
 11
487.5
 21
171.5
 31
0.0
  0
LINE
  5
3F2
330
17
100
AcDbEntity
  8
ACERO_ADIC
 62
2
370
30
100
AcDbLine
 10
76.0
 20
170.0
 30
0.0
 11
224.14
 21
170.0
 31
0.0
  0
LINE
  5
3F3
330
17
100
AcDbEntity
  8
ACERO_ADIC
 62
2
370
30
100
AcDbLine
 10
339.36
 20
170.0
 30
0.0
 11
487.5
 21
170.0
 31
0.0
  0
LINE
  5
3F4
330
17
100
AcDbEntity
  8
ACERO_ADIC
 62
2
370
30
100
AcDbLine
 10
76.0
 20
168.5
 30
0.0
 11
224.14
 21
168.5
 31
0.0
  0
LINE
  5
3F5
330
17
100
AcDbEntity
  8
ACERO_ADIC
 62
2
370
30
100
AcDbLine
 10
339.36
 20
168.5
 30
0.0
 11
487.5
 21
168.5
 31
0.0
  0
LINE
  5
3F6
330
17
100
AcDbEntity
  8
ACERO_ADIC
 62
2
370
30
100
AcDbLine
 10
76.0
 20
167.0
 30
0.0
 11
224.14
 21
167.0
 31
0.0
  0
LINE
  5
3F7
330
17
100
AcDbEntity
  8
ACERO_ADIC
 62
2
370
30
100
AcDbLine
 10
339.36
 20
167.0
 30
0.0
 11
487.5
 21
167.0
 31
0.0
  0
LINE
  5
3F8
330
17
100
AcDbEntity
  8
ACERO_INF
 62
1
370
30
100
AcDbLine
 10
76.0
 20
164.0
 30
0.0
 11
487.5
 21
164.0
 31
0.0
  0
LINE
  5
3F9
330
17
100
AcDbEntity
  8
ACERO_INF
 62
1
370
30
100
AcDbLine
 10
76.0
 20
165.8
 30
0.0
 11
487.5
 21
165.8
 31
0.0
  0
LINE
  5
3FA
330
17
100
AcDbEntity
  8
ACERO_INF
 62
1
370
30
100
AcDbLine
 10
76.0
 20
167.6
 30
0.0
 11
487.5
 21
167.6
 31
0.0
  0
LINE
  5
3FB
330
17
100
AcDbEntity
  8
ACERO_INF
 62
1
370
30
100
AcDbLine
 10
76.0
 20
169.4
 30
0.0
 11
487.5
 21
169.4
 31
0.0
  0
LINE
  5
3FC
330
17
100
AcDbEntity
  8
ESTRIBOS
 62
7
370
9
100
AcDbLine
 10
79.0
 20
161.5
 30
0.0
 11
79.0
 21
180.5
 31
0.0
  0
LINE
  5
3FD
330
17
100
AcDbEntity
  8
ESTRIBOS
 62
7
370
9
100
AcDbLine
 10
88.68235294117648
 20
161.5
 30
0.0
 11
88.68235294117648
 21
180.5
 31
0.0
  0
LINE
  5
3FE
330
17
100
AcDbEntity
  8
ESTRIBOS
 62
7
370
9
100
AcDbLine
 10
98.36470588235295
 20
161.5
 30
0.0
 11
98.36470588235295
 21
180.5
 31
0.0
  0
LINE
  5
3FF
330
17
100
AcDbEntity
  8
ESTRIBOS
 62
7
370
9
100
AcDbLine
 10
108.04705882352943
 20
161.5
 30
0.0
 11
108.04705882352943
 21
180.5
 31
0.0
  0
LINE
  5
400
330
17
100
AcDbEntity
  8
ESTRIBOS
 62
7
370
9
100
AcDbLine
 10
117.7294117647059
 20
161.5
 30
0.0
 11
117.7294117647059
 21
180.5
 31
0.0
  0
LINE
  5
401
330
17
100
AcDbEntity
  8
ESTRIBOS
 62
7
370
9
100
AcDbLine
 10
127.41176470588238
 20
161.5
 30
0.0
 11
127.41176470588238
 21
180.5
 31
0.0
  0
LINE
  5
402
330
17
100
AcDbEntity
  8
ESTRIBOS
 62
7
370
9
100
AcDbLine
 10
137.09411764705885
 20
161.5
 30
0.0
 11
137.09411764705885
 21
180.5
 31
0.0
  0
LINE
  5
403
330
17
100
AcDbEntity
  8
ESTRIBOS
 62
7
370
9
100
AcDbLine
 10
146.77647058823533
 20
161.5
 30
0.0
 11
146.77647058823533
 21
180.5
 31
0.0
  0
LINE
  5
404
330
17
100
AcDbEntity
  8
ESTRIBOS
 62
7
370
9
100
AcDbLine
 10
156.4588235294118
 20
161.5
 30
0.0
 11
156.4588235294118
 21
180.5
 31
0.0
  0
LINE
  5
405
330
17
100
AcDbEntity
  8
ESTRIBOS
 62
7
370
9
100
AcDbLine
 10
164.7549019607843
 20
161.5
 30
0.0
 11
164.7549019607843
 21
180.5
 31
0.0
  0
LINE
  5
406
330
17
100
AcDbEntity
  8
ESTRIBOS
 62
7
370
9
100
AcDbLine
 10
174.43725490196078
 20
161.5
 30
0.0
 11
174.43725490196078
 21
180.5
 31
0.0
  0
LINE
  5
407
330
17
100
AcDbEntity
  8
ESTRIBOS
 62
7
370
9
100
AcDbLine
 10
184.11960784313726
 20
161.5
 30
0.0
 11
184.11960784313726
 21
180.5
 31
0.0
  0
LINE
  5
408
330
17
100
AcDbEntity
  8
ESTRIBOS
 62
7
370
9
100
AcDbLine
 10
193.80196078431374
 20
161.5
 30
0.0
 11
193.80196078431374
 21
180.5
 31
0.0
  0
LINE
  5
409
330
17
100
AcDbEntity
  8
ESTRIBOS
 62
7
370
9
100
AcDbLine
 10
203.4843137254902
 20
161.5
 30
0.0
 11
203.4843137254902
 21
180.5
 31
0.0
  0
LINE
  5
40A
330
17
100
AcDbEntity
  8
ESTRIBOS
 62
7
370
9
100
AcDbLine
 10
213.16666666666669
 20
161.5
 30
0.0
 11
213.16666666666669
 21
180.5
 31
0.0
  0
LINE
  5
40B
330
17
100
AcDbEntity
  8
ESTRIBOS
 62
7
370
9
100
AcDbLine
 10
222.84901960784316
 20
161.5
 30
0.0
 11
222.84901960784316
 21
180.5
 31
0.0
  0
LINE
  5
40C
330
17
100
AcDbEntity
  8
ESTRIBOS
 62
7
370
9
100
AcDbLine
 10
232.53137254901964
 20
161.5
 30
0.0
 11
232.53137254901964
 21
180.5
 31
0.0
  0
LINE
  5
40D
330
17
100
AcDbEntity
  8
ESTRIBOS
 62
7
370
9
100
AcDbLine
 10
242.2137254901961
 20
161.5
 30
0.0
 11
242.2137254901961
 21
180.5
 31
0.0
  0
LINE
  5
40E
330
17
100
AcDbEntity
  8
ESTRIBOS
 62
7
370
9
100
AcDbLine
 10
251.8960784313726
 20
161.5
 30
0.0
 11
251.8960784313726
 21
180.5
 31
0.0
  0
LINE
  5
40F
330
17
100
AcDbEntity
  8
ESTRIBOS
 62
7
370
9
100
AcDbLine
 10
261.57843137254906
 20
161.5
 30
0.0
 11
261.57843137254906
 21
180.5
 31
0.0
  0
LINE
  5
410
330
17
100
AcDbEntity
  8
ESTRIBOS
 62
7
370
9
100
AcDbLine
 10
271.26078431372554
 20
161.5
 30
0.0
 11
271.26078431372554
 21
180.5
 31
0.0
  0
LINE
  5
411
330
17
100
AcDbEntity
  8
ESTRIBOS
 62
7
370
9
100
AcDbLine
 10
280.943137254902
 20
161.5
 30
0.0
 11
280.943137254902
 21
180.5
 31
0.0
  0
LINE
  5
412
330
17
100
AcDbEntity
  8
ESTRIBOS
 62
7
370
9
100
AcDbLine
 10
290.6254901960785
 20
161.5
 30
0.0
 11
290.6254901960785
 21
180.5
 31
0.0
  0
LINE
  5
413
330
17
100
AcDbEntity
  8
ESTRIBOS
 62
7
370
9
100
AcDbLine
 10
300.30784313725496
 20
161.5
 30
0.0
 11
300.30784313725496
 21
180.5
 31
0.0
  0
LINE
  5
414
330
17
100
AcDbEntity
  8
ESTRIBOS
 62
7
370
9
100
AcDbLine
 10
309.99019607843144
 20
161.5
 30
0.0
 11
309.99019607843144
 21
180.5
 31
0.0
  0
LINE
  5
415
330
17
100
AcDbEntity
  8
ESTRIBOS
 62
7
370
9
100
AcDbLine
 10
319.6725490196079
 20
161.5
 30
0.0
 11
319.6725490196079
 21
180.5
 31
0.0
  0
LINE
  5
416
330
17
100
AcDbEntity
  8
ESTRIBOS
 62
7
370
9
100
AcDbLine
 10
329.3549019607844
 20
161.5
 30
0.0
 11
329.3549019607844
 21
180.5
 31
0.0
  0
LINE
  5
417
330
17
100
AcDbEntity
  8
ESTRIBOS
 62
7
370
9
100
AcDbLine
 10
339.03725490196086
 20
161.5
 30
0.0
 11
339.03725490196086
 21
180.5
 31
0.0
  0
LINE
  5
418
330
17
100
AcDbEntity
  8
ESTRIBOS
 62
7
370
9
100
AcDbLine
 10
348.71960784313734
 20
161.5
 30
0.0
 11
348.71960784313734
 21
180.5
 31
0.0
  0
LINE
  5
419
330
17
100
AcDbEntity
  8
ESTRIBOS
 62
7
370
9
100
AcDbLine
 10
358.4019607843138
 20
161.5
 30
0.0
 11
358.4019607843138
 21
180.5
 31
0.0
  0
LINE
  5
41A
330
17
100
AcDbEntity
  8
ESTRIBOS
 62
7
370
9
100
AcDbLine
 10
368.0843137254903
 20
161.5
 30
0.0
 11
368.0843137254903
 21
180.5
 31
0.0
  0
LINE
  5
41B
330
17
100
AcDbEntity
  8
ESTRIBOS
 62
7
370
9
100
AcDbLine
 10
377.76666666666677
 20
161.5
 30
0.0
 11
377.76666666666677
 21
180.5
 31
0.0
  0
LINE
  5
41C
330
17
100
AcDbEntity
  8
ESTRIBOS
 62
7
370
9
100
AcDbLine
 10
387.44901960784324
 20
161.5
 30
0.0
 11
387.44901960784324
 21
180.5
 31
0.0
  0
LINE
  5
41D
330
17
100
AcDbEntity
  8
ESTRIBOS
 62
7
370
9
100
AcDbLine
 10
397.1313725490197
 20
161.5
 30
0.0
 11
397.1313725490197
 21
180.5
 31
0.0
  0
LINE
  5
41E
330
17
100
AcDbEntity
  8
ESTRIBOS
 62
7
370
9
100
AcDbLine
 10
398.7450980392157
 20
161.5
 30
0.0
 11
398.7450980392157
 21
180.5
 31
0.0
  0
LINE
  5
41F
330
17
100
AcDbEntity
  8
ESTRIBOS
 62
7
370
9
100
AcDbLine
 10
408.42745098039217
 20
161.5
 30
0.0
 11
408.42745098039217
 21
180.5
 31
0.0
  0
LINE
  5
420
330
17
100
AcDbEntity
  8
ESTRIBOS
 62
7
370
9
100
AcDbLine
 10
418.10980392156864
 20
161.5
 30
0.0
 11
418.10980392156864
 21
180.5
 31
0.0
  0
LINE
  5
421
330
17
100
AcDbEntity
  8
ESTRIBOS
 62
7
370
9
100
AcDbLine
 10
427.7921568627451
 20
161.5
 30
0.0
 11
427.7921568627451
 21
180.5
 31
0.0
  0
LINE
  5
422
330
17
100
AcDbEntity
  8
ESTRIBOS
 62
7
370
9
100
AcDbLine
 10
437.4745098039216
 20
161.5
 30
0.0
 11
437.4745098039216
 21
180.5
 31
0.0
  0
LINE
  5
423
330
17
100
AcDbEntity
  8
ESTRIBOS
 62
7
370
9
100
AcDbLine
 10
447.15686274509807
 20
161.5
 30
0.0
 11
447.15686274509807
 21
180.5
 31
0.0
  0
LINE
  5
424
330
17
100
AcDbEntity
  8
ESTRIBOS
 62
7
370
9
100
AcDbLine
 10
456.83921568627454
 20
161.5
 30
0.0
 11
456.83921568627454
 21
180.5
 31
0.0
  0
LINE
  5
425
330
17
100
AcDbEntity
  8
ESTRIBOS
 62
7
370
9
100
AcDbLine
 10
466.521568627451
 20
161.5
 30
0.0
 11
466.521568627451
 21
180.5
 31
0.0
  0
LINE
  5
426
330
17
100
AcDbEntity
  8
ESTRIBOS
 62
7
370
9
100
AcDbLine
 10
476.2039215686275
 20
161.5
 30
0.0
 11
476.2039215686275
 21
180.5
 31
0.0
  0
LINE
  5
427
330
17
100
AcDbEntity
  8
COTAS
 62
3
370
18
100
AcDbLine
 10
76.0
 20
149.5
 30
0.0
 11
487.5
 21
149.5
 31
0.0
  0
LINE
  5
428
330
17
100
AcDbEntity
  8
COTAS
 62
3
370
18
100
AcDbLine
 10
76.0
 20
147.5
 30
0.0
 11
76.0
 21
151.5
 31
0.0
  0
LINE
  5
429
330
17
100
AcDbEntity
  8
COTAS
 62
3
370
18
100
AcDbLine
 10
487.5
 20
147.5
 30
0.0
 11
487.5
 21
151.5
 31
0.0
  0
TEXT
  5
42A
330
17
100
AcDbEntity
  8
COTAS
 62
3
100
AcDbText
 10
281.75
 20
152.0
 30
0.0
 40
3.0
  1
L SAP I-J = 2.650 a 5.100 m
 72
1
 11
281.75
 21
152.0
 31
0.0
100
AcDbText
 73
2
  0
TEXT
  5
42B
330
17
100
AcDbEntity
  8
TEXTO
 62
7
100
AcDbText
 10
281.75
 20
144.5
 30
0.0
 40
2.7
  1
Ln calculo = 2.050 a 4.500 m
 72
1
 11
281.75
 21
144.5
 31
0.0
100
AcDbText
 73
2
  0
TEXT
  5
42C
330
17
100
AcDbEntity
  8
TEXTO
 62
7
100
AcDbText
 10
76.0
 20
140.5
 30
0.0
 40
2.8
  1
SUP: 7#5 | INF: 6#5 | TOR: 8#5 adicionales
 11
76.0
 21
140.5
 31
0.0
100
AcDbText
  0
TEXT
  5
42D
330
17
100
AcDbEntity
  8
TEXTO
 62
7
100
AcDbText
 10
76.0
 20
134.5
 30
0.0
 40
2.8
  1
EST Nº4 4R: 1ro <=50; @120 en 2h; @120 centro
 11
76.0
 21
134.5
 31
0.0
100
AcDbText
  0
LWPOLYLINE
  5
42E
330
17
100
AcDbEntity
  8
CORTE
 62
7
370
20
100
AcDbPolyline
 90
4
 70
1
 10
136.62
 20
57.0
 10
168.62
 20
57.0
 10
168.62
 20
97.0
 10
136.62
 20
97.0
  0
LWPOLYLINE
  5
42F
330
17
100
AcDbEntity
  8
ESTRIBOS
 62
7
370
18
100
AcDbPolyline
 90
4
 70
1
 10
139.62
 20
60.0
 10
165.62
 20
60.0
 10
165.62
 20
94.0
 10
139.62
 20
94.0
  0
LINE
  5
430
330
17
100
AcDbEntity
  8
ESTRIBOS
 62
7
370
18
100
AcDbLine
 10
147.28666666666666
 20
60.0
 30
0.0
 11
147.28666666666666
 21
94.0
 31
0.0
  0
LINE
  5
431
330
17
100
AcDbEntity
  8
ESTRIBOS
 62
7
370
18
100
AcDbLine
 10
157.95333333333335
 20
60.0
 30
0.0
 11
157.95333333333335
 21
94.0
 31
0.0
  0
CIRCLE
  5
432
330
17
100
AcDbEntity
  8
ACERO_SUP
 62
5
100
AcDbCircle
 10
141.92000000000002
 20
91.7
 30
0.0
 40
1.0
  0
CIRCLE
  5
433
330
17
100
AcDbEntity
  8
ACERO_SUP
 62
5
100
AcDbCircle
 10
145.48666666666668
 20
91.7
 30
0.0
 40
1.0
  0
CIRCLE
  5
434
330
17
100
AcDbEntity
  8
ACERO_SUP
 62
5
100
AcDbCircle
 10
149.05333333333334
 20
91.7
 30
0.0
 40
1.0
  0
CIRCLE
  5
435
330
17
100
AcDbEntity
  8
ACERO_SUP
 62
5
100
AcDbCircle
 10
152.62
 20
91.7
 30
0.0
 40
1.0
  0
CIRCLE
  5
436
330
17
100
AcDbEntity
  8
ACERO_SUP
 62
5
100
AcDbCircle
 10
156.18666666666667
 20
91.7
 30
0.0
 40
1.0
  0
CIRCLE
  5
437
330
17
100
AcDbEntity
  8
ACERO_SUP
 62
5
100
AcDbCircle
 10
159.75333333333336
 20
91.7
 30
0.0
 40
1.0
  0
CIRCLE
  5
438
330
17
100
AcDbEntity
  8
ACERO_SUP
 62
5
100
AcDbCircle
 10
163.32000000000002
 20
91.7
 30
0.0
 40
1.0
  0
CIRCLE
  5
439
330
17
100
AcDbEntity
  8
ACERO_INF
 62
1
100
AcDbCircle
 10
141.92000000000002
 20
62.3
 30
0.0
 40
1.0
  0
CIRCLE
  5
43A
330
17
100
AcDbEntity
  8
ACERO_INF
 62
1
100
AcDbCircle
 10
146.20000000000002
 20
62.3
 30
0.0
 40
1.0
  0
CIRCLE
  5
43B
330
17
100
AcDbEntity
  8
ACERO_INF
 62
1
100
AcDbCircle
 10
150.48000000000002
 20
62.3
 30
0.0
 40
1.0
  0
CIRCLE
  5
43C
330
17
100
AcDbEntity
  8
ACERO_INF
 62
1
100
AcDbCircle
 10
154.76000000000002
 20
62.3
 30
0.0
 40
1.0
  0
CIRCLE
  5
43D
330
17
100
AcDbEntity
  8
ACERO_INF
 62
1
100
AcDbCircle
 10
159.04000000000002
 20
62.3
 30
0.0
 40
1.0
  0
CIRCLE
  5
43E
330
17
100
AcDbEntity
  8
ACERO_INF
 62
1
100
AcDbCircle
 10
163.32000000000002
 20
62.3
 30
0.0
 40
1.0
  0
CIRCLE
  5
43F
330
17
100
AcDbEntity
  8
ACERO_TOR
 62
30
100
AcDbCircle
 10
141.82
 20
77.0
 30
0.0
 40
0.9
  0
CIRCLE
  5
440
330
17
100
AcDbEntity
  8
ACERO_TOR
 62
30
100
AcDbCircle
 10
163.42000000000002
 20
77.0
 30
0.0
 40
0.9
  0
TEXT
  5
441
330
17
100
AcDbEntity
  8
TEXTO
 62
7
100
AcDbText
 10
152.62
 20
51.5
 30
0.0
 40
2.8
  1
CORTE A-A
 72
1
 11
152.62
 21
51.5
 31
0.0
100
AcDbText
 73
2
  0
TEXT
  5
442
330
17
100
AcDbEntity
  8
TEXTO
 62
7
100
AcDbText
 10
152.62
 20
47.0
 30
0.0
 40
2.7
  1
450x550
 72
1
 11
152.62
 21
47.0
 31
0.0
100
AcDbText
 73
2
  0
LWPOLYLINE
  5
443
330
17
100
AcDbEntity
  8
CORTE
 62
7
370
20
100
AcDbPolyline
 90
4
 70
1
 10
254.58000000000004
 20
57.0
 10
286.58000000000004
 20
57.0
 10
286.58000000000004
 20
97.0
 10
254.58000000000004
 20
97.0
  0
LWPOLYLINE
  5
444
330
17
100
AcDbEntity
  8
ESTRIBOS
 62
7
370
18
100
AcDbPolyline
 90
4
 70
1
 10
257.58000000000004
 20
60.0
 10
283.58000000000004
 20
60.0
 10
283.58000000000004
 20
94.0
 10
257.58000000000004
 20
94.0
  0
LINE
  5
445
330
17
100
AcDbEntity
  8
ESTRIBOS
 62
7
370
18
100
AcDbLine
 10
265.2466666666667
 20
60.0
 30
0.0
 11
265.2466666666667
 21
94.0
 31
0.0
  0
LINE
  5
446
330
17
100
AcDbEntity
  8
ESTRIBOS
 62
7
370
18
100
AcDbLine
 10
275.91333333333336
 20
60.0
 30
0.0
 11
275.91333333333336
 21
94.0
 31
0.0
  0
CIRCLE
  5
447
330
17
100
AcDbEntity
  8
ACERO_SUP
 62
5
100
AcDbCircle
 10
259.88000000000005
 20
91.7
 30
0.0
 40
1.0
  0
CIRCLE
  5
448
330
17
100
AcDbEntity
  8
ACERO_SUP
 62
5
100
AcDbCircle
 10
263.4466666666667
 20
91.7
 30
0.0
 40
1.0
  0
CIRCLE
  5
449
330
17
100
AcDbEntity
  8
ACERO_SUP
 62
5
100
AcDbCircle
 10
267.0133333333334
 20
91.7
 30
0.0
 40
1.0
  0
CIRCLE
  5
44A
330
17
100
AcDbEntity
  8
ACERO_SUP
 62
5
100
AcDbCircle
 10
270.58000000000004
 20
91.7
 30
0.0
 40
1.0
  0
CIRCLE
  5
44B
330
17
100
AcDbEntity
  8
ACERO_SUP
 62
5
100
AcDbCircle
 10
274.1466666666667
 20
91.7
 30
0.0
 40
1.0
  0
CIRCLE
  5
44C
330
17
100
AcDbEntity
  8
ACERO_SUP
 62
5
100
AcDbCircle
 10
277.71333333333337
 20
91.7
 30
0.0
 40
1.0
  0
CIRCLE
  5
44D
330
17
100
AcDbEntity
  8
ACERO_SUP
 62
5
100
AcDbCircle
 10
281.28000000000003
 20
91.7
 30
0.0
 40
1.0
  0
CIRCLE
  5
44E
330
17
100
AcDbEntity
  8
ACERO_INF
 62
1
100
AcDbCircle
 10
259.88000000000005
 20
62.3
 30
0.0
 40
1.0
  0
CIRCLE
  5
44F
330
17
100
AcDbEntity
  8
ACERO_INF
 62
1
100
AcDbCircle
 10
264.16
 20
62.3
 30
0.0
 40
1.0
  0
CIRCLE
  5
450
330
17
100
AcDbEntity
  8
ACERO_INF
 62
1
100
AcDbCircle
 10
268.44000000000005
 20
62.3
 30
0.0
 40
1.0
  0
CIRCLE
  5
451
330
17
100
AcDbEntity
  8
ACERO_INF
 62
1
100
AcDbCircle
 10
272.72
 20
62.3
 30
0.0
 40
1.0
  0
CIRCLE
  5
452
330
17
100
AcDbEntity
  8
ACERO_INF
 62
1
100
AcDbCircle
 10
277.00000000000006
 20
62.3
 30
0.0
 40
1.0
  0
CIRCLE
  5
453
330
17
100
AcDbEntity
  8
ACERO_INF
 62
1
100
AcDbCircle
 10
281.28000000000003
 20
62.3
 30
0.0
 40
1.0
  0
CIRCLE
  5
454
330
17
100
AcDbEntity
  8
ACERO_TOR
 62
30
100
AcDbCircle
 10
259.78000000000003
 20
77.0
 30
0.0
 40
0.9
  0
CIRCLE
  5
455
330
17
100
AcDbEntity
  8
ACERO_TOR
 62
30
100
AcDbCircle
 10
281.38000000000005
 20
77.0
 30
0.0
 40
0.9
  0
TEXT
  5
456
330
17
100
AcDbEntity
  8
TEXTO
 62
7
100
AcDbText
 10
270.58000000000004
 20
51.5
 30
0.0
 40
2.8
  1
CORTE B-B
 72
1
 11
270.58000000000004
 21
51.5
 31
0.0
100
AcDbText
 73
2
  0
TEXT
  5
457
330
17
100
AcDbEntity
  8
TEXTO
 62
7
100
AcDbText
 10
270.58000000000004
 20
47.0
 30
0.0
 40
2.7
  1
450x550
 72
1
 11
270.58000000000004
 21
47.0
 31
0.0
100
AcDbText
 73
2
  0
LWPOLYLINE
  5
458
330
17
100
AcDbEntity
  8
CORTE
 62
7
370
20
100
AcDbPolyline
 90
4
 70
1
 10
372.54
 20
57.0
 10
404.54
 20
57.0
 10
404.54
 20
97.0
 10
372.54
 20
97.0
  0
LWPOLYLINE
  5
459
330
17
100
AcDbEntity
  8
ESTRIBOS
 62
7
370
18
100
AcDbPolyline
 90
4
 70
1
 10
375.54
 20
60.0
 10
401.54
 20
60.0
 10
401.54
 20
94.0
 10
375.54
 20
94.0
  0
LINE
  5
45A
330
17
100
AcDbEntity
  8
ESTRIBOS
 62
7
370
18
100
AcDbLine
 10
383.2066666666667
 20
60.0
 30
0.0
 11
383.2066666666667
 21
94.0
 31
0.0
  0
LINE
  5
45B
330
17
100
AcDbEntity
  8
ESTRIBOS
 62
7
370
18
100
AcDbLine
 10
393.87333333333333
 20
60.0
 30
0.0
 11
393.87333333333333
 21
94.0
 31
0.0
  0
CIRCLE
  5
45C
330
17
100
AcDbEntity
  8
ACERO_SUP
 62
5
100
AcDbCircle
 10
377.84000000000003
 20
91.7
 30
0.0
 40
1.0
  0
CIRCLE
  5
45D
330
17
100
AcDbEntity
  8
ACERO_SUP
 62
5
100
AcDbCircle
 10
381.4066666666667
 20
91.7
 30
0.0
 40
1.0
  0
CIRCLE
  5
45E
330
17
100
AcDbEntity
  8
ACERO_SUP
 62
5
100
AcDbCircle
 10
384.97333333333336
 20
91.7
 30
0.0
 40
1.0
  0
CIRCLE
  5
45F
330
17
100
AcDbEntity
  8
ACERO_SUP
 62
5
100
AcDbCircle
 10
388.54
 20
91.7
 30
0.0
 40
1.0
  0
CIRCLE
  5
460
330
17
100
AcDbEntity
  8
ACERO_SUP
 62
5
100
AcDbCircle
 10
392.1066666666667
 20
91.7
 30
0.0
 40
1.0
  0
CIRCLE
  5
461
330
17
100
AcDbEntity
  8
ACERO_SUP
 62
5
100
AcDbCircle
 10
395.67333333333335
 20
91.7
 30
0.0
 40
1.0
  0
CIRCLE
  5
462
330
17
100
AcDbEntity
  8
ACERO_SUP
 62
5
100
AcDbCircle
 10
399.24
 20
91.7
 30
0.0
 40
1.0
  0
CIRCLE
  5
463
330
17
100
AcDbEntity
  8
ACERO_INF
 62
1
100
AcDbCircle
 10
377.84000000000003
 20
62.3
 30
0.0
 40
1.0
  0
CIRCLE
  5
464
330
17
100
AcDbEntity
  8
ACERO_INF
 62
1
100
AcDbCircle
 10
382.12
 20
62.3
 30
0.0
 40
1.0
  0
CIRCLE
  5
465
330
17
100
AcDbEntity
  8
ACERO_INF
 62
1
100
AcDbCircle
 10
386.40000000000003
 20
62.3
 30
0.0
 40
1.0
  0
CIRCLE
  5
466
330
17
100
AcDbEntity
  8
ACERO_INF
 62
1
100
AcDbCircle
 10
390.68
 20
62.3
 30
0.0
 40
1.0
  0
CIRCLE
  5
467
330
17
100
AcDbEntity
  8
ACERO_INF
 62
1
100
AcDbCircle
 10
394.96000000000004
 20
62.3
 30
0.0
 40
1.0
  0
CIRCLE
  5
468
330
17
100
AcDbEntity
  8
ACERO_INF
 62
1
100
AcDbCircle
 10
399.24
 20
62.3
 30
0.0
 40
1.0
  0
CIRCLE
  5
469
330
17
100
AcDbEntity
  8
ACERO_TOR
 62
30
100
AcDbCircle
 10
377.74
 20
77.0
 30
0.0
 40
0.9
  0
CIRCLE
  5
46A
330
17
100
AcDbEntity
  8
ACERO_TOR
 62
30
100
AcDbCircle
 10
399.34000000000003
 20
77.0
 30
0.0
 40
0.9
  0
TEXT
  5
46B
330
17
100
AcDbEntity
  8
TEXTO
 62
7
100
AcDbText
 10
388.54
 20
51.5
 30
0.0
 40
2.8
  1
CORTE C-C
 72
1
 11
388.54
 21
51.5
 31
0.0
100
AcDbText
 73
2
  0
TEXT
  5
46C
330
17
100
AcDbEntity
  8
TEXTO
 62
7
100
AcDbText
 10
388.54
 20
47.0
 30
0.0
 40
2.7
  1
450x550
 72
1
 11
388.54
 21
47.0
 31
0.0
100
AcDbText
 73
2
  0
TEXT
  5
46D
330
17
100
AcDbEntity
  8
TEXTO
 62
7
100
AcDbText
 10
22.0
 20
44.0
 30
0.0
 40
2.8
  1
40 frames | variantes de longitud: 2
 11
22.0
 21
44.0
 31
0.0
100
AcDbText
  0
TEXT
  5
46E
330
17
100
AcDbEntity
  8
ALERTA
 62
1
100
AcDbText
 10
499.5
 20
44.0
 30
0.0
 40
2.8
  1
NO CUMPLEN 4 frames - ver Excel
 72
2
 11
499.5
 21
44.0
 31
0.0
100
AcDbText
  0
TEXT
  5
46F
330
17
100
AcDbEntity
  8
TITULO
 62
6
100
AcDbText
 10
14.0
 20
21.0
 30
0.0
 40
4.0
  1
DESPIECE VIGAS DE CARGA
 11
14.0
 21
21.0
 31
0.0
100
AcDbText
  0
TEXT
  5
470
330
17
100
AcDbEntity
  8
TEXTO
 62
7
100
AcDbText
 10
239.0
 20
21.0
 30
0.0
 40
3.0
  1
L SAP I-J corresponde a Connectivity - Frame. Ln calculo es una hipotesis de diseño y no una cota geometrica.
 11
239.0
 21
21.0
 31
0.0
100
AcDbText
  0
TEXT
  5
471
330
17
100
AcDbEntity
  8
TEXTO
 62
7
100
AcDbText
 10
239.0
 20
16.0
 30
0.0
 40
3.0
  1
Detalle por grupo; las longitudes exactas de cada frame se conservan en el Excel y en los DXF individuales.
 11
239.0
 21
16.0
 31
0.0
100
AcDbText
  0
TEXT
  5
472
330
17
100
AcDbEntity
  8
TEXTO
 62
7
100
AcDbText
 10
14.0
 20
16.0
 30
0.0
 40
3.0
  1
Grupos incluidos: VC1, VC2, VC3, VC4, VC5, VC6, VC7
 11
14.0
 21
16.0
 31
0.0
100
AcDbText
  0
VIEWPORT
  5
477
330
473
100
AcDbEntity
 67
1
  8
VIEWPORTS
100
AcDbViewport
 10
594.5
 20
420.5
 30
0.0
 40
1307.9
 41
925.1
 68
1
 69
1
 12
594.5
 22
420.5
 13
0.0
 23
0.0
 14
10.0
 24
10.0
 15
10.0
 25
10.0
 16
0.0
 26
0.0
 36
1.0
 17
0.0
 27
0.0
 37
0.0
 42
50.0
 43
0.0
 44
0.0
 45
925.1
 50
0.0
 51
0.0
 72
100
 90
557088
  1

281
0
 71
0
 74
0
110
0.0
120
0.0
130
0.0
111
1.0
121
0.0
131
0.0
112
0.0
122
1.0
132
0.0
 79
0
146
0.0
282
0
  0
VIEWPORT
  5
478
330
473
100
AcDbEntity
 67
1
  8
VIEWPORTS
100
AcDbViewport
 10
594.5
 20
420.5
 30
0.0
 40
1189.0
 41
841.0
 68
2
 69
3
 12
594.5
 22
420.5
 13
0.0
 23
0.0
 14
10.0
 24
10.0
 15
10.0
 25
10.0
 16
0.0
 26
0.0
 36
1.0
 17
0.0
 27
0.0
 37
0.0
 42
50.0
 43
0.0
 44
0.0
 45
841.0
 50
0.0
 51
0.0
 72
100
 90
0
  1

281
0
 71
0
 74
0
110
0.0
120
0.0
130
0.0
111
1.0
121
0.0
131
0.0
112
0.0
122
1.0
132
0.0
 79
0
146
0.0
282
0
  0
ENDSEC
  0
SECTION
  2
OBJECTS
  0
DICTIONARY
  5
A
330
0
100
AcDbDictionary
281
1
  3
ACAD_COLOR
350
B
  3
ACAD_GROUP
350
C
  3
ACAD_LAYOUT
350
D
  3
ACAD_MATERIAL
350
E
  3
ACAD_MLEADERSTYLE
350
F
  3
ACAD_MLINESTYLE
350
10
  3
ACAD_PLOTSETTINGS
350
11
  3
ACAD_PLOTSTYLENAME
350
12
  3
ACAD_SCALELIST
350
14
  3
ACAD_TABLESTYLE
350
15
  3
ACAD_VISUALSTYLE
350
16
  3
EZDXF_META
350
2D
  0
DICTIONARY
  5
B
330
A
100
AcDbDictionary
281
1
  0
DICTIONARY
  5
C
330
A
100
AcDbDictionary
281
1
  0
DICTIONARY
  5
D
330
A
100
AcDbDictionary
281
1
  3
Model
350
1A
  3
A0_HORIZONTAL
350
476
  0
DICTIONARY
  5
E
330
A
100
AcDbDictionary
281
1
  3
ByBlock
350
1F
  3
ByLayer
350
20
  3
Global
350
21
  0
DICTIONARY
  5
F
330
A
100
AcDbDictionary
281
1
  3
Standard
350
2C
  0
DICTIONARY
  5
10
330
A
100
AcDbDictionary
281
1
  3
Standard
350
22
  0
DICTIONARY
  5
11
330
A
100
AcDbDictionary
281
1
  0
ACDBDICTIONARYWDFLT
  5
12
330
A
100
AcDbDictionary
281
1
  3
Normal
350
13
100
AcDbDictionaryWithDefault
340
13
  0
ACDBPLACEHOLDER
  5
13
330
12
  0
DICTIONARY
  5
14
330
A
100
AcDbDictionary
281
1
  0
DICTIONARY
  5
15
330
A
100
AcDbDictionary
281
1
  0
DICTIONARY
  5
16
330
A
100
AcDbDictionary
281
1
  3
2dWireframe
350
5A
  3
Basic
350
5B
  3
Brighten
350
5C
  3
ColorChange
350
5D
  3
Conceptual
350
5E
  3
Dim
350
5F
  3
EdgeColorOff
350
60
  3
Facepattern
350
61
  3
Flat
350
62
  3
FlatWithEdges
350
63
  3
Gouraud
350
64
  3
GouraudWithEdges
350
65
  3
Hidden
350
66
  3
JitterOff
350
67
  3
Linepattern
350
68
  3
Modeling
350
69
  3
OverhangOff
350
6A
  3
Realistic
350
6B
  3
Shaded
350
6C
  3
Shaded with edges
350
6D
  3
Shades of Gray
350
6E
  3
Sketchy
350
6F
  3
Thicken
350
70
  3
Wireframe
350
71
  3
X-Ray
350
72
  0
LAYOUT
  5
1A
330
D
100
AcDbPlotSettings
  1

  4
A3
  6

 40
7.5
 41
20.0
 42
7.5
 43
20.0
 44
420.0
 45
297.0
 46
0.0
 47
0.0
 48
0.0
 49
0.0
140
0.0
141
0.0
142
1.0
143
1.0
 70
1024
 72
1
 73
0
 74
5
  7

 75
16
 76
0
 77
2
 78
300
147
1.0
148
0.0
149
0.0
100
AcDbLayout
  1
Model
 70
1
 71
0
 10
0.0
 20
0.0
 11
420.0
 21
297.0
 12
0.0
 22
0.0
 32
0.0
 14
1e+20
 24
1e+20
 34
1e+20
 15
-1e+20
 25
-1e+20
 35
-1e+20
146
0.0
 13
0.0
 23
0.0
 33
0.0
 16
1.0
 26
0.0
 36
0.0
 17
0.0
 27
1.0
 37
0.0
 76
1
330
17
  0
MATERIAL
  5
1F
102
{ACAD_REACTORS
330
E
102
}
330
E
100
AcDbMaterial
  1
ByBlock
  2

 70
0
 40
1.0
 71
1
 41
1.0
 91
-1023410177
 42
1.0
 72
1
  3

 73
1
 74
1
 75
1
 44
0.5
 73
0
 45
1.0
 46
1.0
 77
1
  4

 78
1
 79
1
170
1
 48
1.0
171
1
  6

172
1
173
1
174
1
140
1.0
141
1.0
175
1
  7

176
1
177
1
178
1
143
1.0
179
1
  8

270
1
271
1
272
1
145
1.0
146
1.0
273
1
  9

274
1
275
1
276
1
 42
1.0
 72
1
  3

 73
1
 74
1
 75
1
 94
63
  0
MATERIAL
  5
20
102
{ACAD_REACTORS
330
E
102
}
330
E
100
AcDbMaterial
  1
ByLayer
  2

 70
0
 40
1.0
 71
1
 41
1.0
 91
-1023410177
 42
1.0
 72
1
  3

 73
1
 74
1
 75
1
 44
0.5
 73
0
 45
1.0
 46
1.0
 77
1
  4

 78
1
 79
1
170
1
 48
1.0
171
1
  6

172
1
173
1
174
1
140
1.0
141
1.0
175
1
  7

176
1
177
1
178
1
143
1.0
179
1
  8

270
1
271
1
272
1
145
1.0
146
1.0
273
1
  9

274
1
275
1
276
1
 42
1.0
 72
1
  3

 73
1
 74
1
 75
1
 94
63
  0
MATERIAL
  5
21
102
{ACAD_REACTORS
330
E
102
}
330
E
100
AcDbMaterial
  1
Global
  2

 70
0
 40
1.0
 71
1
 41
1.0
 91
-1023410177
 42
1.0
 72
1
  3

 73
1
 74
1
 75
1
 44
0.5
 73
0
 45
1.0
 46
1.0
 77
1
  4

 78
1
 79
1
170
1
 48
1.0
171
1
  6

172
1
173
1
174
1
140
1.0
141
1.0
175
1
  7

176
1
177
1
178
1
143
1.0
179
1
  8

270
1
271
1
272
1
145
1.0
146
1.0
273
1
  9

274
1
275
1
276
1
 42
1.0
 72
1
  3

 73
1
 74
1
 75
1
 94
63
  0
MLINESTYLE
  5
22
102
{ACAD_REACTORS
330
10
102
}
330
10
100
AcDbMlineStyle
  2
Standard
 70
0
  3

 62
256
 51
90.0
 52
90.0
 71
2
 49
0.5
 62
256
  6
BYLAYER
 49
-0.5
 62
256
  6
BYLAYER
  0
MLEADERSTYLE
  5
2C
102
{ACAD_REACTORS
330
F
102
}
330
F
100
AcDbMLeaderStyle
179
2
170
2
171
1
172
0
 90
2
 40
0.0
 41
0.0
173
1
 91
-1056964608
 92
-2
290
1
 42
2.0
291
1
 43
8.0
  3
Standard
 44
4.0
300

342
29
174
1
175
1
176
0
178
1
 93
-1056964608
 45
4.0
292
0
297
0
 46
4.0
 94
-1056964608
 47
1.0
 49
1.0
140
1.0
294
1
141
0.0
177
0
142
1.0
295
0
296
0
143
3.75
271
0
272
9
273
9
  0
DICTIONARY
  5
2D
330
A
100
AcDbDictionary
280
1
281
1
  3
CREATED_BY_EZDXF
350
2E
  3
WRITTEN_BY_EZDXF
350
47B
  0
DICTIONARYVAR
  5
2E
330
2D
100
DictionaryVariables
280
0
  1
1.4.4 @ 2026-07-18T01:35:07.970488+00:00
  0
VISUALSTYLE
  5
5A
102
{ACAD_REACTORS
330
16
102
}
330
16
100
AcDbVisualStyle
  2
2dWireframe
 70
4
177
3
291
0
 70
58
 90
2
176
1
 90
2
176
1
 90
0
176
1
 90
0
176
1
 40
0.6
176
1
 40
30.0
176
1
 62
7
420
16777215
176
1
 90
1
176
1
 90
4
176
1
 62
7
176
1
 62
257
176
1
 90
1
176
1
 90
1
176
1
 40
1.0
176
1
 90
8
176
1
 62
7
176
1
 40
1.0
176
1
 90
1
176
1
 90
6
176
1
 90
2
176
1
 62
7
176
1
 90
5
176
1
 90
0
176
1
 90
0
176
1
290
0
176
1
 90
1
176
1
 40
0.0
176
1
 90
0
176
1
290
1
176
1
290
1
176
1
290
0
176
1
290
0
176
1
290
0
176
1
290
0
176
1
290
0
176
1
290
0
176
1
290
0
176
1
 90
50
176
1
 40
0.0
176
1
 40
1.0
176
1
 90
0
176
1
 62
18
420
0
176
1
 90
50
176
1
 90
3
176
1
 62
5
420
255
176
1
290
0
176
1
 90
50
176
1
 90
50
176
1
 90
50
176
1
290
0
176
1
 90
50
176
1
 62
256
176
0
 40
1.0
176
0
 90
2
176
1
  1
strokes_ogs.tif
176
1
290
0
176
1
 40
1.0
176
1
 40
1.0
176
1
  0
VISUALSTYLE
  5
5B
102
{ACAD_REACTORS
330
16
102
}
330
16
100
AcDbVisualStyle
  2
Basic
 70
7
177
3
291
1
 70
58
 90
2
176
1
 90
2
176
1
 90
0
176
1
 90
1
176
1
 40
0.6
176
1
 40
30.0
176
1
 62
7
420
16777215
176
1
 90
1
176
1
 90
4
176
1
 62
7
176
1
 62
257
176
1
 90
1
176
1
 90
1
176
1
 40
1.0
176
1
 90
8
176
1
 62
7
176
1
 40
1.0
176
1
 90
1
176
1
 90
6
176
1
 90
2
176
1
 62
7
176
1
 90
5
176
1
 90
0
176
1
 90
0
176
1
290
0
176
1
 90
1
176
1
 40
0.0
176
1
 90
0
176
1
290
0
176
1
290
1
176
1
290
1
176
1
290
0
176
1
290
0
176
1
290
0
176
1
290
0
176
1
290
0
176
1
290
0
176
1
 90
50
176
1
 40
0.0
176
1
 40
1.0
176
1
 90
0
176
1
 62
18
420
0
176
1
 90
50
176
1
 90
3
176
1
 62
5
420
255
176
1
290
0
176
1
 90
50
176
1
 90
50
176
1
 90
50
176
1
290
0
176
1
 90
50
176
1
 62
256
176
0
 40
1.0
176
0
 90
2
176
1
  1
strokes_ogs.tif
176
1
290
0
176
1
 40
1.0
176
1
 40
1.0
176
1
  0
VISUALSTYLE
  5
5C
102
{ACAD_REACTORS
330
16
102
}
330
16
100
AcDbVisualStyle
  2
Brighten
 70
12
177
3
291
1
 70
58
 90
2
176
1
 90
2
176
1
 90
0
176
1
 90
2
176
1
 40
0.6
176
1
 40
30.0
176
1
 62
7
420
16777215
176
1
 90
1
176
1
 90
4
176
1
 62
7
176
1
 62
257
176
1
 90
1
176
1
 90
1
176
1
 40
1.0
176
1
 90
8
176
1
 62
7
176
1
 40
1.0
176
1
 90
1
176
1
 90
6
176
1
 90
2
176
1
 62
7
176
1
 90
5
176
1
 90
0
176
1
 90
0
176
1
290
0
176
1
 90
1
176
1
 40
0.0
176
1
 90
0
176
1
290
0
176
1
290
1
176
1
290
1
176
1
290
0
176
1
290
0
176
1
290
0
176
1
290
0
176
1
290
0
176
1
290
0
176
1
 90
50
176
1
 40
0.0
176
1
 40
1.0
176
1
 90
0
176
1
 62
18
420
0
176
1
 90
50
176
1
 90
3
176
1
 62
5
420
255
176
1
290
0
176
1
 90
50
176
1
 90
50
176
1
 90
50
176
1
290
0
176
1
 90
50
176
1
 62
256
176
0
 40
1.0
176
0
 90
2
176
1
  1
strokes_ogs.tif
176
1
290
0
176
1
 40
1.0
176
1
 40
1.0
176
1
  0
VISUALSTYLE
  5
5D
102
{ACAD_REACTORS
330
16
102
}
330
16
100
AcDbVisualStyle
  2
ColorChange
 70
16
177
3
291
1
 70
58
 90
2
176
1
 90
2
176
1
 90
0
176
1
 90
2
176
1
 40
0.6
176
1
 40
30.0
176
1
 62
7
420
16777215
176
1
 90
1
176
1
 90
4
176
1
 62
7
176
1
 62
257
176
1
 90
1
176
1
 90
1
176
1
 40
1.0
176
1
 90
8
176
1
 62
7
176
1
 40
1.0
176
1
 90
1
176
1
 90
6
176
1
 90
2
176
1
 62
7
176
1
 90
5
176
1
 90
0
176
1
 90
0
176
1
290
0
176
1
 90
1
176
1
 40
0.0
176
1
 90
0
176
1
290
0
176
1
290
1
176
1
290
1
176
1
290
0
176
1
290
0
176
1
290
0
176
1
290
0
176
1
290
0
176
1
290
0
176
1
 90
50
176
1
 40
0.0
176
1
 40
1.0
176
1
 90
0
176
1
 62
18
420
0
176
1
 90
50
176
1
 90
3
176
1
 62
5
420
255
176
1
290
0
176
1
 90
50
176
1
 90
50
176
1
 90
50
176
1
290
0
176
1
 90
50
176
1
 62
256
176
0
 40
1.0
176
0
 90
2
176
1
  1
strokes_ogs.tif
176
1
290
0
176
1
 40
1.0
176
1
 40
1.0
176
1
  0
VISUALSTYLE
  5
5E
102
{ACAD_REACTORS
330
16
102
}
330
16
100
AcDbVisualStyle
  2
Conceptual
 70
9
177
3
291
0
 70
58
 90
2
176
1
 90
2
176
1
 90
0
176
1
 90
3
176
1
 40
0.6
176
1
 40
30.0
176
1
 62
7
420
16777215
176
1
 90
1
176
1
 90
4
176
1
 62
7
176
1
 62
257
176
1
 90
1
176
1
 90
1
176
1
 40
1.0
176
1
 90
8
176
1
 62
7
176
1
 40
1.0
176
1
 90
1
176
1
 90
6
176
1
 90
2
176
1
 62
7
176
1
 90
5
176
1
 90
0
176
1
 90
0
176
1
290
0
176
1
 90
1
176
1
 40
0.0
176
1
 90
0
176
1
290
0
176
1
290
1
176
1
290
1
176
1
290
0
176
1
290
0
176
1
290
0
176
1
290
0
176
1
290
0
176
1
290
0
176
1
 90
50
176
1
 40
0.0
176
1
 40
1.0
176
1
 90
0
176
1
 62
18
420
0
176
1
 90
50
176
1
 90
3
176
1
 62
5
420
255
176
1
290
0
176
1
 90
50
176
1
 90
50
176
1
 90
50
176
1
290
0
176
1
 90
50
176
1
 62
256
176
0
 40
1.0
176
0
 90
2
176
1
  1
strokes_ogs.tif
176
1
290
0
176
1
 40
1.0
176
1
 40
1.0
176
1
  0
VISUALSTYLE
  5
5F
102
{ACAD_REACTORS
330
16
102
}
330
16
100
AcDbVisualStyle
  2
Dim
 70
11
177
3
291
1
 70
58
 90
2
176
1
 90
2
176
1
 90
0
176
1
 90
2
176
1
 40
0.6
176
1
 40
30.0
176
1
 62
7
420
16777215
176
1
 90
1
176
1
 90
4
176
1
 62
7
176
1
 62
257
176
1
 90
1
176
1
 90
1
176
1
 40
1.0
176
1
 90
8
176
1
 62
7
176
1
 40
1.0
176
1
 90
1
176
1
 90
6
176
1
 90
2
176
1
 62
7
176
1
 90
5
176
1
 90
0
176
1
 90
0
176
1
290
0
176
1
 90
1
176
1
 40
0.0
176
1
 90
0
176
1
290
0
176
1
290
1
176
1
290
1
176
1
290
0
176
1
290
0
176
1
290
0
176
1
290
0
176
1
290
0
176
1
290
0
176
1
 90
50
176
1
 40
0.0
176
1
 40
1.0
176
1
 90
0
176
1
 62
18
420
0
176
1
 90
50
176
1
 90
3
176
1
 62
5
420
255
176
1
290
0
176
1
 90
50
176
1
 90
50
176
1
 90
50
176
1
290
0
176
1
 90
50
176
1
 62
256
176
0
 40
1.0
176
0
 90
2
176
1
  1
strokes_ogs.tif
176
1
290
0
176
1
 40
1.0
176
1
 40
1.0
176
1
  0
VISUALSTYLE
  5
60
102
{ACAD_REACTORS
330
16
102
}
330
16
100
AcDbVisualStyle
  2
EdgeColorOff
 70
22
177
3
291
1
 70
58
 90
2
176
1
 90
2
176
1
 90
0
176
1
 90
2
176
1
 40
0.6
176
1
 40
30.0
176
1
 62
7
420
16777215
176
1
 90
1
176
1
 90
4
176
1
 62
7
176
1
 62
257
176
1
 90
1
176
1
 90
1
176
1
 40
1.0
176
1
 90
8
176
1
 62
7
176
1
 40
1.0
176
1
 90
1
176
1
 90
6
176
1
 90
2
176
1
 62
7
176
1
 90
5
176
1
 90
0
176
1
 90
0
176
1
290
0
176
1
 90
1
176
1
 40
0.0
176
1
 90
0
176
1
290
0
176
1
290
1
176
1
290
1
176
1
290
0
176
1
290
0
176
1
290
0
176
1
290
0
176
1
290
0
176
1
290
0
176
1
 90
50
176
1
 40
0.0
176
1
 40
1.0
176
1
 90
0
176
1
 62
18
420
0
176
1
 90
50
176
1
 90
3
176
1
 62
5
420
255
176
1
290
0
176
1
 90
50
176
1
 90
50
176
1
 90
50
176
1
290
0
176
1
 90
50
176
1
 62
256
176
0
 40
1.0
176
0
 90
2
176
1
  1
strokes_ogs.tif
176
1
290
0
176
1
 40
1.0
176
1
 40
1.0
176
1
  0
VISUALSTYLE
  5
61
102
{ACAD_REACTORS
330
16
102
}
330
16
100
AcDbVisualStyle
  2
Facepattern
 70
15
177
3
291
1
 70
58
 90
2
176
1
 90
2
176
1
 90
0
176
1
 90
2
176
1
 40
0.6
176
1
 40
30.0
176
1
 62
7
420
16777215
176
1
 90
1
176
1
 90
4
176
1
 62
7
176
1
 62
257
176
1
 90
1
176
1
 90
1
176
1
 40
1.0
176
1
 90
8
176
1
 62
7
176
1
 40
1.0
176
1
 90
1
176
1
 90
6
176
1
 90
2
176
1
 62
7
176
1
 90
5
176
1
 90
0
176
1
 90
0
176
1
290
0
176
1
 90
1
176
1
 40
0.0
176
1
 90
0
176
1
290
0
176
1
290
1
176
1
290
1
176
1
290
0
176
1
290
0
176
1
290
0
176
1
290
0
176
1
290
0
176
1
290
0
176
1
 90
50
176
1
 40
0.0
176
1
 40
1.0
176
1
 90
0
176
1
 62
18
420
0
176
1
 90
50
176
1
 90
3
176
1
 62
5
420
255
176
1
290
0
176
1
 90
50
176
1
 90
50
176
1
 90
50
176
1
290
0
176
1
 90
50
176
1
 62
256
176
0
 40
1.0
176
0
 90
2
176
1
  1
strokes_ogs.tif
176
1
290
0
176
1
 40
1.0
176
1
 40
1.0
176
1
  0
VISUALSTYLE
  5
62
102
{ACAD_REACTORS
330
16
102
}
330
16
100
AcDbVisualStyle
  2
Flat
 70
0
177
3
291
1
 70
58
 90
2
176
1
 90
2
176
1
 90
0
176
1
 90
2
176
1
 40
0.6
176
1
 40
30.0
176
1
 62
7
420
16777215
176
1
 90
1
176
1
 90
4
176
1
 62
7
176
1
 62
257
176
1
 90
1
176
1
 90
1
176
1
 40
1.0
176
1
 90
8
176
1
 62
7
176
1
 40
1.0
176
1
 90
1
176
1
 90
6
176
1
 90
2
176
1
 62
7
176
1
 90
5
176
1
 90
0
176
1
 90
0
176
1
290
0
176
1
 90
1
176
1
 40
0.0
176
1
 90
0
176
1
290
0
176
1
290
1
176
1
290
1
176
1
290
0
176
1
290
0
176
1
290
0
176
1
290
0
176
1
290
0
176
1
290
0
176
1
 90
50
176
1
 40
0.0
176
1
 40
1.0
176
1
 90
0
176
1
 62
18
420
0
176
1
 90
50
176
1
 90
3
176
1
 62
5
420
255
176
1
290
0
176
1
 90
50
176
1
 90
50
176
1
 90
50
176
1
290
0
176
1
 90
50
176
1
 62
256
176
0
 40
1.0
176
0
 90
2
176
1
  1
strokes_ogs.tif
176
1
290
0
176
1
 40
1.0
176
1
 40
1.0
176
1
  0
VISUALSTYLE
  5
63
102
{ACAD_REACTORS
330
16
102
}
330
16
100
AcDbVisualStyle
  2
FlatWithEdges
 70
1
177
3
291
1
 70
58
 90
2
176
1
 90
2
176
1
 90
0
176
1
 90
2
176
1
 40
0.6
176
1
 40
30.0
176
1
 62
7
420
16777215
176
1
 90
1
176
1
 90
4
176
1
 62
7
176
1
 62
257
176
1
 90
1
176
1
 90
1
176
1
 40
1.0
176
1
 90
8
176
1
 62
7
176
1
 40
1.0
176
1
 90
1
176
1
 90
6
176
1
 90
2
176
1
 62
7
176
1
 90
5
176
1
 90
0
176
1
 90
0
176
1
290
0
176
1
 90
1
176
1
 40
0.0
176
1
 90
0
176
1
290
0
176
1
290
1
176
1
290
1
176
1
290
0
176
1
290
0
176
1
290
0
176
1
290
0
176
1
290
0
176
1
290
0
176
1
 90
50
176
1
 40
0.0
176
1
 40
1.0
176
1
 90
0
176
1
 62
18
420
0
176
1
 90
50
176
1
 90
3
176
1
 62
5
420
255
176
1
290
0
176
1
 90
50
176
1
 90
50
176
1
 90
50
176
1
290
0
176
1
 90
50
176
1
 62
256
176
0
 40
1.0
176
0
 90
2
176
1
  1
strokes_ogs.tif
176
1
290
0
176
1
 40
1.0
176
1
 40
1.0
176
1
  0
VISUALSTYLE
  5
64
102
{ACAD_REACTORS
330
16
102
}
330
16
100
AcDbVisualStyle
  2
Gouraud
 70
2
177
3
291
1
 70
58
 90
2
176
1
 90
2
176
1
 90
0
176
1
 90
2
176
1
 40
0.6
176
1
 40
30.0
176
1
 62
7
420
16777215
176
1
 90
1
176
1
 90
4
176
1
 62
7
176
1
 62
257
176
1
 90
1
176
1
 90
1
176
1
 40
1.0
176
1
 90
8
176
1
 62
7
176
1
 40
1.0
176
1
 90
1
176
1
 90
6
176
1
 90
2
176
1
 62
7
176
1
 90
5
176
1
 90
0
176
1
 90
0
176
1
290
0
176
1
 90
1
176
1
 40
0.0
176
1
 90
0
176
1
290
0
176
1
290
1
176
1
290
1
176
1
290
0
176
1
290
0
176
1
290
0
176
1
290
0
176
1
290
0
176
1
290
0
176
1
 90
50
176
1
 40
0.0
176
1
 40
1.0
176
1
 90
0
176
1
 62
18
420
0
176
1
 90
50
176
1
 90
3
176
1
 62
5
420
255
176
1
290
0
176
1
 90
50
176
1
 90
50
176
1
 90
50
176
1
290
0
176
1
 90
50
176
1
 62
256
176
0
 40
1.0
176
0
 90
2
176
1
  1
strokes_ogs.tif
176
1
290
0
176
1
 40
1.0
176
1
 40
1.0
176
1
  0
VISUALSTYLE
  5
65
102
{ACAD_REACTORS
330
16
102
}
330
16
100
AcDbVisualStyle
  2
GouraudWithEdges
 70
3
177
3
291
1
 70
58
 90
2
176
1
 90
2
176
1
 90
0
176
1
 90
2
176
1
 40
0.6
176
1
 40
30.0
176
1
 62
7
420
16777215
176
1
 90
1
176
1
 90
4
176
1
 62
7
176
1
 62
257
176
1
 90
1
176
1
 90
1
176
1
 40
1.0
176
1
 90
8
176
1
 62
7
176
1
 40
1.0
176
1
 90
1
176
1
 90
6
176
1
 90
2
176
1
 62
7
176
1
 90
5
176
1
 90
0
176
1
 90
0
176
1
290
0
176
1
 90
1
176
1
 40
0.0
176
1
 90
0
176
1
290
0
176
1
290
1
176
1
290
1
176
1
290
0
176
1
290
0
176
1
290
0
176
1
290
0
176
1
290
0
176
1
290
0
176
1
 90
50
176
1
 40
0.0
176
1
 40
1.0
176
1
 90
0
176
1
 62
18
420
0
176
1
 90
50
176
1
 90
3
176
1
 62
5
420
255
176
1
290
0
176
1
 90
50
176
1
 90
50
176
1
 90
50
176
1
290
0
176
1
 90
50
176
1
 62
256
176
0
 40
1.0
176
0
 90
2
176
1
  1
strokes_ogs.tif
176
1
290
0
176
1
 40
1.0
176
1
 40
1.0
176
1
  0
VISUALSTYLE
  5
66
102
{ACAD_REACTORS
330
16
102
}
330
16
100
AcDbVisualStyle
  2
Hidden
 70
6
177
3
291
0
 70
58
 90
2
176
1
 90
2
176
1
 90
0
176
1
 90
1
176
1
 40
0.6
176
1
 40
30.0
176
1
 62
7
420
16777215
176
1
 90
1
176
1
 90
4
176
1
 62
7
176
1
 62
257
176
1
 90
1
176
1
 90
1
176
1
 40
1.0
176
1
 90
8
176
1
 62
7
176
1
 40
1.0
176
1
 90
1
176
1
 90
6
176
1
 90
2
176
1
 62
7
176
1
 90
5
176
1
 90
0
176
1
 90
0
176
1
290
0
176
1
 90
1
176
1
 40
0.0
176
1
 90
0
176
1
290
0
176
1
290
1
176
1
290
1
176
1
290
0
176
1
290
0
176
1
290
0
176
1
290
0
176
1
290
0
176
1
290
0
176
1
 90
50
176
1
 40
0.0
176
1
 40
1.0
176
1
 90
0
176
1
 62
18
420
0
176
1
 90
50
176
1
 90
3
176
1
 62
5
420
255
176
1
290
0
176
1
 90
50
176
1
 90
50
176
1
 90
50
176
1
290
0
176
1
 90
50
176
1
 62
256
176
0
 40
1.0
176
0
 90
2
176
1
  1
strokes_ogs.tif
176
1
290
0
176
1
 40
1.0
176
1
 40
1.0
176
1
  0
VISUALSTYLE
  5
67
102
{ACAD_REACTORS
330
16
102
}
330
16
100
AcDbVisualStyle
  2
JitterOff
 70
20
177
3
291
1
 70
58
 90
2
176
1
 90
2
176
1
 90
0
176
1
 90
2
176
1
 40
0.6
176
1
 40
30.0
176
1
 62
7
420
16777215
176
1
 90
1
176
1
 90
4
176
1
 62
7
176
1
 62
257
176
1
 90
1
176
1
 90
1
176
1
 40
1.0
176
1
 90
8
176
1
 62
7
176
1
 40
1.0
176
1
 90
1
176
1
 90
6
176
1
 90
2
176
1
 62
7
176
1
 90
5
176
1
 90
0
176
1
 90
0
176
1
290
0
176
1
 90
1
176
1
 40
0.0
176
1
 90
0
176
1
290
0
176
1
290
1
176
1
290
1
176
1
290
0
176
1
290
0
176
1
290
0
176
1
290
0
176
1
290
0
176
1
290
0
176
1
 90
50
176
1
 40
0.0
176
1
 40
1.0
176
1
 90
0
176
1
 62
18
420
0
176
1
 90
50
176
1
 90
3
176
1
 62
5
420
255
176
1
290
0
176
1
 90
50
176
1
 90
50
176
1
 90
50
176
1
290
0
176
1
 90
50
176
1
 62
256
176
0
 40
1.0
176
0
 90
2
176
1
  1
strokes_ogs.tif
176
1
290
0
176
1
 40
1.0
176
1
 40
1.0
176
1
  0
VISUALSTYLE
  5
68
102
{ACAD_REACTORS
330
16
102
}
330
16
100
AcDbVisualStyle
  2
Linepattern
 70
14
177
3
291
1
 70
58
 90
2
176
1
 90
2
176
1
 90
0
176
1
 90
2
176
1
 40
0.6
176
1
 40
30.0
176
1
 62
7
420
16777215
176
1
 90
1
176
1
 90
4
176
1
 62
7
176
1
 62
257
176
1
 90
1
176
1
 90
1
176
1
 40
1.0
176
1
 90
8
176
1
 62
7
176
1
 40
1.0
176
1
 90
1
176
1
 90
6
176
1
 90
2
176
1
 62
7
176
1
 90
5
176
1
 90
0
176
1
 90
0
176
1
290
0
176
1
 90
1
176
1
 40
0.0
176
1
 90
0
176
1
290
0
176
1
290
1
176
1
290
1
176
1
290
0
176
1
290
0
176
1
290
0
176
1
290
0
176
1
290
0
176
1
290
0
176
1
 90
50
176
1
 40
0.0
176
1
 40
1.0
176
1
 90
0
176
1
 62
18
420
0
176
1
 90
50
176
1
 90
3
176
1
 62
5
420
255
176
1
290
0
176
1
 90
50
176
1
 90
50
176
1
 90
50
176
1
290
0
176
1
 90
50
176
1
 62
256
176
0
 40
1.0
176
0
 90
2
176
1
  1
strokes_ogs.tif
176
1
290
0
176
1
 40
1.0
176
1
 40
1.0
176
1
  0
VISUALSTYLE
  5
69
102
{ACAD_REACTORS
330
16
102
}
330
16
100
AcDbVisualStyle
  2
Modeling
 70
10
177
3
291
0
 70
58
 90
2
176
1
 90
2
176
1
 90
0
176
1
 90
2
176
1
 40
0.6
176
1
 40
30.0
176
1
 62
7
420
16777215
176
1
 90
1
176
1
 90
4
176
1
 62
7
176
1
 62
257
176
1
 90
1
176
1
 90
1
176
1
 40
1.0
176
1
 90
8
176
1
 62
7
176
1
 40
1.0
176
1
 90
1
176
1
 90
6
176
1
 90
2
176
1
 62
7
176
1
 90
5
176
1
 90
0
176
1
 90
0
176
1
290
0
176
1
 90
1
176
1
 40
0.0
176
1
 90
0
176
1
290
0
176
1
290
1
176
1
290
1
176
1
290
0
176
1
290
0
176
1
290
0
176
1
290
0
176
1
290
0
176
1
290
0
176
1
 90
50
176
1
 40
0.0
176
1
 40
1.0
176
1
 90
0
176
1
 62
18
420
0
176
1
 90
50
176
1
 90
3
176
1
 62
5
420
255
176
1
290
0
176
1
 90
50
176
1
 90
50
176
1
 90
50
176
1
290
0
176
1
 90
50
176
1
 62
256
176
0
 40
1.0
176
0
 90
2
176
1
  1
strokes_ogs.tif
176
1
290
0
176
1
 40
1.0
176
1
 40
1.0
176
1
  0
VISUALSTYLE
  5
6A
102
{ACAD_REACTORS
330
16
102
}
330
16
100
AcDbVisualStyle
  2
OverhangOff
 70
21
177
3
291
1
 70
58
 90
2
176
1
 90
2
176
1
 90
0
176
1
 90
2
176
1
 40
0.6
176
1
 40
30.0
176
1
 62
7
420
16777215
176
1
 90
1
176
1
 90
4
176
1
 62
7
176
1
 62
257
176
1
 90
1
176
1
 90
1
176
1
 40
1.0
176
1
 90
8
176
1
 62
7
176
1
 40
1.0
176
1
 90
1
176
1
 90
6
176
1
 90
2
176
1
 62
7
176
1
 90
5
176
1
 90
0
176
1
 90
0
176
1
290
0
176
1
 90
1
176
1
 40
0.0
176
1
 90
0
176
1
290
0
176
1
290
1
176
1
290
1
176
1
290
0
176
1
290
0
176
1
290
0
176
1
290
0
176
1
290
0
176
1
290
0
176
1
 90
50
176
1
 40
0.0
176
1
 40
1.0
176
1
 90
0
176
1
 62
18
420
0
176
1
 90
50
176
1
 90
3
176
1
 62
5
420
255
176
1
290
0
176
1
 90
50
176
1
 90
50
176
1
 90
50
176
1
290
0
176
1
 90
50
176
1
 62
256
176
0
 40
1.0
176
0
 90
2
176
1
  1
strokes_ogs.tif
176
1
290
0
176
1
 40
1.0
176
1
 40
1.0
176
1
  0
VISUALSTYLE
  5
6B
102
{ACAD_REACTORS
330
16
102
}
330
16
100
AcDbVisualStyle
  2
Realistic
 70
8
177
3
291
0
 70
58
 90
2
176
1
 90
2
176
1
 90
0
176
1
 90
2
176
1
 40
0.6
176
1
 40
30.0
176
1
 62
7
420
16777215
176
1
 90
1
176
1
 90
4
176
1
 62
7
176
1
 62
257
176
1
 90
1
176
1
 90
1
176
1
 40
1.0
176
1
 90
8
176
1
 62
7
176
1
 40
1.0
176
1
 90
1
176
1
 90
6
176
1
 90
2
176
1
 62
7
176
1
 90
5
176
1
 90
0
176
1
 90
0
176
1
290
0
176
1
 90
1
176
1
 40
0.0
176
1
 90
0
176
1
290
0
176
1
290
1
176
1
290
1
176
1
290
0
176
1
290
0
176
1
290
0
176
1
290
0
176
1
290
0
176
1
290
0
176
1
 90
50
176
1
 40
0.0
176
1
 40
1.0
176
1
 90
0
176
1
 62
18
420
0
176
1
 90
50
176
1
 90
3
176
1
 62
5
420
255
176
1
290
0
176
1
 90
50
176
1
 90
50
176
1
 90
50
176
1
290
0
176
1
 90
50
176
1
 62
256
176
0
 40
1.0
176
0
 90
2
176
1
  1
strokes_ogs.tif
176
1
290
0
176
1
 40
1.0
176
1
 40
1.0
176
1
  0
VISUALSTYLE
  5
6C
102
{ACAD_REACTORS
330
16
102
}
330
16
100
AcDbVisualStyle
  2
Shaded
 70
27
177
3
291
0
 70
58
 90
2
176
1
 90
2
176
1
 90
0
176
1
 90
2
176
1
 40
0.6
176
1
 40
30.0
176
1
 62
7
420
16777215
176
1
 90
1
176
1
 90
4
176
1
 62
7
176
1
 62
257
176
1
 90
1
176
1
 90
1
176
1
 40
1.0
176
1
 90
8
176
1
 62
7
176
1
 40
1.0
176
1
 90
1
176
1
 90
6
176
1
 90
2
176
1
 62
7
176
1
 90
5
176
1
 90
0
176
1
 90
0
176
1
290
0
176
1
 90
1
176
1
 40
0.0
176
1
 90
0
176
1
290
0
176
1
290
1
176
1
290
1
176
1
290
0
176
1
290
0
176
1
290
0
176
1
290
0
176
1
290
0
176
1
290
0
176
1
 90
50
176
1
 40
0.0
176
1
 40
1.0
176
1
 90
0
176
1
 62
18
420
0
176
1
 90
50
176
1
 90
3
176
1
 62
5
420
255
176
1
290
0
176
1
 90
50
176
1
 90
50
176
1
 90
50
176
1
290
0
176
1
 90
50
176
1
 62
256
176
0
 40
1.0
176
0
 90
2
176
1
  1
strokes_ogs.tif
176
1
290
0
176
1
 40
1.0
176
1
 40
1.0
176
1
  0
VISUALSTYLE
  5
6D
102
{ACAD_REACTORS
330
16
102
}
330
16
100
AcDbVisualStyle
  2
Shaded with edges
 70
26
177
3
291
0
 70
58
 90
2
176
1
 90
2
176
1
 90
0
176
1
 90
2
176
1
 40
0.6
176
1
 40
30.0
176
1
 62
7
420
16777215
176
1
 90
1
176
1
 90
4
176
1
 62
7
176
1
 62
257
176
1
 90
1
176
1
 90
1
176
1
 40
1.0
176
1
 90
8
176
1
 62
7
176
1
 40
1.0
176
1
 90
1
176
1
 90
6
176
1
 90
2
176
1
 62
7
176
1
 90
5
176
1
 90
0
176
1
 90
0
176
1
290
0
176
1
 90
1
176
1
 40
0.0
176
1
 90
0
176
1
290
0
176
1
290
1
176
1
290
1
176
1
290
0
176
1
290
0
176
1
290
0
176
1
290
0
176
1
290
0
176
1
290
0
176
1
 90
50
176
1
 40
0.0
176
1
 40
1.0
176
1
 90
0
176
1
 62
18
420
0
176
1
 90
50
176
1
 90
3
176
1
 62
5
420
255
176
1
290
0
176
1
 90
50
176
1
 90
50
176
1
 90
50
176
1
290
0
176
1
 90
50
176
1
 62
256
176
0
 40
1.0
176
0
 90
2
176
1
  1
strokes_ogs.tif
176
1
290
0
176
1
 40
1.0
176
1
 40
1.0
176
1
  0
VISUALSTYLE
  5
6E
102
{ACAD_REACTORS
330
16
102
}
330
16
100
AcDbVisualStyle
  2
Shades of Gray
 70
23
177
3
291
0
 70
58
 90
2
176
1
 90
2
176
1
 90
0
176
1
 90
2
176
1
 40
0.6
176
1
 40
30.0
176
1
 62
7
420
16777215
176
1
 90
1
176
1
 90
4
176
1
 62
7
176
1
 62
257
176
1
 90
1
176
1
 90
1
176
1
 40
1.0
176
1
 90
8
176
1
 62
7
176
1
 40
1.0
176
1
 90
1
176
1
 90
6
176
1
 90
2
176
1
 62
7
176
1
 90
5
176
1
 90
0
176
1
 90
0
176
1
290
0
176
1
 90
1
176
1
 40
0.0
176
1
 90
0
176
1
290
0
176
1
290
1
176
1
290
1
176
1
290
0
176
1
290
0
176
1
290
0
176
1
290
0
176
1
290
0
176
1
290
0
176
1
 90
50
176
1
 40
0.0
176
1
 40
1.0
176
1
 90
0
176
1
 62
18
420
0
176
1
 90
50
176
1
 90
3
176
1
 62
5
420
255
176
1
290
0
176
1
 90
50
176
1
 90
50
176
1
 90
50
176
1
290
0
176
1
 90
50
176
1
 62
256
176
0
 40
1.0
176
0
 90
2
176
1
  1
strokes_ogs.tif
176
1
290
0
176
1
 40
1.0
176
1
 40
1.0
176
1
  0
VISUALSTYLE
  5
6F
102
{ACAD_REACTORS
330
16
102
}
330
16
100
AcDbVisualStyle
  2
Sketchy
 70
24
177
3
291
0
 70
58
 90
2
176
1
 90
2
176
1
 90
0
176
1
 90
1
176
1
 40
0.6
176
1
 40
30.0
176
1
 62
7
420
16777215
176
1
 90
1
176
1
 90
4
176
1
 62
7
176
1
 62
257
176
1
 90
1
176
1
 90
1
176
1
 40
1.0
176
1
 90
8
176
1
 62
7
176
1
 40
1.0
176
1
 90
1
176
1
 90
6
176
1
 90
2
176
1
 62
7
176
1
 90
5
176
1
 90
0
176
1
 90
0
176
1
290
0
176
1
 90
1
176
1
 40
0.0
176
1
 90
0
176
1
290
0
176
1
290
1
176
1
290
1
176
1
290
0
176
1
290
0
176
1
290
0
176
1
290
0
176
1
290
0
176
1
290
0
176
1
 90
50
176
1
 40
0.0
176
1
 40
1.0
176
1
 90
0
176
1
 62
18
420
0
176
1
 90
50
176
1
 90
3
176
1
 62
5
420
255
176
1
290
0
176
1
 90
50
176
1
 90
50
176
1
 90
50
176
1
290
0
176
1
 90
50
176
1
 62
256
176
0
 40
1.0
176
0
 90
2
176
1
  1
strokes_ogs.tif
176
1
290
0
176
1
 40
1.0
176
1
 40
1.0
176
1
  0
VISUALSTYLE
  5
70
102
{ACAD_REACTORS
330
16
102
}
330
16
100
AcDbVisualStyle
  2
Thicken
 70
13
177
3
291
1
 70
58
 90
2
176
1
 90
2
176
1
 90
0
176
1
 90
2
176
1
 40
0.6
176
1
 40
30.0
176
1
 62
7
420
16777215
176
1
 90
1
176
1
 90
4
176
1
 62
7
176
1
 62
257
176
1
 90
1
176
1
 90
1
176
1
 40
1.0
176
1
 90
8
176
1
 62
7
176
1
 40
1.0
176
1
 90
1
176
1
 90
6
176
1
 90
2
176
1
 62
7
176
1
 90
5
176
1
 90
0
176
1
 90
0
176
1
290
0
176
1
 90
1
176
1
 40
0.0
176
1
 90
0
176
1
290
0
176
1
290
1
176
1
290
1
176
1
290
0
176
1
290
0
176
1
290
0
176
1
290
0
176
1
290
0
176
1
290
0
176
1
 90
50
176
1
 40
0.0
176
1
 40
1.0
176
1
 90
0
176
1
 62
18
420
0
176
1
 90
50
176
1
 90
3
176
1
 62
5
420
255
176
1
290
0
176
1
 90
50
176
1
 90
50
176
1
 90
50
176
1
290
0
176
1
 90
50
176
1
 62
256
176
0
 40
1.0
176
0
 90
2
176
1
  1
strokes_ogs.tif
176
1
290
0
176
1
 40
1.0
176
1
 40
1.0
176
1
  0
VISUALSTYLE
  5
71
102
{ACAD_REACTORS
330
16
102
}
330
16
100
AcDbVisualStyle
  2
Wireframe
 70
5
177
3
291
0
 70
58
 90
2
176
1
 90
2
176
1
 90
0
176
1
 90
0
176
1
 40
0.6
176
1
 40
30.0
176
1
 62
7
420
16777215
176
1
 90
1
176
1
 90
4
176
1
 62
7
176
1
 62
257
176
1
 90
1
176
1
 90
1
176
1
 40
1.0
176
1
 90
8
176
1
 62
7
176
1
 40
1.0
176
1
 90
1
176
1
 90
6
176
1
 90
2
176
1
 62
7
176
1
 90
5
176
1
 90
0
176
1
 90
0
176
1
290
0
176
1
 90
1
176
1
 40
0.0
176
1
 90
0
176
1
290
0
176
1
290
1
176
1
290
1
176
1
290
0
176
1
290
0
176
1
290
0
176
1
290
0
176
1
290
0
176
1
290
0
176
1
 90
50
176
1
 40
0.0
176
1
 40
1.0
176
1
 90
0
176
1
 62
18
420
0
176
1
 90
50
176
1
 90
3
176
1
 62
5
420
255
176
1
290
0
176
1
 90
50
176
1
 90
50
176
1
 90
50
176
1
290
0
176
1
 90
50
176
1
 62
256
176
0
 40
1.0
176
0
 90
2
176
1
  1
strokes_ogs.tif
176
1
290
0
176
1
 40
1.0
176
1
 40
1.0
176
1
  0
VISUALSTYLE
  5
72
102
{ACAD_REACTORS
330
16
102
}
330
16
100
AcDbVisualStyle
  2
X-Ray
 70
25
177
3
291
0
 70
58
 90
2
176
1
 90
2
176
1
 90
0
176
1
 90
2
176
1
 40
0.5
176
1
 40
30.0
176
1
 62
7
420
16777215
176
1
 90
1
176
1
 90
4
176
1
 62
7
176
1
 62
257
176
1
 90
1
176
1
 90
1
176
1
 40
1.0
176
1
 90
8
176
1
 62
7
176
1
 40
1.0
176
1
 90
1
176
1
 90
6
176
1
 90
2
176
1
 62
7
176
1
 90
5
176
1
 90
0
176
1
 90
0
176
1
290
0
176
1
 90
1
176
1
 40
0.0
176
1
 90
0
176
1
290
0
176
1
290
1
176
1
290
1
176
1
290
0
176
1
290
0
176
1
290
0
176
1
290
0
176
1
290
0
176
1
290
0
176
1
 90
50
176
1
 40
0.0
176
1
 40
1.0
176
1
 90
0
176
1
 62
18
420
0
176
1
 90
50
176
1
 90
3
176
1
 62
5
420
255
176
1
290
0
176
1
 90
50
176
1
 90
50
176
1
 90
50
176
1
290
0
176
1
 90
50
176
1
 62
256
176
0
 40
1.0
176
0
 90
2
176
1
  1
strokes_ogs.tif
176
1
290
0
176
1
 40
1.0
176
1
 40
1.0
176
1
  0
LAYOUT
  5
476
330
D
100
AcDbPlotSettings
  1

  2
DWG To PDF.pc3
  4
A0 horizontal 1:1_(1189.00_x_841.00_MM)
  6

 40
0.0
 41
0.0
 42
0.0
 43
0.0
 44
1189.0
 45
841.0
 46
0.0
 47
0.0
 48
0.0
 49
0.0
140
0.0
141
0.0
142
1.0
143
1.0
 70
0
 72
1
 73
0
 74
5
  7

 75
16
 76
0
 77
2
 78
300
147
1.0
148
0.0
149
0.0
100
AcDbLayout
  1
A0_HORIZONTAL
 70
1
 71
3
 10
-0.0
 20
-0.0
 11
1189.0
 21
841.0
 12
0.0
 22
0.0
 32
0.0
 14
1e+20
 24
1e+20
 34
1e+20
 15
-1e+20
 25
-1e+20
 35
-1e+20
146
0.0
 13
0.0
 23
0.0
 33
0.0
 16
1.0
 26
0.0
 36
0.0
 17
0.0
 27
1.0
 37
0.0
 76
1
330
473
331
477
  0
DICTIONARYVAR
  5
47B
330
2D
100
DictionaryVariables
280
0
  1
1.4.4 @ 2026-07-18T01:35:07.996147+00:00
  0
ENDSEC
  0
EOF
